<Annotations MicronsPerPixel="0.252700">
	<Annotation Id="1" Name="" ReadOnly="0" NameReadOnly="0" LineColorReadOnly="0" Incremental="0" Type="4" LineColor="16711935" Visible="1" Selected="1" MarkupImagePath="" MacroName="">
		<Attributes/>
		<Regions>
			<RegionAttributeHeaders/>
			<Region Id="1" Type="0" Zoom="0.014703" Selected="1" ImageLocation="" ImageFocus="-1" Length="205523.6" Area="2247875239.5" LengthMicrons="51935.8" AreaMicrons="143543222.2" Text="" NegativeROA="0" InputRegionId="0" Analyze="1" DisplayId="1">
				<Attributes/>
				<Vertices>
					<Vertex X="15812" Y="10631" Z="0"/>
					<Vertex X="15341" Y="10362" Z="0"/>
					<Vertex X="15273" Y="10362" Z="0"/>
					<Vertex X="15004" Y="10362" Z="0"/>
					<Vertex X="14937" Y="10295" Z="0"/>
					<Vertex X="14735" Y="10228" Z="0"/>
					<Vertex X="14399" Y="10228" Z="0"/>
					<Vertex X="14264" Y="10228" Z="0"/>
					<Vertex X="14062" Y="10228" Z="0"/>
					<Vertex X="13860" Y="10160" Z="0"/>
					<Vertex X="13726" Y="10160" Z="0"/>
					<Vertex X="13591" Y="10160" Z="0"/>
					<Vertex X="13524" Y="10160" Z="0"/>
					<Vertex X="13457" Y="10160" Z="0"/>
					<Vertex X="13255" Y="10160" Z="0"/>
					<Vertex X="13053" Y="10160" Z="0"/>
					<Vertex X="12918" Y="10160" Z="0"/>
					<Vertex X="12784" Y="10160" Z="0"/>
					<Vertex X="12582" Y="10228" Z="0"/>
					<Vertex X="12447" Y="10295" Z="0"/>
					<Vertex X="12313" Y="10295" Z="0"/>
					<Vertex X="12313" Y="10362" Z="0"/>
					<Vertex X="12246" Y="10362" Z="0"/>
					<Vertex X="12246" Y="10429" Z="0"/>
					<Vertex X="12178" Y="10497" Z="0"/>
					<Vertex X="12111" Y="10564" Z="0"/>
					<Vertex X="12044" Y="10699" Z="0"/>
					<Vertex X="11976" Y="10766" Z="0"/>
					<Vertex X="11909" Y="10900" Z="0"/>
					<Vertex X="11842" Y="10968" Z="0"/>
					<Vertex X="11707" Y="11102" Z="0"/>
					<Vertex X="11438" Y="11371" Z="0"/>
					<Vertex X="11236" Y="11573" Z="0"/>
					<Vertex X="11169" Y="11641" Z="0"/>
					<Vertex X="11102" Y="11775" Z="0"/>
					<Vertex X="11034" Y="11775" Z="0"/>
					<Vertex X="11034" Y="11842" Z="0"/>
					<Vertex X="10967" Y="11977" Z="0"/>
					<Vertex X="10900" Y="12111" Z="0"/>
					<Vertex X="10900" Y="12179" Z="0"/>
					<Vertex X="10833" Y="12246" Z="0"/>
					<Vertex X="10833" Y="12313" Z="0"/>
					<Vertex X="10765" Y="12381" Z="0"/>
					<Vertex X="10765" Y="12515" Z="0"/>
					<Vertex X="10698" Y="12717" Z="0"/>
					<Vertex X="10563" Y="12919" Z="0"/>
					<Vertex X="10563" Y="13121" Z="0"/>
					<Vertex X="10429" Y="13255" Z="0"/>
					<Vertex X="10362" Y="13457" Z="0"/>
					<Vertex X="10160" Y="13928" Z="0"/>
					<Vertex X="10092" Y="14130" Z="0"/>
					<Vertex X="10092" Y="14332" Z="0"/>
					<Vertex X="9958" Y="14601" Z="0"/>
					<Vertex X="9891" Y="14736" Z="0"/>
					<Vertex X="9891" Y="14870" Z="0"/>
					<Vertex X="9823" Y="15072" Z="0"/>
					<Vertex X="9823" Y="15139" Z="0"/>
					<Vertex X="9756" Y="15207" Z="0"/>
					<Vertex X="9756" Y="15274" Z="0"/>
					<Vertex X="9756" Y="15341" Z="0"/>
					<Vertex X="9756" Y="15476" Z="0"/>
					<Vertex X="9622" Y="15745" Z="0"/>
					<Vertex X="9554" Y="15947" Z="0"/>
					<Vertex X="9420" Y="16216" Z="0"/>
					<Vertex X="9285" Y="16418" Z="0"/>
					<Vertex X="9151" Y="16687" Z="0"/>
					<Vertex X="9016" Y="16889" Z="0"/>
					<Vertex X="8747" Y="17360" Z="0"/>
					<Vertex X="8612" Y="17562" Z="0"/>
					<Vertex X="8545" Y="17696" Z="0"/>
					<Vertex X="8410" Y="17831" Z="0"/>
					<Vertex X="8343" Y="18033" Z="0"/>
					<Vertex X="8209" Y="18234" Z="0"/>
					<Vertex X="8209" Y="18369" Z="0"/>
					<Vertex X="8141" Y="18571" Z="0"/>
					<Vertex X="8074" Y="18705" Z="0"/>
					<Vertex X="8007" Y="18840" Z="0"/>
					<Vertex X="7939" Y="19109" Z="0"/>
					<Vertex X="7872" Y="19311" Z="0"/>
					<Vertex X="7805" Y="19647" Z="0"/>
					<Vertex X="7738" Y="19984" Z="0"/>
					<Vertex X="7670" Y="20118" Z="0"/>
					<Vertex X="7603" Y="20253" Z="0"/>
					<Vertex X="7536" Y="20455" Z="0"/>
					<Vertex X="7468" Y="20589" Z="0"/>
					<Vertex X="7401" Y="20791" Z="0"/>
					<Vertex X="7401" Y="20926" Z="0"/>
					<Vertex X="7401" Y="21128" Z="0"/>
					<Vertex X="7334" Y="21464" Z="0"/>
					<Vertex X="7267" Y="21666" Z="0"/>
					<Vertex X="7199" Y="22002" Z="0"/>
					<Vertex X="7199" Y="22204" Z="0"/>
					<Vertex X="7199" Y="22339" Z="0"/>
					<Vertex X="7132" Y="22541" Z="0"/>
					<Vertex X="7132" Y="22675" Z="0"/>
					<Vertex X="7065" Y="23012" Z="0"/>
					<Vertex X="7065" Y="23146" Z="0"/>
					<Vertex X="6997" Y="23348" Z="0"/>
					<Vertex X="6997" Y="23483" Z="0"/>
					<Vertex X="6997" Y="23617" Z="0"/>
					<Vertex X="6997" Y="23886" Z="0"/>
					<Vertex X="6997" Y="24088" Z="0"/>
					<Vertex X="6997" Y="24223" Z="0"/>
					<Vertex X="6997" Y="24357" Z="0"/>
					<Vertex X="6997" Y="24492" Z="0"/>
					<Vertex X="6930" Y="24694" Z="0"/>
					<Vertex X="6930" Y="24963" Z="0"/>
					<Vertex X="6863" Y="25097" Z="0"/>
					<Vertex X="6863" Y="25299" Z="0"/>
					<Vertex X="6863" Y="25434" Z="0"/>
					<Vertex X="6863" Y="25636" Z="0"/>
					<Vertex X="6863" Y="25905" Z="0"/>
					<Vertex X="6863" Y="26174" Z="0"/>
					<Vertex X="6796" Y="26578" Z="0"/>
					<Vertex X="6796" Y="26645" Z="0"/>
					<Vertex X="6796" Y="26780" Z="0"/>
					<Vertex X="6796" Y="26981" Z="0"/>
					<Vertex X="6796" Y="27183" Z="0"/>
					<Vertex X="6796" Y="27520" Z="0"/>
					<Vertex X="6796" Y="27789" Z="0"/>
					<Vertex X="6796" Y="27991" Z="0"/>
					<Vertex X="6796" Y="28260" Z="0"/>
					<Vertex X="6796" Y="28596" Z="0"/>
					<Vertex X="6863" Y="29067" Z="0"/>
					<Vertex X="6863" Y="29336" Z="0"/>
					<Vertex X="6930" Y="29538" Z="0"/>
					<Vertex X="6930" Y="29673" Z="0"/>
					<Vertex X="6930" Y="29807" Z="0"/>
					<Vertex X="7065" Y="30009" Z="0"/>
					<Vertex X="7132" Y="30211" Z="0"/>
					<Vertex X="7199" Y="30346" Z="0"/>
					<Vertex X="7334" Y="30547" Z="0"/>
					<Vertex X="7401" Y="30615" Z="0"/>
					<Vertex X="7536" Y="30817" Z="0"/>
					<Vertex X="7603" Y="30884" Z="0"/>
					<Vertex X="7805" Y="31086" Z="0"/>
					<Vertex X="7939" Y="31288" Z="0"/>
					<Vertex X="8074" Y="31422" Z="0"/>
					<Vertex X="8343" Y="31624" Z="0"/>
					<Vertex X="8410" Y="31759" Z="0"/>
					<Vertex X="8545" Y="31893" Z="0"/>
					<Vertex X="8612" Y="31960" Z="0"/>
					<Vertex X="8680" Y="32028" Z="0"/>
					<Vertex X="8747" Y="32162" Z="0"/>
					<Vertex X="8814" Y="32297" Z="0"/>
					<Vertex X="8949" Y="32499" Z="0"/>
					<Vertex X="9016" Y="32633" Z="0"/>
					<Vertex X="9083" Y="32701" Z="0"/>
					<Vertex X="9151" Y="32835" Z="0"/>
					<Vertex X="9218" Y="32902" Z="0"/>
					<Vertex X="9218" Y="32970" Z="0"/>
					<Vertex X="9285" Y="32970" Z="0"/>
					<Vertex X="9285" Y="33037" Z="0"/>
					<Vertex X="9352" Y="33104" Z="0"/>
					<Vertex X="9420" Y="33172" Z="0"/>
					<Vertex X="9420" Y="33239" Z="0"/>
					<Vertex X="9487" Y="33306" Z="0"/>
					<Vertex X="9554" Y="33373" Z="0"/>
					<Vertex X="9554" Y="33441" Z="0"/>
					<Vertex X="9622" Y="33508" Z="0"/>
					<Vertex X="9689" Y="33643" Z="0"/>
					<Vertex X="9756" Y="33710" Z="0"/>
					<Vertex X="9823" Y="33777" Z="0"/>
					<Vertex X="9891" Y="33912" Z="0"/>
					<Vertex X="9958" Y="34046" Z="0"/>
					<Vertex X="10025" Y="34181" Z="0"/>
					<Vertex X="10160" Y="34383" Z="0"/>
					<Vertex X="10294" Y="34652" Z="0"/>
					<Vertex X="10429" Y="34854" Z="0"/>
					<Vertex X="10631" Y="35123" Z="0"/>
					<Vertex X="10765" Y="35325" Z="0"/>
					<Vertex X="10967" Y="35526" Z="0"/>
					<Vertex X="11034" Y="35661" Z="0"/>
					<Vertex X="11169" Y="35796" Z="0"/>
					<Vertex X="11371" Y="36132" Z="0"/>
					<Vertex X="11438" Y="36334" Z="0"/>
					<Vertex X="11505" Y="36401" Z="0"/>
					<Vertex X="11573" Y="36468" Z="0"/>
					<Vertex X="11573" Y="36603" Z="0"/>
					<Vertex X="11640" Y="36670" Z="0"/>
					<Vertex X="11707" Y="36805" Z="0"/>
					<Vertex X="11707" Y="36939" Z="0"/>
					<Vertex X="11842" Y="37074" Z="0"/>
					<Vertex X="11909" Y="37209" Z="0"/>
					<Vertex X="12044" Y="37343" Z="0"/>
					<Vertex X="12044" Y="37478" Z="0"/>
					<Vertex X="12178" Y="37545" Z="0"/>
					<Vertex X="12246" Y="37680" Z="0"/>
					<Vertex X="12313" Y="37814" Z="0"/>
					<Vertex X="12380" Y="37881" Z="0"/>
					<Vertex X="12380" Y="38016" Z="0"/>
					<Vertex X="12515" Y="38218" Z="0"/>
					<Vertex X="12582" Y="38352" Z="0"/>
					<Vertex X="12649" Y="38420" Z="0"/>
					<Vertex X="12784" Y="38622" Z="0"/>
					<Vertex X="12851" Y="38756" Z="0"/>
					<Vertex X="12986" Y="38823" Z="0"/>
					<Vertex X="12986" Y="38958" Z="0"/>
					<Vertex X="13053" Y="38958" Z="0"/>
					<Vertex X="13053" Y="39025" Z="0"/>
					<Vertex X="13120" Y="39025" Z="0"/>
					<Vertex X="13120" Y="39093" Z="0"/>
					<Vertex X="13255" Y="39160" Z="0"/>
					<Vertex X="13322" Y="39227" Z="0"/>
					<Vertex X="13389" Y="39294" Z="0"/>
					<Vertex X="13457" Y="39362" Z="0"/>
					<Vertex X="13524" Y="39429" Z="0"/>
					<Vertex X="13726" Y="39564" Z="0"/>
					<Vertex X="13860" Y="39631" Z="0"/>
					<Vertex X="13928" Y="39698" Z="0"/>
					<Vertex X="14062" Y="39833" Z="0"/>
					<Vertex X="14197" Y="39900" Z="0"/>
					<Vertex X="14399" Y="40169" Z="0"/>
					<Vertex X="14668" Y="40304" Z="0"/>
					<Vertex X="14870" Y="40506" Z="0"/>
					<Vertex X="15139" Y="40640" Z="0"/>
					<Vertex X="15341" Y="40775" Z="0"/>
					<Vertex X="15475" Y="40909" Z="0"/>
					<Vertex X="15610" Y="40909" Z="0"/>
					<Vertex X="15677" Y="41044" Z="0"/>
					<Vertex X="15812" Y="41111" Z="0"/>
					<Vertex X="15879" Y="41246" Z="0"/>
					<Vertex X="15946" Y="41246" Z="0"/>
					<Vertex X="16014" Y="41313" Z="0"/>
					<Vertex X="16014" Y="41380" Z="0"/>
					<Vertex X="16148" Y="41448" Z="0"/>
					<Vertex X="16215" Y="41515" Z="0"/>
					<Vertex X="16350" Y="41717" Z="0"/>
					<Vertex X="16485" Y="41784" Z="0"/>
					<Vertex X="16686" Y="41919" Z="0"/>
					<Vertex X="16888" Y="42188" Z="0"/>
					<Vertex X="17359" Y="42524" Z="0"/>
					<Vertex X="17494" Y="42659" Z="0"/>
					<Vertex X="17763" Y="42861" Z="0"/>
					<Vertex X="17897" Y="42995" Z="0"/>
					<Vertex X="18032" Y="43130" Z="0"/>
					<Vertex X="18301" Y="43264" Z="0"/>
					<Vertex X="18503" Y="43466" Z="0"/>
					<Vertex X="19041" Y="43802" Z="0"/>
					<Vertex X="19310" Y="44072" Z="0"/>
					<Vertex X="19580" Y="44206" Z="0"/>
					<Vertex X="20118" Y="44543" Z="0"/>
					<Vertex X="20320" Y="44677" Z="0"/>
					<Vertex X="20589" Y="44812" Z="0"/>
					<Vertex X="20656" Y="44879" Z="0"/>
					<Vertex X="20723" Y="44946" Z="0"/>
					<Vertex X="20858" Y="45014" Z="0"/>
					<Vertex X="20993" Y="45148" Z="0"/>
					<Vertex X="21396" Y="45350" Z="0"/>
					<Vertex X="21598" Y="45417" Z="0"/>
					<Vertex X="21867" Y="45552" Z="0"/>
					<Vertex X="22136" Y="45754" Z="0"/>
					<Vertex X="22742" Y="46023" Z="0"/>
					<Vertex X="23078" Y="46157" Z="0"/>
					<Vertex X="23280" Y="46292" Z="0"/>
					<Vertex X="23549" Y="46427" Z="0"/>
					<Vertex X="23819" Y="46494" Z="0"/>
					<Vertex X="23886" Y="46561" Z="0"/>
					<Vertex X="23953" Y="46628" Z="0"/>
					<Vertex X="24088" Y="46628" Z="0"/>
					<Vertex X="24155" Y="46628" Z="0"/>
					<Vertex X="24290" Y="46628" Z="0"/>
					<Vertex X="24424" Y="46628" Z="0"/>
					<Vertex X="24491" Y="46628" Z="0"/>
					<Vertex X="24626" Y="46628" Z="0"/>
					<Vertex X="24761" Y="46561" Z="0"/>
					<Vertex X="24895" Y="46561" Z="0"/>
					<Vertex X="25030" Y="46494" Z="0"/>
					<Vertex X="25097" Y="46494" Z="0"/>
					<Vertex X="25232" Y="46494" Z="0"/>
					<Vertex X="25366" Y="46494" Z="0"/>
					<Vertex X="25433" Y="46494" Z="0"/>
					<Vertex X="25501" Y="46494" Z="0"/>
					<Vertex X="25635" Y="46427" Z="0"/>
					<Vertex X="25703" Y="46427" Z="0"/>
					<Vertex X="25837" Y="46427" Z="0"/>
					<Vertex X="25904" Y="46427" Z="0"/>
					<Vertex X="25972" Y="46427" Z="0"/>
					<Vertex X="26106" Y="46427" Z="0"/>
					<Vertex X="26241" Y="46427" Z="0"/>
					<Vertex X="26308" Y="46427" Z="0"/>
					<Vertex X="26375" Y="46427" Z="0"/>
					<Vertex X="26443" Y="46427" Z="0"/>
					<Vertex X="26510" Y="46427" Z="0"/>
					<Vertex X="26644" Y="46427" Z="0"/>
					<Vertex X="26846" Y="46427" Z="0"/>
					<Vertex X="27115" Y="46494" Z="0"/>
					<Vertex X="27317" Y="46561" Z="0"/>
					<Vertex X="27519" Y="46628" Z="0"/>
					<Vertex X="27923" Y="46763" Z="0"/>
					<Vertex X="28394" Y="46898" Z="0"/>
					<Vertex X="28663" Y="47032" Z="0"/>
					<Vertex X="28999" Y="47099" Z="0"/>
					<Vertex X="29269" Y="47234" Z="0"/>
					<Vertex X="29672" Y="47369" Z="0"/>
					<Vertex X="29807" Y="47436" Z="0"/>
					<Vertex X="29941" Y="47503" Z="0"/>
					<Vertex X="30143" Y="47503" Z="0"/>
					<Vertex X="30211" Y="47570" Z="0"/>
					<Vertex X="30278" Y="47638" Z="0"/>
					<Vertex X="30345" Y="47638" Z="0"/>
					<Vertex X="30480" Y="47638" Z="0"/>
					<Vertex X="30547" Y="47638" Z="0"/>
					<Vertex X="30614" Y="47705" Z="0"/>
					<Vertex X="30749" Y="47705" Z="0"/>
					<Vertex X="30816" Y="47705" Z="0"/>
					<Vertex X="30951" Y="47772" Z="0"/>
					<Vertex X="31018" Y="47772" Z="0"/>
					<Vertex X="31085" Y="47772" Z="0"/>
					<Vertex X="31153" Y="47772" Z="0"/>
					<Vertex X="31220" Y="47705" Z="0"/>
					<Vertex X="31220" Y="47638" Z="0"/>
					<Vertex X="31220" Y="47570" Z="0"/>
					<Vertex X="31220" Y="47503" Z="0"/>
					<Vertex X="31287" Y="47503" Z="0"/>
					<Vertex X="32364" Y="47301" Z="0"/>
					<Vertex X="33306" Y="47167" Z="0"/>
					<Vertex X="34248" Y="47099" Z="0"/>
					<Vertex X="35391" Y="47032" Z="0"/>
					<Vertex X="36199" Y="46965" Z="0"/>
					<Vertex X="36939" Y="46898" Z="0"/>
					<Vertex X="37275" Y="46830" Z="0"/>
					<Vertex X="37746" Y="46763" Z="0"/>
					<Vertex X="37814" Y="46763" Z="0"/>
					<Vertex X="37814" Y="46696" Z="0"/>
					<Vertex X="37881" Y="46696" Z="0"/>
					<Vertex X="37948" Y="46696" Z="0"/>
					<Vertex X="38150" Y="46696" Z="0"/>
					<Vertex X="38419" Y="46696" Z="0"/>
					<Vertex X="38554" Y="46696" Z="0"/>
					<Vertex X="38756" Y="46696" Z="0"/>
					<Vertex X="38958" Y="46696" Z="0"/>
					<Vertex X="39227" Y="46696" Z="0"/>
					<Vertex X="39429" Y="46696" Z="0"/>
					<Vertex X="39563" Y="46763" Z="0"/>
					<Vertex X="39630" Y="46763" Z="0"/>
					<Vertex X="39765" Y="46763" Z="0"/>
					<Vertex X="39967" Y="46830" Z="0"/>
					<Vertex X="40034" Y="46830" Z="0"/>
					<Vertex X="40034" Y="46898" Z="0"/>
					<Vertex X="40169" Y="46898" Z="0"/>
					<Vertex X="40303" Y="46965" Z="0"/>
					<Vertex X="40371" Y="47032" Z="0"/>
					<Vertex X="40505" Y="47099" Z="0"/>
					<Vertex X="40909" Y="47301" Z="0"/>
					<Vertex X="41111" Y="47436" Z="0"/>
					<Vertex X="41649" Y="47840" Z="0"/>
					<Vertex X="41985" Y="47907" Z="0"/>
					<Vertex X="42120" Y="48041" Z="0"/>
					<Vertex X="42254" Y="48109" Z="0"/>
					<Vertex X="42524" Y="48311" Z="0"/>
					<Vertex X="42591" Y="48378" Z="0"/>
					<Vertex X="42725" Y="48445" Z="0"/>
					<Vertex X="42860" Y="48580" Z="0"/>
					<Vertex X="42995" Y="48647" Z="0"/>
					<Vertex X="43129" Y="48714" Z="0"/>
					<Vertex X="43129" Y="48782" Z="0"/>
					<Vertex X="43196" Y="48782" Z="0"/>
					<Vertex X="43264" Y="48849" Z="0"/>
					<Vertex X="43331" Y="48916" Z="0"/>
					<Vertex X="43466" Y="48983" Z="0"/>
					<Vertex X="43533" Y="49051" Z="0"/>
					<Vertex X="43667" Y="49118" Z="0"/>
					<Vertex X="43667" Y="49185" Z="0"/>
					<Vertex X="43735" Y="49185" Z="0"/>
					<Vertex X="43802" Y="49253" Z="0"/>
					<Vertex X="43937" Y="49253" Z="0"/>
					<Vertex X="44071" Y="49320" Z="0"/>
					<Vertex X="44206" Y="49387" Z="0"/>
					<Vertex X="44475" Y="49454" Z="0"/>
					<Vertex X="44609" Y="49454" Z="0"/>
					<Vertex X="44811" Y="49454" Z="0"/>
					<Vertex X="45013" Y="49454" Z="0"/>
					<Vertex X="45282" Y="49522" Z="0"/>
					<Vertex X="45417" Y="49522" Z="0"/>
					<Vertex X="45551" Y="49589" Z="0"/>
					<Vertex X="45686" Y="49589" Z="0"/>
					<Vertex X="45753" Y="49589" Z="0"/>
					<Vertex X="45821" Y="49589" Z="0"/>
					<Vertex X="45955" Y="49589" Z="0"/>
					<Vertex X="46090" Y="49589" Z="0"/>
					<Vertex X="46157" Y="49589" Z="0"/>
					<Vertex X="46224" Y="49589" Z="0"/>
					<Vertex X="46292" Y="49589" Z="0"/>
					<Vertex X="46359" Y="49589" Z="0"/>
					<Vertex X="46561" Y="49589" Z="0"/>
					<Vertex X="46628" Y="49589" Z="0"/>
					<Vertex X="46763" Y="49589" Z="0"/>
					<Vertex X="46897" Y="49589" Z="0"/>
					<Vertex X="47099" Y="49589" Z="0"/>
					<Vertex X="47166" Y="49589" Z="0"/>
					<Vertex X="47301" Y="49589" Z="0"/>
					<Vertex X="47435" Y="49589" Z="0"/>
					<Vertex X="47637" Y="49589" Z="0"/>
					<Vertex X="47839" Y="49589" Z="0"/>
					<Vertex X="48108" Y="49589" Z="0"/>
					<Vertex X="48512" Y="49589" Z="0"/>
					<Vertex X="48647" Y="49589" Z="0"/>
					<Vertex X="48781" Y="49589" Z="0"/>
					<Vertex X="48848" Y="49589" Z="0"/>
					<Vertex X="48983" Y="49589" Z="0"/>
					<Vertex X="49050" Y="49589" Z="0"/>
					<Vertex X="49118" Y="49589" Z="0"/>
					<Vertex X="49185" Y="49589" Z="0"/>
					<Vertex X="49319" Y="49589" Z="0"/>
					<Vertex X="49387" Y="49589" Z="0"/>
					<Vertex X="49521" Y="49589" Z="0"/>
					<Vertex X="49723" Y="49589" Z="0"/>
					<Vertex X="49925" Y="49522" Z="0"/>
					<Vertex X="50059" Y="49522" Z="0"/>
					<Vertex X="50194" Y="49454" Z="0"/>
					<Vertex X="50396" Y="49387" Z="0"/>
					<Vertex X="50530" Y="49387" Z="0"/>
					<Vertex X="50598" Y="49387" Z="0"/>
					<Vertex X="50665" Y="49387" Z="0"/>
					<Vertex X="50732" Y="49387" Z="0"/>
					<Vertex X="50934" Y="49320" Z="0"/>
					<Vertex X="51136" Y="49320" Z="0"/>
					<Vertex X="51405" Y="49253" Z="0"/>
					<Vertex X="51607" Y="49253" Z="0"/>
					<Vertex X="51809" Y="49253" Z="0"/>
					<Vertex X="52011" Y="49185" Z="0"/>
					<Vertex X="52213" Y="49118" Z="0"/>
					<Vertex X="52347" Y="49118" Z="0"/>
					<Vertex X="52414" Y="49118" Z="0"/>
					<Vertex X="52549" Y="49118" Z="0"/>
					<Vertex X="52684" Y="49118" Z="0"/>
					<Vertex X="52751" Y="49118" Z="0"/>
					<Vertex X="52818" Y="49118" Z="0"/>
					<Vertex X="52953" Y="49118" Z="0"/>
					<Vertex X="53087" Y="49118" Z="0"/>
					<Vertex X="53222" Y="49118" Z="0"/>
					<Vertex X="53289" Y="49118" Z="0"/>
					<Vertex X="53356" Y="49118" Z="0"/>
					<Vertex X="53424" Y="49118" Z="0"/>
					<Vertex X="53558" Y="49118" Z="0"/>
					<Vertex X="53626" Y="49118" Z="0"/>
					<Vertex X="53760" Y="49118" Z="0"/>
					<Vertex X="53827" Y="49118" Z="0"/>
					<Vertex X="54029" Y="49118" Z="0"/>
					<Vertex X="54231" Y="49185" Z="0"/>
					<Vertex X="54366" Y="49253" Z="0"/>
					<Vertex X="54500" Y="49253" Z="0"/>
					<Vertex X="54702" Y="49320" Z="0"/>
					<Vertex X="54769" Y="49320" Z="0"/>
					<Vertex X="54904" Y="49320" Z="0"/>
					<Vertex X="55039" Y="49387" Z="0"/>
					<Vertex X="55173" Y="49454" Z="0"/>
					<Vertex X="55308" Y="49522" Z="0"/>
					<Vertex X="55510" Y="49522" Z="0"/>
					<Vertex X="55577" Y="49522" Z="0"/>
					<Vertex X="55644" Y="49589" Z="0"/>
					<Vertex X="55779" Y="49656" Z="0"/>
					<Vertex X="55846" Y="49656" Z="0"/>
					<Vertex X="55913" Y="49656" Z="0"/>
					<Vertex X="55981" Y="49724" Z="0"/>
					<Vertex X="56115" Y="49791" Z="0"/>
					<Vertex X="56250" Y="49858" Z="0"/>
					<Vertex X="56452" Y="49925" Z="0"/>
					<Vertex X="56721" Y="50127" Z="0"/>
					<Vertex X="56855" Y="50262" Z="0"/>
					<Vertex X="57192" Y="50464" Z="0"/>
					<Vertex X="57259" Y="50531" Z="0"/>
					<Vertex X="57528" Y="50733" Z="0"/>
					<Vertex X="57595" Y="50800" Z="0"/>
					<Vertex X="57663" Y="50800" Z="0"/>
					<Vertex X="57730" Y="50935" Z="0"/>
					<Vertex X="57797" Y="51069" Z="0"/>
					<Vertex X="57932" Y="51137" Z="0"/>
					<Vertex X="57999" Y="51271" Z="0"/>
					<Vertex X="58268" Y="51540" Z="0"/>
					<Vertex X="58335" Y="51675" Z="0"/>
					<Vertex X="58470" Y="51742" Z="0"/>
					<Vertex X="58537" Y="51944" Z="0"/>
					<Vertex X="58605" Y="52011" Z="0"/>
					<Vertex X="58874" Y="52415" Z="0"/>
					<Vertex X="59008" Y="52549" Z="0"/>
					<Vertex X="59076" Y="52751" Z="0"/>
					<Vertex X="59277" Y="52819" Z="0"/>
					<Vertex X="59277" Y="52953" Z="0"/>
					<Vertex X="59479" Y="53088" Z="0"/>
					<Vertex X="59547" Y="53222" Z="0"/>
					<Vertex X="59681" Y="53357" Z="0"/>
					<Vertex X="59816" Y="53559" Z="0"/>
					<Vertex X="60018" Y="53761" Z="0"/>
					<Vertex X="60085" Y="53828" Z="0"/>
					<Vertex X="60219" Y="53962" Z="0"/>
					<Vertex X="60287" Y="54097" Z="0"/>
					<Vertex X="60421" Y="54164" Z="0"/>
					<Vertex X="60556" Y="54299" Z="0"/>
					<Vertex X="60825" Y="54501" Z="0"/>
					<Vertex X="60960" Y="54635" Z="0"/>
					<Vertex X="61027" Y="54703" Z="0"/>
					<Vertex X="61161" Y="54770" Z="0"/>
					<Vertex X="61296" Y="54904" Z="0"/>
					<Vertex X="61700" Y="55106" Z="0"/>
					<Vertex X="61902" Y="55174" Z="0"/>
					<Vertex X="62103" Y="55308" Z="0"/>
					<Vertex X="62305" Y="55375" Z="0"/>
					<Vertex X="62776" Y="55645" Z="0"/>
					<Vertex X="62911" Y="55712" Z="0"/>
					<Vertex X="63045" Y="55712" Z="0"/>
					<Vertex X="63247" Y="55779" Z="0"/>
					<Vertex X="63315" Y="55779" Z="0"/>
					<Vertex X="63382" Y="55846" Z="0"/>
					<Vertex X="63449" Y="55914" Z="0"/>
					<Vertex X="63584" Y="55914" Z="0"/>
					<Vertex X="63651" Y="55914" Z="0"/>
					<Vertex X="63853" Y="56048" Z="0"/>
					<Vertex X="63987" Y="56048" Z="0"/>
					<Vertex X="64122" Y="56048" Z="0"/>
					<Vertex X="64189" Y="56116" Z="0"/>
					<Vertex X="64257" Y="56183" Z="0"/>
					<Vertex X="64391" Y="56183" Z="0"/>
					<Vertex X="64660" Y="56183" Z="0"/>
					<Vertex X="64795" Y="56183" Z="0"/>
					<Vertex X="64929" Y="56183" Z="0"/>
					<Vertex X="65131" Y="56250" Z="0"/>
					<Vertex X="65468" Y="56250" Z="0"/>
					<Vertex X="65602" Y="56250" Z="0"/>
					<Vertex X="65669" Y="56250" Z="0"/>
					<Vertex X="65804" Y="56250" Z="0"/>
					<Vertex X="65939" Y="56183" Z="0"/>
					<Vertex X="66140" Y="56116" Z="0"/>
					<Vertex X="66275" Y="56048" Z="0"/>
					<Vertex X="66410" Y="55981" Z="0"/>
					<Vertex X="66746" Y="55914" Z="0"/>
					<Vertex X="66813" Y="55779" Z="0"/>
					<Vertex X="67015" Y="55712" Z="0"/>
					<Vertex X="67284" Y="55577" Z="0"/>
					<Vertex X="67352" Y="55577" Z="0"/>
					<Vertex X="67486" Y="55510" Z="0"/>
					<Vertex X="67553" Y="55443" Z="0"/>
					<Vertex X="67823" Y="55241" Z="0"/>
					<Vertex X="67890" Y="55174" Z="0"/>
					<Vertex X="68092" Y="55039" Z="0"/>
					<Vertex X="68226" Y="54904" Z="0"/>
					<Vertex X="68428" Y="54770" Z="0"/>
					<Vertex X="68630" Y="54635" Z="0"/>
					<Vertex X="68630" Y="54568" Z="0"/>
					<Vertex X="68697" Y="54501" Z="0"/>
					<Vertex X="68765" Y="54433" Z="0"/>
					<Vertex X="68832" Y="54366" Z="0"/>
					<Vertex X="68899" Y="54232" Z="0"/>
					<Vertex X="69034" Y="54164" Z="0"/>
					<Vertex X="69168" Y="53828" Z="0"/>
					<Vertex X="69236" Y="53761" Z="0"/>
					<Vertex X="69303" Y="53626" Z="0"/>
					<Vertex X="69370" Y="53559" Z="0"/>
					<Vertex X="69370" Y="53357" Z="0"/>
					<Vertex X="69437" Y="53222" Z="0"/>
					<Vertex X="69572" Y="53020" Z="0"/>
					<Vertex X="69572" Y="52886" Z="0"/>
					<Vertex X="69639" Y="52751" Z="0"/>
					<Vertex X="69707" Y="52684" Z="0"/>
					<Vertex X="69707" Y="52549" Z="0"/>
					<Vertex X="69707" Y="52482" Z="0"/>
					<Vertex X="69774" Y="52415" Z="0"/>
					<Vertex X="69774" Y="52348" Z="0"/>
					<Vertex X="69841" Y="52348" Z="0"/>
					<Vertex X="69841" Y="52280" Z="0"/>
					<Vertex X="69841" Y="52213" Z="0"/>
					<Vertex X="69908" Y="52146" Z="0"/>
					<Vertex X="70110" Y="52011" Z="0"/>
					<Vertex X="70850" Y="51675" Z="0"/>
					<Vertex X="71187" Y="51473" Z="0"/>
					<Vertex X="71456" Y="51271" Z="0"/>
					<Vertex X="71591" Y="51271" Z="0"/>
					<Vertex X="71725" Y="51137" Z="0"/>
					<Vertex X="71927" Y="50935" Z="0"/>
					<Vertex X="72331" Y="50666" Z="0"/>
					<Vertex X="72667" Y="50464" Z="0"/>
					<Vertex X="72734" Y="50396" Z="0"/>
					<Vertex X="73004" Y="50195" Z="0"/>
					<Vertex X="73138" Y="50060" Z="0"/>
					<Vertex X="73138" Y="49993" Z="0"/>
					<Vertex X="73205" Y="49925" Z="0"/>
					<Vertex X="73273" Y="49858" Z="0"/>
					<Vertex X="73340" Y="49656" Z="0"/>
					<Vertex X="73407" Y="49589" Z="0"/>
					<Vertex X="73474" Y="49454" Z="0"/>
					<Vertex X="73542" Y="49118" Z="0"/>
					<Vertex X="73542" Y="49051" Z="0"/>
					<Vertex X="73609" Y="48983" Z="0"/>
					<Vertex X="73609" Y="48782" Z="0"/>
					<Vertex X="73676" Y="48647" Z="0"/>
					<Vertex X="73676" Y="48580" Z="0"/>
					<Vertex X="73676" Y="48512" Z="0"/>
					<Vertex X="73676" Y="48311" Z="0"/>
					<Vertex X="73676" Y="48243" Z="0"/>
					<Vertex X="73676" Y="48109" Z="0"/>
					<Vertex X="73676" Y="48041" Z="0"/>
					<Vertex X="73676" Y="47840" Z="0"/>
					<Vertex X="73744" Y="47772" Z="0"/>
					<Vertex X="73744" Y="47705" Z="0"/>
					<Vertex X="73744" Y="47638" Z="0"/>
					<Vertex X="73744" Y="47570" Z="0"/>
					<Vertex X="73744" Y="47503" Z="0"/>
					<Vertex X="73744" Y="47369" Z="0"/>
					<Vertex X="73676" Y="47167" Z="0"/>
					<Vertex X="73676" Y="47099" Z="0"/>
					<Vertex X="73676" Y="46763" Z="0"/>
					<Vertex X="73609" Y="46359" Z="0"/>
					<Vertex X="73542" Y="45956" Z="0"/>
					<Vertex X="73542" Y="45552" Z="0"/>
					<Vertex X="73542" Y="45283" Z="0"/>
					<Vertex X="73474" Y="45081" Z="0"/>
					<Vertex X="73407" Y="44744" Z="0"/>
					<Vertex X="73273" Y="44206" Z="0"/>
					<Vertex X="73273" Y="44004" Z="0"/>
					<Vertex X="73205" Y="43802" Z="0"/>
					<Vertex X="73138" Y="42928" Z="0"/>
					<Vertex X="73071" Y="42457" Z="0"/>
					<Vertex X="73071" Y="41986" Z="0"/>
					<Vertex X="73071" Y="41582" Z="0"/>
					<Vertex X="73004" Y="40640" Z="0"/>
					<Vertex X="73004" Y="40169" Z="0"/>
					<Vertex X="73004" Y="39765" Z="0"/>
					<Vertex X="72936" Y="39294" Z="0"/>
					<Vertex X="72869" Y="38554" Z="0"/>
					<Vertex X="72869" Y="38151" Z="0"/>
					<Vertex X="72869" Y="37949" Z="0"/>
					<Vertex X="72869" Y="37545" Z="0"/>
					<Vertex X="72869" Y="37410" Z="0"/>
					<Vertex X="72869" Y="37276" Z="0"/>
					<Vertex X="72802" Y="37007" Z="0"/>
					<Vertex X="72802" Y="36872" Z="0"/>
					<Vertex X="72734" Y="36738" Z="0"/>
					<Vertex X="72734" Y="36670" Z="0"/>
					<Vertex X="72734" Y="36603" Z="0"/>
					<Vertex X="72734" Y="36536" Z="0"/>
					<Vertex X="72734" Y="36468" Z="0"/>
					<Vertex X="72667" Y="36401" Z="0"/>
					<Vertex X="72667" Y="36334" Z="0"/>
					<Vertex X="72600" Y="36199" Z="0"/>
					<Vertex X="72533" Y="35930" Z="0"/>
					<Vertex X="72465" Y="35728" Z="0"/>
					<Vertex X="72331" Y="35257" Z="0"/>
					<Vertex X="72196" Y="35123" Z="0"/>
					<Vertex X="71994" Y="34786" Z="0"/>
					<Vertex X="71927" Y="34585" Z="0"/>
					<Vertex X="71725" Y="34114" Z="0"/>
					<Vertex X="71658" Y="34046" Z="0"/>
					<Vertex X="71591" Y="33912" Z="0"/>
					<Vertex X="71523" Y="33710" Z="0"/>
					<Vertex X="71389" Y="33441" Z="0"/>
					<Vertex X="71187" Y="33037" Z="0"/>
					<Vertex X="71052" Y="32835" Z="0"/>
					<Vertex X="70918" Y="32566" Z="0"/>
					<Vertex X="70850" Y="32364" Z="0"/>
					<Vertex X="70649" Y="31826" Z="0"/>
					<Vertex X="70581" Y="31489" Z="0"/>
					<Vertex X="70514" Y="31153" Z="0"/>
					<Vertex X="70312" Y="30480" Z="0"/>
					<Vertex X="70245" Y="30278" Z="0"/>
					<Vertex X="70178" Y="30076" Z="0"/>
					<Vertex X="70110" Y="29875" Z="0"/>
					<Vertex X="70043" Y="29336" Z="0"/>
					<Vertex X="69976" Y="29000" Z="0"/>
					<Vertex X="69908" Y="28596" Z="0"/>
					<Vertex X="69841" Y="28327" Z="0"/>
					<Vertex X="69774" Y="27923" Z="0"/>
					<Vertex X="69707" Y="27721" Z="0"/>
					<Vertex X="69707" Y="27520" Z="0"/>
					<Vertex X="69639" Y="27385" Z="0"/>
					<Vertex X="69639" Y="27049" Z="0"/>
					<Vertex X="69572" Y="26780" Z="0"/>
					<Vertex X="69505" Y="26376" Z="0"/>
					<Vertex X="69370" Y="26039" Z="0"/>
					<Vertex X="69303" Y="25367" Z="0"/>
					<Vertex X="69303" Y="25165" Z="0"/>
					<Vertex X="69236" Y="24963" Z="0"/>
					<Vertex X="69168" Y="24357" Z="0"/>
					<Vertex X="69101" Y="24088" Z="0"/>
					<Vertex X="69034" Y="23550" Z="0"/>
					<Vertex X="68966" Y="23213" Z="0"/>
					<Vertex X="68966" Y="22810" Z="0"/>
					<Vertex X="68966" Y="22339" Z="0"/>
					<Vertex X="68966" Y="22204" Z="0"/>
					<Vertex X="68966" Y="22070" Z="0"/>
					<Vertex X="68966" Y="22002" Z="0"/>
					<Vertex X="68966" Y="21800" Z="0"/>
					<Vertex X="68966" Y="21599" Z="0"/>
					<Vertex X="68966" Y="21329" Z="0"/>
					<Vertex X="68966" Y="20926" Z="0"/>
					<Vertex X="68966" Y="20791" Z="0"/>
					<Vertex X="68966" Y="20657" Z="0"/>
					<Vertex X="68966" Y="20455" Z="0"/>
					<Vertex X="68966" Y="20320" Z="0"/>
					<Vertex X="68966" Y="20118" Z="0"/>
					<Vertex X="68966" Y="19849" Z="0"/>
					<Vertex X="68966" Y="19647" Z="0"/>
					<Vertex X="68966" Y="19446" Z="0"/>
					<Vertex X="68966" Y="19176" Z="0"/>
					<Vertex X="68966" Y="19042" Z="0"/>
					<Vertex X="68966" Y="18773" Z="0"/>
					<Vertex X="68966" Y="18705" Z="0"/>
					<Vertex X="68966" Y="18571" Z="0"/>
					<Vertex X="68966" Y="18369" Z="0"/>
					<Vertex X="68966" Y="18167" Z="0"/>
					<Vertex X="68899" Y="17763" Z="0"/>
					<Vertex X="68899" Y="17427" Z="0"/>
					<Vertex X="68832" Y="17158" Z="0"/>
					<Vertex X="68832" Y="16821" Z="0"/>
					<Vertex X="68832" Y="16687" Z="0"/>
					<Vertex X="68832" Y="16350" Z="0"/>
					<Vertex X="68765" Y="15812" Z="0"/>
					<Vertex X="68765" Y="15476" Z="0"/>
					<Vertex X="68697" Y="15341" Z="0"/>
					<Vertex X="68563" Y="15005" Z="0"/>
					<Vertex X="68495" Y="14668" Z="0"/>
					<Vertex X="68361" Y="14399" Z="0"/>
					<Vertex X="68361" Y="14130" Z="0"/>
					<Vertex X="68226" Y="13928" Z="0"/>
					<Vertex X="68226" Y="13794" Z="0"/>
					<Vertex X="68092" Y="13592" Z="0"/>
					<Vertex X="68024" Y="13323" Z="0"/>
					<Vertex X="67890" Y="13121" Z="0"/>
					<Vertex X="67823" Y="12852" Z="0"/>
					<Vertex X="67621" Y="12448" Z="0"/>
					<Vertex X="67553" Y="12381" Z="0"/>
					<Vertex X="67486" Y="12246" Z="0"/>
					<Vertex X="67352" Y="12044" Z="0"/>
					<Vertex X="67150" Y="11775" Z="0"/>
					<Vertex X="67015" Y="11641" Z="0"/>
					<Vertex X="66881" Y="11439" Z="0"/>
					<Vertex X="66813" Y="11304" Z="0"/>
					<Vertex X="66611" Y="11102" Z="0"/>
					<Vertex X="66410" Y="10833" Z="0"/>
					<Vertex X="66342" Y="10833" Z="0"/>
					<Vertex X="66275" Y="10766" Z="0"/>
					<Vertex X="66208" Y="10699" Z="0"/>
					<Vertex X="66073" Y="10564" Z="0"/>
					<Vertex X="65939" Y="10497" Z="0"/>
					<Vertex X="65737" Y="10362" Z="0"/>
					<Vertex X="65333" Y="10160" Z="0"/>
					<Vertex X="65131" Y="9958" Z="0"/>
					<Vertex X="64593" Y="9689" Z="0"/>
					<Vertex X="64458" Y="9622" Z="0"/>
					<Vertex X="64324" Y="9555" Z="0"/>
					<Vertex X="64257" Y="9555" Z="0"/>
					<Vertex X="64189" Y="9555" Z="0"/>
					<Vertex X="64189" Y="9487" Z="0"/>
					<Vertex X="64055" Y="9420" Z="0"/>
					<Vertex X="63987" Y="9420" Z="0"/>
					<Vertex X="63853" Y="9420" Z="0"/>
					<Vertex X="63382" Y="9689" Z="0"/>
					<Vertex X="63180" Y="9757" Z="0"/>
					<Vertex X="63045" Y="9891" Z="0"/>
					<Vertex X="62978" Y="10026" Z="0"/>
					<Vertex X="62911" Y="10160" Z="0"/>
					<Vertex X="62844" Y="10160" Z="0"/>
					<Vertex X="62709" Y="10362" Z="0"/>
					<Vertex X="62574" Y="10631" Z="0"/>
					<Vertex X="62507" Y="10766" Z="0"/>
					<Vertex X="62440" Y="10900" Z="0"/>
					<Vertex X="62238" Y="11102" Z="0"/>
					<Vertex X="62103" Y="11304" Z="0"/>
					<Vertex X="61969" Y="11506" Z="0"/>
					<Vertex X="61834" Y="11775" Z="0"/>
					<Vertex X="61632" Y="11977" Z="0"/>
					<Vertex X="61565" Y="12111" Z="0"/>
					<Vertex X="61498" Y="12246" Z="0"/>
					<Vertex X="61431" Y="12313" Z="0"/>
					<Vertex X="61229" Y="12582" Z="0"/>
					<Vertex X="61027" Y="12852" Z="0"/>
					<Vertex X="60825" Y="13121" Z="0"/>
					<Vertex X="60758" Y="13323" Z="0"/>
					<Vertex X="60623" Y="13524" Z="0"/>
					<Vertex X="60556" Y="13659" Z="0"/>
					<Vertex X="60489" Y="13861" Z="0"/>
					<Vertex X="60354" Y="14063" Z="0"/>
					<Vertex X="60287" Y="14197" Z="0"/>
					<Vertex X="60152" Y="14466" Z="0"/>
					<Vertex X="60018" Y="14870" Z="0"/>
					<Vertex X="59816" Y="15072" Z="0"/>
					<Vertex X="59681" Y="15207" Z="0"/>
					<Vertex X="59681" Y="15341" Z="0"/>
					<Vertex X="59614" Y="15408" Z="0"/>
					<Vertex X="59547" Y="15543" Z="0"/>
					<Vertex X="59412" Y="15745" Z="0"/>
					<Vertex X="59277" Y="15947" Z="0"/>
					<Vertex X="59143" Y="16081" Z="0"/>
					<Vertex X="59076" Y="16216" Z="0"/>
					<Vertex X="59008" Y="16350" Z="0"/>
					<Vertex X="58806" Y="16552" Z="0"/>
					<Vertex X="58672" Y="16687" Z="0"/>
					<Vertex X="58470" Y="16821" Z="0"/>
					<Vertex X="58403" Y="16821" Z="0"/>
					<Vertex X="58335" Y="16889" Z="0"/>
					<Vertex X="58201" Y="16889" Z="0"/>
					<Vertex X="58134" Y="16889" Z="0"/>
					<Vertex X="57999" Y="16889" Z="0"/>
					<Vertex X="57932" Y="16889" Z="0"/>
					<Vertex X="57797" Y="16687" Z="0"/>
					<Vertex X="57528" Y="16283" Z="0"/>
					<Vertex X="57057" Y="15812" Z="0"/>
					<Vertex X="56855" Y="15543" Z="0"/>
					<Vertex X="56519" Y="15072" Z="0"/>
					<Vertex X="56452" Y="15005" Z="0"/>
					<Vertex X="56250" Y="14803" Z="0"/>
					<Vertex X="56182" Y="14736" Z="0"/>
					<Vertex X="56115" Y="14668" Z="0"/>
					<Vertex X="56048" Y="14534" Z="0"/>
					<Vertex X="55913" Y="14399" Z="0"/>
					<Vertex X="55846" Y="14265" Z="0"/>
					<Vertex X="55779" Y="14130" Z="0"/>
					<Vertex X="55711" Y="14063" Z="0"/>
					<Vertex X="55577" Y="13928" Z="0"/>
					<Vertex X="55510" Y="13861" Z="0"/>
					<Vertex X="55510" Y="13794" Z="0"/>
					<Vertex X="55375" Y="13659" Z="0"/>
					<Vertex X="55375" Y="13592" Z="0"/>
					<Vertex X="55308" Y="13524" Z="0"/>
					<Vertex X="55240" Y="13390" Z="0"/>
					<Vertex X="55106" Y="13255" Z="0"/>
					<Vertex X="54971" Y="12986" Z="0"/>
					<Vertex X="54904" Y="12919" Z="0"/>
					<Vertex X="54837" Y="12852" Z="0"/>
					<Vertex X="54635" Y="12650" Z="0"/>
					<Vertex X="54231" Y="12313" Z="0"/>
					<Vertex X="53760" Y="12044" Z="0"/>
					<Vertex X="53155" Y="11775" Z="0"/>
					<Vertex X="52885" Y="11573" Z="0"/>
					<Vertex X="52482" Y="11439" Z="0"/>
					<Vertex X="52280" Y="11439" Z="0"/>
					<Vertex X="52145" Y="11371" Z="0"/>
					<Vertex X="51809" Y="11371" Z="0"/>
					<Vertex X="51607" Y="11371" Z="0"/>
					<Vertex X="51203" Y="11371" Z="0"/>
					<Vertex X="50800" Y="11371" Z="0"/>
					<Vertex X="50665" Y="11371" Z="0"/>
					<Vertex X="50530" Y="11371" Z="0"/>
					<Vertex X="50463" Y="11371" Z="0"/>
					<Vertex X="50396" Y="11371" Z="0"/>
					<Vertex X="50194" Y="11371" Z="0"/>
					<Vertex X="49858" Y="11371" Z="0"/>
					<Vertex X="49723" Y="11371" Z="0"/>
					<Vertex X="49387" Y="11439" Z="0"/>
					<Vertex X="48916" Y="11506" Z="0"/>
					<Vertex X="48579" Y="11506" Z="0"/>
					<Vertex X="48310" Y="11506" Z="0"/>
					<Vertex X="48108" Y="11506" Z="0"/>
					<Vertex X="47906" Y="11506" Z="0"/>
					<Vertex X="47839" Y="11573" Z="0"/>
					<Vertex X="47570" Y="11641" Z="0"/>
					<Vertex X="47368" Y="11641" Z="0"/>
					<Vertex X="46897" Y="11708" Z="0"/>
					<Vertex X="46426" Y="11775" Z="0"/>
					<Vertex X="46224" Y="11775" Z="0"/>
					<Vertex X="45888" Y="11775" Z="0"/>
					<Vertex X="45619" Y="11842" Z="0"/>
					<Vertex X="45484" Y="11842" Z="0"/>
					<Vertex X="45215" Y="11842" Z="0"/>
					<Vertex X="44744" Y="11910" Z="0"/>
					<Vertex X="44542" Y="11910" Z="0"/>
					<Vertex X="44071" Y="11910" Z="0"/>
					<Vertex X="43802" Y="11910" Z="0"/>
					<Vertex X="43667" Y="11910" Z="0"/>
					<Vertex X="43398" Y="11910" Z="0"/>
					<Vertex X="43264" Y="11910" Z="0"/>
					<Vertex X="43129" Y="11910" Z="0"/>
					<Vertex X="43062" Y="11910" Z="0"/>
					<Vertex X="42793" Y="11910" Z="0"/>
					<Vertex X="42658" Y="11910" Z="0"/>
					<Vertex X="42322" Y="11910" Z="0"/>
					<Vertex X="41716" Y="11910" Z="0"/>
					<Vertex X="41313" Y="11910" Z="0"/>
					<Vertex X="40707" Y="11910" Z="0"/>
					<Vertex X="40303" Y="11910" Z="0"/>
					<Vertex X="39967" Y="11910" Z="0"/>
					<Vertex X="39900" Y="11910" Z="0"/>
					<Vertex X="39698" Y="11910" Z="0"/>
					<Vertex X="39630" Y="11842" Z="0"/>
					<Vertex X="39227" Y="11842" Z="0"/>
					<Vertex X="38823" Y="11842" Z="0"/>
					<Vertex X="38487" Y="11842" Z="0"/>
					<Vertex X="37948" Y="11842" Z="0"/>
					<Vertex X="37410" Y="11842" Z="0"/>
					<Vertex X="37208" Y="11842" Z="0"/>
					<Vertex X="36804" Y="11842" Z="0"/>
					<Vertex X="36468" Y="11842" Z="0"/>
					<Vertex X="36333" Y="11775" Z="0"/>
					<Vertex X="35930" Y="11775" Z="0"/>
					<Vertex X="35459" Y="11775" Z="0"/>
					<Vertex X="35122" Y="11775" Z="0"/>
					<Vertex X="34584" Y="11775" Z="0"/>
					<Vertex X="33777" Y="11708" Z="0"/>
					<Vertex X="33037" Y="11708" Z="0"/>
					<Vertex X="32566" Y="11708" Z="0"/>
					<Vertex X="32296" Y="11708" Z="0"/>
					<Vertex X="31825" Y="11708" Z="0"/>
					<Vertex X="31153" Y="11708" Z="0"/>
					<Vertex X="30345" Y="11708" Z="0"/>
					<Vertex X="29470" Y="11708" Z="0"/>
					<Vertex X="28394" Y="11708" Z="0"/>
					<Vertex X="27856" Y="11708" Z="0"/>
					<Vertex X="26779" Y="11708" Z="0"/>
					<Vertex X="25703" Y="11708" Z="0"/>
					<Vertex X="24828" Y="11708" Z="0"/>
					<Vertex X="24290" Y="11708" Z="0"/>
					<Vertex X="24020" Y="11708" Z="0"/>
					<Vertex X="23751" Y="11708" Z="0"/>
					<Vertex X="23549" Y="11708" Z="0"/>
					<Vertex X="23280" Y="11708" Z="0"/>
					<Vertex X="22877" Y="11708" Z="0"/>
					<Vertex X="22136" Y="11708" Z="0"/>
					<Vertex X="21060" Y="11641" Z="0"/>
					<Vertex X="20387" Y="11506" Z="0"/>
					<Vertex X="19849" Y="11371" Z="0"/>
					<Vertex X="19512" Y="11304" Z="0"/>
					<Vertex X="19445" Y="11304" Z="0"/>
					<Vertex X="19378" Y="11304" Z="0"/>
					<Vertex X="19378" Y="11237" Z="0"/>
					<Vertex X="19243" Y="11237" Z="0"/>
					<Vertex X="19109" Y="11170" Z="0"/>
					<Vertex X="18907" Y="11170" Z="0"/>
					<Vertex X="18638" Y="11035" Z="0"/>
					<Vertex X="18570" Y="11035" Z="0"/>
					<Vertex X="18503" Y="11035" Z="0"/>
					<Vertex X="18436" Y="11035" Z="0"/>
					<Vertex X="18368" Y="11035" Z="0"/>
					<Vertex X="18368" Y="10968" Z="0"/>
					<Vertex X="18167" Y="10968" Z="0"/>
					<Vertex X="17830" Y="10968" Z="0"/>
					<Vertex X="17359" Y="10900" Z="0"/>
					<Vertex X="17225" Y="10900" Z="0"/>
					<Vertex X="17090" Y="10900" Z="0"/>
					<Vertex X="17023" Y="10900" Z="0"/>
					<Vertex X="16888" Y="10900" Z="0"/>
					<Vertex X="16552" Y="10833" Z="0"/>
					<Vertex X="16485" Y="10833" Z="0"/>
					<Vertex X="16417" Y="10833" Z="0"/>
					<Vertex X="16350" Y="10833" Z="0"/>
					<Vertex X="15812" Y="10631" Z="0"/>
				</Vertices>
			</Region>
		</Regions>
		<Plots/>
	</Annotation>
</Annotations>
