<Annotations MicronsPerPixel="0.227700">
	<Annotation Id="1" Name="" ReadOnly="0" NameReadOnly="0" LineColorReadOnly="0" Incremental="0" Type="4" LineColor="255" Visible="1" Selected="1" MarkupImagePath="" MacroName="">
		<Attributes/>
		<Regions>
			<RegionAttributeHeaders/>
			<Region Id="1" Type="0" Zoom="0.022871" Selected="0" ImageLocation="" ImageFocus="-1" Length="65130.9" Area="221888715.0" LengthMicrons="14830.3" AreaMicrons="11504328.1" Text="" NegativeROA="0" InputRegionId="0" Analyze="1" DisplayId="1">
				<Attributes/>
				<Vertices>
					<Vertex X="41476" Y="49109" Z="0"/>
					<Vertex X="41380" Y="49253" Z="0"/>
					<Vertex X="41332" Y="49349" Z="0"/>
					<Vertex X="41236" Y="49397" Z="0"/>
					<Vertex X="41236" Y="49541" Z="0"/>
					<Vertex X="41188" Y="49589" Z="0"/>
					<Vertex X="41092" Y="49637" Z="0"/>
					<Vertex X="40996" Y="49781" Z="0"/>
					<Vertex X="40948" Y="49781" Z="0"/>
					<Vertex X="40948" Y="49877" Z="0"/>
					<Vertex X="40900" Y="49925" Z="0"/>
					<Vertex X="40852" Y="49925" Z="0"/>
					<Vertex X="40852" Y="50021" Z="0"/>
					<Vertex X="40804" Y="50069" Z="0"/>
					<Vertex X="40756" Y="50117" Z="0"/>
					<Vertex X="40660" Y="50165" Z="0"/>
					<Vertex X="40660" Y="50309" Z="0"/>
					<Vertex X="40564" Y="50405" Z="0"/>
					<Vertex X="40516" Y="50453" Z="0"/>
					<Vertex X="40516" Y="50501" Z="0"/>
					<Vertex X="40468" Y="50549" Z="0"/>
					<Vertex X="40468" Y="50645" Z="0"/>
					<Vertex X="40468" Y="50741" Z="0"/>
					<Vertex X="40420" Y="50789" Z="0"/>
					<Vertex X="40420" Y="50885" Z="0"/>
					<Vertex X="40372" Y="50933" Z="0"/>
					<Vertex X="40324" Y="51029" Z="0"/>
					<Vertex X="40276" Y="51125" Z="0"/>
					<Vertex X="40276" Y="51173" Z="0"/>
					<Vertex X="40228" Y="51270" Z="0"/>
					<Vertex X="40228" Y="51318" Z="0"/>
					<Vertex X="40180" Y="51366" Z="0"/>
					<Vertex X="40180" Y="51414" Z="0"/>
					<Vertex X="40132" Y="51510" Z="0"/>
					<Vertex X="40084" Y="51510" Z="0"/>
					<Vertex X="40084" Y="51606" Z="0"/>
					<Vertex X="40084" Y="51654" Z="0"/>
					<Vertex X="40036" Y="51702" Z="0"/>
					<Vertex X="40036" Y="51750" Z="0"/>
					<Vertex X="39988" Y="51798" Z="0"/>
					<Vertex X="39940" Y="51894" Z="0"/>
					<Vertex X="39892" Y="51894" Z="0"/>
					<Vertex X="39844" Y="51942" Z="0"/>
					<Vertex X="39796" Y="51990" Z="0"/>
					<Vertex X="39796" Y="52038" Z="0"/>
					<Vertex X="39748" Y="52086" Z="0"/>
					<Vertex X="39700" Y="52134" Z="0"/>
					<Vertex X="39700" Y="52182" Z="0"/>
					<Vertex X="39604" Y="52278" Z="0"/>
					<Vertex X="39508" Y="52326" Z="0"/>
					<Vertex X="39460" Y="52422" Z="0"/>
					<Vertex X="39364" Y="52470" Z="0"/>
					<Vertex X="39316" Y="52470" Z="0"/>
					<Vertex X="39268" Y="52470" Z="0"/>
					<Vertex X="39172" Y="52470" Z="0"/>
					<Vertex X="39076" Y="52470" Z="0"/>
					<Vertex X="38932" Y="52470" Z="0"/>
					<Vertex X="38788" Y="52470" Z="0"/>
					<Vertex X="38740" Y="52470" Z="0"/>
					<Vertex X="38644" Y="52470" Z="0"/>
					<Vertex X="38500" Y="52470" Z="0"/>
					<Vertex X="38404" Y="52470" Z="0"/>
					<Vertex X="38356" Y="52470" Z="0"/>
					<Vertex X="38260" Y="52470" Z="0"/>
					<Vertex X="38164" Y="52422" Z="0"/>
					<Vertex X="38020" Y="52422" Z="0"/>
					<Vertex X="37924" Y="52422" Z="0"/>
					<Vertex X="37780" Y="52374" Z="0"/>
					<Vertex X="37492" Y="52326" Z="0"/>
					<Vertex X="37396" Y="52326" Z="0"/>
					<Vertex X="37252" Y="52326" Z="0"/>
					<Vertex X="37156" Y="52326" Z="0"/>
					<Vertex X="37012" Y="52326" Z="0"/>
					<Vertex X="36820" Y="52326" Z="0"/>
					<Vertex X="36724" Y="52326" Z="0"/>
					<Vertex X="36628" Y="52326" Z="0"/>
					<Vertex X="36532" Y="52326" Z="0"/>
					<Vertex X="36436" Y="52326" Z="0"/>
					<Vertex X="36244" Y="52326" Z="0"/>
					<Vertex X="36052" Y="52326" Z="0"/>
					<Vertex X="35908" Y="52374" Z="0"/>
					<Vertex X="35812" Y="52422" Z="0"/>
					<Vertex X="35620" Y="52470" Z="0"/>
					<Vertex X="35476" Y="52470" Z="0"/>
					<Vertex X="35188" Y="52662" Z="0"/>
					<Vertex X="35092" Y="52710" Z="0"/>
					<Vertex X="34996" Y="52758" Z="0"/>
					<Vertex X="34804" Y="52902" Z="0"/>
					<Vertex X="34708" Y="52950" Z="0"/>
					<Vertex X="34564" Y="53046" Z="0"/>
					<Vertex X="34468" Y="53190" Z="0"/>
					<Vertex X="34420" Y="53238" Z="0"/>
					<Vertex X="34324" Y="53286" Z="0"/>
					<Vertex X="34180" Y="53382" Z="0"/>
					<Vertex X="34132" Y="53430" Z="0"/>
					<Vertex X="34084" Y="53430" Z="0"/>
					<Vertex X="33988" Y="53478" Z="0"/>
					<Vertex X="33940" Y="53622" Z="0"/>
					<Vertex X="33892" Y="53622" Z="0"/>
					<Vertex X="33844" Y="53718" Z="0"/>
					<Vertex X="33796" Y="53718" Z="0"/>
					<Vertex X="33796" Y="53814" Z="0"/>
					<Vertex X="33748" Y="53814" Z="0"/>
					<Vertex X="33700" Y="53958" Z="0"/>
					<Vertex X="33700" Y="54006" Z="0"/>
					<Vertex X="33652" Y="54054" Z="0"/>
					<Vertex X="33604" Y="54150" Z="0"/>
					<Vertex X="33604" Y="54198" Z="0"/>
					<Vertex X="33556" Y="54246" Z="0"/>
					<Vertex X="33556" Y="54294" Z="0"/>
					<Vertex X="33460" Y="54390" Z="0"/>
					<Vertex X="33364" Y="54438" Z="0"/>
					<Vertex X="33364" Y="54534" Z="0"/>
					<Vertex X="33316" Y="54582" Z="0"/>
					<Vertex X="33220" Y="54630" Z="0"/>
					<Vertex X="33171" Y="54678" Z="0"/>
					<Vertex X="33075" Y="54774" Z="0"/>
					<Vertex X="33027" Y="54774" Z="0"/>
					<Vertex X="32931" Y="54870" Z="0"/>
					<Vertex X="32835" Y="54870" Z="0"/>
					<Vertex X="32691" Y="54966" Z="0"/>
					<Vertex X="32643" Y="55014" Z="0"/>
					<Vertex X="32547" Y="55014" Z="0"/>
					<Vertex X="32499" Y="55062" Z="0"/>
					<Vertex X="32355" Y="55110" Z="0"/>
					<Vertex X="32259" Y="55158" Z="0"/>
					<Vertex X="32211" Y="55158" Z="0"/>
					<Vertex X="32163" Y="55158" Z="0"/>
					<Vertex X="32019" Y="55158" Z="0"/>
					<Vertex X="31923" Y="55158" Z="0"/>
					<Vertex X="31827" Y="55206" Z="0"/>
					<Vertex X="31731" Y="55254" Z="0"/>
					<Vertex X="31587" Y="55302" Z="0"/>
					<Vertex X="31491" Y="55350" Z="0"/>
					<Vertex X="31395" Y="55350" Z="0"/>
					<Vertex X="31299" Y="55398" Z="0"/>
					<Vertex X="31251" Y="55398" Z="0"/>
					<Vertex X="31203" Y="55446" Z="0"/>
					<Vertex X="31155" Y="55494" Z="0"/>
					<Vertex X="31059" Y="55494" Z="0"/>
					<Vertex X="31011" Y="55542" Z="0"/>
					<Vertex X="30963" Y="55542" Z="0"/>
					<Vertex X="30867" Y="55590" Z="0"/>
					<Vertex X="30867" Y="55686" Z="0"/>
					<Vertex X="30723" Y="55782" Z="0"/>
					<Vertex X="30675" Y="55878" Z="0"/>
					<Vertex X="30579" Y="55974" Z="0"/>
					<Vertex X="30483" Y="56070" Z="0"/>
					<Vertex X="30483" Y="56118" Z="0"/>
					<Vertex X="30435" Y="56214" Z="0"/>
					<Vertex X="30387" Y="56406" Z="0"/>
					<Vertex X="30339" Y="56502" Z="0"/>
					<Vertex X="30291" Y="56838" Z="0"/>
					<Vertex X="30243" Y="56886" Z="0"/>
					<Vertex X="30195" Y="57078" Z="0"/>
					<Vertex X="30195" Y="57174" Z="0"/>
					<Vertex X="30195" Y="57270" Z="0"/>
					<Vertex X="30147" Y="57462" Z="0"/>
					<Vertex X="30147" Y="57558" Z="0"/>
					<Vertex X="30147" Y="57702" Z="0"/>
					<Vertex X="30147" Y="57750" Z="0"/>
					<Vertex X="30147" Y="57894" Z="0"/>
					<Vertex X="30147" Y="57942" Z="0"/>
					<Vertex X="30147" Y="58038" Z="0"/>
					<Vertex X="30147" Y="58086" Z="0"/>
					<Vertex X="30147" Y="58134" Z="0"/>
					<Vertex X="30099" Y="58230" Z="0"/>
					<Vertex X="30051" Y="58278" Z="0"/>
					<Vertex X="30003" Y="58278" Z="0"/>
					<Vertex X="29955" Y="58326" Z="0"/>
					<Vertex X="29907" Y="58470" Z="0"/>
					<Vertex X="29859" Y="58518" Z="0"/>
					<Vertex X="29811" Y="58566" Z="0"/>
					<Vertex X="29715" Y="58614" Z="0"/>
					<Vertex X="29715" Y="58662" Z="0"/>
					<Vertex X="29667" Y="58758" Z="0"/>
					<Vertex X="29619" Y="58806" Z="0"/>
					<Vertex X="29523" Y="59046" Z="0"/>
					<Vertex X="29475" Y="59238" Z="0"/>
					<Vertex X="29427" Y="59382" Z="0"/>
					<Vertex X="29379" Y="59526" Z="0"/>
					<Vertex X="29331" Y="59766" Z="0"/>
					<Vertex X="29331" Y="59862" Z="0"/>
					<Vertex X="29283" Y="60102" Z="0"/>
					<Vertex X="29283" Y="60199" Z="0"/>
					<Vertex X="29283" Y="60439" Z="0"/>
					<Vertex X="29283" Y="60535" Z="0"/>
					<Vertex X="29283" Y="60583" Z="0"/>
					<Vertex X="29283" Y="60679" Z="0"/>
					<Vertex X="29283" Y="60823" Z="0"/>
					<Vertex X="29283" Y="60871" Z="0"/>
					<Vertex X="29331" Y="61111" Z="0"/>
					<Vertex X="29331" Y="61159" Z="0"/>
					<Vertex X="29331" Y="61207" Z="0"/>
					<Vertex X="29379" Y="61303" Z="0"/>
					<Vertex X="29379" Y="61447" Z="0"/>
					<Vertex X="29379" Y="61495" Z="0"/>
					<Vertex X="29475" Y="61687" Z="0"/>
					<Vertex X="29523" Y="61783" Z="0"/>
					<Vertex X="29523" Y="61927" Z="0"/>
					<Vertex X="29571" Y="62071" Z="0"/>
					<Vertex X="29619" Y="62167" Z="0"/>
					<Vertex X="29715" Y="62311" Z="0"/>
					<Vertex X="29715" Y="62503" Z="0"/>
					<Vertex X="29763" Y="62599" Z="0"/>
					<Vertex X="29859" Y="62743" Z="0"/>
					<Vertex X="29907" Y="62839" Z="0"/>
					<Vertex X="29955" Y="62935" Z="0"/>
					<Vertex X="30051" Y="63127" Z="0"/>
					<Vertex X="30147" Y="63319" Z="0"/>
					<Vertex X="30147" Y="63367" Z="0"/>
					<Vertex X="30291" Y="63511" Z="0"/>
					<Vertex X="30339" Y="63607" Z="0"/>
					<Vertex X="30387" Y="63703" Z="0"/>
					<Vertex X="30435" Y="63799" Z="0"/>
					<Vertex X="30483" Y="63847" Z="0"/>
					<Vertex X="30579" Y="63943" Z="0"/>
					<Vertex X="30675" Y="64039" Z="0"/>
					<Vertex X="30723" Y="64183" Z="0"/>
					<Vertex X="30771" Y="64183" Z="0"/>
					<Vertex X="30819" Y="64183" Z="0"/>
					<Vertex X="30867" Y="64279" Z="0"/>
					<Vertex X="30915" Y="64327" Z="0"/>
					<Vertex X="31011" Y="64375" Z="0"/>
					<Vertex X="31059" Y="64375" Z="0"/>
					<Vertex X="31059" Y="64423" Z="0"/>
					<Vertex X="31107" Y="64471" Z="0"/>
					<Vertex X="31251" Y="64519" Z="0"/>
					<Vertex X="31299" Y="64519" Z="0"/>
					<Vertex X="31395" Y="64567" Z="0"/>
					<Vertex X="31443" Y="64567" Z="0"/>
					<Vertex X="31539" Y="64567" Z="0"/>
					<Vertex X="31587" Y="64567" Z="0"/>
					<Vertex X="31683" Y="64567" Z="0"/>
					<Vertex X="31731" Y="64567" Z="0"/>
					<Vertex X="31875" Y="64567" Z="0"/>
					<Vertex X="31923" Y="64567" Z="0"/>
					<Vertex X="32067" Y="64567" Z="0"/>
					<Vertex X="32115" Y="64567" Z="0"/>
					<Vertex X="32211" Y="64567" Z="0"/>
					<Vertex X="32307" Y="64519" Z="0"/>
					<Vertex X="32451" Y="64519" Z="0"/>
					<Vertex X="32547" Y="64471" Z="0"/>
					<Vertex X="32595" Y="64423" Z="0"/>
					<Vertex X="32739" Y="64423" Z="0"/>
					<Vertex X="32787" Y="64375" Z="0"/>
					<Vertex X="32835" Y="64327" Z="0"/>
					<Vertex X="32883" Y="64327" Z="0"/>
					<Vertex X="32979" Y="64279" Z="0"/>
					<Vertex X="33123" Y="64231" Z="0"/>
					<Vertex X="33268" Y="64183" Z="0"/>
					<Vertex X="33364" Y="64135" Z="0"/>
					<Vertex X="33460" Y="64135" Z="0"/>
					<Vertex X="33556" Y="64039" Z="0"/>
					<Vertex X="33700" Y="63991" Z="0"/>
					<Vertex X="33844" Y="63943" Z="0"/>
					<Vertex X="33940" Y="63847" Z="0"/>
					<Vertex X="33988" Y="63799" Z="0"/>
					<Vertex X="34276" Y="63703" Z="0"/>
					<Vertex X="34324" Y="63655" Z="0"/>
					<Vertex X="34372" Y="63607" Z="0"/>
					<Vertex X="34564" Y="63511" Z="0"/>
					<Vertex X="34660" Y="63511" Z="0"/>
					<Vertex X="34852" Y="63415" Z="0"/>
					<Vertex X="34900" Y="63367" Z="0"/>
					<Vertex X="34948" Y="63319" Z="0"/>
					<Vertex X="35092" Y="63271" Z="0"/>
					<Vertex X="35140" Y="63223" Z="0"/>
					<Vertex X="35236" Y="63175" Z="0"/>
					<Vertex X="35332" Y="63127" Z="0"/>
					<Vertex X="35380" Y="63127" Z="0"/>
					<Vertex X="35572" Y="63031" Z="0"/>
					<Vertex X="35668" Y="62983" Z="0"/>
					<Vertex X="35764" Y="62839" Z="0"/>
					<Vertex X="35860" Y="62791" Z="0"/>
					<Vertex X="35908" Y="62743" Z="0"/>
					<Vertex X="36052" Y="62647" Z="0"/>
					<Vertex X="36196" Y="62599" Z="0"/>
					<Vertex X="36292" Y="62503" Z="0"/>
					<Vertex X="36340" Y="62503" Z="0"/>
					<Vertex X="36436" Y="62455" Z="0"/>
					<Vertex X="36628" Y="62407" Z="0"/>
					<Vertex X="36772" Y="62407" Z="0"/>
					<Vertex X="36820" Y="62359" Z="0"/>
					<Vertex X="37108" Y="62263" Z="0"/>
					<Vertex X="37300" Y="62263" Z="0"/>
					<Vertex X="37348" Y="62263" Z="0"/>
					<Vertex X="37492" Y="62263" Z="0"/>
					<Vertex X="37588" Y="62215" Z="0"/>
					<Vertex X="37684" Y="62215" Z="0"/>
					<Vertex X="37876" Y="62215" Z="0"/>
					<Vertex X="37972" Y="62215" Z="0"/>
					<Vertex X="38116" Y="62215" Z="0"/>
					<Vertex X="38212" Y="62215" Z="0"/>
					<Vertex X="38404" Y="62215" Z="0"/>
					<Vertex X="38500" Y="62215" Z="0"/>
					<Vertex X="38740" Y="62263" Z="0"/>
					<Vertex X="38932" Y="62263" Z="0"/>
					<Vertex X="39172" Y="62263" Z="0"/>
					<Vertex X="39316" Y="62263" Z="0"/>
					<Vertex X="39508" Y="62311" Z="0"/>
					<Vertex X="39604" Y="62359" Z="0"/>
					<Vertex X="39700" Y="62359" Z="0"/>
					<Vertex X="40084" Y="62455" Z="0"/>
					<Vertex X="40132" Y="62455" Z="0"/>
					<Vertex X="40276" Y="62455" Z="0"/>
					<Vertex X="40372" Y="62455" Z="0"/>
					<Vertex X="40564" Y="62455" Z="0"/>
					<Vertex X="40660" Y="62455" Z="0"/>
					<Vertex X="40852" Y="62455" Z="0"/>
					<Vertex X="40900" Y="62455" Z="0"/>
					<Vertex X="41092" Y="62455" Z="0"/>
					<Vertex X="41236" Y="62455" Z="0"/>
					<Vertex X="41380" Y="62455" Z="0"/>
					<Vertex X="41428" Y="62455" Z="0"/>
					<Vertex X="41572" Y="62455" Z="0"/>
					<Vertex X="41668" Y="62455" Z="0"/>
					<Vertex X="41764" Y="62407" Z="0"/>
					<Vertex X="41908" Y="62407" Z="0"/>
					<Vertex X="42100" Y="62359" Z="0"/>
					<Vertex X="42197" Y="62311" Z="0"/>
					<Vertex X="42485" Y="62311" Z="0"/>
					<Vertex X="42629" Y="62311" Z="0"/>
					<Vertex X="42821" Y="62311" Z="0"/>
					<Vertex X="42965" Y="62311" Z="0"/>
					<Vertex X="43013" Y="62311" Z="0"/>
					<Vertex X="43109" Y="62311" Z="0"/>
					<Vertex X="43205" Y="62311" Z="0"/>
					<Vertex X="43301" Y="62311" Z="0"/>
					<Vertex X="43349" Y="62311" Z="0"/>
					<Vertex X="43445" Y="62263" Z="0"/>
					<Vertex X="43493" Y="62263" Z="0"/>
					<Vertex X="43637" Y="62263" Z="0"/>
					<Vertex X="43733" Y="62215" Z="0"/>
					<Vertex X="43781" Y="62215" Z="0"/>
					<Vertex X="43925" Y="62119" Z="0"/>
					<Vertex X="44213" Y="62023" Z="0"/>
					<Vertex X="44405" Y="61975" Z="0"/>
					<Vertex X="44597" Y="61879" Z="0"/>
					<Vertex X="44885" Y="61831" Z="0"/>
					<Vertex X="44933" Y="61783" Z="0"/>
					<Vertex X="45221" Y="61687" Z="0"/>
					<Vertex X="45269" Y="61687" Z="0"/>
					<Vertex X="45317" Y="61639" Z="0"/>
					<Vertex X="45509" Y="61591" Z="0"/>
					<Vertex X="45605" Y="61543" Z="0"/>
					<Vertex X="45701" Y="61495" Z="0"/>
					<Vertex X="45845" Y="61399" Z="0"/>
					<Vertex X="46085" Y="61303" Z="0"/>
					<Vertex X="46229" Y="61255" Z="0"/>
					<Vertex X="46277" Y="61207" Z="0"/>
					<Vertex X="46325" Y="61207" Z="0"/>
					<Vertex X="46421" Y="61111" Z="0"/>
					<Vertex X="46517" Y="61111" Z="0"/>
					<Vertex X="46565" Y="61015" Z="0"/>
					<Vertex X="46613" Y="61015" Z="0"/>
					<Vertex X="46661" Y="60919" Z="0"/>
					<Vertex X="46805" Y="60871" Z="0"/>
					<Vertex X="46805" Y="60727" Z="0"/>
					<Vertex X="46997" Y="60631" Z="0"/>
					<Vertex X="46997" Y="60535" Z="0"/>
					<Vertex X="47189" Y="60343" Z="0"/>
					<Vertex X="47381" Y="60006" Z="0"/>
					<Vertex X="47573" Y="59766" Z="0"/>
					<Vertex X="47621" Y="59574" Z="0"/>
					<Vertex X="47669" Y="59526" Z="0"/>
					<Vertex X="47765" Y="59382" Z="0"/>
					<Vertex X="47765" Y="59286" Z="0"/>
					<Vertex X="47861" Y="59238" Z="0"/>
					<Vertex X="47861" Y="59142" Z="0"/>
					<Vertex X="47957" Y="59046" Z="0"/>
					<Vertex X="47957" Y="58950" Z="0"/>
					<Vertex X="48053" Y="58854" Z="0"/>
					<Vertex X="48053" Y="58758" Z="0"/>
					<Vertex X="48101" Y="58710" Z="0"/>
					<Vertex X="48149" Y="58614" Z="0"/>
					<Vertex X="48149" Y="58566" Z="0"/>
					<Vertex X="48197" Y="58470" Z="0"/>
					<Vertex X="48197" Y="58422" Z="0"/>
					<Vertex X="48245" Y="58374" Z="0"/>
					<Vertex X="48245" Y="58326" Z="0"/>
					<Vertex X="48293" Y="58182" Z="0"/>
					<Vertex X="48293" Y="58134" Z="0"/>
					<Vertex X="48293" Y="58086" Z="0"/>
					<Vertex X="48293" Y="57990" Z="0"/>
					<Vertex X="48293" Y="57894" Z="0"/>
					<Vertex X="48293" Y="57798" Z="0"/>
					<Vertex X="48293" Y="57750" Z="0"/>
					<Vertex X="48293" Y="57654" Z="0"/>
					<Vertex X="48341" Y="57558" Z="0"/>
					<Vertex X="48341" Y="57510" Z="0"/>
					<Vertex X="48341" Y="57414" Z="0"/>
					<Vertex X="48341" Y="57366" Z="0"/>
					<Vertex X="48341" Y="57270" Z="0"/>
					<Vertex X="48389" Y="57222" Z="0"/>
					<Vertex X="48389" Y="57126" Z="0"/>
					<Vertex X="48389" Y="57030" Z="0"/>
					<Vertex X="48437" Y="56934" Z="0"/>
					<Vertex X="48485" Y="56886" Z="0"/>
					<Vertex X="48533" Y="56790" Z="0"/>
					<Vertex X="48533" Y="56694" Z="0"/>
					<Vertex X="48533" Y="56646" Z="0"/>
					<Vertex X="48533" Y="56502" Z="0"/>
					<Vertex X="48533" Y="56454" Z="0"/>
					<Vertex X="48533" Y="56406" Z="0"/>
					<Vertex X="48629" Y="56262" Z="0"/>
					<Vertex X="48629" Y="56166" Z="0"/>
					<Vertex X="48629" Y="56118" Z="0"/>
					<Vertex X="48725" Y="55974" Z="0"/>
					<Vertex X="48725" Y="55878" Z="0"/>
					<Vertex X="48725" Y="55830" Z="0"/>
					<Vertex X="48773" Y="55686" Z="0"/>
					<Vertex X="48773" Y="55638" Z="0"/>
					<Vertex X="48821" Y="55590" Z="0"/>
					<Vertex X="48821" Y="55494" Z="0"/>
					<Vertex X="48869" Y="55350" Z="0"/>
					<Vertex X="48869" Y="55254" Z="0"/>
					<Vertex X="48917" Y="55110" Z="0"/>
					<Vertex X="48965" Y="55014" Z="0"/>
					<Vertex X="49061" Y="54822" Z="0"/>
					<Vertex X="49109" Y="54774" Z="0"/>
					<Vertex X="49157" Y="54678" Z="0"/>
					<Vertex X="49157" Y="54582" Z="0"/>
					<Vertex X="49253" Y="54534" Z="0"/>
					<Vertex X="49301" Y="54390" Z="0"/>
					<Vertex X="49301" Y="54294" Z="0"/>
					<Vertex X="49349" Y="54198" Z="0"/>
					<Vertex X="49397" Y="54102" Z="0"/>
					<Vertex X="49493" Y="53910" Z="0"/>
					<Vertex X="49493" Y="53766" Z="0"/>
					<Vertex X="49541" Y="53622" Z="0"/>
					<Vertex X="49541" Y="53574" Z="0"/>
					<Vertex X="49637" Y="53382" Z="0"/>
					<Vertex X="49685" Y="53238" Z="0"/>
					<Vertex X="49685" Y="53094" Z="0"/>
					<Vertex X="49733" Y="52902" Z="0"/>
					<Vertex X="49733" Y="52758" Z="0"/>
					<Vertex X="49781" Y="52662" Z="0"/>
					<Vertex X="49829" Y="52470" Z="0"/>
					<Vertex X="49829" Y="52374" Z="0"/>
					<Vertex X="49829" Y="52230" Z="0"/>
					<Vertex X="49877" Y="51894" Z="0"/>
					<Vertex X="49925" Y="51606" Z="0"/>
					<Vertex X="49925" Y="51414" Z="0"/>
					<Vertex X="49973" Y="51077" Z="0"/>
					<Vertex X="49973" Y="50741" Z="0"/>
					<Vertex X="50021" Y="50453" Z="0"/>
					<Vertex X="50021" Y="50165" Z="0"/>
					<Vertex X="50021" Y="50069" Z="0"/>
					<Vertex X="50021" Y="49781" Z="0"/>
					<Vertex X="50021" Y="49637" Z="0"/>
					<Vertex X="50021" Y="49493" Z="0"/>
					<Vertex X="50021" Y="49397" Z="0"/>
					<Vertex X="50021" Y="49205" Z="0"/>
					<Vertex X="50021" Y="49157" Z="0"/>
					<Vertex X="50021" Y="49061" Z="0"/>
					<Vertex X="50021" Y="48965" Z="0"/>
					<Vertex X="50021" Y="48725" Z="0"/>
					<Vertex X="50021" Y="48677" Z="0"/>
					<Vertex X="50021" Y="48581" Z="0"/>
					<Vertex X="50021" Y="48485" Z="0"/>
					<Vertex X="50021" Y="48389" Z="0"/>
					<Vertex X="50021" Y="48293" Z="0"/>
					<Vertex X="50021" Y="48197" Z="0"/>
					<Vertex X="49925" Y="48053" Z="0"/>
					<Vertex X="49925" Y="48005" Z="0"/>
					<Vertex X="49877" Y="47861" Z="0"/>
					<Vertex X="49829" Y="47765" Z="0"/>
					<Vertex X="49781" Y="47717" Z="0"/>
					<Vertex X="49733" Y="47669" Z="0"/>
					<Vertex X="49685" Y="47621" Z="0"/>
					<Vertex X="49637" Y="47573" Z="0"/>
					<Vertex X="49589" Y="47477" Z="0"/>
					<Vertex X="49493" Y="47477" Z="0"/>
					<Vertex X="49445" Y="47477" Z="0"/>
					<Vertex X="49397" Y="47381" Z="0"/>
					<Vertex X="49301" Y="47381" Z="0"/>
					<Vertex X="49157" Y="47285" Z="0"/>
					<Vertex X="49109" Y="47285" Z="0"/>
					<Vertex X="48917" Y="47285" Z="0"/>
					<Vertex X="48821" Y="47237" Z="0"/>
					<Vertex X="48725" Y="47237" Z="0"/>
					<Vertex X="48677" Y="47189" Z="0"/>
					<Vertex X="48533" Y="47189" Z="0"/>
					<Vertex X="48389" Y="47141" Z="0"/>
					<Vertex X="48341" Y="47141" Z="0"/>
					<Vertex X="48293" Y="47141" Z="0"/>
					<Vertex X="48149" Y="47093" Z="0"/>
					<Vertex X="48053" Y="47093" Z="0"/>
					<Vertex X="47909" Y="47093" Z="0"/>
					<Vertex X="47765" Y="47093" Z="0"/>
					<Vertex X="47717" Y="47093" Z="0"/>
					<Vertex X="47669" Y="47093" Z="0"/>
					<Vertex X="47573" Y="47093" Z="0"/>
					<Vertex X="47477" Y="47093" Z="0"/>
					<Vertex X="47333" Y="47093" Z="0"/>
					<Vertex X="47189" Y="47045" Z="0"/>
					<Vertex X="47045" Y="46997" Z="0"/>
					<Vertex X="46901" Y="46997" Z="0"/>
					<Vertex X="46805" Y="46997" Z="0"/>
					<Vertex X="46469" Y="46997" Z="0"/>
					<Vertex X="46421" Y="46997" Z="0"/>
					<Vertex X="46277" Y="46997" Z="0"/>
					<Vertex X="46133" Y="47045" Z="0"/>
					<Vertex X="45989" Y="47093" Z="0"/>
					<Vertex X="45845" Y="47093" Z="0"/>
					<Vertex X="45701" Y="47141" Z="0"/>
					<Vertex X="45653" Y="47141" Z="0"/>
					<Vertex X="45365" Y="47285" Z="0"/>
					<Vertex X="45317" Y="47285" Z="0"/>
					<Vertex X="45221" Y="47285" Z="0"/>
					<Vertex X="45173" Y="47333" Z="0"/>
					<Vertex X="45077" Y="47429" Z="0"/>
					<Vertex X="45029" Y="47429" Z="0"/>
					<Vertex X="44885" Y="47477" Z="0"/>
					<Vertex X="44741" Y="47525" Z="0"/>
					<Vertex X="44645" Y="47573" Z="0"/>
					<Vertex X="44549" Y="47669" Z="0"/>
					<Vertex X="44405" Y="47717" Z="0"/>
					<Vertex X="44309" Y="47765" Z="0"/>
					<Vertex X="44261" Y="47813" Z="0"/>
					<Vertex X="44117" Y="47909" Z="0"/>
					<Vertex X="44117" Y="48005" Z="0"/>
					<Vertex X="43973" Y="48053" Z="0"/>
					<Vertex X="43925" Y="48149" Z="0"/>
					<Vertex X="43829" Y="48245" Z="0"/>
					<Vertex X="43781" Y="48245" Z="0"/>
					<Vertex X="43733" Y="48341" Z="0"/>
					<Vertex X="43733" Y="48389" Z="0"/>
					<Vertex X="43589" Y="48437" Z="0"/>
					<Vertex X="43541" Y="48485" Z="0"/>
					<Vertex X="43541" Y="48581" Z="0"/>
					<Vertex X="43349" Y="48629" Z="0"/>
					<Vertex X="43301" Y="48677" Z="0"/>
					<Vertex X="43253" Y="48725" Z="0"/>
					<Vertex X="43157" Y="48725" Z="0"/>
					<Vertex X="43157" Y="48773" Z="0"/>
					<Vertex X="43061" Y="48821" Z="0"/>
					<Vertex X="42965" Y="48869" Z="0"/>
					<Vertex X="42917" Y="48869" Z="0"/>
					<Vertex X="42821" Y="48965" Z="0"/>
					<Vertex X="42773" Y="49013" Z="0"/>
					<Vertex X="42677" Y="49013" Z="0"/>
					<Vertex X="42629" Y="49013" Z="0"/>
					<Vertex X="42581" Y="49061" Z="0"/>
					<Vertex X="42485" Y="49109" Z="0"/>
					<Vertex X="42437" Y="49109" Z="0"/>
					<Vertex X="42389" Y="49109" Z="0"/>
					<Vertex X="42341" Y="49157" Z="0"/>
					<Vertex X="42293" Y="49205" Z="0"/>
					<Vertex X="42245" Y="49205" Z="0"/>
					<Vertex X="42197" Y="49205" Z="0"/>
					<Vertex X="42148" Y="49205" Z="0"/>
					<Vertex X="42148" Y="49253" Z="0"/>
					<Vertex X="42100" Y="49253" Z="0"/>
					<Vertex X="42052" Y="49253" Z="0"/>
					<Vertex X="42004" Y="49253" Z="0"/>
					<Vertex X="41956" Y="49253" Z="0"/>
					<Vertex X="41908" Y="49253" Z="0"/>
					<Vertex X="41860" Y="49253" Z="0"/>
					<Vertex X="41476" Y="49109" Z="0"/>
				</Vertices>
			</Region>
			<Region Id="2" Type="0" Zoom="0.014457" Selected="0" ImageLocation="" ImageFocus="-1" Length="58689.6" Area="196614582.5" LengthMicrons="13363.6" AreaMicrons="10193932.8" Text="" NegativeROA="0" InputRegionId="0" Analyze="1" DisplayId="2">
				<Attributes/>
				<Vertices>
					<Vertex X="49211" Y="30301" Z="0"/>
					<Vertex X="49211" Y="30225" Z="0"/>
					<Vertex X="49135" Y="30225" Z="0"/>
					<Vertex X="48907" Y="30149" Z="0"/>
					<Vertex X="48907" Y="30073" Z="0"/>
					<Vertex X="48679" Y="29997" Z="0"/>
					<Vertex X="48300" Y="29845" Z="0"/>
					<Vertex X="48224" Y="29770" Z="0"/>
					<Vertex X="47996" Y="29618" Z="0"/>
					<Vertex X="47768" Y="29542" Z="0"/>
					<Vertex X="47540" Y="29390" Z="0"/>
					<Vertex X="47312" Y="29238" Z="0"/>
					<Vertex X="47084" Y="29238" Z="0"/>
					<Vertex X="46857" Y="29162" Z="0"/>
					<Vertex X="46553" Y="29010" Z="0"/>
					<Vertex X="46477" Y="29010" Z="0"/>
					<Vertex X="46401" Y="28934" Z="0"/>
					<Vertex X="46173" Y="28934" Z="0"/>
					<Vertex X="45945" Y="28858" Z="0"/>
					<Vertex X="45869" Y="28782" Z="0"/>
					<Vertex X="45793" Y="28706" Z="0"/>
					<Vertex X="45642" Y="28706" Z="0"/>
					<Vertex X="45490" Y="28706" Z="0"/>
					<Vertex X="45414" Y="28630" Z="0"/>
					<Vertex X="45262" Y="28630" Z="0"/>
					<Vertex X="45186" Y="28630" Z="0"/>
					<Vertex X="45110" Y="28554" Z="0"/>
					<Vertex X="44882" Y="28554" Z="0"/>
					<Vertex X="44806" Y="28554" Z="0"/>
					<Vertex X="44654" Y="28479" Z="0"/>
					<Vertex X="44654" Y="28403" Z="0"/>
					<Vertex X="44426" Y="28403" Z="0"/>
					<Vertex X="44275" Y="28327" Z="0"/>
					<Vertex X="44047" Y="28327" Z="0"/>
					<Vertex X="43971" Y="28327" Z="0"/>
					<Vertex X="43895" Y="28327" Z="0"/>
					<Vertex X="43743" Y="28251" Z="0"/>
					<Vertex X="43591" Y="28175" Z="0"/>
					<Vertex X="43439" Y="28175" Z="0"/>
					<Vertex X="43363" Y="28099" Z="0"/>
					<Vertex X="43287" Y="28099" Z="0"/>
					<Vertex X="43060" Y="28023" Z="0"/>
					<Vertex X="42908" Y="28023" Z="0"/>
					<Vertex X="42756" Y="28023" Z="0"/>
					<Vertex X="42528" Y="28023" Z="0"/>
					<Vertex X="42300" Y="28023" Z="0"/>
					<Vertex X="42224" Y="28023" Z="0"/>
					<Vertex X="41920" Y="28023" Z="0"/>
					<Vertex X="41769" Y="28023" Z="0"/>
					<Vertex X="41541" Y="28023" Z="0"/>
					<Vertex X="41389" Y="28023" Z="0"/>
					<Vertex X="41237" Y="28023" Z="0"/>
					<Vertex X="41009" Y="28023" Z="0"/>
					<Vertex X="40705" Y="28023" Z="0"/>
					<Vertex X="40553" Y="28023" Z="0"/>
					<Vertex X="40402" Y="28023" Z="0"/>
					<Vertex X="40326" Y="28023" Z="0"/>
					<Vertex X="40098" Y="28023" Z="0"/>
					<Vertex X="40022" Y="28023" Z="0"/>
					<Vertex X="39794" Y="28023" Z="0"/>
					<Vertex X="39566" Y="28099" Z="0"/>
					<Vertex X="39490" Y="28175" Z="0"/>
					<Vertex X="39338" Y="28251" Z="0"/>
					<Vertex X="39262" Y="28251" Z="0"/>
					<Vertex X="38959" Y="28327" Z="0"/>
					<Vertex X="38731" Y="28327" Z="0"/>
					<Vertex X="38503" Y="28403" Z="0"/>
					<Vertex X="38351" Y="28403" Z="0"/>
					<Vertex X="38199" Y="28479" Z="0"/>
					<Vertex X="37971" Y="28479" Z="0"/>
					<Vertex X="37819" Y="28630" Z="0"/>
					<Vertex X="37744" Y="28630" Z="0"/>
					<Vertex X="37592" Y="28630" Z="0"/>
					<Vertex X="37440" Y="28630" Z="0"/>
					<Vertex X="37364" Y="28706" Z="0"/>
					<Vertex X="37288" Y="28706" Z="0"/>
					<Vertex X="37136" Y="28782" Z="0"/>
					<Vertex X="37060" Y="28858" Z="0"/>
					<Vertex X="36908" Y="28934" Z="0"/>
					<Vertex X="36832" Y="28934" Z="0"/>
					<Vertex X="36756" Y="29010" Z="0"/>
					<Vertex X="36680" Y="29086" Z="0"/>
					<Vertex X="36604" Y="29086" Z="0"/>
					<Vertex X="36528" Y="29162" Z="0"/>
					<Vertex X="36377" Y="29238" Z="0"/>
					<Vertex X="36301" Y="29314" Z="0"/>
					<Vertex X="36149" Y="29390" Z="0"/>
					<Vertex X="36073" Y="29466" Z="0"/>
					<Vertex X="35997" Y="29542" Z="0"/>
					<Vertex X="35921" Y="29542" Z="0"/>
					<Vertex X="35845" Y="29542" Z="0"/>
					<Vertex X="35769" Y="29542" Z="0"/>
					<Vertex X="35769" Y="29618" Z="0"/>
					<Vertex X="35617" Y="29618" Z="0"/>
					<Vertex X="35617" Y="29694" Z="0"/>
					<Vertex X="35541" Y="29845" Z="0"/>
					<Vertex X="35465" Y="29845" Z="0"/>
					<Vertex X="35389" Y="29921" Z="0"/>
					<Vertex X="35313" Y="29997" Z="0"/>
					<Vertex X="35237" Y="30149" Z="0"/>
					<Vertex X="35237" Y="30225" Z="0"/>
					<Vertex X="35162" Y="30301" Z="0"/>
					<Vertex X="35162" Y="30377" Z="0"/>
					<Vertex X="35086" Y="30453" Z="0"/>
					<Vertex X="35086" Y="30529" Z="0"/>
					<Vertex X="35086" Y="30605" Z="0"/>
					<Vertex X="35086" Y="30833" Z="0"/>
					<Vertex X="35086" Y="30909" Z="0"/>
					<Vertex X="35086" Y="31061" Z="0"/>
					<Vertex X="35086" Y="31137" Z="0"/>
					<Vertex X="35086" Y="31288" Z="0"/>
					<Vertex X="35162" Y="31364" Z="0"/>
					<Vertex X="35237" Y="31592" Z="0"/>
					<Vertex X="35313" Y="31668" Z="0"/>
					<Vertex X="35313" Y="31820" Z="0"/>
					<Vertex X="35389" Y="31820" Z="0"/>
					<Vertex X="35617" Y="32048" Z="0"/>
					<Vertex X="35693" Y="32200" Z="0"/>
					<Vertex X="35769" Y="32200" Z="0"/>
					<Vertex X="35921" Y="32352" Z="0"/>
					<Vertex X="36073" Y="32503" Z="0"/>
					<Vertex X="36225" Y="32579" Z="0"/>
					<Vertex X="36301" Y="32655" Z="0"/>
					<Vertex X="36604" Y="32883" Z="0"/>
					<Vertex X="36680" Y="33035" Z="0"/>
					<Vertex X="36984" Y="33263" Z="0"/>
					<Vertex X="37060" Y="33339" Z="0"/>
					<Vertex X="37136" Y="33415" Z="0"/>
					<Vertex X="37364" Y="33491" Z="0"/>
					<Vertex X="37516" Y="33643" Z="0"/>
					<Vertex X="37668" Y="33795" Z="0"/>
					<Vertex X="37895" Y="33870" Z="0"/>
					<Vertex X="37971" Y="33946" Z="0"/>
					<Vertex X="38123" Y="34098" Z="0"/>
					<Vertex X="38275" Y="34174" Z="0"/>
					<Vertex X="38427" Y="34250" Z="0"/>
					<Vertex X="38579" Y="34402" Z="0"/>
					<Vertex X="38579" Y="34554" Z="0"/>
					<Vertex X="38731" Y="34630" Z="0"/>
					<Vertex X="38883" Y="34782" Z="0"/>
					<Vertex X="38959" Y="34858" Z="0"/>
					<Vertex X="39035" Y="35010" Z="0"/>
					<Vertex X="39111" Y="35010" Z="0"/>
					<Vertex X="39186" Y="35237" Z="0"/>
					<Vertex X="39262" Y="35313" Z="0"/>
					<Vertex X="39414" Y="35313" Z="0"/>
					<Vertex X="39414" Y="35465" Z="0"/>
					<Vertex X="39490" Y="35541" Z="0"/>
					<Vertex X="39566" Y="35769" Z="0"/>
					<Vertex X="39642" Y="35997" Z="0"/>
					<Vertex X="39642" Y="36073" Z="0"/>
					<Vertex X="39794" Y="36225" Z="0"/>
					<Vertex X="39794" Y="36377" Z="0"/>
					<Vertex X="39870" Y="36528" Z="0"/>
					<Vertex X="39946" Y="36604" Z="0"/>
					<Vertex X="39946" Y="36832" Z="0"/>
					<Vertex X="40022" Y="36984" Z="0"/>
					<Vertex X="40022" Y="37060" Z="0"/>
					<Vertex X="40022" Y="37136" Z="0"/>
					<Vertex X="40098" Y="37212" Z="0"/>
					<Vertex X="40098" Y="37440" Z="0"/>
					<Vertex X="40098" Y="37592" Z="0"/>
					<Vertex X="40174" Y="37744" Z="0"/>
					<Vertex X="40174" Y="37819" Z="0"/>
					<Vertex X="40174" Y="37971" Z="0"/>
					<Vertex X="40174" Y="38047" Z="0"/>
					<Vertex X="40174" Y="38123" Z="0"/>
					<Vertex X="40174" Y="38275" Z="0"/>
					<Vertex X="40174" Y="38427" Z="0"/>
					<Vertex X="40174" Y="38503" Z="0"/>
					<Vertex X="40174" Y="38655" Z="0"/>
					<Vertex X="40250" Y="38655" Z="0"/>
					<Vertex X="40326" Y="38959" Z="0"/>
					<Vertex X="40326" Y="39035" Z="0"/>
					<Vertex X="40326" Y="39262" Z="0"/>
					<Vertex X="40402" Y="39566" Z="0"/>
					<Vertex X="40402" Y="39794" Z="0"/>
					<Vertex X="40402" Y="39946" Z="0"/>
					<Vertex X="40402" Y="40174" Z="0"/>
					<Vertex X="40477" Y="40402" Z="0"/>
					<Vertex X="40477" Y="40477" Z="0"/>
					<Vertex X="40477" Y="40629" Z="0"/>
					<Vertex X="40553" Y="40781" Z="0"/>
					<Vertex X="40553" Y="40857" Z="0"/>
					<Vertex X="40629" Y="41009" Z="0"/>
					<Vertex X="40629" Y="41161" Z="0"/>
					<Vertex X="40705" Y="41237" Z="0"/>
					<Vertex X="40705" Y="41389" Z="0"/>
					<Vertex X="40705" Y="41465" Z="0"/>
					<Vertex X="40781" Y="41693" Z="0"/>
					<Vertex X="40857" Y="41768" Z="0"/>
					<Vertex X="40933" Y="41920" Z="0"/>
					<Vertex X="40933" Y="41996" Z="0"/>
					<Vertex X="41009" Y="42072" Z="0"/>
					<Vertex X="41085" Y="42300" Z="0"/>
					<Vertex X="41161" Y="42300" Z="0"/>
					<Vertex X="41161" Y="42376" Z="0"/>
					<Vertex X="41313" Y="42528" Z="0"/>
					<Vertex X="41313" Y="42604" Z="0"/>
					<Vertex X="41389" Y="42832" Z="0"/>
					<Vertex X="41541" Y="42908" Z="0"/>
					<Vertex X="41617" Y="43059" Z="0"/>
					<Vertex X="41617" Y="43135" Z="0"/>
					<Vertex X="41693" Y="43211" Z="0"/>
					<Vertex X="41769" Y="43211" Z="0"/>
					<Vertex X="41920" Y="43363" Z="0"/>
					<Vertex X="41996" Y="43439" Z="0"/>
					<Vertex X="41996" Y="43515" Z="0"/>
					<Vertex X="42224" Y="43515" Z="0"/>
					<Vertex X="42300" Y="43667" Z="0"/>
					<Vertex X="42376" Y="43819" Z="0"/>
					<Vertex X="42604" Y="43819" Z="0"/>
					<Vertex X="42604" Y="43895" Z="0"/>
					<Vertex X="42680" Y="43895" Z="0"/>
					<Vertex X="42832" Y="44047" Z="0"/>
					<Vertex X="42908" Y="44123" Z="0"/>
					<Vertex X="43060" Y="44123" Z="0"/>
					<Vertex X="43211" Y="44199" Z="0"/>
					<Vertex X="43363" Y="44199" Z="0"/>
					<Vertex X="43515" Y="44351" Z="0"/>
					<Vertex X="43743" Y="44426" Z="0"/>
					<Vertex X="43819" Y="44426" Z="0"/>
					<Vertex X="44047" Y="44578" Z="0"/>
					<Vertex X="44199" Y="44578" Z="0"/>
					<Vertex X="44426" Y="44730" Z="0"/>
					<Vertex X="44578" Y="44730" Z="0"/>
					<Vertex X="44654" Y="44806" Z="0"/>
					<Vertex X="44958" Y="44806" Z="0"/>
					<Vertex X="45034" Y="44882" Z="0"/>
					<Vertex X="45186" Y="44958" Z="0"/>
					<Vertex X="45338" Y="45034" Z="0"/>
					<Vertex X="45566" Y="45034" Z="0"/>
					<Vertex X="45642" Y="45034" Z="0"/>
					<Vertex X="45869" Y="45034" Z="0"/>
					<Vertex X="46021" Y="45110" Z="0"/>
					<Vertex X="46173" Y="45186" Z="0"/>
					<Vertex X="46325" Y="45186" Z="0"/>
					<Vertex X="46477" Y="45186" Z="0"/>
					<Vertex X="46553" Y="45262" Z="0"/>
					<Vertex X="46781" Y="45338" Z="0"/>
					<Vertex X="46857" Y="45338" Z="0"/>
					<Vertex X="47009" Y="45338" Z="0"/>
					<Vertex X="47084" Y="45338" Z="0"/>
					<Vertex X="47236" Y="45414" Z="0"/>
					<Vertex X="47464" Y="45490" Z="0"/>
					<Vertex X="47616" Y="45490" Z="0"/>
					<Vertex X="47920" Y="45566" Z="0"/>
					<Vertex X="47996" Y="45566" Z="0"/>
					<Vertex X="48300" Y="45566" Z="0"/>
					<Vertex X="48527" Y="45566" Z="0"/>
					<Vertex X="48679" Y="45566" Z="0"/>
					<Vertex X="48983" Y="45566" Z="0"/>
					<Vertex X="49211" Y="45566" Z="0"/>
					<Vertex X="49515" Y="45566" Z="0"/>
					<Vertex X="49742" Y="45414" Z="0"/>
					<Vertex X="50046" Y="45338" Z="0"/>
					<Vertex X="50122" Y="45338" Z="0"/>
					<Vertex X="50274" Y="45262" Z="0"/>
					<Vertex X="50502" Y="45186" Z="0"/>
					<Vertex X="50578" Y="45110" Z="0"/>
					<Vertex X="50730" Y="45110" Z="0"/>
					<Vertex X="50958" Y="44958" Z="0"/>
					<Vertex X="51033" Y="44882" Z="0"/>
					<Vertex X="51109" Y="44882" Z="0"/>
					<Vertex X="51337" Y="44806" Z="0"/>
					<Vertex X="51413" Y="44730" Z="0"/>
					<Vertex X="51565" Y="44730" Z="0"/>
					<Vertex X="51641" Y="44654" Z="0"/>
					<Vertex X="51717" Y="44578" Z="0"/>
					<Vertex X="51793" Y="44502" Z="0"/>
					<Vertex X="51945" Y="44426" Z="0"/>
					<Vertex X="52021" Y="44275" Z="0"/>
					<Vertex X="52173" Y="44123" Z="0"/>
					<Vertex X="52173" Y="44047" Z="0"/>
					<Vertex X="52249" Y="43971" Z="0"/>
					<Vertex X="52249" Y="43819" Z="0"/>
					<Vertex X="52325" Y="43667" Z="0"/>
					<Vertex X="52325" Y="43591" Z="0"/>
					<Vertex X="52400" Y="43439" Z="0"/>
					<Vertex X="52476" Y="43211" Z="0"/>
					<Vertex X="52476" Y="43135" Z="0"/>
					<Vertex X="52476" Y="42908" Z="0"/>
					<Vertex X="52476" Y="42832" Z="0"/>
					<Vertex X="52476" Y="42680" Z="0"/>
					<Vertex X="52476" Y="42528" Z="0"/>
					<Vertex X="52476" Y="42452" Z="0"/>
					<Vertex X="52476" Y="42224" Z="0"/>
					<Vertex X="52476" Y="42072" Z="0"/>
					<Vertex X="52476" Y="41996" Z="0"/>
					<Vertex X="52476" Y="41844" Z="0"/>
					<Vertex X="52325" Y="41693" Z="0"/>
					<Vertex X="52325" Y="41617" Z="0"/>
					<Vertex X="52249" Y="41389" Z="0"/>
					<Vertex X="52249" Y="41313" Z="0"/>
					<Vertex X="52249" Y="41085" Z="0"/>
					<Vertex X="52249" Y="41009" Z="0"/>
					<Vertex X="52173" Y="40781" Z="0"/>
					<Vertex X="52173" Y="40705" Z="0"/>
					<Vertex X="51945" Y="40477" Z="0"/>
					<Vertex X="51945" Y="40174" Z="0"/>
					<Vertex X="51945" Y="40022" Z="0"/>
					<Vertex X="51793" Y="39718" Z="0"/>
					<Vertex X="51717" Y="39566" Z="0"/>
					<Vertex X="51565" Y="38807" Z="0"/>
					<Vertex X="51565" Y="38503" Z="0"/>
					<Vertex X="51413" Y="38275" Z="0"/>
					<Vertex X="51337" Y="37895" Z="0"/>
					<Vertex X="51337" Y="37592" Z="0"/>
					<Vertex X="51261" Y="37364" Z="0"/>
					<Vertex X="51185" Y="37136" Z="0"/>
					<Vertex X="51033" Y="36604" Z="0"/>
					<Vertex X="51033" Y="36377" Z="0"/>
					<Vertex X="51033" Y="36225" Z="0"/>
					<Vertex X="50882" Y="35921" Z="0"/>
					<Vertex X="50806" Y="35693" Z="0"/>
					<Vertex X="50730" Y="35313" Z="0"/>
					<Vertex X="50730" Y="35161" Z="0"/>
					<Vertex X="50730" Y="34934" Z="0"/>
					<Vertex X="50654" Y="34706" Z="0"/>
					<Vertex X="50654" Y="34554" Z="0"/>
					<Vertex X="50654" Y="34326" Z="0"/>
					<Vertex X="50578" Y="34174" Z="0"/>
					<Vertex X="50502" Y="34022" Z="0"/>
					<Vertex X="50502" Y="33870" Z="0"/>
					<Vertex X="50426" Y="33795" Z="0"/>
					<Vertex X="50426" Y="33643" Z="0"/>
					<Vertex X="50426" Y="33567" Z="0"/>
					<Vertex X="50426" Y="33415" Z="0"/>
					<Vertex X="50350" Y="33339" Z="0"/>
					<Vertex X="50274" Y="33111" Z="0"/>
					<Vertex X="50274" Y="32959" Z="0"/>
					<Vertex X="50198" Y="32883" Z="0"/>
					<Vertex X="50122" Y="32731" Z="0"/>
					<Vertex X="50122" Y="32655" Z="0"/>
					<Vertex X="50122" Y="32503" Z="0"/>
					<Vertex X="50122" Y="32428" Z="0"/>
					<Vertex X="50122" Y="32276" Z="0"/>
					<Vertex X="50046" Y="32276" Z="0"/>
					<Vertex X="50046" Y="32200" Z="0"/>
					<Vertex X="49970" Y="32124" Z="0"/>
					<Vertex X="49970" Y="31972" Z="0"/>
					<Vertex X="49894" Y="31972" Z="0"/>
					<Vertex X="49818" Y="31820" Z="0"/>
					<Vertex X="49818" Y="31744" Z="0"/>
					<Vertex X="49818" Y="31668" Z="0"/>
					<Vertex X="49742" Y="31592" Z="0"/>
					<Vertex X="49742" Y="31516" Z="0"/>
					<Vertex X="49667" Y="31516" Z="0"/>
					<Vertex X="49667" Y="31440" Z="0"/>
					<Vertex X="49591" Y="31364" Z="0"/>
					<Vertex X="49591" Y="31288" Z="0"/>
					<Vertex X="49591" Y="31137" Z="0"/>
					<Vertex X="49591" Y="31061" Z="0"/>
					<Vertex X="49515" Y="30985" Z="0"/>
					<Vertex X="49515" Y="30909" Z="0"/>
					<Vertex X="49211" Y="30301" Z="0"/>
				</Vertices>
			</Region>
			<Region Id="3" Type="0" Zoom="0.014457" Selected="1" ImageLocation="" ImageFocus="-1" Length="39039.5" Area="101739393.0" LengthMicrons="8889.3" AreaMicrons="5274911.6" Text="" NegativeROA="0" InputRegionId="0" Analyze="1" DisplayId="3">
				<Attributes/>
				<Vertices>
					<Vertex X="44047" Y="9493" Z="0"/>
					<Vertex X="43971" Y="9569" Z="0"/>
					<Vertex X="43895" Y="9721" Z="0"/>
					<Vertex X="43819" Y="9873" Z="0"/>
					<Vertex X="43667" Y="9949" Z="0"/>
					<Vertex X="43515" Y="10025" Z="0"/>
					<Vertex X="43287" Y="10176" Z="0"/>
					<Vertex X="43211" Y="10252" Z="0"/>
					<Vertex X="43059" Y="10252" Z="0"/>
					<Vertex X="42908" Y="10328" Z="0"/>
					<Vertex X="42604" Y="10480" Z="0"/>
					<Vertex X="42224" Y="10556" Z="0"/>
					<Vertex X="42148" Y="10632" Z="0"/>
					<Vertex X="41996" Y="10632" Z="0"/>
					<Vertex X="41844" Y="10708" Z="0"/>
					<Vertex X="41616" Y="10784" Z="0"/>
					<Vertex X="41541" Y="10784" Z="0"/>
					<Vertex X="41465" Y="10784" Z="0"/>
					<Vertex X="41313" Y="10784" Z="0"/>
					<Vertex X="41237" Y="10784" Z="0"/>
					<Vertex X="41161" Y="10784" Z="0"/>
					<Vertex X="41085" Y="10784" Z="0"/>
					<Vertex X="40933" Y="10784" Z="0"/>
					<Vertex X="40857" Y="10784" Z="0"/>
					<Vertex X="40781" Y="10784" Z="0"/>
					<Vertex X="40705" Y="10784" Z="0"/>
					<Vertex X="40629" Y="10784" Z="0"/>
					<Vertex X="40553" Y="10784" Z="0"/>
					<Vertex X="40401" Y="10784" Z="0"/>
					<Vertex X="40325" Y="10784" Z="0"/>
					<Vertex X="40174" Y="10784" Z="0"/>
					<Vertex X="40098" Y="10784" Z="0"/>
					<Vertex X="40022" Y="10784" Z="0"/>
					<Vertex X="39946" Y="10784" Z="0"/>
					<Vertex X="39870" Y="10784" Z="0"/>
					<Vertex X="39794" Y="10784" Z="0"/>
					<Vertex X="39718" Y="10784" Z="0"/>
					<Vertex X="39566" Y="10860" Z="0"/>
					<Vertex X="39490" Y="10936" Z="0"/>
					<Vertex X="39414" Y="10936" Z="0"/>
					<Vertex X="39338" Y="11012" Z="0"/>
					<Vertex X="39262" Y="11012" Z="0"/>
					<Vertex X="39110" Y="11164" Z="0"/>
					<Vertex X="39110" Y="11240" Z="0"/>
					<Vertex X="39034" Y="11316" Z="0"/>
					<Vertex X="38958" Y="11467" Z="0"/>
					<Vertex X="38807" Y="11619" Z="0"/>
					<Vertex X="38655" Y="11695" Z="0"/>
					<Vertex X="38579" Y="11771" Z="0"/>
					<Vertex X="38503" Y="11923" Z="0"/>
					<Vertex X="38275" Y="12075" Z="0"/>
					<Vertex X="38199" Y="12227" Z="0"/>
					<Vertex X="38199" Y="12379" Z="0"/>
					<Vertex X="38123" Y="12379" Z="0"/>
					<Vertex X="38047" Y="12531" Z="0"/>
					<Vertex X="37971" Y="12683" Z="0"/>
					<Vertex X="37895" Y="12759" Z="0"/>
					<Vertex X="37819" Y="12910" Z="0"/>
					<Vertex X="37743" Y="12910" Z="0"/>
					<Vertex X="37743" Y="13062" Z="0"/>
					<Vertex X="37592" Y="13138" Z="0"/>
					<Vertex X="37592" Y="13214" Z="0"/>
					<Vertex X="37592" Y="13290" Z="0"/>
					<Vertex X="37440" Y="13366" Z="0"/>
					<Vertex X="37440" Y="13518" Z="0"/>
					<Vertex X="37288" Y="13746" Z="0"/>
					<Vertex X="37288" Y="13898" Z="0"/>
					<Vertex X="37212" Y="13974" Z="0"/>
					<Vertex X="37136" Y="14125" Z="0"/>
					<Vertex X="37060" Y="14277" Z="0"/>
					<Vertex X="37060" Y="14429" Z="0"/>
					<Vertex X="37060" Y="14505" Z="0"/>
					<Vertex X="36984" Y="14657" Z="0"/>
					<Vertex X="36908" Y="14809" Z="0"/>
					<Vertex X="36908" Y="14961" Z="0"/>
					<Vertex X="36908" Y="15113" Z="0"/>
					<Vertex X="36908" Y="15265" Z="0"/>
					<Vertex X="36908" Y="15417" Z="0"/>
					<Vertex X="36908" Y="15720" Z="0"/>
					<Vertex X="36908" Y="15796" Z="0"/>
					<Vertex X="36984" Y="16024" Z="0"/>
					<Vertex X="36984" Y="16176" Z="0"/>
					<Vertex X="36984" Y="16252" Z="0"/>
					<Vertex X="36984" Y="16404" Z="0"/>
					<Vertex X="37136" Y="16632" Z="0"/>
					<Vertex X="37212" Y="16708" Z="0"/>
					<Vertex X="37288" Y="16935" Z="0"/>
					<Vertex X="37288" Y="17011" Z="0"/>
					<Vertex X="37364" Y="17087" Z="0"/>
					<Vertex X="37516" Y="17239" Z="0"/>
					<Vertex X="37592" Y="17467" Z="0"/>
					<Vertex X="37592" Y="17543" Z="0"/>
					<Vertex X="37743" Y="17847" Z="0"/>
					<Vertex X="37895" Y="17999" Z="0"/>
					<Vertex X="37895" Y="18150" Z="0"/>
					<Vertex X="38123" Y="18302" Z="0"/>
					<Vertex X="38199" Y="18454" Z="0"/>
					<Vertex X="38275" Y="18606" Z="0"/>
					<Vertex X="38427" Y="18606" Z="0"/>
					<Vertex X="38503" Y="18758" Z="0"/>
					<Vertex X="38731" Y="19062" Z="0"/>
					<Vertex X="38883" Y="19138" Z="0"/>
					<Vertex X="39034" Y="19214" Z="0"/>
					<Vertex X="39110" Y="19366" Z="0"/>
					<Vertex X="39262" Y="19441" Z="0"/>
					<Vertex X="39338" Y="19441" Z="0"/>
					<Vertex X="39414" Y="19593" Z="0"/>
					<Vertex X="39718" Y="19745" Z="0"/>
					<Vertex X="39718" Y="19821" Z="0"/>
					<Vertex X="39794" Y="19821" Z="0"/>
					<Vertex X="39946" Y="19973" Z="0"/>
					<Vertex X="40098" Y="20049" Z="0"/>
					<Vertex X="40174" Y="20125" Z="0"/>
					<Vertex X="40325" Y="20201" Z="0"/>
					<Vertex X="40401" Y="20277" Z="0"/>
					<Vertex X="40553" Y="20277" Z="0"/>
					<Vertex X="40629" Y="20353" Z="0"/>
					<Vertex X="40857" Y="20505" Z="0"/>
					<Vertex X="40933" Y="20505" Z="0"/>
					<Vertex X="41237" Y="20581" Z="0"/>
					<Vertex X="41313" Y="20581" Z="0"/>
					<Vertex X="41541" Y="20657" Z="0"/>
					<Vertex X="41768" Y="20657" Z="0"/>
					<Vertex X="41920" Y="20657" Z="0"/>
					<Vertex X="42148" Y="20732" Z="0"/>
					<Vertex X="42300" Y="20732" Z="0"/>
					<Vertex X="42528" Y="20732" Z="0"/>
					<Vertex X="42680" Y="20732" Z="0"/>
					<Vertex X="42756" Y="20732" Z="0"/>
					<Vertex X="43059" Y="20657" Z="0"/>
					<Vertex X="43135" Y="20657" Z="0"/>
					<Vertex X="43287" Y="20657" Z="0"/>
					<Vertex X="43363" Y="20581" Z="0"/>
					<Vertex X="43515" Y="20581" Z="0"/>
					<Vertex X="43667" Y="20505" Z="0"/>
					<Vertex X="43819" Y="20505" Z="0"/>
					<Vertex X="44274" Y="20353" Z="0"/>
					<Vertex X="44350" Y="20277" Z="0"/>
					<Vertex X="44426" Y="20277" Z="0"/>
					<Vertex X="44578" Y="20277" Z="0"/>
					<Vertex X="44654" Y="20201" Z="0"/>
					<Vertex X="44806" Y="20125" Z="0"/>
					<Vertex X="44882" Y="20125" Z="0"/>
					<Vertex X="45110" Y="20049" Z="0"/>
					<Vertex X="45186" Y="20049" Z="0"/>
					<Vertex X="45262" Y="19973" Z="0"/>
					<Vertex X="45338" Y="19973" Z="0"/>
					<Vertex X="45490" Y="19897" Z="0"/>
					<Vertex X="45717" Y="19897" Z="0"/>
					<Vertex X="45793" Y="19897" Z="0"/>
					<Vertex X="45869" Y="19821" Z="0"/>
					<Vertex X="45945" Y="19821" Z="0"/>
					<Vertex X="46097" Y="19745" Z="0"/>
					<Vertex X="46249" Y="19669" Z="0"/>
					<Vertex X="46401" Y="19669" Z="0"/>
					<Vertex X="46477" Y="19669" Z="0"/>
					<Vertex X="46705" Y="19593" Z="0"/>
					<Vertex X="46781" Y="19517" Z="0"/>
					<Vertex X="46857" Y="19517" Z="0"/>
					<Vertex X="47008" Y="19441" Z="0"/>
					<Vertex X="47084" Y="19366" Z="0"/>
					<Vertex X="47388" Y="19290" Z="0"/>
					<Vertex X="47540" Y="19138" Z="0"/>
					<Vertex X="47692" Y="19138" Z="0"/>
					<Vertex X="47768" Y="19062" Z="0"/>
					<Vertex X="47844" Y="18986" Z="0"/>
					<Vertex X="47996" Y="18910" Z="0"/>
					<Vertex X="48223" Y="18758" Z="0"/>
					<Vertex X="48375" Y="18682" Z="0"/>
					<Vertex X="48527" Y="18530" Z="0"/>
					<Vertex X="48679" Y="18302" Z="0"/>
					<Vertex X="48755" Y="18226" Z="0"/>
					<Vertex X="48907" Y="17999" Z="0"/>
					<Vertex X="48983" Y="17999" Z="0"/>
					<Vertex X="49059" Y="17847" Z="0"/>
					<Vertex X="49135" Y="17847" Z="0"/>
					<Vertex X="49135" Y="17771" Z="0"/>
					<Vertex X="49135" Y="17543" Z="0"/>
					<Vertex X="49211" Y="17315" Z="0"/>
					<Vertex X="49287" Y="17239" Z="0"/>
					<Vertex X="49287" Y="17087" Z="0"/>
					<Vertex X="49363" Y="16935" Z="0"/>
					<Vertex X="49363" Y="16783" Z="0"/>
					<Vertex X="49439" Y="16480" Z="0"/>
					<Vertex X="49439" Y="16404" Z="0"/>
					<Vertex X="49515" Y="16252" Z="0"/>
					<Vertex X="49515" Y="16100" Z="0"/>
					<Vertex X="49515" Y="16024" Z="0"/>
					<Vertex X="49515" Y="15720" Z="0"/>
					<Vertex X="49515" Y="15644" Z="0"/>
					<Vertex X="49515" Y="15492" Z="0"/>
					<Vertex X="49439" Y="15341" Z="0"/>
					<Vertex X="49439" Y="15189" Z="0"/>
					<Vertex X="49439" Y="15113" Z="0"/>
					<Vertex X="49439" Y="14961" Z="0"/>
					<Vertex X="49439" Y="14809" Z="0"/>
					<Vertex X="49363" Y="14733" Z="0"/>
					<Vertex X="49363" Y="14581" Z="0"/>
					<Vertex X="49211" Y="14353" Z="0"/>
					<Vertex X="49135" Y="14050" Z="0"/>
					<Vertex X="48983" Y="13898" Z="0"/>
					<Vertex X="48831" Y="13670" Z="0"/>
					<Vertex X="48831" Y="13594" Z="0"/>
					<Vertex X="48755" Y="13518" Z="0"/>
					<Vertex X="48755" Y="13366" Z="0"/>
					<Vertex X="48527" Y="13290" Z="0"/>
					<Vertex X="48527" Y="13214" Z="0"/>
					<Vertex X="48451" Y="13062" Z="0"/>
					<Vertex X="48223" Y="12910" Z="0"/>
					<Vertex X="48148" Y="12683" Z="0"/>
					<Vertex X="48072" Y="12683" Z="0"/>
					<Vertex X="47920" Y="12607" Z="0"/>
					<Vertex X="47844" Y="12455" Z="0"/>
					<Vertex X="47844" Y="12379" Z="0"/>
					<Vertex X="47692" Y="12379" Z="0"/>
					<Vertex X="47616" Y="12151" Z="0"/>
					<Vertex X="47540" Y="12151" Z="0"/>
					<Vertex X="47464" Y="11999" Z="0"/>
					<Vertex X="47312" Y="11999" Z="0"/>
					<Vertex X="47312" Y="11923" Z="0"/>
					<Vertex X="47160" Y="11771" Z="0"/>
					<Vertex X="47008" Y="11771" Z="0"/>
					<Vertex X="47008" Y="11695" Z="0"/>
					<Vertex X="46932" Y="11619" Z="0"/>
					<Vertex X="46781" Y="11543" Z="0"/>
					<Vertex X="46705" Y="11467" Z="0"/>
					<Vertex X="46705" Y="11392" Z="0"/>
					<Vertex X="46553" Y="11316" Z="0"/>
					<Vertex X="46477" Y="11240" Z="0"/>
					<Vertex X="46401" Y="11164" Z="0"/>
					<Vertex X="46325" Y="11088" Z="0"/>
					<Vertex X="46249" Y="11012" Z="0"/>
					<Vertex X="46173" Y="11012" Z="0"/>
					<Vertex X="46097" Y="10936" Z="0"/>
					<Vertex X="46021" Y="10860" Z="0"/>
					<Vertex X="45945" Y="10860" Z="0"/>
					<Vertex X="45869" Y="10860" Z="0"/>
					<Vertex X="45793" Y="10860" Z="0"/>
					<Vertex X="45793" Y="10708" Z="0"/>
					<Vertex X="45717" Y="10632" Z="0"/>
					<Vertex X="45641" Y="10632" Z="0"/>
					<Vertex X="45565" Y="10556" Z="0"/>
					<Vertex X="45490" Y="10556" Z="0"/>
					<Vertex X="45414" Y="10556" Z="0"/>
					<Vertex X="45338" Y="10480" Z="0"/>
					<Vertex X="45262" Y="10480" Z="0"/>
					<Vertex X="45186" Y="10404" Z="0"/>
					<Vertex X="45186" Y="10328" Z="0"/>
					<Vertex X="45186" Y="10252" Z="0"/>
					<Vertex X="45034" Y="10252" Z="0"/>
					<Vertex X="45034" Y="10176" Z="0"/>
					<Vertex X="45034" Y="10101" Z="0"/>
					<Vertex X="44958" Y="10025" Z="0"/>
					<Vertex X="44958" Y="9949" Z="0"/>
					<Vertex X="44882" Y="9873" Z="0"/>
					<Vertex X="44806" Y="9873" Z="0"/>
					<Vertex X="44730" Y="9797" Z="0"/>
					<Vertex X="44730" Y="9721" Z="0"/>
					<Vertex X="44730" Y="9645" Z="0"/>
					<Vertex X="44047" Y="9493" Z="0"/>
				</Vertices>
			</Region>
		</Regions>
		<Plots/>
	</Annotation>
</Annotations>
