<Annotations MicronsPerPixel="0.252500">
	<Annotation Id="1" Name="" ReadOnly="0" NameReadOnly="0" LineColorReadOnly="0" Incremental="0" Type="4" LineColor="65535" Visible="1" Selected="1" MarkupImagePath="" MacroName="">
		<Attributes/>
		<Regions>
			<RegionAttributeHeaders/>
			<Region Id="1" Type="0" Zoom="0.008623" Selected="0" ImageLocation="" ImageFocus="-1" Length="202863.0" Area="2364536569.0" LengthMicrons="51222.9" AreaMicrons="150753981.8" Text="" NegativeROA="0" InputRegionId="0" Analyze="1" DisplayId="1">
				<Attributes/>
				<Vertices>
					<Vertex X="41565" Y="8037" Z="0"/>
					<Vertex X="41335" Y="8037" Z="0"/>
					<Vertex X="41220" Y="8037" Z="0"/>
					<Vertex X="40991" Y="7922" Z="0"/>
					<Vertex X="40761" Y="7807" Z="0"/>
					<Vertex X="40646" Y="7693" Z="0"/>
					<Vertex X="40417" Y="7578" Z="0"/>
					<Vertex X="40302" Y="7578" Z="0"/>
					<Vertex X="40187" Y="7463" Z="0"/>
					<Vertex X="40072" Y="7463" Z="0"/>
					<Vertex X="39957" Y="7348" Z="0"/>
					<Vertex X="39843" Y="7233" Z="0"/>
					<Vertex X="39498" Y="6889" Z="0"/>
					<Vertex X="39383" Y="6889" Z="0"/>
					<Vertex X="39269" Y="6889" Z="0"/>
					<Vertex X="39154" Y="6774" Z="0"/>
					<Vertex X="39039" Y="6774" Z="0"/>
					<Vertex X="39039" Y="6659" Z="0"/>
					<Vertex X="38924" Y="6659" Z="0"/>
					<Vertex X="38694" Y="6659" Z="0"/>
					<Vertex X="38580" Y="6544" Z="0"/>
					<Vertex X="38465" Y="6544" Z="0"/>
					<Vertex X="38235" Y="6544" Z="0"/>
					<Vertex X="37776" Y="6200" Z="0"/>
					<Vertex X="37776" Y="6430" Z="0"/>
					<Vertex X="37431" Y="6430" Z="0"/>
					<Vertex X="37317" Y="6430" Z="0"/>
					<Vertex X="37087" Y="6200" Z="0"/>
					<Vertex X="37087" Y="6430" Z="0"/>
					<Vertex X="36972" Y="6430" Z="0"/>
					<Vertex X="36857" Y="6430" Z="0"/>
					<Vertex X="36743" Y="6430" Z="0"/>
					<Vertex X="36513" Y="6430" Z="0"/>
					<Vertex X="36398" Y="6430" Z="0"/>
					<Vertex X="36283" Y="6315" Z="0"/>
					<Vertex X="36054" Y="6315" Z="0"/>
					<Vertex X="35939" Y="6315" Z="0"/>
					<Vertex X="35824" Y="6315" Z="0"/>
					<Vertex X="35709" Y="6315" Z="0"/>
					<Vertex X="35594" Y="6315" Z="0"/>
					<Vertex X="35479" Y="6200" Z="0"/>
					<Vertex X="35365" Y="6200" Z="0"/>
					<Vertex X="35250" Y="6200" Z="0"/>
					<Vertex X="35135" Y="6200" Z="0"/>
					<Vertex X="35020" Y="6085" Z="0"/>
					<Vertex X="34905" Y="6085" Z="0"/>
					<Vertex X="34791" Y="6085" Z="0"/>
					<Vertex X="34791" Y="6085" Z="0"/>
					<Vertex X="34676" Y="6085" Z="0"/>
					<Vertex X="34561" Y="6085" Z="0"/>
					<Vertex X="34446" Y="6085" Z="0"/>
					<Vertex X="34331" Y="6085" Z="0"/>
					<Vertex X="34216" Y="6085" Z="0"/>
					<Vertex X="34102" Y="6085" Z="0"/>
					<Vertex X="33757" Y="5855" Z="0"/>
					<Vertex X="33757" Y="6085" Z="0"/>
					<Vertex X="33642" Y="6085" Z="0"/>
					<Vertex X="33528" Y="6085" Z="0"/>
					<Vertex X="33413" Y="6085" Z="0"/>
					<Vertex X="33298" Y="6085" Z="0"/>
					<Vertex X="33183" Y="6085" Z="0"/>
					<Vertex X="32953" Y="6085" Z="0"/>
					<Vertex X="32609" Y="6315" Z="0"/>
					<Vertex X="32265" Y="6085" Z="0"/>
					<Vertex X="32265" Y="6200" Z="0"/>
					<Vertex X="32265" Y="6544" Z="0"/>
					<Vertex X="31920" Y="6430" Z="0"/>
					<Vertex X="31920" Y="6774" Z="0"/>
					<Vertex X="31805" Y="6889" Z="0"/>
					<Vertex X="31576" Y="7118" Z="0"/>
					<Vertex X="31461" Y="7233" Z="0"/>
					<Vertex X="31001" Y="7118" Z="0"/>
					<Vertex X="31116" Y="7463" Z="0"/>
					<Vertex X="30772" Y="7463" Z="0"/>
					<Vertex X="30887" Y="7807" Z="0"/>
					<Vertex X="30657" Y="7922" Z="0"/>
					<Vertex X="30542" Y="8152" Z="0"/>
					<Vertex X="30427" Y="8382" Z="0"/>
					<Vertex X="30083" Y="8382" Z="0"/>
					<Vertex X="29968" Y="8496" Z="0"/>
					<Vertex X="30083" Y="8956" Z="0"/>
					<Vertex X="30083" Y="9070" Z="0"/>
					<Vertex X="29968" Y="9300" Z="0"/>
					<Vertex X="29624" Y="9300" Z="0"/>
					<Vertex X="29624" Y="9759" Z="0"/>
					<Vertex X="29279" Y="9645" Z="0"/>
					<Vertex X="29279" Y="10219" Z="0"/>
					<Vertex X="28935" Y="10104" Z="0"/>
					<Vertex X="29050" Y="10448" Z="0"/>
					<Vertex X="28705" Y="10563" Z="0"/>
					<Vertex X="28705" Y="11022" Z="0"/>
					<Vertex X="28475" Y="11252" Z="0"/>
					<Vertex X="28361" Y="11482" Z="0"/>
					<Vertex X="28131" Y="11711" Z="0"/>
					<Vertex X="28016" Y="11941" Z="0"/>
					<Vertex X="27901" Y="12056" Z="0"/>
					<Vertex X="27557" Y="11941" Z="0"/>
					<Vertex X="27672" Y="12400" Z="0"/>
					<Vertex X="27557" Y="12515" Z="0"/>
					<Vertex X="27442" Y="12745" Z="0"/>
					<Vertex X="27327" Y="12745" Z="0"/>
					<Vertex X="27212" Y="13089" Z="0"/>
					<Vertex X="27098" Y="13319" Z="0"/>
					<Vertex X="26983" Y="13548" Z="0"/>
					<Vertex X="26753" Y="13778" Z="0"/>
					<Vertex X="26753" Y="14008" Z="0"/>
					<Vertex X="26638" Y="14237" Z="0"/>
					<Vertex X="26524" Y="14352" Z="0"/>
					<Vertex X="26409" Y="14811" Z="0"/>
					<Vertex X="26294" Y="15041" Z="0"/>
					<Vertex X="26179" Y="15156" Z="0"/>
					<Vertex X="26179" Y="15500" Z="0"/>
					<Vertex X="26064" Y="15730" Z="0"/>
					<Vertex X="25949" Y="15960" Z="0"/>
					<Vertex X="25835" Y="16304" Z="0"/>
					<Vertex X="25720" Y="16534" Z="0"/>
					<Vertex X="25375" Y="17108" Z="0"/>
					<Vertex X="25260" Y="17567" Z="0"/>
					<Vertex X="25146" Y="17797" Z="0"/>
					<Vertex X="24916" Y="18256" Z="0"/>
					<Vertex X="24801" Y="18600" Z="0"/>
					<Vertex X="24342" Y="18830" Z="0"/>
					<Vertex X="24227" Y="19289" Z="0"/>
					<Vertex X="24342" Y="19864" Z="0"/>
					<Vertex X="24112" Y="20323" Z="0"/>
					<Vertex X="23997" Y="20667" Z="0"/>
					<Vertex X="23768" Y="20667" Z="0"/>
					<Vertex X="23768" Y="21586" Z="0"/>
					<Vertex X="23653" Y="21701" Z="0"/>
					<Vertex X="23538" Y="22045" Z="0"/>
					<Vertex X="23423" Y="22275" Z="0"/>
					<Vertex X="23423" Y="22390" Z="0"/>
					<Vertex X="23194" Y="22619" Z="0"/>
					<Vertex X="23079" Y="22734" Z="0"/>
					<Vertex X="22734" Y="22734" Z="0"/>
					<Vertex X="22849" Y="23078" Z="0"/>
					<Vertex X="22505" Y="22964" Z="0"/>
					<Vertex X="22620" Y="23308" Z="0"/>
					<Vertex X="22505" Y="23538" Z="0"/>
					<Vertex X="22390" Y="23767" Z="0"/>
					<Vertex X="21931" Y="23767" Z="0"/>
					<Vertex X="21931" Y="24456" Z="0"/>
					<Vertex X="21701" Y="24801" Z="0"/>
					<Vertex X="21471" Y="25145" Z="0"/>
					<Vertex X="21471" Y="25375" Z="0"/>
					<Vertex X="21127" Y="25490" Z="0"/>
					<Vertex X="20897" Y="25834" Z="0"/>
					<Vertex X="21012" Y="26638" Z="0"/>
					<Vertex X="20897" Y="26753" Z="0"/>
					<Vertex X="20783" Y="27097" Z="0"/>
					<Vertex X="20668" Y="27327" Z="0"/>
					<Vertex X="20668" Y="27556" Z="0"/>
					<Vertex X="20208" Y="27786" Z="0"/>
					<Vertex X="20094" Y="28131" Z="0"/>
					<Vertex X="20323" Y="28475" Z="0"/>
					<Vertex X="19979" Y="28819" Z="0"/>
					<Vertex X="20094" Y="29279" Z="0"/>
					<Vertex X="20094" Y="29738" Z="0"/>
					<Vertex X="20094" Y="30082" Z="0"/>
					<Vertex X="20094" Y="30197" Z="0"/>
					<Vertex X="19979" Y="30427" Z="0"/>
					<Vertex X="19979" Y="30657" Z="0"/>
					<Vertex X="19979" Y="31001" Z="0"/>
					<Vertex X="19979" Y="31231" Z="0"/>
					<Vertex X="19979" Y="31460" Z="0"/>
					<Vertex X="19979" Y="31805" Z="0"/>
					<Vertex X="19979" Y="32149" Z="0"/>
					<Vertex X="19979" Y="32264" Z="0"/>
					<Vertex X="19979" Y="32609" Z="0"/>
					<Vertex X="19979" Y="32953" Z="0"/>
					<Vertex X="19749" Y="33068" Z="0"/>
					<Vertex X="19979" Y="33642" Z="0"/>
					<Vertex X="19979" Y="33986" Z="0"/>
					<Vertex X="19979" Y="34331" Z="0"/>
					<Vertex X="20094" Y="34675" Z="0"/>
					<Vertex X="20094" Y="35135" Z="0"/>
					<Vertex X="20208" Y="35479" Z="0"/>
					<Vertex X="20208" Y="35709" Z="0"/>
					<Vertex X="20208" Y="35823" Z="0"/>
					<Vertex X="20208" Y="36168" Z="0"/>
					<Vertex X="20323" Y="36398" Z="0"/>
					<Vertex X="20094" Y="36398" Z="0"/>
					<Vertex X="20323" Y="36972" Z="0"/>
					<Vertex X="20323" Y="37201" Z="0"/>
					<Vertex X="20323" Y="37546" Z="0"/>
					<Vertex X="20438" Y="37775" Z="0"/>
					<Vertex X="20438" Y="37890" Z="0"/>
					<Vertex X="20323" Y="38235" Z="0"/>
					<Vertex X="20668" Y="38809" Z="0"/>
					<Vertex X="20783" Y="39383" Z="0"/>
					<Vertex X="21357" Y="44091" Z="0"/>
					<Vertex X="21357" Y="44320" Z="0"/>
					<Vertex X="21357" Y="44665" Z="0"/>
					<Vertex X="21127" Y="44894" Z="0"/>
					<Vertex X="21127" Y="45239" Z="0"/>
					<Vertex X="21357" Y="45698" Z="0"/>
					<Vertex X="21357" Y="45813" Z="0"/>
					<Vertex X="21357" Y="45928" Z="0"/>
					<Vertex X="21357" Y="46042" Z="0"/>
					<Vertex X="21357" Y="46157" Z="0"/>
					<Vertex X="21242" Y="46387" Z="0"/>
					<Vertex X="21242" Y="46617" Z="0"/>
					<Vertex X="21127" Y="46961" Z="0"/>
					<Vertex X="20783" Y="47076" Z="0"/>
					<Vertex X="20553" Y="47535" Z="0"/>
					<Vertex X="20668" Y="48224" Z="0"/>
					<Vertex X="20553" Y="48683" Z="0"/>
					<Vertex X="20208" Y="48683" Z="0"/>
					<Vertex X="20323" Y="49372" Z="0"/>
					<Vertex X="20323" Y="49946" Z="0"/>
					<Vertex X="20094" Y="50291" Z="0"/>
					<Vertex X="19864" Y="50520" Z="0"/>
					<Vertex X="19979" Y="51095" Z="0"/>
					<Vertex X="19979" Y="51439" Z="0"/>
					<Vertex X="19864" Y="51898" Z="0"/>
					<Vertex X="19864" Y="52243" Z="0"/>
					<Vertex X="19749" Y="52358" Z="0"/>
					<Vertex X="19634" Y="52702" Z="0"/>
					<Vertex X="19405" Y="52702" Z="0"/>
					<Vertex X="19519" Y="53391" Z="0"/>
					<Vertex X="19405" Y="53735" Z="0"/>
					<Vertex X="19405" Y="53965" Z="0"/>
					<Vertex X="19405" Y="54539" Z="0"/>
					<Vertex X="19405" Y="54998" Z="0"/>
					<Vertex X="19290" Y="55458" Z="0"/>
					<Vertex X="19060" Y="55458" Z="0"/>
					<Vertex X="19290" Y="56032" Z="0"/>
					<Vertex X="19290" Y="56147" Z="0"/>
					<Vertex X="19290" Y="56261" Z="0"/>
					<Vertex X="19060" Y="56147" Z="0"/>
					<Vertex X="19290" Y="56491" Z="0"/>
					<Vertex X="19290" Y="56721" Z="0"/>
					<Vertex X="19060" Y="56836" Z="0"/>
					<Vertex X="19290" Y="57295" Z="0"/>
					<Vertex X="19405" Y="57754" Z="0"/>
					<Vertex X="19405" Y="58213" Z="0"/>
					<Vertex X="19405" Y="58558" Z="0"/>
					<Vertex X="19519" Y="58902" Z="0"/>
					<Vertex X="19519" Y="59017" Z="0"/>
					<Vertex X="19519" Y="59132" Z="0"/>
					<Vertex X="19749" Y="59591" Z="0"/>
					<Vertex X="19634" Y="59591" Z="0"/>
					<Vertex X="19979" Y="60051" Z="0"/>
					<Vertex X="19979" Y="60280" Z="0"/>
					<Vertex X="20094" Y="60395" Z="0"/>
					<Vertex X="20323" Y="60625" Z="0"/>
					<Vertex X="20438" Y="60854" Z="0"/>
					<Vertex X="20553" Y="61084" Z="0"/>
					<Vertex X="20668" Y="61199" Z="0"/>
					<Vertex X="20783" Y="61428" Z="0"/>
					<Vertex X="20897" Y="61543" Z="0"/>
					<Vertex X="20897" Y="61658" Z="0"/>
					<Vertex X="21012" Y="61773" Z="0"/>
					<Vertex X="21012" Y="61888" Z="0"/>
					<Vertex X="21127" Y="62002" Z="0"/>
					<Vertex X="21127" Y="62232" Z="0"/>
					<Vertex X="21127" Y="62347" Z="0"/>
					<Vertex X="21242" Y="62577" Z="0"/>
					<Vertex X="21242" Y="62806" Z="0"/>
					<Vertex X="21357" Y="63265" Z="0"/>
					<Vertex X="21471" Y="63725" Z="0"/>
					<Vertex X="21242" Y="63725" Z="0"/>
					<Vertex X="21701" Y="64643" Z="0"/>
					<Vertex X="21816" Y="65103" Z="0"/>
					<Vertex X="21816" Y="65447" Z="0"/>
					<Vertex X="21701" Y="65447" Z="0"/>
					<Vertex X="22046" Y="66251" Z="0"/>
					<Vertex X="22160" Y="66480" Z="0"/>
					<Vertex X="22275" Y="66825" Z="0"/>
					<Vertex X="22390" Y="67055" Z="0"/>
					<Vertex X="22275" Y="67055" Z="0"/>
					<Vertex X="22620" Y="67399" Z="0"/>
					<Vertex X="22849" Y="67743" Z="0"/>
					<Vertex X="23309" Y="68088" Z="0"/>
					<Vertex X="23883" Y="68662" Z="0"/>
					<Vertex X="24342" Y="69006" Z="0"/>
					<Vertex X="24686" Y="69466" Z="0"/>
					<Vertex X="25031" Y="69810" Z="0"/>
					<Vertex X="25260" Y="70155" Z="0"/>
					<Vertex X="25720" Y="70729" Z="0"/>
					<Vertex X="25835" Y="70958" Z="0"/>
					<Vertex X="26179" Y="71418" Z="0"/>
					<Vertex X="26524" Y="71762" Z="0"/>
					<Vertex X="26753" Y="72107" Z="0"/>
					<Vertex X="26983" Y="72451" Z="0"/>
					<Vertex X="27212" Y="72681" Z="0"/>
					<Vertex X="27442" Y="72796" Z="0"/>
					<Vertex X="27787" Y="73025" Z="0"/>
					<Vertex X="28131" Y="73370" Z="0"/>
					<Vertex X="28475" Y="73599" Z="0"/>
					<Vertex X="28590" Y="73599" Z="0"/>
					<Vertex X="28935" Y="73829" Z="0"/>
					<Vertex X="29509" Y="74288" Z="0"/>
					<Vertex X="29853" Y="74518" Z="0"/>
					<Vertex X="30083" Y="74633" Z="0"/>
					<Vertex X="30313" Y="74747" Z="0"/>
					<Vertex X="30542" Y="74633" Z="0"/>
					<Vertex X="31231" Y="75092" Z="0"/>
					<Vertex X="31461" Y="75207" Z="0"/>
					<Vertex X="31805" Y="75322" Z="0"/>
					<Vertex X="31920" Y="75322" Z="0"/>
					<Vertex X="32609" Y="75666" Z="0"/>
					<Vertex X="32953" Y="75896" Z="0"/>
					<Vertex X="33413" Y="76011" Z="0"/>
					<Vertex X="33872" Y="76125" Z="0"/>
					<Vertex X="34331" Y="76240" Z="0"/>
					<Vertex X="34791" Y="76240" Z="0"/>
					<Vertex X="34791" Y="76125" Z="0"/>
					<Vertex X="34905" Y="76125" Z="0"/>
					<Vertex X="35709" Y="76470" Z="0"/>
					<Vertex X="36168" Y="76470" Z="0"/>
					<Vertex X="36513" Y="76585" Z="0"/>
					<Vertex X="36972" Y="76699" Z="0"/>
					<Vertex X="37317" Y="76699" Z="0"/>
					<Vertex X="37661" Y="76699" Z="0"/>
					<Vertex X="37891" Y="76699" Z="0"/>
					<Vertex X="38235" Y="76585" Z="0"/>
					<Vertex X="38350" Y="76470" Z="0"/>
					<Vertex X="38465" Y="76355" Z="0"/>
					<Vertex X="38350" Y="76011" Z="0"/>
					<Vertex X="38924" Y="76011" Z="0"/>
					<Vertex X="39154" Y="75896" Z="0"/>
					<Vertex X="39498" Y="75781" Z="0"/>
					<Vertex X="39728" Y="75666" Z="0"/>
					<Vertex X="39957" Y="75551" Z="0"/>
					<Vertex X="40072" Y="75436" Z="0"/>
					<Vertex X="40532" Y="75322" Z="0"/>
					<Vertex X="40646" Y="75207" Z="0"/>
					<Vertex X="40876" Y="75092" Z="0"/>
					<Vertex X="41106" Y="75092" Z="0"/>
					<Vertex X="41335" Y="74977" Z="0"/>
					<Vertex X="41450" Y="74977" Z="0"/>
					<Vertex X="41565" Y="74862" Z="0"/>
					<Vertex X="41680" Y="74747" Z="0"/>
					<Vertex X="41795" Y="74747" Z="0"/>
					<Vertex X="41680" Y="74403" Z="0"/>
					<Vertex X="41909" Y="74633" Z="0"/>
					<Vertex X="41795" Y="74403" Z="0"/>
					<Vertex X="42024" Y="74633" Z="0"/>
					<Vertex X="42139" Y="74518" Z="0"/>
					<Vertex X="42254" Y="74518" Z="0"/>
					<Vertex X="42139" Y="74288" Z="0"/>
					<Vertex X="42484" Y="74403" Z="0"/>
					<Vertex X="42598" Y="74173" Z="0"/>
					<Vertex X="42713" Y="74173" Z="0"/>
					<Vertex X="43402" Y="74288" Z="0"/>
					<Vertex X="43747" Y="74288" Z="0"/>
					<Vertex X="43976" Y="74173" Z="0"/>
					<Vertex X="44321" Y="74173" Z="0"/>
					<Vertex X="44550" Y="74059" Z="0"/>
					<Vertex X="44895" Y="73944" Z="0"/>
					<Vertex X="45239" Y="73829" Z="0"/>
					<Vertex X="45469" Y="73714" Z="0"/>
					<Vertex X="45813" Y="73599" Z="0"/>
					<Vertex X="46043" Y="73484" Z="0"/>
					<Vertex X="46387" Y="73370" Z="0"/>
					<Vertex X="46273" Y="73140" Z="0"/>
					<Vertex X="46617" Y="73255" Z="0"/>
					<Vertex X="47191" Y="72681" Z="0"/>
					<Vertex X="47650" Y="72566" Z="0"/>
					<Vertex X="48225" Y="72566" Z="0"/>
					<Vertex X="48799" Y="72336" Z="0"/>
					<Vertex X="49143" Y="72107" Z="0"/>
					<Vertex X="49258" Y="71762" Z="0"/>
					<Vertex X="50062" Y="71533" Z="0"/>
					<Vertex X="50406" Y="71533" Z="0"/>
					<Vertex X="50980" Y="71188" Z="0"/>
					<Vertex X="51439" Y="71073" Z="0"/>
					<Vertex X="51784" Y="70729" Z="0"/>
					<Vertex X="52473" Y="70844" Z="0"/>
					<Vertex X="53162" Y="70614" Z="0"/>
					<Vertex X="53391" Y="70614" Z="0"/>
					<Vertex X="53736" Y="70499" Z="0"/>
					<Vertex X="54080" Y="70384" Z="0"/>
					<Vertex X="54195" Y="70040" Z="0"/>
					<Vertex X="54884" Y="70040" Z="0"/>
					<Vertex X="55229" Y="69925" Z="0"/>
					<Vertex X="55458" Y="69810" Z="0"/>
					<Vertex X="55688" Y="69695" Z="0"/>
					<Vertex X="56147" Y="69581" Z="0"/>
					<Vertex X="56377" Y="69466" Z="0"/>
					<Vertex X="56606" Y="69351" Z="0"/>
					<Vertex X="56721" Y="69236" Z="0"/>
					<Vertex X="56836" Y="69121" Z="0"/>
					<Vertex X="57066" Y="69006" Z="0"/>
					<Vertex X="56951" Y="68662" Z="0"/>
					<Vertex X="57410" Y="68777" Z="0"/>
					<Vertex X="57525" Y="68662" Z="0"/>
					<Vertex X="57755" Y="68547" Z="0"/>
					<Vertex X="57869" Y="68432" Z="0"/>
					<Vertex X="57984" Y="68432" Z="0"/>
					<Vertex X="58214" Y="68203" Z="0"/>
					<Vertex X="58443" Y="67973" Z="0"/>
					<Vertex X="58673" Y="67743" Z="0"/>
					<Vertex X="59018" Y="67514" Z="0"/>
					<Vertex X="59247" Y="67169" Z="0"/>
					<Vertex X="59707" Y="66710" Z="0"/>
					<Vertex X="59936" Y="66366" Z="0"/>
					<Vertex X="59821" Y="65906" Z="0"/>
					<Vertex X="60510" Y="65447" Z="0"/>
					<Vertex X="60625" Y="65217" Z="0"/>
					<Vertex X="60970" Y="64758" Z="0"/>
					<Vertex X="61199" Y="64184" Z="0"/>
					<Vertex X="61429" Y="63725" Z="0"/>
					<Vertex X="61773" Y="62921" Z="0"/>
					<Vertex X="62118" Y="62232" Z="0"/>
					<Vertex X="62462" Y="61199" Z="0"/>
					<Vertex X="62692" Y="60395" Z="0"/>
					<Vertex X="63151" Y="59247" Z="0"/>
					<Vertex X="63381" Y="58673" Z="0"/>
					<Vertex X="63496" Y="58328" Z="0"/>
					<Vertex X="63725" Y="57869" Z="0"/>
					<Vertex X="63840" Y="57524" Z="0"/>
					<Vertex X="63610" Y="57065" Z="0"/>
					<Vertex X="64070" Y="56950" Z="0"/>
					<Vertex X="64070" Y="56721" Z="0"/>
					<Vertex X="64070" Y="56606" Z="0"/>
					<Vertex X="63840" Y="56261" Z="0"/>
					<Vertex X="63840" Y="56147" Z="0"/>
					<Vertex X="63840" Y="55917" Z="0"/>
					<Vertex X="64070" Y="55573" Z="0"/>
					<Vertex X="64070" Y="54654" Z="0"/>
					<Vertex X="64070" Y="53621" Z="0"/>
					<Vertex X="63955" Y="52932" Z="0"/>
					<Vertex X="63610" Y="51898" Z="0"/>
					<Vertex X="63610" Y="51324" Z="0"/>
					<Vertex X="63725" Y="51209" Z="0"/>
					<Vertex X="63725" Y="50865" Z="0"/>
					<Vertex X="63725" Y="50635" Z="0"/>
					<Vertex X="63496" Y="50291" Z="0"/>
					<Vertex X="63725" Y="50061" Z="0"/>
					<Vertex X="63725" Y="49832" Z="0"/>
					<Vertex X="63725" Y="49487" Z="0"/>
					<Vertex X="63725" Y="49257" Z="0"/>
					<Vertex X="63725" Y="49028" Z="0"/>
					<Vertex X="63496" Y="48569" Z="0"/>
					<Vertex X="63610" Y="48454" Z="0"/>
					<Vertex X="63610" Y="48109" Z="0"/>
					<Vertex X="63610" Y="47880" Z="0"/>
					<Vertex X="63496" Y="47535" Z="0"/>
					<Vertex X="63496" Y="47420" Z="0"/>
					<Vertex X="63496" Y="47306" Z="0"/>
					<Vertex X="63266" Y="46617" Z="0"/>
					<Vertex X="63266" Y="46272" Z="0"/>
					<Vertex X="63496" Y="46042" Z="0"/>
					<Vertex X="63496" Y="45583" Z="0"/>
					<Vertex X="63381" Y="45124" Z="0"/>
					<Vertex X="63381" Y="44665" Z="0"/>
					<Vertex X="63381" Y="44205" Z="0"/>
					<Vertex X="63266" Y="43746" Z="0"/>
					<Vertex X="63266" Y="43287" Z="0"/>
					<Vertex X="63151" Y="42942" Z="0"/>
					<Vertex X="63036" Y="42368" Z="0"/>
					<Vertex X="62807" Y="41794" Z="0"/>
					<Vertex X="62921" Y="41679" Z="0"/>
					<Vertex X="62692" Y="41105" Z="0"/>
					<Vertex X="62462" Y="40646" Z="0"/>
					<Vertex X="62347" Y="40072" Z="0"/>
					<Vertex X="62118" Y="39727" Z="0"/>
					<Vertex X="62003" Y="39268" Z="0"/>
					<Vertex X="61888" Y="39038" Z="0"/>
					<Vertex X="61773" Y="38694" Z="0"/>
					<Vertex X="61658" Y="38579" Z="0"/>
					<Vertex X="61658" Y="38464" Z="0"/>
					<Vertex X="61658" Y="38005" Z="0"/>
					<Vertex X="61544" Y="37431" Z="0"/>
					<Vertex X="61429" Y="36627" Z="0"/>
					<Vertex X="61084" Y="36053" Z="0"/>
					<Vertex X="60970" Y="35020" Z="0"/>
					<Vertex X="60625" Y="33757" Z="0"/>
					<Vertex X="59936" Y="32379" Z="0"/>
					<Vertex X="59936" Y="32034" Z="0"/>
					<Vertex X="59707" Y="31460" Z="0"/>
					<Vertex X="59477" Y="30886" Z="0"/>
					<Vertex X="59247" Y="30312" Z="0"/>
					<Vertex X="59132" Y="30082" Z="0"/>
					<Vertex X="58788" Y="29508" Z="0"/>
					<Vertex X="58443" Y="28819" Z="0"/>
					<Vertex X="58214" Y="28360" Z="0"/>
					<Vertex X="57640" Y="27556" Z="0"/>
					<Vertex X="57180" Y="26982" Z="0"/>
					<Vertex X="56721" Y="26408" Z="0"/>
					<Vertex X="56377" Y="26064" Z="0"/>
					<Vertex X="56262" Y="25834" Z="0"/>
					<Vertex X="56032" Y="25605" Z="0"/>
					<Vertex X="55573" Y="25145" Z="0"/>
					<Vertex X="55573" Y="25030" Z="0"/>
					<Vertex X="55458" Y="24916" Z="0"/>
					<Vertex X="55458" Y="24801" Z="0"/>
					<Vertex X="55229" Y="24456" Z="0"/>
					<Vertex X="54654" Y="23653" Z="0"/>
					<Vertex X="54310" Y="23078" Z="0"/>
					<Vertex X="53966" Y="22275" Z="0"/>
					<Vertex X="53277" Y="21127" Z="0"/>
					<Vertex X="52702" Y="20093" Z="0"/>
					<Vertex X="52128" Y="19175" Z="0"/>
					<Vertex X="51554" Y="18486" Z="0"/>
					<Vertex X="51095" Y="18026" Z="0"/>
					<Vertex X="50636" Y="17567" Z="0"/>
					<Vertex X="50521" Y="17337" Z="0"/>
					<Vertex X="50062" Y="16993" Z="0"/>
					<Vertex X="49717" Y="16649" Z="0"/>
					<Vertex X="49488" Y="16304" Z="0"/>
					<Vertex X="49258" Y="16074" Z="0"/>
					<Vertex X="48913" Y="15730" Z="0"/>
					<Vertex X="48684" Y="15615" Z="0"/>
					<Vertex X="48454" Y="15386" Z="0"/>
					<Vertex X="48225" Y="15156" Z="0"/>
					<Vertex X="47765" Y="14811" Z="0"/>
					<Vertex X="47650" Y="14582" Z="0"/>
					<Vertex X="47536" Y="14467" Z="0"/>
					<Vertex X="47306" Y="14237" Z="0"/>
					<Vertex X="47076" Y="14123" Z="0"/>
					<Vertex X="46847" Y="13893" Z="0"/>
					<Vertex X="46502" Y="13434" Z="0"/>
					<Vertex X="46387" Y="13319" Z="0"/>
					<Vertex X="46158" Y="12859" Z="0"/>
					<Vertex X="45813" Y="12515" Z="0"/>
					<Vertex X="45584" Y="12056" Z="0"/>
					<Vertex X="45354" Y="11596" Z="0"/>
					<Vertex X="44780" Y="11022" Z="0"/>
					<Vertex X="44780" Y="10793" Z="0"/>
					<Vertex X="44321" Y="10219" Z="0"/>
					<Vertex X="44091" Y="10104" Z="0"/>
					<Vertex X="43976" Y="9759" Z="0"/>
					<Vertex X="43747" Y="9530" Z="0"/>
					<Vertex X="43517" Y="9185" Z="0"/>
					<Vertex X="43402" Y="9070" Z="0"/>
					<Vertex X="43287" Y="9070" Z="0"/>
					<Vertex X="43172" Y="8956" Z="0"/>
					<Vertex X="43058" Y="8956" Z="0"/>
					<Vertex X="43058" Y="8841" Z="0"/>
					<Vertex X="42943" Y="8726" Z="0"/>
					<Vertex X="42713" Y="8496" Z="0"/>
					<Vertex X="42828" Y="8611" Z="0"/>
					<Vertex X="42713" Y="8496" Z="0"/>
					<Vertex X="42484" Y="8267" Z="0"/>
					<Vertex X="42139" Y="8152" Z="0"/>
					<Vertex X="42598" Y="8382" Z="0"/>
					<Vertex X="41565" Y="8037" Z="0"/>
				</Vertices>
			</Region>
			<Region Id="2" Type="0" Zoom="0.008623" Selected="0" ImageLocation="" ImageFocus="-1" Length="147360.5" Area="1235726110.0" LengthMicrons="37208.5" AreaMicrons="78785261.3" Text="" NegativeROA="0" InputRegionId="0" Analyze="1" DisplayId="2">
				<Attributes/>
				<Vertices>
					<Vertex X="96334" Y="32724" Z="0"/>
					<Vertex X="96334" Y="32609" Z="0"/>
					<Vertex X="95990" Y="32265" Z="0"/>
					<Vertex X="95760" Y="32150" Z="0"/>
					<Vertex X="95990" Y="32380" Z="0"/>
					<Vertex X="96105" Y="32380" Z="0"/>
					<Vertex X="96105" Y="32380" Z="0"/>
					<Vertex X="96334" Y="32609" Z="0"/>
					<Vertex X="96449" Y="32724" Z="0"/>
					<Vertex X="96564" Y="32839" Z="0"/>
					<Vertex X="97023" Y="34332" Z="0"/>
					<Vertex X="97253" Y="34676" Z="0"/>
					<Vertex X="97138" Y="34906" Z="0"/>
					<Vertex X="97482" Y="35250" Z="0"/>
					<Vertex X="97253" Y="35250" Z="0"/>
					<Vertex X="97597" Y="35709" Z="0"/>
					<Vertex X="97482" Y="35709" Z="0"/>
					<Vertex X="97827" Y="36169" Z="0"/>
					<Vertex X="97827" Y="36398" Z="0"/>
					<Vertex X="97712" Y="36398" Z="0"/>
					<Vertex X="97942" Y="36743" Z="0"/>
					<Vertex X="97942" Y="36972" Z="0"/>
					<Vertex X="97942" Y="37202" Z="0"/>
					<Vertex X="98057" Y="37432" Z="0"/>
					<Vertex X="97827" Y="37432" Z="0"/>
					<Vertex X="98057" Y="37661" Z="0"/>
					<Vertex X="98057" Y="37776" Z="0"/>
					<Vertex X="98171" Y="37891" Z="0"/>
					<Vertex X="98171" Y="38235" Z="0"/>
					<Vertex X="98171" Y="38350" Z="0"/>
					<Vertex X="98171" Y="38465" Z="0"/>
					<Vertex X="98171" Y="38580" Z="0"/>
					<Vertex X="98286" Y="38695" Z="0"/>
					<Vertex X="98171" Y="38695" Z="0"/>
					<Vertex X="98171" Y="38809" Z="0"/>
					<Vertex X="98171" Y="38924" Z="0"/>
					<Vertex X="98401" Y="39154" Z="0"/>
					<Vertex X="98516" Y="39384" Z="0"/>
					<Vertex X="98631" Y="39498" Z="0"/>
					<Vertex X="98631" Y="39613" Z="0"/>
					<Vertex X="98745" Y="39728" Z="0"/>
					<Vertex X="98745" Y="39958" Z="0"/>
					<Vertex X="98860" Y="40073" Z="0"/>
					<Vertex X="98975" Y="40187" Z="0"/>
					<Vertex X="98975" Y="40302" Z="0"/>
					<Vertex X="99090" Y="40417" Z="0"/>
					<Vertex X="99205" Y="40761" Z="0"/>
					<Vertex X="99205" Y="40876" Z="0"/>
					<Vertex X="99320" Y="40991" Z="0"/>
					<Vertex X="99434" Y="41221" Z="0"/>
					<Vertex X="99549" Y="41450" Z="0"/>
					<Vertex X="99664" Y="41680" Z="0"/>
					<Vertex X="99779" Y="41910" Z="0"/>
					<Vertex X="99664" Y="41910" Z="0"/>
					<Vertex X="100123" Y="42369" Z="0"/>
					<Vertex X="100008" Y="42484" Z="0"/>
					<Vertex X="100238" Y="42828" Z="0"/>
					<Vertex X="100468" Y="43287" Z="0"/>
					<Vertex X="100697" Y="43632" Z="0"/>
					<Vertex X="100927" Y="44436" Z="0"/>
					<Vertex X="101272" Y="44895" Z="0"/>
					<Vertex X="101616" Y="45584" Z="0"/>
					<Vertex X="101386" Y="45584" Z="0"/>
					<Vertex X="101616" Y="45928" Z="0"/>
					<Vertex X="101616" Y="46158" Z="0"/>
					<Vertex X="101731" Y="46273" Z="0"/>
					<Vertex X="101731" Y="46388" Z="0"/>
					<Vertex X="101846" Y="46617" Z="0"/>
					<Vertex X="101960" Y="46732" Z="0"/>
					<Vertex X="102190" Y="46962" Z="0"/>
					<Vertex X="102420" Y="47306" Z="0"/>
					<Vertex X="102420" Y="47421" Z="0"/>
					<Vertex X="102764" Y="47765" Z="0"/>
					<Vertex X="103109" Y="47995" Z="0"/>
					<Vertex X="102994" Y="47995" Z="0"/>
					<Vertex X="107587" Y="57181" Z="0"/>
					<Vertex X="107816" Y="57410" Z="0"/>
					<Vertex X="108046" Y="58559" Z="0"/>
					<Vertex X="108390" Y="59707" Z="0"/>
					<Vertex X="108505" Y="60051" Z="0"/>
					<Vertex X="108505" Y="60396" Z="0"/>
					<Vertex X="108505" Y="60625" Z="0"/>
					<Vertex X="108505" Y="60740" Z="0"/>
					<Vertex X="108505" Y="60970" Z="0"/>
					<Vertex X="108505" Y="61314" Z="0"/>
					<Vertex X="108505" Y="61659" Z="0"/>
					<Vertex X="108505" Y="62003" Z="0"/>
					<Vertex X="108276" Y="62118" Z="0"/>
					<Vertex X="108505" Y="62807" Z="0"/>
					<Vertex X="108161" Y="63266" Z="0"/>
					<Vertex X="108276" Y="64070" Z="0"/>
					<Vertex X="108276" Y="64529" Z="0"/>
					<Vertex X="108161" Y="65103" Z="0"/>
					<Vertex X="108161" Y="65677" Z="0"/>
					<Vertex X="108161" Y="66137" Z="0"/>
					<Vertex X="108161" Y="66711" Z="0"/>
					<Vertex X="108046" Y="67170" Z="0"/>
					<Vertex X="107931" Y="67629" Z="0"/>
					<Vertex X="107587" Y="68089" Z="0"/>
					<Vertex X="107701" Y="68892" Z="0"/>
					<Vertex X="107472" Y="69581" Z="0"/>
					<Vertex X="107357" Y="69811" Z="0"/>
					<Vertex X="107242" Y="69926" Z="0"/>
					<Vertex X="107127" Y="70270" Z="0"/>
					<Vertex X="106668" Y="70270" Z="0"/>
					<Vertex X="106783" Y="70729" Z="0"/>
					<Vertex X="106553" Y="70959" Z="0"/>
					<Vertex X="106209" Y="70844" Z="0"/>
					<Vertex X="105979" Y="71533" Z="0"/>
					<Vertex X="105864" Y="71648" Z="0"/>
					<Vertex X="105520" Y="71878" Z="0"/>
					<Vertex X="104716" Y="71992" Z="0"/>
					<Vertex X="104716" Y="72337" Z="0"/>
					<Vertex X="104027" Y="72337" Z="0"/>
					<Vertex X="103912" Y="72796" Z="0"/>
					<Vertex X="103223" Y="72681" Z="0"/>
					<Vertex X="103338" Y="73141" Z="0"/>
					<Vertex X="103223" Y="73141" Z="0"/>
					<Vertex X="103109" Y="73141" Z="0"/>
					<Vertex X="102535" Y="73026" Z="0"/>
					<Vertex X="102649" Y="73370" Z="0"/>
					<Vertex X="102075" Y="73141" Z="0"/>
					<Vertex X="102075" Y="73485" Z="0"/>
					<Vertex X="101731" Y="73485" Z="0"/>
					<Vertex X="101157" Y="73370" Z="0"/>
					<Vertex X="100812" Y="73485" Z="0"/>
					<Vertex X="100583" Y="73600" Z="0"/>
					<Vertex X="100697" Y="73944" Z="0"/>
					<Vertex X="100353" Y="74059" Z="0"/>
					<Vertex X="100238" Y="74174" Z="0"/>
					<Vertex X="100008" Y="74404" Z="0"/>
					<Vertex X="99549" Y="74289" Z="0"/>
					<Vertex X="99549" Y="74633" Z="0"/>
					<Vertex X="99320" Y="74863" Z="0"/>
					<Vertex X="98975" Y="75093" Z="0"/>
					<Vertex X="98745" Y="75322" Z="0"/>
					<Vertex X="98516" Y="75437" Z="0"/>
					<Vertex X="97827" Y="75552" Z="0"/>
					<Vertex X="97942" Y="75896" Z="0"/>
					<Vertex X="97597" Y="76126" Z="0"/>
					<Vertex X="97023" Y="76011" Z="0"/>
					<Vertex X="97023" Y="76470" Z="0"/>
					<Vertex X="96679" Y="76700" Z="0"/>
					<Vertex X="96564" Y="76815" Z="0"/>
					<Vertex X="96334" Y="76930" Z="0"/>
					<Vertex X="95990" Y="76930" Z="0"/>
					<Vertex X="95760" Y="77045" Z="0"/>
					<Vertex X="95645" Y="77045" Z="0"/>
					<Vertex X="95301" Y="77159" Z="0"/>
					<Vertex X="95071" Y="77159" Z="0"/>
					<Vertex X="95071" Y="77274" Z="0"/>
					<Vertex X="94842" Y="77274" Z="0"/>
					<Vertex X="94382" Y="77159" Z="0"/>
					<Vertex X="94382" Y="77389" Z="0"/>
					<Vertex X="93923" Y="77274" Z="0"/>
					<Vertex X="93808" Y="77274" Z="0"/>
					<Vertex X="93923" Y="77619" Z="0"/>
					<Vertex X="93808" Y="77619" Z="0"/>
					<Vertex X="93693" Y="77619" Z="0"/>
					<Vertex X="93464" Y="77733" Z="0"/>
					<Vertex X="93234" Y="77733" Z="0"/>
					<Vertex X="93004" Y="77733" Z="0"/>
					<Vertex X="92660" Y="77848" Z="0"/>
					<Vertex X="92430" Y="77848" Z="0"/>
					<Vertex X="92316" Y="77848" Z="0"/>
					<Vertex X="92201" Y="77848" Z="0"/>
					<Vertex X="91971" Y="77848" Z="0"/>
					<Vertex X="91856" Y="77848" Z="0"/>
					<Vertex X="91627" Y="77848" Z="0"/>
					<Vertex X="91512" Y="77848" Z="0"/>
					<Vertex X="91397" Y="77848" Z="0"/>
					<Vertex X="91167" Y="77848" Z="0"/>
					<Vertex X="91053" Y="77848" Z="0"/>
					<Vertex X="90823" Y="77848" Z="0"/>
					<Vertex X="90708" Y="77848" Z="0"/>
					<Vertex X="90593" Y="77848" Z="0"/>
					<Vertex X="90249" Y="77848" Z="0"/>
					<Vertex X="90019" Y="77848" Z="0"/>
					<Vertex X="89675" Y="77848" Z="0"/>
					<Vertex X="89330" Y="77733" Z="0"/>
					<Vertex X="88756" Y="77504" Z="0"/>
					<Vertex X="88526" Y="77504" Z="0"/>
					<Vertex X="88412" Y="77733" Z="0"/>
					<Vertex X="88067" Y="77619" Z="0"/>
					<Vertex X="87608" Y="77389" Z="0"/>
					<Vertex X="87493" Y="77619" Z="0"/>
					<Vertex X="87034" Y="77389" Z="0"/>
					<Vertex X="86804" Y="77619" Z="0"/>
					<Vertex X="86689" Y="77619" Z="0"/>
					<Vertex X="86345" Y="77619" Z="0"/>
					<Vertex X="86115" Y="77504" Z="0"/>
					<Vertex X="85771" Y="77504" Z="0"/>
					<Vertex X="85426" Y="77504" Z="0"/>
					<Vertex X="84967" Y="77159" Z="0"/>
					<Vertex X="84852" Y="77389" Z="0"/>
					<Vertex X="84737" Y="77389" Z="0"/>
					<Vertex X="84393" Y="77389" Z="0"/>
					<Vertex X="84163" Y="77389" Z="0"/>
					<Vertex X="83934" Y="77274" Z="0"/>
					<Vertex X="83360" Y="77045" Z="0"/>
					<Vertex X="83360" Y="77274" Z="0"/>
					<Vertex X="83245" Y="77274" Z="0"/>
					<Vertex X="83015" Y="77274" Z="0"/>
					<Vertex X="82900" Y="77274" Z="0"/>
					<Vertex X="82441" Y="76930" Z="0"/>
					<Vertex X="82441" Y="77159" Z="0"/>
					<Vertex X="81982" Y="76815" Z="0"/>
					<Vertex X="81752" Y="76930" Z="0"/>
					<Vertex X="81637" Y="76815" Z="0"/>
					<Vertex X="81408" Y="76815" Z="0"/>
					<Vertex X="81178" Y="76700" Z="0"/>
					<Vertex X="80948" Y="76585" Z="0"/>
					<Vertex X="80834" Y="76470" Z="0"/>
					<Vertex X="80374" Y="76126" Z="0"/>
					<Vertex X="80145" Y="75896" Z="0"/>
					<Vertex X="79341" Y="75322" Z="0"/>
					<Vertex X="79226" Y="75207" Z="0"/>
					<Vertex X="78996" Y="75093" Z="0"/>
					<Vertex X="78767" Y="74863" Z="0"/>
					<Vertex X="78422" Y="74519" Z="0"/>
					<Vertex X="78193" Y="74289" Z="0"/>
					<Vertex X="78078" Y="74174" Z="0"/>
					<Vertex X="77619" Y="73715" Z="0"/>
					<Vertex X="77389" Y="73370" Z="0"/>
					<Vertex X="77389" Y="73256" Z="0"/>
					<Vertex X="77044" Y="73026" Z="0"/>
					<Vertex X="77044" Y="72911" Z="0"/>
					<Vertex X="76930" Y="72796" Z="0"/>
					<Vertex X="76700" Y="72567" Z="0"/>
					<Vertex X="76585" Y="72452" Z="0"/>
					<Vertex X="76470" Y="72337" Z="0"/>
					<Vertex X="76356" Y="72107" Z="0"/>
					<Vertex X="76356" Y="71992" Z="0"/>
					<Vertex X="76241" Y="71878" Z="0"/>
					<Vertex X="76126" Y="71763" Z="0"/>
					<Vertex X="76011" Y="71648" Z="0"/>
					<Vertex X="75896" Y="71533" Z="0"/>
					<Vertex X="75896" Y="71304" Z="0"/>
					<Vertex X="75781" Y="71304" Z="0"/>
					<Vertex X="75781" Y="71074" Z="0"/>
					<Vertex X="75667" Y="70959" Z="0"/>
					<Vertex X="75667" Y="70729" Z="0"/>
					<Vertex X="75552" Y="70615" Z="0"/>
					<Vertex X="75552" Y="70500" Z="0"/>
					<Vertex X="75437" Y="70155" Z="0"/>
					<Vertex X="75093" Y="69696" Z="0"/>
					<Vertex X="75207" Y="69466" Z="0"/>
					<Vertex X="75207" Y="69122" Z="0"/>
					<Vertex X="74863" Y="68433" Z="0"/>
					<Vertex X="75093" Y="68433" Z="0"/>
					<Vertex X="74748" Y="67629" Z="0"/>
					<Vertex X="74978" Y="67285" Z="0"/>
					<Vertex X="74863" Y="66366" Z="0"/>
					<Vertex X="74748" Y="65792" Z="0"/>
					<Vertex X="74633" Y="65333" Z="0"/>
					<Vertex X="74518" Y="63955" Z="0"/>
					<Vertex X="74518" Y="63381" Z="0"/>
					<Vertex X="74174" Y="62692" Z="0"/>
					<Vertex X="74404" Y="62577" Z="0"/>
					<Vertex X="74404" Y="62348" Z="0"/>
					<Vertex X="74174" Y="62003" Z="0"/>
					<Vertex X="74174" Y="61774" Z="0"/>
					<Vertex X="74059" Y="61199" Z="0"/>
					<Vertex X="73830" Y="60396" Z="0"/>
					<Vertex X="73600" Y="59707" Z="0"/>
					<Vertex X="73600" Y="59247" Z="0"/>
					<Vertex X="73370" Y="58329" Z="0"/>
					<Vertex X="73255" Y="57984" Z="0"/>
					<Vertex X="73026" Y="57410" Z="0"/>
					<Vertex X="72911" Y="56951" Z="0"/>
					<Vertex X="72796" Y="56607" Z="0"/>
					<Vertex X="72567" Y="55918" Z="0"/>
					<Vertex X="72681" Y="55803" Z="0"/>
					<Vertex X="72567" Y="55458" Z="0"/>
					<Vertex X="72567" Y="55114" Z="0"/>
					<Vertex X="72452" Y="54769" Z="0"/>
					<Vertex X="72452" Y="54655" Z="0"/>
					<Vertex X="72452" Y="54310" Z="0"/>
					<Vertex X="72452" Y="53736" Z="0"/>
					<Vertex X="72452" Y="53621" Z="0"/>
					<Vertex X="72452" Y="53162" Z="0"/>
					<Vertex X="72452" Y="52703" Z="0"/>
					<Vertex X="72452" Y="52358" Z="0"/>
					<Vertex X="72452" Y="51899" Z="0"/>
					<Vertex X="72222" Y="51440" Z="0"/>
					<Vertex X="72222" Y="51095" Z="0"/>
					<Vertex X="72452" Y="50636" Z="0"/>
					<Vertex X="72452" Y="50177" Z="0"/>
					<Vertex X="72452" Y="49832" Z="0"/>
					<Vertex X="72452" Y="49717" Z="0"/>
					<Vertex X="72452" Y="49488" Z="0"/>
					<Vertex X="72222" Y="49143" Z="0"/>
					<Vertex X="72452" Y="49258" Z="0"/>
					<Vertex X="72452" Y="49143" Z="0"/>
					<Vertex X="72452" Y="49028" Z="0"/>
					<Vertex X="72567" Y="48914" Z="0"/>
					<Vertex X="72567" Y="48684" Z="0"/>
					<Vertex X="72681" Y="48340" Z="0"/>
					<Vertex X="72681" Y="48225" Z="0"/>
					<Vertex X="72796" Y="47880" Z="0"/>
					<Vertex X="72796" Y="47651" Z="0"/>
					<Vertex X="72911" Y="47306" Z="0"/>
					<Vertex X="72911" Y="47191" Z="0"/>
					<Vertex X="73026" Y="46847" Z="0"/>
					<Vertex X="73141" Y="46732" Z="0"/>
					<Vertex X="73255" Y="46388" Z="0"/>
					<Vertex X="73370" Y="46158" Z="0"/>
					<Vertex X="73485" Y="45814" Z="0"/>
					<Vertex X="73600" Y="45584" Z="0"/>
					<Vertex X="73715" Y="45239" Z="0"/>
					<Vertex X="73830" Y="45010" Z="0"/>
					<Vertex X="73830" Y="44895" Z="0"/>
					<Vertex X="73944" Y="44665" Z="0"/>
					<Vertex X="74059" Y="44550" Z="0"/>
					<Vertex X="74174" Y="44436" Z="0"/>
					<Vertex X="74289" Y="44321" Z="0"/>
					<Vertex X="74404" Y="44206" Z="0"/>
					<Vertex X="74633" Y="43976" Z="0"/>
					<Vertex X="74518" Y="43517" Z="0"/>
					<Vertex X="74863" Y="43632" Z="0"/>
					<Vertex X="74748" Y="43287" Z="0"/>
					<Vertex X="74863" Y="43173" Z="0"/>
					<Vertex X="75207" Y="43287" Z="0"/>
					<Vertex X="75437" Y="43058" Z="0"/>
					<Vertex X="75781" Y="42369" Z="0"/>
					<Vertex X="76930" Y="41336" Z="0"/>
					<Vertex X="76815" Y="40876" Z="0"/>
					<Vertex X="77159" Y="40761" Z="0"/>
					<Vertex X="77159" Y="40187" Z="0"/>
					<Vertex X="77504" Y="39958" Z="0"/>
					<Vertex X="77733" Y="39613" Z="0"/>
					<Vertex X="77848" Y="39384" Z="0"/>
					<Vertex X="78193" Y="38695" Z="0"/>
					<Vertex X="78308" Y="38121" Z="0"/>
					<Vertex X="78537" Y="37661" Z="0"/>
					<Vertex X="79111" Y="37432" Z="0"/>
					<Vertex X="79111" Y="36972" Z="0"/>
					<Vertex X="79685" Y="36858" Z="0"/>
					<Vertex X="79800" Y="36628" Z="0"/>
					<Vertex X="80030" Y="36398" Z="0"/>
					<Vertex X="80145" Y="35824" Z="0"/>
					<Vertex X="80374" Y="36054" Z="0"/>
					<Vertex X="80604" Y="35824" Z="0"/>
					<Vertex X="80834" Y="35709" Z="0"/>
					<Vertex X="80948" Y="35709" Z="0"/>
					<Vertex X="81178" Y="35480" Z="0"/>
					<Vertex X="81178" Y="35135" Z="0"/>
					<Vertex X="81408" Y="35020" Z="0"/>
					<Vertex X="81982" Y="35135" Z="0"/>
					<Vertex X="82211" Y="35020" Z="0"/>
					<Vertex X="82441" Y="34906" Z="0"/>
					<Vertex X="82441" Y="34561" Z="0"/>
					<Vertex X="83015" Y="34676" Z="0"/>
					<Vertex X="83245" Y="34561" Z="0"/>
					<Vertex X="83704" Y="34446" Z="0"/>
					<Vertex X="83819" Y="34446" Z="0"/>
					<Vertex X="83934" Y="34332" Z="0"/>
					<Vertex X="88412" Y="33643" Z="0"/>
					<Vertex X="88526" Y="33298" Z="0"/>
					<Vertex X="88871" Y="33298" Z="0"/>
					<Vertex X="89560" Y="33413" Z="0"/>
					<Vertex X="90249" Y="33298" Z="0"/>
					<Vertex X="90823" Y="33183" Z="0"/>
					<Vertex X="91741" Y="33068" Z="0"/>
					<Vertex X="92660" Y="32839" Z="0"/>
					<Vertex X="92890" Y="32494" Z="0"/>
					<Vertex X="93693" Y="32494" Z="0"/>
					<Vertex X="94382" Y="32150" Z="0"/>
					<Vertex X="94727" Y="32035" Z="0"/>
					<Vertex X="94956" Y="32035" Z="0"/>
					<Vertex X="96334" Y="32724" Z="0"/>
				</Vertices>
			</Region>
			<Region Id="3" Type="0" Zoom="0.008623" Selected="1" ImageLocation="" ImageFocus="-1" Length="63710.3" Area="128968102.0" LengthMicrons="16086.8" AreaMicrons="8222522.4" Text="" NegativeROA="0" InputRegionId="0" Analyze="1" DisplayId="3">
				<Attributes/>
				<Vertices>
					<Vertex X="101616" Y="28246" Z="0"/>
					<Vertex X="101731" Y="28131" Z="0"/>
					<Vertex X="101960" Y="28131" Z="0"/>
					<Vertex X="101960" Y="28016" Z="0"/>
					<Vertex X="102420" Y="28016" Z="0"/>
					<Vertex X="102535" Y="28016" Z="0"/>
					<Vertex X="102764" Y="28016" Z="0"/>
					<Vertex X="102879" Y="28016" Z="0"/>
					<Vertex X="102994" Y="28016" Z="0"/>
					<Vertex X="103223" Y="28016" Z="0"/>
					<Vertex X="103568" Y="28016" Z="0"/>
					<Vertex X="103683" Y="28016" Z="0"/>
					<Vertex X="103683" Y="27787" Z="0"/>
					<Vertex X="103912" Y="28016" Z="0"/>
					<Vertex X="104027" Y="28016" Z="0"/>
					<Vertex X="103912" Y="27787" Z="0"/>
					<Vertex X="104257" Y="28131" Z="0"/>
					<Vertex X="104372" Y="28131" Z="0"/>
					<Vertex X="104831" Y="28705" Z="0"/>
					<Vertex X="104946" Y="28935" Z="0"/>
					<Vertex X="104946" Y="29050" Z="0"/>
					<Vertex X="105405" Y="29624" Z="0"/>
					<Vertex X="105520" Y="30083" Z="0"/>
					<Vertex X="105520" Y="30198" Z="0"/>
					<Vertex X="105635" Y="30772" Z="0"/>
					<Vertex X="105635" Y="30887" Z="0"/>
					<Vertex X="105405" Y="31002" Z="0"/>
					<Vertex X="105520" Y="31346" Z="0"/>
					<Vertex X="105749" Y="31805" Z="0"/>
					<Vertex X="105520" Y="31805" Z="0"/>
					<Vertex X="105749" Y="32150" Z="0"/>
					<Vertex X="105749" Y="32265" Z="0"/>
					<Vertex X="105635" Y="32380" Z="0"/>
					<Vertex X="105979" Y="32839" Z="0"/>
					<Vertex X="106094" Y="32954" Z="0"/>
					<Vertex X="106094" Y="33183" Z="0"/>
					<Vertex X="105979" Y="33183" Z="0"/>
					<Vertex X="106209" Y="33413" Z="0"/>
					<Vertex X="106553" Y="33987" Z="0"/>
					<Vertex X="106898" Y="34332" Z="0"/>
					<Vertex X="107242" Y="34676" Z="0"/>
					<Vertex X="107357" Y="34676" Z="0"/>
					<Vertex X="107701" Y="35020" Z="0"/>
					<Vertex X="108161" Y="35365" Z="0"/>
					<Vertex X="108276" Y="35365" Z="0"/>
					<Vertex X="108505" Y="35595" Z="0"/>
					<Vertex X="108735" Y="35709" Z="0"/>
					<Vertex X="108964" Y="35824" Z="0"/>
					<Vertex X="109194" Y="35939" Z="0"/>
					<Vertex X="109309" Y="36054" Z="0"/>
					<Vertex X="109539" Y="36169" Z="0"/>
					<Vertex X="109653" Y="36169" Z="0"/>
					<Vertex X="109653" Y="36054" Z="0"/>
					<Vertex X="109883" Y="36283" Z="0"/>
					<Vertex X="109998" Y="36398" Z="0"/>
					<Vertex X="110113" Y="36513" Z="0"/>
					<Vertex X="110113" Y="36628" Z="0"/>
					<Vertex X="110227" Y="36743" Z="0"/>
					<Vertex X="110227" Y="36972" Z="0"/>
					<Vertex X="110113" Y="36858" Z="0"/>
					<Vertex X="110342" Y="37432" Z="0"/>
					<Vertex X="110342" Y="37546" Z="0"/>
					<Vertex X="110342" Y="37891" Z="0"/>
					<Vertex X="110342" Y="38121" Z="0"/>
					<Vertex X="110342" Y="38235" Z="0"/>
					<Vertex X="110342" Y="38465" Z="0"/>
					<Vertex X="110227" Y="38580" Z="0"/>
					<Vertex X="110227" Y="38809" Z="0"/>
					<Vertex X="110227" Y="38924" Z="0"/>
					<Vertex X="110227" Y="39154" Z="0"/>
					<Vertex X="110113" Y="39269" Z="0"/>
					<Vertex X="110113" Y="39384" Z="0"/>
					<Vertex X="110113" Y="39613" Z="0"/>
					<Vertex X="110113" Y="39728" Z="0"/>
					<Vertex X="110113" Y="39843" Z="0"/>
					<Vertex X="110113" Y="39958" Z="0"/>
					<Vertex X="110113" Y="40073" Z="0"/>
					<Vertex X="110113" Y="40187" Z="0"/>
					<Vertex X="110113" Y="40417" Z="0"/>
					<Vertex X="109883" Y="40302" Z="0"/>
					<Vertex X="110113" Y="40647" Z="0"/>
					<Vertex X="109883" Y="40532" Z="0"/>
					<Vertex X="109883" Y="40876" Z="0"/>
					<Vertex X="110113" Y="41336" Z="0"/>
					<Vertex X="110113" Y="41680" Z="0"/>
					<Vertex X="110113" Y="41910" Z="0"/>
					<Vertex X="110113" Y="42139" Z="0"/>
					<Vertex X="110113" Y="42369" Z="0"/>
					<Vertex X="109883" Y="42254" Z="0"/>
					<Vertex X="110113" Y="43058" Z="0"/>
					<Vertex X="110113" Y="43287" Z="0"/>
					<Vertex X="109998" Y="43287" Z="0"/>
					<Vertex X="110227" Y="44091" Z="0"/>
					<Vertex X="110342" Y="44550" Z="0"/>
					<Vertex X="110342" Y="45010" Z="0"/>
					<Vertex X="110342" Y="45469" Z="0"/>
					<Vertex X="110342" Y="45814" Z="0"/>
					<Vertex X="110113" Y="45814" Z="0"/>
					<Vertex X="110342" Y="46273" Z="0"/>
					<Vertex X="110342" Y="46617" Z="0"/>
					<Vertex X="110342" Y="46847" Z="0"/>
					<Vertex X="110342" Y="46962" Z="0"/>
					<Vertex X="109998" Y="46847" Z="0"/>
					<Vertex X="110227" Y="47306" Z="0"/>
					<Vertex X="110227" Y="47421" Z="0"/>
					<Vertex X="110113" Y="47651" Z="0"/>
					<Vertex X="110113" Y="47765" Z="0"/>
					<Vertex X="109998" Y="47880" Z="0"/>
					<Vertex X="109998" Y="47995" Z="0"/>
					<Vertex X="109768" Y="47880" Z="0"/>
					<Vertex X="109998" Y="48225" Z="0"/>
					<Vertex X="109883" Y="48340" Z="0"/>
					<Vertex X="109653" Y="48454" Z="0"/>
					<Vertex X="109768" Y="48914" Z="0"/>
					<Vertex X="109768" Y="49028" Z="0"/>
					<Vertex X="109768" Y="49143" Z="0"/>
					<Vertex X="109653" Y="49373" Z="0"/>
					<Vertex X="109653" Y="49488" Z="0"/>
					<Vertex X="109539" Y="49603" Z="0"/>
					<Vertex X="109539" Y="49717" Z="0"/>
					<Vertex X="109424" Y="49832" Z="0"/>
					<Vertex X="109424" Y="49947" Z="0"/>
					<Vertex X="109309" Y="50062" Z="0"/>
					<Vertex X="109079" Y="49832" Z="0"/>
					<Vertex X="109309" Y="50177" Z="0"/>
					<Vertex X="109194" Y="50291" Z="0"/>
					<Vertex X="109194" Y="50406" Z="0"/>
					<Vertex X="109079" Y="50521" Z="0"/>
					<Vertex X="109079" Y="50636" Z="0"/>
					<Vertex X="108964" Y="50751" Z="0"/>
					<Vertex X="108850" Y="50866" Z="0"/>
					<Vertex X="108620" Y="50751" Z="0"/>
					<Vertex X="108505" Y="50866" Z="0"/>
					<Vertex X="108620" Y="51095" Z="0"/>
					<Vertex X="108505" Y="51210" Z="0"/>
					<Vertex X="108390" Y="51210" Z="0"/>
					<Vertex X="108276" Y="51325" Z="0"/>
					<Vertex X="108046" Y="51325" Z="0"/>
					<Vertex X="107816" Y="51325" Z="0"/>
					<Vertex X="107701" Y="51325" Z="0"/>
					<Vertex X="107587" Y="51325" Z="0"/>
					<Vertex X="107357" Y="51095" Z="0"/>
					<Vertex X="107127" Y="50980" Z="0"/>
					<Vertex X="107013" Y="50866" Z="0"/>
					<Vertex X="106898" Y="50751" Z="0"/>
					<Vertex X="106783" Y="50636" Z="0"/>
					<Vertex X="106668" Y="50406" Z="0"/>
					<Vertex X="106438" Y="49947" Z="0"/>
					<Vertex X="106324" Y="49717" Z="0"/>
					<Vertex X="106324" Y="49603" Z="0"/>
					<Vertex X="106209" Y="49373" Z="0"/>
					<Vertex X="106209" Y="49143" Z="0"/>
					<Vertex X="106094" Y="49028" Z="0"/>
					<Vertex X="106094" Y="48914" Z="0"/>
					<Vertex X="105979" Y="48799" Z="0"/>
					<Vertex X="105979" Y="48569" Z="0"/>
					<Vertex X="105864" Y="48454" Z="0"/>
					<Vertex X="105749" Y="48340" Z="0"/>
					<Vertex X="105749" Y="48225" Z="0"/>
					<Vertex X="105749" Y="47995" Z="0"/>
					<Vertex X="105520" Y="47765" Z="0"/>
					<Vertex X="105405" Y="47651" Z="0"/>
					<Vertex X="105061" Y="47191" Z="0"/>
					<Vertex X="105061" Y="47191" Z="0"/>
					<Vertex X="104946" Y="47077" Z="0"/>
					<Vertex X="104716" Y="46847" Z="0"/>
					<Vertex X="103338" Y="42599" Z="0"/>
					<Vertex X="103568" Y="42599" Z="0"/>
					<Vertex X="103453" Y="42254" Z="0"/>
					<Vertex X="103453" Y="41450" Z="0"/>
					<Vertex X="103223" Y="41106" Z="0"/>
					<Vertex X="103109" Y="40761" Z="0"/>
					<Vertex X="103223" Y="40761" Z="0"/>
					<Vertex X="103223" Y="40647" Z="0"/>
					<Vertex X="103109" Y="40532" Z="0"/>
					<Vertex X="103109" Y="40417" Z="0"/>
					<Vertex X="102879" Y="39728" Z="0"/>
					<Vertex X="102994" Y="39498" Z="0"/>
					<Vertex X="102764" Y="39269" Z="0"/>
					<Vertex X="101272" Y="34102" Z="0"/>
					<Vertex X="101272" Y="33757" Z="0"/>
					<Vertex X="101157" Y="33528" Z="0"/>
					<Vertex X="101157" Y="33298" Z="0"/>
					<Vertex X="101157" Y="33183" Z="0"/>
					<Vertex X="101157" Y="32839" Z="0"/>
					<Vertex X="101157" Y="32609" Z="0"/>
					<Vertex X="100927" Y="32265" Z="0"/>
					<Vertex X="101157" Y="32265" Z="0"/>
					<Vertex X="101157" Y="32150" Z="0"/>
					<Vertex X="101157" Y="31920" Z="0"/>
					<Vertex X="101157" Y="31691" Z="0"/>
					<Vertex X="101157" Y="31346" Z="0"/>
					<Vertex X="101157" Y="31117" Z="0"/>
					<Vertex X="101157" Y="30887" Z="0"/>
					<Vertex X="101157" Y="30542" Z="0"/>
					<Vertex X="101157" Y="30313" Z="0"/>
					<Vertex X="101157" Y="30198" Z="0"/>
					<Vertex X="101157" Y="29968" Z="0"/>
					<Vertex X="101157" Y="29739" Z="0"/>
					<Vertex X="101157" Y="29624" Z="0"/>
					<Vertex X="101157" Y="29509" Z="0"/>
					<Vertex X="101157" Y="29394" Z="0"/>
					<Vertex X="101157" Y="29279" Z="0"/>
					<Vertex X="100927" Y="29050" Z="0"/>
					<Vertex X="100927" Y="28935" Z="0"/>
					<Vertex X="101157" Y="29165" Z="0"/>
					<Vertex X="101157" Y="29050" Z="0"/>
					<Vertex X="101157" Y="28935" Z="0"/>
					<Vertex X="100927" Y="28591" Z="0"/>
					<Vertex X="101157" Y="28820" Z="0"/>
					<Vertex X="101157" Y="28705" Z="0"/>
					<Vertex X="100927" Y="28476" Z="0"/>
					<Vertex X="101616" Y="28246" Z="0"/>
				</Vertices>
			</Region>
		</Regions>
		<Plots/>
	</Annotation>
</Annotations>
