<Annotations MicronsPerPixel="0.227700">
	<Annotation Id="1" Name="" ReadOnly="0" NameReadOnly="0" LineColorReadOnly="0" Incremental="0" Type="4" LineColor="255" Visible="1" Selected="1" MarkupImagePath="" MacroName="">
		<Attributes/>
		<Regions>
			<RegionAttributeHeaders/>
			<Region Id="1" Type="0" Zoom="0.013584" Selected="0" ImageLocation="" ImageFocus="-1" Length="135990.7" Area="677374898.0" LengthMicrons="30965.1" AreaMicrons="35120051.2" Text="" NegativeROA="0" InputRegionId="0" Analyze="1" DisplayId="1">
				<Attributes/>
				<Vertices>
					<Vertex X="56418" Y="15196" Z="0"/>
					<Vertex X="51811" Y="15843" Z="0"/>
					<Vertex X="51164" Y="15923" Z="0"/>
					<Vertex X="50517" Y="16004" Z="0"/>
					<Vertex X="50275" Y="16004" Z="0"/>
					<Vertex X="49951" Y="16004" Z="0"/>
					<Vertex X="49709" Y="16004" Z="0"/>
					<Vertex X="49467" Y="16004" Z="0"/>
					<Vertex X="49386" Y="16004" Z="0"/>
					<Vertex X="49143" Y="16004" Z="0"/>
					<Vertex X="48901" Y="16004" Z="0"/>
					<Vertex X="48739" Y="16004" Z="0"/>
					<Vertex X="48416" Y="16004" Z="0"/>
					<Vertex X="48092" Y="16004" Z="0"/>
					<Vertex X="47769" Y="16004" Z="0"/>
					<Vertex X="47446" Y="16004" Z="0"/>
					<Vertex X="47203" Y="16004" Z="0"/>
					<Vertex X="46961" Y="16004" Z="0"/>
					<Vertex X="46799" Y="16004" Z="0"/>
					<Vertex X="46638" Y="16004" Z="0"/>
					<Vertex X="46557" Y="16004" Z="0"/>
					<Vertex X="46395" Y="16004" Z="0"/>
					<Vertex X="46233" Y="16004" Z="0"/>
					<Vertex X="45991" Y="16004" Z="0"/>
					<Vertex X="45748" Y="16004" Z="0"/>
					<Vertex X="45425" Y="16004" Z="0"/>
					<Vertex X="45021" Y="16004" Z="0"/>
					<Vertex X="44698" Y="16004" Z="0"/>
					<Vertex X="44455" Y="16085" Z="0"/>
					<Vertex X="44374" Y="16166" Z="0"/>
					<Vertex X="44213" Y="16166" Z="0"/>
					<Vertex X="44051" Y="16166" Z="0"/>
					<Vertex X="43970" Y="16166" Z="0"/>
					<Vertex X="43889" Y="16247" Z="0"/>
					<Vertex X="43728" Y="16247" Z="0"/>
					<Vertex X="43566" Y="16328" Z="0"/>
					<Vertex X="43324" Y="16408" Z="0"/>
					<Vertex X="43081" Y="16489" Z="0"/>
					<Vertex X="42919" Y="16489" Z="0"/>
					<Vertex X="42758" Y="16489" Z="0"/>
					<Vertex X="42677" Y="16489" Z="0"/>
					<Vertex X="42596" Y="16489" Z="0"/>
					<Vertex X="42596" Y="16570" Z="0"/>
					<Vertex X="42515" Y="16570" Z="0"/>
					<Vertex X="42354" Y="16651" Z="0"/>
					<Vertex X="41788" Y="16732" Z="0"/>
					<Vertex X="41222" Y="16813" Z="0"/>
					<Vertex X="40575" Y="16893" Z="0"/>
					<Vertex X="39767" Y="16974" Z="0"/>
					<Vertex X="39201" Y="17055" Z="0"/>
					<Vertex X="38797" Y="17136" Z="0"/>
					<Vertex X="38555" Y="17136" Z="0"/>
					<Vertex X="38393" Y="17136" Z="0"/>
					<Vertex X="38312" Y="17136" Z="0"/>
					<Vertex X="38231" Y="17136" Z="0"/>
					<Vertex X="38231" Y="17217" Z="0"/>
					<Vertex X="38151" Y="17217" Z="0"/>
					<Vertex X="38070" Y="17217" Z="0"/>
					<Vertex X="38070" Y="17298" Z="0"/>
					<Vertex X="37908" Y="17378" Z="0"/>
					<Vertex X="37747" Y="17540" Z="0"/>
					<Vertex X="37585" Y="17621" Z="0"/>
					<Vertex X="37181" Y="17863" Z="0"/>
					<Vertex X="37019" Y="17944" Z="0"/>
					<Vertex X="36857" Y="18106" Z="0"/>
					<Vertex X="36777" Y="18187" Z="0"/>
					<Vertex X="36615" Y="18348" Z="0"/>
					<Vertex X="36534" Y="18429" Z="0"/>
					<Vertex X="36453" Y="18591" Z="0"/>
					<Vertex X="36372" Y="18672" Z="0"/>
					<Vertex X="36292" Y="18752" Z="0"/>
					<Vertex X="36211" Y="18914" Z="0"/>
					<Vertex X="36130" Y="19076" Z="0"/>
					<Vertex X="36130" Y="19157" Z="0"/>
					<Vertex X="36130" Y="19318" Z="0"/>
					<Vertex X="36049" Y="19480" Z="0"/>
					<Vertex X="36049" Y="19642" Z="0"/>
					<Vertex X="35968" Y="19642" Z="0"/>
					<Vertex X="35968" Y="19803" Z="0"/>
					<Vertex X="35968" Y="19884" Z="0"/>
					<Vertex X="35968" Y="19965" Z="0"/>
					<Vertex X="35968" Y="20127" Z="0"/>
					<Vertex X="35887" Y="20207" Z="0"/>
					<Vertex X="35887" Y="20450" Z="0"/>
					<Vertex X="35887" Y="20611" Z="0"/>
					<Vertex X="35807" Y="20854" Z="0"/>
					<Vertex X="35807" Y="21016" Z="0"/>
					<Vertex X="35726" Y="21258" Z="0"/>
					<Vertex X="35645" Y="21501" Z="0"/>
					<Vertex X="35564" Y="21662" Z="0"/>
					<Vertex X="35564" Y="21824" Z="0"/>
					<Vertex X="35564" Y="21986" Z="0"/>
					<Vertex X="35483" Y="22066" Z="0"/>
					<Vertex X="35483" Y="22147" Z="0"/>
					<Vertex X="35483" Y="22390" Z="0"/>
					<Vertex X="35483" Y="22471" Z="0"/>
					<Vertex X="35403" Y="22632" Z="0"/>
					<Vertex X="35403" Y="22713" Z="0"/>
					<Vertex X="35403" Y="22955" Z="0"/>
					<Vertex X="35403" Y="23117" Z="0"/>
					<Vertex X="35403" Y="23198" Z="0"/>
					<Vertex X="35403" Y="23360" Z="0"/>
					<Vertex X="35241" Y="23521" Z="0"/>
					<Vertex X="35160" Y="23764" Z="0"/>
					<Vertex X="35160" Y="23925" Z="0"/>
					<Vertex X="35079" Y="23925" Z="0"/>
					<Vertex X="35079" Y="24087" Z="0"/>
					<Vertex X="35079" Y="24168" Z="0"/>
					<Vertex X="35079" Y="24330" Z="0"/>
					<Vertex X="35079" Y="24491" Z="0"/>
					<Vertex X="35079" Y="24653" Z="0"/>
					<Vertex X="35079" Y="24815" Z="0"/>
					<Vertex X="35079" Y="24976" Z="0"/>
					<Vertex X="35079" Y="25057" Z="0"/>
					<Vertex X="35079" Y="25299" Z="0"/>
					<Vertex X="35079" Y="25542" Z="0"/>
					<Vertex X="35079" Y="25865" Z="0"/>
					<Vertex X="35079" Y="26269" Z="0"/>
					<Vertex X="35079" Y="26593" Z="0"/>
					<Vertex X="35079" Y="26835" Z="0"/>
					<Vertex X="35079" Y="27078" Z="0"/>
					<Vertex X="35079" Y="27320" Z="0"/>
					<Vertex X="35160" Y="27482" Z="0"/>
					<Vertex X="35160" Y="27643" Z="0"/>
					<Vertex X="35241" Y="27805" Z="0"/>
					<Vertex X="35322" Y="28048" Z="0"/>
					<Vertex X="35403" Y="28290" Z="0"/>
					<Vertex X="35483" Y="28452" Z="0"/>
					<Vertex X="35564" Y="28694" Z="0"/>
					<Vertex X="35726" Y="28856" Z="0"/>
					<Vertex X="35807" Y="29018" Z="0"/>
					<Vertex X="35887" Y="29179" Z="0"/>
					<Vertex X="35968" Y="29260" Z="0"/>
					<Vertex X="36130" Y="29422" Z="0"/>
					<Vertex X="36211" Y="29503" Z="0"/>
					<Vertex X="36211" Y="29583" Z="0"/>
					<Vertex X="36292" Y="29583" Z="0"/>
					<Vertex X="36372" Y="29583" Z="0"/>
					<Vertex X="36453" Y="29664" Z="0"/>
					<Vertex X="36615" Y="29826" Z="0"/>
					<Vertex X="36857" Y="29907" Z="0"/>
					<Vertex X="37181" Y="30149" Z="0"/>
					<Vertex X="37423" Y="30311" Z="0"/>
					<Vertex X="37827" Y="30392" Z="0"/>
					<Vertex X="38070" Y="30553" Z="0"/>
					<Vertex X="38151" Y="30634" Z="0"/>
					<Vertex X="38393" Y="30634" Z="0"/>
					<Vertex X="38474" Y="30634" Z="0"/>
					<Vertex X="38636" Y="30634" Z="0"/>
					<Vertex X="38878" Y="30796" Z="0"/>
					<Vertex X="39282" Y="31038" Z="0"/>
					<Vertex X="39686" Y="31200" Z="0"/>
					<Vertex X="40091" Y="31281" Z="0"/>
					<Vertex X="40495" Y="31442" Z="0"/>
					<Vertex X="40737" Y="31523" Z="0"/>
					<Vertex X="40818" Y="31523" Z="0"/>
					<Vertex X="40899" Y="31523" Z="0"/>
					<Vertex X="41060" Y="31523" Z="0"/>
					<Vertex X="41141" Y="31523" Z="0"/>
					<Vertex X="41303" Y="31604" Z="0"/>
					<Vertex X="41545" Y="31604" Z="0"/>
					<Vertex X="42030" Y="31766" Z="0"/>
					<Vertex X="42515" Y="31766" Z="0"/>
					<Vertex X="42839" Y="31847" Z="0"/>
					<Vertex X="43081" Y="31847" Z="0"/>
					<Vertex X="43243" Y="31927" Z="0"/>
					<Vertex X="43324" Y="31927" Z="0"/>
					<Vertex X="43485" Y="31927" Z="0"/>
					<Vertex X="43647" Y="31927" Z="0"/>
					<Vertex X="43889" Y="31927" Z="0"/>
					<Vertex X="44132" Y="31927" Z="0"/>
					<Vertex X="44455" Y="31927" Z="0"/>
					<Vertex X="44698" Y="31847" Z="0"/>
					<Vertex X="44940" Y="31685" Z="0"/>
					<Vertex X="45263" Y="31523" Z="0"/>
					<Vertex X="45344" Y="31442" Z="0"/>
					<Vertex X="45506" Y="31362" Z="0"/>
					<Vertex X="45668" Y="31281" Z="0"/>
					<Vertex X="45748" Y="31200" Z="0"/>
					<Vertex X="45829" Y="31200" Z="0"/>
					<Vertex X="46072" Y="31119" Z="0"/>
					<Vertex X="46314" Y="31038" Z="0"/>
					<Vertex X="46557" Y="31038" Z="0"/>
					<Vertex X="46880" Y="30957" Z="0"/>
					<Vertex X="47123" Y="30877" Z="0"/>
					<Vertex X="47365" Y="30877" Z="0"/>
					<Vertex X="47607" Y="30796" Z="0"/>
					<Vertex X="47769" Y="30796" Z="0"/>
					<Vertex X="48012" Y="30796" Z="0"/>
					<Vertex X="48254" Y="30796" Z="0"/>
					<Vertex X="48416" Y="30796" Z="0"/>
					<Vertex X="48739" Y="30715" Z="0"/>
					<Vertex X="48982" Y="30715" Z="0"/>
					<Vertex X="49305" Y="30634" Z="0"/>
					<Vertex X="49628" Y="30553" Z="0"/>
					<Vertex X="49951" Y="30553" Z="0"/>
					<Vertex X="50356" Y="30472" Z="0"/>
					<Vertex X="50679" Y="30392" Z="0"/>
					<Vertex X="51002" Y="30392" Z="0"/>
					<Vertex X="51245" Y="30311" Z="0"/>
					<Vertex X="51406" Y="30311" Z="0"/>
					<Vertex X="51649" Y="30311" Z="0"/>
					<Vertex X="51811" Y="30311" Z="0"/>
					<Vertex X="52053" Y="30311" Z="0"/>
					<Vertex X="52295" Y="30311" Z="0"/>
					<Vertex X="52376" Y="30311" Z="0"/>
					<Vertex X="52538" Y="30311" Z="0"/>
					<Vertex X="52700" Y="30311" Z="0"/>
					<Vertex X="52861" Y="30311" Z="0"/>
					<Vertex X="53265" Y="30311" Z="0"/>
					<Vertex X="53508" Y="30311" Z="0"/>
					<Vertex X="53750" Y="30392" Z="0"/>
					<Vertex X="54074" Y="30472" Z="0"/>
					<Vertex X="54478" Y="30472" Z="0"/>
					<Vertex X="54882" Y="30553" Z="0"/>
					<Vertex X="55205" Y="30553" Z="0"/>
					<Vertex X="55609" Y="30634" Z="0"/>
					<Vertex X="56014" Y="30634" Z="0"/>
					<Vertex X="56256" Y="30634" Z="0"/>
					<Vertex X="56499" Y="30634" Z="0"/>
					<Vertex X="56660" Y="30634" Z="0"/>
					<Vertex X="56741" Y="30634" Z="0"/>
					<Vertex X="56903" Y="30634" Z="0"/>
					<Vertex X="57064" Y="30634" Z="0"/>
					<Vertex X="57226" Y="30634" Z="0"/>
					<Vertex X="57549" Y="30634" Z="0"/>
					<Vertex X="57953" Y="30634" Z="0"/>
					<Vertex X="58358" Y="30634" Z="0"/>
					<Vertex X="58681" Y="30553" Z="0"/>
					<Vertex X="58923" Y="30553" Z="0"/>
					<Vertex X="59247" Y="30553" Z="0"/>
					<Vertex X="59408" Y="30553" Z="0"/>
					<Vertex X="59651" Y="30472" Z="0"/>
					<Vertex X="59893" Y="30472" Z="0"/>
					<Vertex X="60136" Y="30472" Z="0"/>
					<Vertex X="60378" Y="30472" Z="0"/>
					<Vertex X="60702" Y="30392" Z="0"/>
					<Vertex X="61025" Y="30392" Z="0"/>
					<Vertex X="61348" Y="30392" Z="0"/>
					<Vertex X="61752" Y="30392" Z="0"/>
					<Vertex X="62237" Y="30311" Z="0"/>
					<Vertex X="62722" Y="30230" Z="0"/>
					<Vertex X="63046" Y="30149" Z="0"/>
					<Vertex X="63369" Y="30149" Z="0"/>
					<Vertex X="63611" Y="29987" Z="0"/>
					<Vertex X="63854" Y="29987" Z="0"/>
					<Vertex X="64015" Y="29907" Z="0"/>
					<Vertex X="64177" Y="29826" Z="0"/>
					<Vertex X="64339" Y="29745" Z="0"/>
					<Vertex X="64500" Y="29583" Z="0"/>
					<Vertex X="64662" Y="29503" Z="0"/>
					<Vertex X="64743" Y="29341" Z="0"/>
					<Vertex X="64985" Y="29260" Z="0"/>
					<Vertex X="65066" Y="29098" Z="0"/>
					<Vertex X="65228" Y="28937" Z="0"/>
					<Vertex X="65390" Y="28856" Z="0"/>
					<Vertex X="65470" Y="28694" Z="0"/>
					<Vertex X="65632" Y="28533" Z="0"/>
					<Vertex X="65713" Y="28452" Z="0"/>
					<Vertex X="65875" Y="28209" Z="0"/>
					<Vertex X="66036" Y="28128" Z="0"/>
					<Vertex X="66198" Y="27967" Z="0"/>
					<Vertex X="66359" Y="27886" Z="0"/>
					<Vertex X="66602" Y="27805" Z="0"/>
					<Vertex X="66925" Y="27643" Z="0"/>
					<Vertex X="67168" Y="27643" Z="0"/>
					<Vertex X="67410" Y="27482" Z="0"/>
					<Vertex X="67653" Y="27401" Z="0"/>
					<Vertex X="67814" Y="27401" Z="0"/>
					<Vertex X="68057" Y="27320" Z="0"/>
					<Vertex X="68219" Y="27239" Z="0"/>
					<Vertex X="68461" Y="27159" Z="0"/>
					<Vertex X="68623" Y="27159" Z="0"/>
					<Vertex X="68865" Y="27159" Z="0"/>
					<Vertex X="69108" Y="27078" Z="0"/>
					<Vertex X="69350" Y="26997" Z="0"/>
					<Vertex X="69754" Y="26916" Z="0"/>
					<Vertex X="69997" Y="26916" Z="0"/>
					<Vertex X="70320" Y="26835" Z="0"/>
					<Vertex X="70563" Y="26835" Z="0"/>
					<Vertex X="70805" Y="26835" Z="0"/>
					<Vertex X="71047" Y="26754" Z="0"/>
					<Vertex X="71209" Y="26674" Z="0"/>
					<Vertex X="71371" Y="26674" Z="0"/>
					<Vertex X="71532" Y="26593" Z="0"/>
					<Vertex X="71775" Y="26593" Z="0"/>
					<Vertex X="71937" Y="26593" Z="0"/>
					<Vertex X="72179" Y="26593" Z="0"/>
					<Vertex X="72422" Y="26593" Z="0"/>
					<Vertex X="72664" Y="26512" Z="0"/>
					<Vertex X="72907" Y="26512" Z="0"/>
					<Vertex X="73149" Y="26512" Z="0"/>
					<Vertex X="73472" Y="26512" Z="0"/>
					<Vertex X="73957" Y="26512" Z="0"/>
					<Vertex X="74361" Y="26512" Z="0"/>
					<Vertex X="74766" Y="26512" Z="0"/>
					<Vertex X="75251" Y="26431" Z="0"/>
					<Vertex X="75655" Y="26431" Z="0"/>
					<Vertex X="76059" Y="26431" Z="0"/>
					<Vertex X="76382" Y="26431" Z="0"/>
					<Vertex X="76625" Y="26350" Z="0"/>
					<Vertex X="76867" Y="26350" Z="0"/>
					<Vertex X="76948" Y="26350" Z="0"/>
					<Vertex X="77110" Y="26269" Z="0"/>
					<Vertex X="77271" Y="26269" Z="0"/>
					<Vertex X="77352" Y="26269" Z="0"/>
					<Vertex X="77433" Y="26189" Z="0"/>
					<Vertex X="77595" Y="26108" Z="0"/>
					<Vertex X="77756" Y="26108" Z="0"/>
					<Vertex X="77918" Y="26027" Z="0"/>
					<Vertex X="78079" Y="25946" Z="0"/>
					<Vertex X="78241" Y="25865" Z="0"/>
					<Vertex X="78403" Y="25784" Z="0"/>
					<Vertex X="78564" Y="25623" Z="0"/>
					<Vertex X="78726" Y="25542" Z="0"/>
					<Vertex X="78807" Y="25461" Z="0"/>
					<Vertex X="78888" Y="25380" Z="0"/>
					<Vertex X="78969" Y="25299" Z="0"/>
					<Vertex X="79049" Y="25219" Z="0"/>
					<Vertex X="79130" Y="25138" Z="0"/>
					<Vertex X="79211" Y="25057" Z="0"/>
					<Vertex X="79292" Y="25057" Z="0"/>
					<Vertex X="79454" Y="24895" Z="0"/>
					<Vertex X="79615" Y="24895" Z="0"/>
					<Vertex X="79858" Y="24734" Z="0"/>
					<Vertex X="80100" Y="24653" Z="0"/>
					<Vertex X="80181" Y="24653" Z="0"/>
					<Vertex X="80423" Y="24572" Z="0"/>
					<Vertex X="80504" Y="24572" Z="0"/>
					<Vertex X="80504" Y="24491" Z="0"/>
					<Vertex X="80585" Y="24491" Z="0"/>
					<Vertex X="80666" Y="24491" Z="0"/>
					<Vertex X="80747" Y="24491" Z="0"/>
					<Vertex X="81070" Y="24410" Z="0"/>
					<Vertex X="81393" Y="24410" Z="0"/>
					<Vertex X="81717" Y="24410" Z="0"/>
					<Vertex X="82040" Y="24410" Z="0"/>
					<Vertex X="82363" Y="24410" Z="0"/>
					<Vertex X="82606" Y="24410" Z="0"/>
					<Vertex X="82929" Y="24410" Z="0"/>
					<Vertex X="83172" Y="24410" Z="0"/>
					<Vertex X="83414" Y="24410" Z="0"/>
					<Vertex X="83576" Y="24491" Z="0"/>
					<Vertex X="83818" Y="24572" Z="0"/>
					<Vertex X="83980" Y="24572" Z="0"/>
					<Vertex X="84142" Y="24572" Z="0"/>
					<Vertex X="84384" Y="24653" Z="0"/>
					<Vertex X="84546" Y="24734" Z="0"/>
					<Vertex X="84707" Y="24815" Z="0"/>
					<Vertex X="84869" Y="24815" Z="0"/>
					<Vertex X="84950" Y="24815" Z="0"/>
					<Vertex X="85111" Y="24815" Z="0"/>
					<Vertex X="85273" Y="24895" Z="0"/>
					<Vertex X="85435" Y="24976" Z="0"/>
					<Vertex X="85596" Y="24976" Z="0"/>
					<Vertex X="85677" Y="25057" Z="0"/>
					<Vertex X="85920" Y="25057" Z="0"/>
					<Vertex X="86243" Y="25138" Z="0"/>
					<Vertex X="86486" Y="25299" Z="0"/>
					<Vertex X="86728" Y="25299" Z="0"/>
					<Vertex X="86971" Y="25299" Z="0"/>
					<Vertex X="87132" Y="25380" Z="0"/>
					<Vertex X="87294" Y="25380" Z="0"/>
					<Vertex X="87536" Y="25380" Z="0"/>
					<Vertex X="87617" Y="25461" Z="0"/>
					<Vertex X="87698" Y="25461" Z="0"/>
					<Vertex X="87860" Y="25461" Z="0"/>
					<Vertex X="88021" Y="25542" Z="0"/>
					<Vertex X="88264" Y="25542" Z="0"/>
					<Vertex X="88587" Y="25542" Z="0"/>
					<Vertex X="88910" Y="25623" Z="0"/>
					<Vertex X="89234" Y="25623" Z="0"/>
					<Vertex X="89557" Y="25623" Z="0"/>
					<Vertex X="89880" Y="25704" Z="0"/>
					<Vertex X="90123" Y="25704" Z="0"/>
					<Vertex X="90204" Y="25704" Z="0"/>
					<Vertex X="90365" Y="25704" Z="0"/>
					<Vertex X="90446" Y="25704" Z="0"/>
					<Vertex X="90608" Y="25704" Z="0"/>
					<Vertex X="90689" Y="25704" Z="0"/>
					<Vertex X="90850" Y="25704" Z="0"/>
					<Vertex X="90931" Y="25704" Z="0"/>
					<Vertex X="91012" Y="25704" Z="0"/>
					<Vertex X="91174" Y="25704" Z="0"/>
					<Vertex X="91335" Y="25784" Z="0"/>
					<Vertex X="91416" Y="25784" Z="0"/>
					<Vertex X="91578" Y="25784" Z="0"/>
					<Vertex X="91739" Y="25784" Z="0"/>
					<Vertex X="91820" Y="25784" Z="0"/>
					<Vertex X="91901" Y="25784" Z="0"/>
					<Vertex X="91982" Y="25784" Z="0"/>
					<Vertex X="92063" Y="25784" Z="0"/>
					<Vertex X="92143" Y="25784" Z="0"/>
					<Vertex X="92143" Y="25704" Z="0"/>
					<Vertex X="92224" Y="25623" Z="0"/>
					<Vertex X="92305" Y="25542" Z="0"/>
					<Vertex X="92305" Y="25461" Z="0"/>
					<Vertex X="92386" Y="25461" Z="0"/>
					<Vertex X="92386" Y="25380" Z="0"/>
					<Vertex X="92467" Y="25299" Z="0"/>
					<Vertex X="92467" Y="25219" Z="0"/>
					<Vertex X="92548" Y="25219" Z="0"/>
					<Vertex X="92548" Y="25138" Z="0"/>
					<Vertex X="92548" Y="25057" Z="0"/>
					<Vertex X="92628" Y="24976" Z="0"/>
					<Vertex X="92709" Y="24895" Z="0"/>
					<Vertex X="92790" Y="24815" Z="0"/>
					<Vertex X="92790" Y="24734" Z="0"/>
					<Vertex X="92871" Y="24572" Z="0"/>
					<Vertex X="92952" Y="24491" Z="0"/>
					<Vertex X="93033" Y="24410" Z="0"/>
					<Vertex X="93113" Y="24249" Z="0"/>
					<Vertex X="93113" Y="24168" Z="0"/>
					<Vertex X="93194" Y="24006" Z="0"/>
					<Vertex X="93275" Y="24006" Z="0"/>
					<Vertex X="93275" Y="23925" Z="0"/>
					<Vertex X="93356" Y="23845" Z="0"/>
					<Vertex X="93356" Y="23764" Z="0"/>
					<Vertex X="93356" Y="23683" Z="0"/>
					<Vertex X="93437" Y="23602" Z="0"/>
					<Vertex X="93437" Y="23521" Z="0"/>
					<Vertex X="93437" Y="23440" Z="0"/>
					<Vertex X="93437" Y="23279" Z="0"/>
					<Vertex X="93437" Y="23198" Z="0"/>
					<Vertex X="93437" Y="23036" Z="0"/>
					<Vertex X="93437" Y="22955" Z="0"/>
					<Vertex X="93437" Y="22794" Z="0"/>
					<Vertex X="93437" Y="22713" Z="0"/>
					<Vertex X="93437" Y="22632" Z="0"/>
					<Vertex X="93437" Y="22471" Z="0"/>
					<Vertex X="93275" Y="22390" Z="0"/>
					<Vertex X="93194" Y="22228" Z="0"/>
					<Vertex X="93194" Y="22066" Z="0"/>
					<Vertex X="93033" Y="21824" Z="0"/>
					<Vertex X="92871" Y="21581" Z="0"/>
					<Vertex X="92709" Y="21420" Z="0"/>
					<Vertex X="92628" Y="21096" Z="0"/>
					<Vertex X="92386" Y="20935" Z="0"/>
					<Vertex X="92305" Y="20692" Z="0"/>
					<Vertex X="92143" Y="20531" Z="0"/>
					<Vertex X="92063" Y="20369" Z="0"/>
					<Vertex X="91901" Y="20207" Z="0"/>
					<Vertex X="91820" Y="20046" Z="0"/>
					<Vertex X="91659" Y="19803" Z="0"/>
					<Vertex X="91578" Y="19561" Z="0"/>
					<Vertex X="91416" Y="19399" Z="0"/>
					<Vertex X="91335" Y="19318" Z="0"/>
					<Vertex X="91174" Y="19076" Z="0"/>
					<Vertex X="91093" Y="18995" Z="0"/>
					<Vertex X="90931" Y="18833" Z="0"/>
					<Vertex X="90769" Y="18672" Z="0"/>
					<Vertex X="90689" Y="18510" Z="0"/>
					<Vertex X="90527" Y="18429" Z="0"/>
					<Vertex X="90365" Y="18348" Z="0"/>
					<Vertex X="90284" Y="18187" Z="0"/>
					<Vertex X="90123" Y="18187" Z="0"/>
					<Vertex X="90042" Y="18106" Z="0"/>
					<Vertex X="89961" Y="18025" Z="0"/>
					<Vertex X="89799" Y="18025" Z="0"/>
					<Vertex X="89557" Y="17863" Z="0"/>
					<Vertex X="89315" Y="17783" Z="0"/>
					<Vertex X="89153" Y="17783" Z="0"/>
					<Vertex X="88910" Y="17702" Z="0"/>
					<Vertex X="88668" Y="17621" Z="0"/>
					<Vertex X="88345" Y="17540" Z="0"/>
					<Vertex X="88021" Y="17378" Z="0"/>
					<Vertex X="87779" Y="17378" Z="0"/>
					<Vertex X="87536" Y="17298" Z="0"/>
					<Vertex X="87294" Y="17217" Z="0"/>
					<Vertex X="86890" Y="17136" Z="0"/>
					<Vertex X="86647" Y="17136" Z="0"/>
					<Vertex X="86324" Y="17055" Z="0"/>
					<Vertex X="86001" Y="16974" Z="0"/>
					<Vertex X="85758" Y="16974" Z="0"/>
					<Vertex X="85516" Y="16974" Z="0"/>
					<Vertex X="85354" Y="16974" Z="0"/>
					<Vertex X="85192" Y="16974" Z="0"/>
					<Vertex X="84950" Y="16974" Z="0"/>
					<Vertex X="84707" Y="16974" Z="0"/>
					<Vertex X="84465" Y="16974" Z="0"/>
					<Vertex X="84384" Y="16974" Z="0"/>
					<Vertex X="84222" Y="16974" Z="0"/>
					<Vertex X="83980" Y="16974" Z="0"/>
					<Vertex X="83818" Y="16974" Z="0"/>
					<Vertex X="83576" Y="16974" Z="0"/>
					<Vertex X="83252" Y="16974" Z="0"/>
					<Vertex X="82929" Y="16974" Z="0"/>
					<Vertex X="82444" Y="16974" Z="0"/>
					<Vertex X="82121" Y="16974" Z="0"/>
					<Vertex X="81717" Y="16974" Z="0"/>
					<Vertex X="81232" Y="16974" Z="0"/>
					<Vertex X="80828" Y="16974" Z="0"/>
					<Vertex X="80262" Y="16893" Z="0"/>
					<Vertex X="79777" Y="16893" Z="0"/>
					<Vertex X="79292" Y="16893" Z="0"/>
					<Vertex X="78726" Y="16813" Z="0"/>
					<Vertex X="78403" Y="16813" Z="0"/>
					<Vertex X="77837" Y="16813" Z="0"/>
					<Vertex X="77514" Y="16732" Z="0"/>
					<Vertex X="77190" Y="16732" Z="0"/>
					<Vertex X="76948" Y="16732" Z="0"/>
					<Vertex X="76625" Y="16732" Z="0"/>
					<Vertex X="76382" Y="16732" Z="0"/>
					<Vertex X="76059" Y="16732" Z="0"/>
					<Vertex X="75816" Y="16732" Z="0"/>
					<Vertex X="75574" Y="16732" Z="0"/>
					<Vertex X="75170" Y="16732" Z="0"/>
					<Vertex X="74927" Y="16732" Z="0"/>
					<Vertex X="74685" Y="16732" Z="0"/>
					<Vertex X="74442" Y="16732" Z="0"/>
					<Vertex X="74119" Y="16732" Z="0"/>
					<Vertex X="73715" Y="16732" Z="0"/>
					<Vertex X="73391" Y="16732" Z="0"/>
					<Vertex X="73068" Y="16732" Z="0"/>
					<Vertex X="72826" Y="16732" Z="0"/>
					<Vertex X="72664" Y="16732" Z="0"/>
					<Vertex X="72422" Y="16732" Z="0"/>
					<Vertex X="72098" Y="16732" Z="0"/>
					<Vertex X="71775" Y="16732" Z="0"/>
					<Vertex X="71452" Y="16732" Z="0"/>
					<Vertex X="71128" Y="16732" Z="0"/>
					<Vertex X="70805" Y="16732" Z="0"/>
					<Vertex X="70401" Y="16732" Z="0"/>
					<Vertex X="70158" Y="16732" Z="0"/>
					<Vertex X="69997" Y="16732" Z="0"/>
					<Vertex X="69835" Y="16732" Z="0"/>
					<Vertex X="69673" Y="16732" Z="0"/>
					<Vertex X="69431" Y="16732" Z="0"/>
					<Vertex X="69108" Y="16651" Z="0"/>
					<Vertex X="68865" Y="16651" Z="0"/>
					<Vertex X="68623" Y="16651" Z="0"/>
					<Vertex X="68380" Y="16651" Z="0"/>
					<Vertex X="68219" Y="16570" Z="0"/>
					<Vertex X="67976" Y="16570" Z="0"/>
					<Vertex X="67734" Y="16570" Z="0"/>
					<Vertex X="67410" Y="16570" Z="0"/>
					<Vertex X="67006" Y="16489" Z="0"/>
					<Vertex X="66683" Y="16408" Z="0"/>
					<Vertex X="66359" Y="16408" Z="0"/>
					<Vertex X="66117" Y="16328" Z="0"/>
					<Vertex X="65794" Y="16328" Z="0"/>
					<Vertex X="65470" Y="16247" Z="0"/>
					<Vertex X="65228" Y="16247" Z="0"/>
					<Vertex X="64985" Y="16247" Z="0"/>
					<Vertex X="64743" Y="16166" Z="0"/>
					<Vertex X="64420" Y="16085" Z="0"/>
					<Vertex X="64177" Y="16004" Z="0"/>
					<Vertex X="63935" Y="16004" Z="0"/>
					<Vertex X="63692" Y="15923" Z="0"/>
					<Vertex X="63531" Y="15923" Z="0"/>
					<Vertex X="63288" Y="15843" Z="0"/>
					<Vertex X="63046" Y="15843" Z="0"/>
					<Vertex X="62803" Y="15762" Z="0"/>
					<Vertex X="62641" Y="15681" Z="0"/>
					<Vertex X="62399" Y="15681" Z="0"/>
					<Vertex X="62076" Y="15681" Z="0"/>
					<Vertex X="61752" Y="15600" Z="0"/>
					<Vertex X="61510" Y="15519" Z="0"/>
					<Vertex X="61187" Y="15519" Z="0"/>
					<Vertex X="60782" Y="15358" Z="0"/>
					<Vertex X="60621" Y="15358" Z="0"/>
					<Vertex X="60540" Y="15358" Z="0"/>
					<Vertex X="60459" Y="15358" Z="0"/>
					<Vertex X="60378" Y="15277" Z="0"/>
					<Vertex X="60297" Y="15277" Z="0"/>
					<Vertex X="60217" Y="15196" Z="0"/>
					<Vertex X="60055" Y="15196" Z="0"/>
					<Vertex X="59812" Y="15196" Z="0"/>
					<Vertex X="59570" Y="15115" Z="0"/>
					<Vertex X="59327" Y="15115" Z="0"/>
					<Vertex X="59085" Y="15034" Z="0"/>
					<Vertex X="58923" Y="15034" Z="0"/>
					<Vertex X="58681" Y="14954" Z="0"/>
					<Vertex X="58438" Y="14954" Z="0"/>
					<Vertex X="58196" Y="14954" Z="0"/>
					<Vertex X="58115" Y="14954" Z="0"/>
					<Vertex X="57953" Y="14954" Z="0"/>
					<Vertex X="57873" Y="14954" Z="0"/>
					<Vertex X="57792" Y="14954" Z="0"/>
					<Vertex X="57711" Y="14954" Z="0"/>
					<Vertex X="57468" Y="14954" Z="0"/>
					<Vertex X="57388" Y="14954" Z="0"/>
					<Vertex X="57307" Y="14954" Z="0"/>
					<Vertex X="57226" Y="15034" Z="0"/>
					<Vertex X="57226" Y="15115" Z="0"/>
					<Vertex X="57145" Y="15115" Z="0"/>
					<Vertex X="56418" Y="15196" Z="0"/>
				</Vertices>
			</Region>
			<Region Id="2" Type="0" Zoom="0.037906" Selected="0" ImageLocation="" ImageFocus="-1" Length="40346.2" Area="101922789.0" LengthMicrons="9186.8" AreaMicrons="5284420.2" Text="" NegativeROA="0" InputRegionId="0" Analyze="1" DisplayId="2">
				<Attributes/>
				<Vertices>
					<Vertex X="13063" Y="30789" Z="0"/>
					<Vertex X="13150" Y="31020" Z="0"/>
					<Vertex X="13208" Y="31165" Z="0"/>
					<Vertex X="13237" Y="31310" Z="0"/>
					<Vertex X="13237" Y="31426" Z="0"/>
					<Vertex X="13266" Y="31600" Z="0"/>
					<Vertex X="13266" Y="31715" Z="0"/>
					<Vertex X="13266" Y="31831" Z="0"/>
					<Vertex X="13266" Y="31918" Z="0"/>
					<Vertex X="13266" Y="32034" Z="0"/>
					<Vertex X="13266" Y="32121" Z="0"/>
					<Vertex X="13266" Y="32237" Z="0"/>
					<Vertex X="13266" Y="32324" Z="0"/>
					<Vertex X="13266" Y="32382" Z="0"/>
					<Vertex X="13266" Y="32440" Z="0"/>
					<Vertex X="13266" Y="32498" Z="0"/>
					<Vertex X="13266" Y="32584" Z="0"/>
					<Vertex X="13237" Y="32642" Z="0"/>
					<Vertex X="13208" Y="32700" Z="0"/>
					<Vertex X="13208" Y="32758" Z="0"/>
					<Vertex X="13208" Y="32816" Z="0"/>
					<Vertex X="13179" Y="32874" Z="0"/>
					<Vertex X="13150" Y="32961" Z="0"/>
					<Vertex X="13121" Y="33048" Z="0"/>
					<Vertex X="13121" Y="33193" Z="0"/>
					<Vertex X="13063" Y="33309" Z="0"/>
					<Vertex X="13005" Y="33424" Z="0"/>
					<Vertex X="12976" Y="33453" Z="0"/>
					<Vertex X="12947" Y="33482" Z="0"/>
					<Vertex X="12918" Y="33569" Z="0"/>
					<Vertex X="12918" Y="33598" Z="0"/>
					<Vertex X="12889" Y="33656" Z="0"/>
					<Vertex X="12831" Y="33714" Z="0"/>
					<Vertex X="12831" Y="33743" Z="0"/>
					<Vertex X="12802" Y="33743" Z="0"/>
					<Vertex X="12773" Y="33801" Z="0"/>
					<Vertex X="12773" Y="33830" Z="0"/>
					<Vertex X="12744" Y="33859" Z="0"/>
					<Vertex X="12744" Y="33917" Z="0"/>
					<Vertex X="12686" Y="33946" Z="0"/>
					<Vertex X="12628" Y="34004" Z="0"/>
					<Vertex X="12570" Y="34062" Z="0"/>
					<Vertex X="12512" Y="34091" Z="0"/>
					<Vertex X="12512" Y="34120" Z="0"/>
					<Vertex X="12483" Y="34120" Z="0"/>
					<Vertex X="12483" Y="34148" Z="0"/>
					<Vertex X="12455" Y="34177" Z="0"/>
					<Vertex X="12426" Y="34206" Z="0"/>
					<Vertex X="12368" Y="34235" Z="0"/>
					<Vertex X="12252" Y="34351" Z="0"/>
					<Vertex X="12078" Y="34438" Z="0"/>
					<Vertex X="11933" Y="34525" Z="0"/>
					<Vertex X="11817" Y="34612" Z="0"/>
					<Vertex X="11730" Y="34699" Z="0"/>
					<Vertex X="11615" Y="34786" Z="0"/>
					<Vertex X="11528" Y="34902" Z="0"/>
					<Vertex X="11441" Y="34959" Z="0"/>
					<Vertex X="11383" Y="35046" Z="0"/>
					<Vertex X="11325" Y="35133" Z="0"/>
					<Vertex X="11238" Y="35191" Z="0"/>
					<Vertex X="11209" Y="35278" Z="0"/>
					<Vertex X="11151" Y="35365" Z="0"/>
					<Vertex X="11122" Y="35423" Z="0"/>
					<Vertex X="11064" Y="35510" Z="0"/>
					<Vertex X="11006" Y="35655" Z="0"/>
					<Vertex X="10948" Y="35828" Z="0"/>
					<Vertex X="10890" Y="35915" Z="0"/>
					<Vertex X="10833" Y="36060" Z="0"/>
					<Vertex X="10775" Y="36147" Z="0"/>
					<Vertex X="10717" Y="36263" Z="0"/>
					<Vertex X="10688" Y="36379" Z="0"/>
					<Vertex X="10659" Y="36437" Z="0"/>
					<Vertex X="10601" Y="36524" Z="0"/>
					<Vertex X="10601" Y="36610" Z="0"/>
					<Vertex X="10543" Y="36755" Z="0"/>
					<Vertex X="10514" Y="36871" Z="0"/>
					<Vertex X="10485" Y="36987" Z="0"/>
					<Vertex X="10427" Y="37161" Z="0"/>
					<Vertex X="10398" Y="37277" Z="0"/>
					<Vertex X="10369" Y="37450" Z="0"/>
					<Vertex X="10369" Y="37537" Z="0"/>
					<Vertex X="10369" Y="37595" Z="0"/>
					<Vertex X="10369" Y="37653" Z="0"/>
					<Vertex X="10369" Y="37740" Z="0"/>
					<Vertex X="10369" Y="37798" Z="0"/>
					<Vertex X="10369" Y="37856" Z="0"/>
					<Vertex X="10369" Y="37885" Z="0"/>
					<Vertex X="10369" Y="37914" Z="0"/>
					<Vertex X="10369" Y="38001" Z="0"/>
					<Vertex X="10369" Y="38030" Z="0"/>
					<Vertex X="10369" Y="38117" Z="0"/>
					<Vertex X="10369" Y="38203" Z="0"/>
					<Vertex X="10398" Y="38290" Z="0"/>
					<Vertex X="10427" Y="38377" Z="0"/>
					<Vertex X="10456" Y="38493" Z="0"/>
					<Vertex X="10456" Y="38609" Z="0"/>
					<Vertex X="10485" Y="38667" Z="0"/>
					<Vertex X="10514" Y="38754" Z="0"/>
					<Vertex X="10543" Y="38812" Z="0"/>
					<Vertex X="10543" Y="38899" Z="0"/>
					<Vertex X="10543" Y="38986" Z="0"/>
					<Vertex X="10572" Y="39101" Z="0"/>
					<Vertex X="10630" Y="39275" Z="0"/>
					<Vertex X="10688" Y="39391" Z="0"/>
					<Vertex X="10746" Y="39536" Z="0"/>
					<Vertex X="10746" Y="39594" Z="0"/>
					<Vertex X="10775" Y="39652" Z="0"/>
					<Vertex X="10804" Y="39710" Z="0"/>
					<Vertex X="10833" Y="39797" Z="0"/>
					<Vertex X="10890" Y="39912" Z="0"/>
					<Vertex X="10919" Y="40028" Z="0"/>
					<Vertex X="10948" Y="40144" Z="0"/>
					<Vertex X="11006" Y="40318" Z="0"/>
					<Vertex X="11064" Y="40463" Z="0"/>
					<Vertex X="11122" Y="40636" Z="0"/>
					<Vertex X="11180" Y="40868" Z="0"/>
					<Vertex X="11267" Y="41042" Z="0"/>
					<Vertex X="11325" Y="41216" Z="0"/>
					<Vertex X="11354" Y="41361" Z="0"/>
					<Vertex X="11412" Y="41476" Z="0"/>
					<Vertex X="11441" Y="41563" Z="0"/>
					<Vertex X="11470" Y="41621" Z="0"/>
					<Vertex X="11470" Y="41679" Z="0"/>
					<Vertex X="11470" Y="41708" Z="0"/>
					<Vertex X="11499" Y="41766" Z="0"/>
					<Vertex X="11528" Y="41824" Z="0"/>
					<Vertex X="11557" Y="41911" Z="0"/>
					<Vertex X="11586" Y="41998" Z="0"/>
					<Vertex X="11615" Y="42056" Z="0"/>
					<Vertex X="11644" Y="42085" Z="0"/>
					<Vertex X="11644" Y="42172" Z="0"/>
					<Vertex X="11672" Y="42230" Z="0"/>
					<Vertex X="11701" Y="42316" Z="0"/>
					<Vertex X="11730" Y="42403" Z="0"/>
					<Vertex X="11759" Y="42461" Z="0"/>
					<Vertex X="11788" Y="42548" Z="0"/>
					<Vertex X="11817" Y="42664" Z="0"/>
					<Vertex X="11846" Y="42751" Z="0"/>
					<Vertex X="11875" Y="42838" Z="0"/>
					<Vertex X="11904" Y="42896" Z="0"/>
					<Vertex X="11933" Y="42983" Z="0"/>
					<Vertex X="11962" Y="43069" Z="0"/>
					<Vertex X="12020" Y="43185" Z="0"/>
					<Vertex X="12049" Y="43214" Z="0"/>
					<Vertex X="12078" Y="43272" Z="0"/>
					<Vertex X="12107" Y="43330" Z="0"/>
					<Vertex X="12136" Y="43417" Z="0"/>
					<Vertex X="12165" Y="43533" Z="0"/>
					<Vertex X="12223" Y="43649" Z="0"/>
					<Vertex X="12252" Y="43707" Z="0"/>
					<Vertex X="12281" Y="43736" Z="0"/>
					<Vertex X="12310" Y="43794" Z="0"/>
					<Vertex X="12310" Y="43823" Z="0"/>
					<Vertex X="12339" Y="43852" Z="0"/>
					<Vertex X="12339" Y="43880" Z="0"/>
					<Vertex X="12339" Y="43909" Z="0"/>
					<Vertex X="12397" Y="44025" Z="0"/>
					<Vertex X="12455" Y="44170" Z="0"/>
					<Vertex X="12483" Y="44257" Z="0"/>
					<Vertex X="12512" Y="44286" Z="0"/>
					<Vertex X="12541" Y="44315" Z="0"/>
					<Vertex X="12541" Y="44344" Z="0"/>
					<Vertex X="12541" Y="44373" Z="0"/>
					<Vertex X="12599" Y="44373" Z="0"/>
					<Vertex X="12889" Y="44605" Z="0"/>
					<Vertex X="13121" Y="44778" Z="0"/>
					<Vertex X="13323" Y="44894" Z="0"/>
					<Vertex X="13497" Y="45010" Z="0"/>
					<Vertex X="13584" Y="45068" Z="0"/>
					<Vertex X="13700" Y="45126" Z="0"/>
					<Vertex X="13700" Y="45155" Z="0"/>
					<Vertex X="13729" Y="45155" Z="0"/>
					<Vertex X="13758" Y="45155" Z="0"/>
					<Vertex X="13787" Y="45155" Z="0"/>
					<Vertex X="13816" Y="45155" Z="0"/>
					<Vertex X="13845" Y="45155" Z="0"/>
					<Vertex X="13874" Y="45155" Z="0"/>
					<Vertex X="14019" Y="45039" Z="0"/>
					<Vertex X="14134" Y="44952" Z="0"/>
					<Vertex X="14366" Y="44807" Z="0"/>
					<Vertex X="14569" Y="44720" Z="0"/>
					<Vertex X="14685" Y="44691" Z="0"/>
					<Vertex X="14772" Y="44605" Z="0"/>
					<Vertex X="14830" Y="44576" Z="0"/>
					<Vertex X="14859" Y="44518" Z="0"/>
					<Vertex X="14888" Y="44489" Z="0"/>
					<Vertex X="14916" Y="44431" Z="0"/>
					<Vertex X="15003" Y="44315" Z="0"/>
					<Vertex X="15061" Y="44257" Z="0"/>
					<Vertex X="15148" Y="44228" Z="0"/>
					<Vertex X="15206" Y="44141" Z="0"/>
					<Vertex X="15235" Y="44083" Z="0"/>
					<Vertex X="15293" Y="44054" Z="0"/>
					<Vertex X="15322" Y="43967" Z="0"/>
					<Vertex X="15380" Y="43938" Z="0"/>
					<Vertex X="15438" Y="43880" Z="0"/>
					<Vertex X="15467" Y="43823" Z="0"/>
					<Vertex X="15525" Y="43794" Z="0"/>
					<Vertex X="15554" Y="43736" Z="0"/>
					<Vertex X="15583" Y="43736" Z="0"/>
					<Vertex X="15612" Y="43707" Z="0"/>
					<Vertex X="15670" Y="43649" Z="0"/>
					<Vertex X="15699" Y="43591" Z="0"/>
					<Vertex X="15756" Y="43504" Z="0"/>
					<Vertex X="15843" Y="43446" Z="0"/>
					<Vertex X="15872" Y="43417" Z="0"/>
					<Vertex X="15930" Y="43359" Z="0"/>
					<Vertex X="15988" Y="43330" Z="0"/>
					<Vertex X="16046" Y="43243" Z="0"/>
					<Vertex X="16104" Y="43185" Z="0"/>
					<Vertex X="16191" Y="43069" Z="0"/>
					<Vertex X="16278" Y="42983" Z="0"/>
					<Vertex X="16365" Y="42896" Z="0"/>
					<Vertex X="16423" Y="42838" Z="0"/>
					<Vertex X="16481" Y="42751" Z="0"/>
					<Vertex X="16510" Y="42722" Z="0"/>
					<Vertex X="16567" Y="42664" Z="0"/>
					<Vertex X="16625" Y="42548" Z="0"/>
					<Vertex X="16683" Y="42490" Z="0"/>
					<Vertex X="16712" Y="42432" Z="0"/>
					<Vertex X="16770" Y="42374" Z="0"/>
					<Vertex X="16799" Y="42316" Z="0"/>
					<Vertex X="16857" Y="42258" Z="0"/>
					<Vertex X="16915" Y="42143" Z="0"/>
					<Vertex X="17031" Y="42056" Z="0"/>
					<Vertex X="17089" Y="41998" Z="0"/>
					<Vertex X="17205" Y="41911" Z="0"/>
					<Vertex X="17234" Y="41882" Z="0"/>
					<Vertex X="17292" Y="41824" Z="0"/>
					<Vertex X="17378" Y="41795" Z="0"/>
					<Vertex X="17407" Y="41737" Z="0"/>
					<Vertex X="17436" Y="41737" Z="0"/>
					<Vertex X="17494" Y="41708" Z="0"/>
					<Vertex X="17523" Y="41650" Z="0"/>
					<Vertex X="17581" Y="41621" Z="0"/>
					<Vertex X="17610" Y="41592" Z="0"/>
					<Vertex X="17639" Y="41534" Z="0"/>
					<Vertex X="17726" Y="41505" Z="0"/>
					<Vertex X="17784" Y="41447" Z="0"/>
					<Vertex X="17813" Y="41419" Z="0"/>
					<Vertex X="17871" Y="41361" Z="0"/>
					<Vertex X="17900" Y="41332" Z="0"/>
					<Vertex X="17958" Y="41303" Z="0"/>
					<Vertex X="18016" Y="41274" Z="0"/>
					<Vertex X="18045" Y="41216" Z="0"/>
					<Vertex X="18103" Y="41187" Z="0"/>
					<Vertex X="18189" Y="41129" Z="0"/>
					<Vertex X="18218" Y="41042" Z="0"/>
					<Vertex X="18305" Y="40984" Z="0"/>
					<Vertex X="18334" Y="40955" Z="0"/>
					<Vertex X="18363" Y="40897" Z="0"/>
					<Vertex X="18450" Y="40868" Z="0"/>
					<Vertex X="18450" Y="40810" Z="0"/>
					<Vertex X="18508" Y="40781" Z="0"/>
					<Vertex X="18537" Y="40723" Z="0"/>
					<Vertex X="18566" Y="40694" Z="0"/>
					<Vertex X="18595" Y="40636" Z="0"/>
					<Vertex X="18653" Y="40579" Z="0"/>
					<Vertex X="18711" Y="40521" Z="0"/>
					<Vertex X="18798" Y="40434" Z="0"/>
					<Vertex X="18856" Y="40347" Z="0"/>
					<Vertex X="18971" Y="40260" Z="0"/>
					<Vertex X="19000" Y="40202" Z="0"/>
					<Vertex X="19029" Y="40202" Z="0"/>
					<Vertex X="19058" Y="40144" Z="0"/>
					<Vertex X="19087" Y="40115" Z="0"/>
					<Vertex X="19145" Y="40057" Z="0"/>
					<Vertex X="19203" Y="39941" Z="0"/>
					<Vertex X="19290" Y="39883" Z="0"/>
					<Vertex X="19319" Y="39825" Z="0"/>
					<Vertex X="19377" Y="39768" Z="0"/>
					<Vertex X="19435" Y="39710" Z="0"/>
					<Vertex X="19464" Y="39652" Z="0"/>
					<Vertex X="19493" Y="39623" Z="0"/>
					<Vertex X="19522" Y="39536" Z="0"/>
					<Vertex X="19551" Y="39478" Z="0"/>
					<Vertex X="19609" Y="39449" Z="0"/>
					<Vertex X="19609" Y="39391" Z="0"/>
					<Vertex X="19638" Y="39333" Z="0"/>
					<Vertex X="19696" Y="39275" Z="0"/>
					<Vertex X="19725" Y="39217" Z="0"/>
					<Vertex X="19754" Y="39130" Z="0"/>
					<Vertex X="19782" Y="39072" Z="0"/>
					<Vertex X="19811" Y="39043" Z="0"/>
					<Vertex X="19840" Y="38986" Z="0"/>
					<Vertex X="19840" Y="38957" Z="0"/>
					<Vertex X="19869" Y="38928" Z="0"/>
					<Vertex X="19898" Y="38870" Z="0"/>
					<Vertex X="19898" Y="38812" Z="0"/>
					<Vertex X="19956" Y="38783" Z="0"/>
					<Vertex X="20014" Y="38638" Z="0"/>
					<Vertex X="20043" Y="38580" Z="0"/>
					<Vertex X="20101" Y="38522" Z="0"/>
					<Vertex X="20130" Y="38435" Z="0"/>
					<Vertex X="20188" Y="38377" Z="0"/>
					<Vertex X="20188" Y="38290" Z="0"/>
					<Vertex X="20217" Y="38261" Z="0"/>
					<Vertex X="20246" Y="38203" Z="0"/>
					<Vertex X="20275" Y="38146" Z="0"/>
					<Vertex X="20275" Y="38059" Z="0"/>
					<Vertex X="20333" Y="38030" Z="0"/>
					<Vertex X="20362" Y="37943" Z="0"/>
					<Vertex X="20362" Y="37827" Z="0"/>
					<Vertex X="20391" Y="37711" Z="0"/>
					<Vertex X="20420" Y="37624" Z="0"/>
					<Vertex X="20449" Y="37566" Z="0"/>
					<Vertex X="20449" Y="37508" Z="0"/>
					<Vertex X="20449" Y="37479" Z="0"/>
					<Vertex X="20478" Y="37421" Z="0"/>
					<Vertex X="20478" Y="37364" Z="0"/>
					<Vertex X="20478" Y="37306" Z="0"/>
					<Vertex X="20478" Y="37248" Z="0"/>
					<Vertex X="20507" Y="37190" Z="0"/>
					<Vertex X="20536" Y="37103" Z="0"/>
					<Vertex X="20536" Y="37045" Z="0"/>
					<Vertex X="20536" Y="36958" Z="0"/>
					<Vertex X="20565" Y="36871" Z="0"/>
					<Vertex X="20593" Y="36813" Z="0"/>
					<Vertex X="20593" Y="36755" Z="0"/>
					<Vertex X="20622" Y="36726" Z="0"/>
					<Vertex X="20622" Y="36639" Z="0"/>
					<Vertex X="20622" Y="36553" Z="0"/>
					<Vertex X="20622" Y="36524" Z="0"/>
					<Vertex X="20622" Y="36466" Z="0"/>
					<Vertex X="20651" Y="36408" Z="0"/>
					<Vertex X="20651" Y="36350" Z="0"/>
					<Vertex X="20651" Y="36234" Z="0"/>
					<Vertex X="20680" Y="36147" Z="0"/>
					<Vertex X="20680" Y="36060" Z="0"/>
					<Vertex X="20680" Y="35973" Z="0"/>
					<Vertex X="20680" Y="35886" Z="0"/>
					<Vertex X="20680" Y="35828" Z="0"/>
					<Vertex X="20709" Y="35742" Z="0"/>
					<Vertex X="20709" Y="35655" Z="0"/>
					<Vertex X="20709" Y="35568" Z="0"/>
					<Vertex X="20709" Y="35481" Z="0"/>
					<Vertex X="20738" Y="35365" Z="0"/>
					<Vertex X="20738" Y="35278" Z="0"/>
					<Vertex X="20738" Y="35191" Z="0"/>
					<Vertex X="20738" Y="35104" Z="0"/>
					<Vertex X="20738" Y="34988" Z="0"/>
					<Vertex X="20767" Y="34902" Z="0"/>
					<Vertex X="20767" Y="34844" Z="0"/>
					<Vertex X="20767" Y="34757" Z="0"/>
					<Vertex X="20767" Y="34728" Z="0"/>
					<Vertex X="20767" Y="34670" Z="0"/>
					<Vertex X="20767" Y="34612" Z="0"/>
					<Vertex X="20767" Y="34583" Z="0"/>
					<Vertex X="20767" Y="34554" Z="0"/>
					<Vertex X="20767" Y="34525" Z="0"/>
					<Vertex X="20767" Y="34496" Z="0"/>
					<Vertex X="20767" Y="34467" Z="0"/>
					<Vertex X="20767" Y="34438" Z="0"/>
					<Vertex X="20767" Y="34380" Z="0"/>
					<Vertex X="20738" Y="34351" Z="0"/>
					<Vertex X="20738" Y="34322" Z="0"/>
					<Vertex X="20709" Y="34264" Z="0"/>
					<Vertex X="20680" Y="34235" Z="0"/>
					<Vertex X="20680" Y="34206" Z="0"/>
					<Vertex X="20651" Y="34177" Z="0"/>
					<Vertex X="20651" Y="34148" Z="0"/>
					<Vertex X="20622" Y="34120" Z="0"/>
					<Vertex X="20593" Y="34091" Z="0"/>
					<Vertex X="20593" Y="34062" Z="0"/>
					<Vertex X="20565" Y="34033" Z="0"/>
					<Vertex X="20536" Y="34004" Z="0"/>
					<Vertex X="20507" Y="33946" Z="0"/>
					<Vertex X="20478" Y="33917" Z="0"/>
					<Vertex X="20449" Y="33859" Z="0"/>
					<Vertex X="20420" Y="33830" Z="0"/>
					<Vertex X="20362" Y="33772" Z="0"/>
					<Vertex X="20362" Y="33714" Z="0"/>
					<Vertex X="20304" Y="33656" Z="0"/>
					<Vertex X="20275" Y="33627" Z="0"/>
					<Vertex X="20217" Y="33569" Z="0"/>
					<Vertex X="20188" Y="33540" Z="0"/>
					<Vertex X="20159" Y="33482" Z="0"/>
					<Vertex X="20130" Y="33453" Z="0"/>
					<Vertex X="20101" Y="33424" Z="0"/>
					<Vertex X="20072" Y="33366" Z="0"/>
					<Vertex X="20043" Y="33337" Z="0"/>
					<Vertex X="20043" Y="33309" Z="0"/>
					<Vertex X="20014" Y="33280" Z="0"/>
					<Vertex X="19985" Y="33280" Z="0"/>
					<Vertex X="19985" Y="33251" Z="0"/>
					<Vertex X="19956" Y="33193" Z="0"/>
					<Vertex X="19898" Y="33135" Z="0"/>
					<Vertex X="19869" Y="33077" Z="0"/>
					<Vertex X="19811" Y="32990" Z="0"/>
					<Vertex X="19782" Y="32932" Z="0"/>
					<Vertex X="19725" Y="32874" Z="0"/>
					<Vertex X="19667" Y="32787" Z="0"/>
					<Vertex X="19551" Y="32613" Z="0"/>
					<Vertex X="19435" Y="32469" Z="0"/>
					<Vertex X="19377" Y="32382" Z="0"/>
					<Vertex X="19261" Y="32266" Z="0"/>
					<Vertex X="19203" Y="32179" Z="0"/>
					<Vertex X="19174" Y="32121" Z="0"/>
					<Vertex X="19145" Y="32092" Z="0"/>
					<Vertex X="19087" Y="32092" Z="0"/>
					<Vertex X="19029" Y="32005" Z="0"/>
					<Vertex X="18943" Y="31918" Z="0"/>
					<Vertex X="18856" Y="31802" Z="0"/>
					<Vertex X="18740" Y="31687" Z="0"/>
					<Vertex X="18624" Y="31542" Z="0"/>
					<Vertex X="18537" Y="31426" Z="0"/>
					<Vertex X="18421" Y="31368" Z="0"/>
					<Vertex X="18363" Y="31281" Z="0"/>
					<Vertex X="18305" Y="31281" Z="0"/>
					<Vertex X="18305" Y="31252" Z="0"/>
					<Vertex X="18276" Y="31223" Z="0"/>
					<Vertex X="18247" Y="31223" Z="0"/>
					<Vertex X="18247" Y="31194" Z="0"/>
					<Vertex X="18189" Y="31165" Z="0"/>
					<Vertex X="18045" Y="31078" Z="0"/>
					<Vertex X="17929" Y="31049" Z="0"/>
					<Vertex X="17784" Y="30962" Z="0"/>
					<Vertex X="17639" Y="30876" Z="0"/>
					<Vertex X="17581" Y="30818" Z="0"/>
					<Vertex X="17552" Y="30818" Z="0"/>
					<Vertex X="17465" Y="30818" Z="0"/>
					<Vertex X="16944" Y="30760" Z="0"/>
					<Vertex X="16654" Y="30760" Z="0"/>
					<Vertex X="16336" Y="30731" Z="0"/>
					<Vertex X="16162" Y="30731" Z="0"/>
					<Vertex X="16075" Y="30731" Z="0"/>
					<Vertex X="16017" Y="30731" Z="0"/>
					<Vertex X="15988" Y="30731" Z="0"/>
					<Vertex X="15670" Y="30557" Z="0"/>
					<Vertex X="15583" Y="30499" Z="0"/>
					<Vertex X="15496" Y="30470" Z="0"/>
					<Vertex X="15467" Y="30470" Z="0"/>
					<Vertex X="15438" Y="30470" Z="0"/>
					<Vertex X="15409" Y="30470" Z="0"/>
					<Vertex X="15380" Y="30470" Z="0"/>
					<Vertex X="15322" Y="30470" Z="0"/>
					<Vertex X="15293" Y="30470" Z="0"/>
					<Vertex X="15235" Y="30470" Z="0"/>
					<Vertex X="15177" Y="30470" Z="0"/>
					<Vertex X="15148" Y="30470" Z="0"/>
					<Vertex X="15061" Y="30470" Z="0"/>
					<Vertex X="15032" Y="30470" Z="0"/>
					<Vertex X="15003" Y="30470" Z="0"/>
					<Vertex X="14974" Y="30470" Z="0"/>
					<Vertex X="14945" Y="30470" Z="0"/>
					<Vertex X="14859" Y="30470" Z="0"/>
					<Vertex X="14743" Y="30470" Z="0"/>
					<Vertex X="14714" Y="30470" Z="0"/>
					<Vertex X="14685" Y="30470" Z="0"/>
					<Vertex X="14656" Y="30470" Z="0"/>
					<Vertex X="14627" Y="30470" Z="0"/>
					<Vertex X="14511" Y="30470" Z="0"/>
					<Vertex X="14424" Y="30470" Z="0"/>
					<Vertex X="14308" Y="30470" Z="0"/>
					<Vertex X="14192" Y="30470" Z="0"/>
					<Vertex X="14105" Y="30441" Z="0"/>
					<Vertex X="14077" Y="30441" Z="0"/>
					<Vertex X="14019" Y="30441" Z="0"/>
					<Vertex X="13961" Y="30441" Z="0"/>
					<Vertex X="13932" Y="30441" Z="0"/>
					<Vertex X="13903" Y="30441" Z="0"/>
					<Vertex X="13845" Y="30441" Z="0"/>
					<Vertex X="13700" Y="30441" Z="0"/>
					<Vertex X="13671" Y="30441" Z="0"/>
					<Vertex X="13613" Y="30441" Z="0"/>
					<Vertex X="13584" Y="30441" Z="0"/>
					<Vertex X="13555" Y="30441" Z="0"/>
					<Vertex X="13526" Y="30441" Z="0"/>
					<Vertex X="13497" Y="30441" Z="0"/>
					<Vertex X="13468" Y="30441" Z="0"/>
					<Vertex X="13439" Y="30441" Z="0"/>
					<Vertex X="13381" Y="30557" Z="0"/>
					<Vertex X="13266" Y="30673" Z="0"/>
					<Vertex X="13237" Y="30702" Z="0"/>
					<Vertex X="13237" Y="30731" Z="0"/>
					<Vertex X="13063" Y="30789" Z="0"/>
				</Vertices>
			</Region>
			<Region Id="3" Type="0" Zoom="0.037906" Selected="0" ImageLocation="" ImageFocus="-1" Length="28922.4" Area="43918579.0" LengthMicrons="6585.6" AreaMicrons="2277059.2" Text="" NegativeROA="0" InputRegionId="0" Analyze="1" DisplayId="3">
				<Attributes/>
				<Vertices>
					<Vertex X="20014" Y="40898" Z="0"/>
					<Vertex X="20043" Y="40898" Z="0"/>
					<Vertex X="20130" Y="40898" Z="0"/>
					<Vertex X="20159" Y="40898" Z="0"/>
					<Vertex X="20188" Y="40898" Z="0"/>
					<Vertex X="20217" Y="40898" Z="0"/>
					<Vertex X="20246" Y="40898" Z="0"/>
					<Vertex X="20275" Y="40898" Z="0"/>
					<Vertex X="20333" Y="40898" Z="0"/>
					<Vertex X="20362" Y="40927" Z="0"/>
					<Vertex X="20420" Y="40927" Z="0"/>
					<Vertex X="20478" Y="40985" Z="0"/>
					<Vertex X="20506" Y="40985" Z="0"/>
					<Vertex X="20564" Y="41042" Z="0"/>
					<Vertex X="20593" Y="41071" Z="0"/>
					<Vertex X="20622" Y="41071" Z="0"/>
					<Vertex X="20622" Y="41100" Z="0"/>
					<Vertex X="20709" Y="41129" Z="0"/>
					<Vertex X="20709" Y="41187" Z="0"/>
					<Vertex X="20767" Y="41216" Z="0"/>
					<Vertex X="20767" Y="41245" Z="0"/>
					<Vertex X="20796" Y="41303" Z="0"/>
					<Vertex X="20825" Y="41361" Z="0"/>
					<Vertex X="20825" Y="41390" Z="0"/>
					<Vertex X="20854" Y="41477" Z="0"/>
					<Vertex X="20883" Y="41593" Z="0"/>
					<Vertex X="20912" Y="41680" Z="0"/>
					<Vertex X="20912" Y="41738" Z="0"/>
					<Vertex X="20941" Y="41824" Z="0"/>
					<Vertex X="20941" Y="41911" Z="0"/>
					<Vertex X="20970" Y="41969" Z="0"/>
					<Vertex X="20970" Y="41998" Z="0"/>
					<Vertex X="20999" Y="42085" Z="0"/>
					<Vertex X="21028" Y="42172" Z="0"/>
					<Vertex X="21028" Y="42230" Z="0"/>
					<Vertex X="21028" Y="42259" Z="0"/>
					<Vertex X="21028" Y="42288" Z="0"/>
					<Vertex X="21057" Y="42288" Z="0"/>
					<Vertex X="21057" Y="42346" Z="0"/>
					<Vertex X="21086" Y="42346" Z="0"/>
					<Vertex X="21115" Y="42404" Z="0"/>
					<Vertex X="21144" Y="42433" Z="0"/>
					<Vertex X="21173" Y="42520" Z="0"/>
					<Vertex X="21202" Y="42549" Z="0"/>
					<Vertex X="21260" Y="42607" Z="0"/>
					<Vertex X="21289" Y="42635" Z="0"/>
					<Vertex X="21317" Y="42635" Z="0"/>
					<Vertex X="21346" Y="42664" Z="0"/>
					<Vertex X="21375" Y="42664" Z="0"/>
					<Vertex X="21375" Y="42693" Z="0"/>
					<Vertex X="21404" Y="42693" Z="0"/>
					<Vertex X="21433" Y="42722" Z="0"/>
					<Vertex X="21462" Y="42722" Z="0"/>
					<Vertex X="21491" Y="42722" Z="0"/>
					<Vertex X="21549" Y="42751" Z="0"/>
					<Vertex X="21578" Y="42751" Z="0"/>
					<Vertex X="21607" Y="42751" Z="0"/>
					<Vertex X="21636" Y="42751" Z="0"/>
					<Vertex X="21665" Y="42751" Z="0"/>
					<Vertex X="21723" Y="42751" Z="0"/>
					<Vertex X="21752" Y="42751" Z="0"/>
					<Vertex X="21781" Y="42751" Z="0"/>
					<Vertex X="21839" Y="42751" Z="0"/>
					<Vertex X="21897" Y="42751" Z="0"/>
					<Vertex X="21926" Y="42780" Z="0"/>
					<Vertex X="22013" Y="42780" Z="0"/>
					<Vertex X="22013" Y="42809" Z="0"/>
					<Vertex X="22042" Y="42809" Z="0"/>
					<Vertex X="22071" Y="42809" Z="0"/>
					<Vertex X="22128" Y="42809" Z="0"/>
					<Vertex X="22157" Y="42809" Z="0"/>
					<Vertex X="22244" Y="42838" Z="0"/>
					<Vertex X="22273" Y="42838" Z="0"/>
					<Vertex X="22302" Y="42867" Z="0"/>
					<Vertex X="22331" Y="42867" Z="0"/>
					<Vertex X="22447" Y="42896" Z="0"/>
					<Vertex X="22476" Y="42896" Z="0"/>
					<Vertex X="22505" Y="42896" Z="0"/>
					<Vertex X="22563" Y="42896" Z="0"/>
					<Vertex X="22592" Y="42896" Z="0"/>
					<Vertex X="22621" Y="42925" Z="0"/>
					<Vertex X="22737" Y="42954" Z="0"/>
					<Vertex X="22853" Y="43041" Z="0"/>
					<Vertex X="22968" Y="43128" Z="0"/>
					<Vertex X="23113" Y="43186" Z="0"/>
					<Vertex X="23229" Y="43273" Z="0"/>
					<Vertex X="23287" Y="43302" Z="0"/>
					<Vertex X="23287" Y="43331" Z="0"/>
					<Vertex X="23316" Y="43331" Z="0"/>
					<Vertex X="23432" Y="43418" Z="0"/>
					<Vertex X="23490" Y="43533" Z="0"/>
					<Vertex X="23606" Y="43649" Z="0"/>
					<Vertex X="23722" Y="43765" Z="0"/>
					<Vertex X="23779" Y="43881" Z="0"/>
					<Vertex X="23866" Y="43968" Z="0"/>
					<Vertex X="23895" Y="44026" Z="0"/>
					<Vertex X="23953" Y="44084" Z="0"/>
					<Vertex X="23982" Y="44142" Z="0"/>
					<Vertex X="24011" Y="44171" Z="0"/>
					<Vertex X="24011" Y="44200" Z="0"/>
					<Vertex X="24040" Y="44229" Z="0"/>
					<Vertex X="24098" Y="44286" Z="0"/>
					<Vertex X="24127" Y="44344" Z="0"/>
					<Vertex X="24185" Y="44402" Z="0"/>
					<Vertex X="24243" Y="44460" Z="0"/>
					<Vertex X="24272" Y="44518" Z="0"/>
					<Vertex X="24330" Y="44547" Z="0"/>
					<Vertex X="24330" Y="44576" Z="0"/>
					<Vertex X="24330" Y="44605" Z="0"/>
					<Vertex X="24359" Y="44692" Z="0"/>
					<Vertex X="24359" Y="44721" Z="0"/>
					<Vertex X="24359" Y="44779" Z="0"/>
					<Vertex X="24359" Y="44808" Z="0"/>
					<Vertex X="24359" Y="44866" Z="0"/>
					<Vertex X="24359" Y="44924" Z="0"/>
					<Vertex X="24330" Y="44953" Z="0"/>
					<Vertex X="24330" Y="44982" Z="0"/>
					<Vertex X="24301" Y="45097" Z="0"/>
					<Vertex X="24272" Y="45155" Z="0"/>
					<Vertex X="24214" Y="45213" Z="0"/>
					<Vertex X="24185" Y="45242" Z="0"/>
					<Vertex X="24098" Y="45329" Z="0"/>
					<Vertex X="24069" Y="45358" Z="0"/>
					<Vertex X="24011" Y="45416" Z="0"/>
					<Vertex X="23982" Y="45416" Z="0"/>
					<Vertex X="23982" Y="45445" Z="0"/>
					<Vertex X="23953" Y="45445" Z="0"/>
					<Vertex X="23895" Y="45474" Z="0"/>
					<Vertex X="23837" Y="45532" Z="0"/>
					<Vertex X="23693" Y="45561" Z="0"/>
					<Vertex X="23548" Y="45619" Z="0"/>
					<Vertex X="23374" Y="45677" Z="0"/>
					<Vertex X="23171" Y="45735" Z="0"/>
					<Vertex X="22997" Y="45793" Z="0"/>
					<Vertex X="22882" Y="45822" Z="0"/>
					<Vertex X="22766" Y="45851" Z="0"/>
					<Vertex X="22679" Y="45851" Z="0"/>
					<Vertex X="22534" Y="45879" Z="0"/>
					<Vertex X="22447" Y="45908" Z="0"/>
					<Vertex X="22418" Y="45937" Z="0"/>
					<Vertex X="22360" Y="45966" Z="0"/>
					<Vertex X="22273" Y="45966" Z="0"/>
					<Vertex X="22215" Y="45995" Z="0"/>
					<Vertex X="22186" Y="46024" Z="0"/>
					<Vertex X="22100" Y="46024" Z="0"/>
					<Vertex X="22013" Y="46053" Z="0"/>
					<Vertex X="21868" Y="46082" Z="0"/>
					<Vertex X="21723" Y="46111" Z="0"/>
					<Vertex X="21578" Y="46140" Z="0"/>
					<Vertex X="21462" Y="46198" Z="0"/>
					<Vertex X="21317" Y="46256" Z="0"/>
					<Vertex X="21231" Y="46256" Z="0"/>
					<Vertex X="21173" Y="46314" Z="0"/>
					<Vertex X="21115" Y="46343" Z="0"/>
					<Vertex X="21057" Y="46372" Z="0"/>
					<Vertex X="20999" Y="46401" Z="0"/>
					<Vertex X="20970" Y="46459" Z="0"/>
					<Vertex X="20912" Y="46488" Z="0"/>
					<Vertex X="20854" Y="46546" Z="0"/>
					<Vertex X="20825" Y="46575" Z="0"/>
					<Vertex X="20738" Y="46633" Z="0"/>
					<Vertex X="20709" Y="46690" Z="0"/>
					<Vertex X="20651" Y="46748" Z="0"/>
					<Vertex X="20593" Y="46806" Z="0"/>
					<Vertex X="20593" Y="46835" Z="0"/>
					<Vertex X="20535" Y="46864" Z="0"/>
					<Vertex X="20506" Y="46922" Z="0"/>
					<Vertex X="20478" Y="46951" Z="0"/>
					<Vertex X="20449" Y="47009" Z="0"/>
					<Vertex X="20449" Y="47067" Z="0"/>
					<Vertex X="20420" Y="47096" Z="0"/>
					<Vertex X="20391" Y="47154" Z="0"/>
					<Vertex X="20391" Y="47241" Z="0"/>
					<Vertex X="20362" Y="47299" Z="0"/>
					<Vertex X="20333" Y="47357" Z="0"/>
					<Vertex X="20304" Y="47386" Z="0"/>
					<Vertex X="20304" Y="47444" Z="0"/>
					<Vertex X="20304" Y="47473" Z="0"/>
					<Vertex X="20275" Y="47473" Z="0"/>
					<Vertex X="20275" Y="47501" Z="0"/>
					<Vertex X="20275" Y="47530" Z="0"/>
					<Vertex X="20246" Y="47588" Z="0"/>
					<Vertex X="20217" Y="47617" Z="0"/>
					<Vertex X="20188" Y="47704" Z="0"/>
					<Vertex X="20130" Y="47762" Z="0"/>
					<Vertex X="20101" Y="47791" Z="0"/>
					<Vertex X="20043" Y="47878" Z="0"/>
					<Vertex X="20014" Y="47907" Z="0"/>
					<Vertex X="19985" Y="47965" Z="0"/>
					<Vertex X="19956" Y="48023" Z="0"/>
					<Vertex X="19898" Y="48081" Z="0"/>
					<Vertex X="19898" Y="48110" Z="0"/>
					<Vertex X="19869" Y="48168" Z="0"/>
					<Vertex X="19840" Y="48168" Z="0"/>
					<Vertex X="19840" Y="48197" Z="0"/>
					<Vertex X="19811" Y="48226" Z="0"/>
					<Vertex X="19811" Y="48284" Z="0"/>
					<Vertex X="19753" Y="48312" Z="0"/>
					<Vertex X="19753" Y="48341" Z="0"/>
					<Vertex X="19695" Y="48428" Z="0"/>
					<Vertex X="19667" Y="48457" Z="0"/>
					<Vertex X="19638" Y="48486" Z="0"/>
					<Vertex X="19609" Y="48544" Z="0"/>
					<Vertex X="19551" Y="48602" Z="0"/>
					<Vertex X="19522" Y="48660" Z="0"/>
					<Vertex X="19464" Y="48718" Z="0"/>
					<Vertex X="19406" Y="48776" Z="0"/>
					<Vertex X="19348" Y="48834" Z="0"/>
					<Vertex X="19290" Y="48863" Z="0"/>
					<Vertex X="19232" Y="48921" Z="0"/>
					<Vertex X="19116" Y="49008" Z="0"/>
					<Vertex X="19087" Y="49066" Z="0"/>
					<Vertex X="19000" Y="49152" Z="0"/>
					<Vertex X="18913" Y="49181" Z="0"/>
					<Vertex X="18884" Y="49239" Z="0"/>
					<Vertex X="18856" Y="49239" Z="0"/>
					<Vertex X="18798" Y="49268" Z="0"/>
					<Vertex X="18740" Y="49268" Z="0"/>
					<Vertex X="18653" Y="49326" Z="0"/>
					<Vertex X="18537" Y="49326" Z="0"/>
					<Vertex X="18334" Y="49355" Z="0"/>
					<Vertex X="18131" Y="49384" Z="0"/>
					<Vertex X="17958" Y="49413" Z="0"/>
					<Vertex X="17813" Y="49442" Z="0"/>
					<Vertex X="17668" Y="49442" Z="0"/>
					<Vertex X="17552" Y="49471" Z="0"/>
					<Vertex X="17465" Y="49471" Z="0"/>
					<Vertex X="17436" Y="49471" Z="0"/>
					<Vertex X="17378" Y="49471" Z="0"/>
					<Vertex X="17349" Y="49471" Z="0"/>
					<Vertex X="17320" Y="49471" Z="0"/>
					<Vertex X="17291" Y="49471" Z="0"/>
					<Vertex X="17262" Y="49471" Z="0"/>
					<Vertex X="17234" Y="49471" Z="0"/>
					<Vertex X="17176" Y="49471" Z="0"/>
					<Vertex X="17002" Y="49413" Z="0"/>
					<Vertex X="16770" Y="49297" Z="0"/>
					<Vertex X="16509" Y="49181" Z="0"/>
					<Vertex X="16220" Y="49066" Z="0"/>
					<Vertex X="15930" Y="48921" Z="0"/>
					<Vertex X="15756" Y="48863" Z="0"/>
					<Vertex X="15640" Y="48776" Z="0"/>
					<Vertex X="15583" Y="48776" Z="0"/>
					<Vertex X="15554" Y="48747" Z="0"/>
					<Vertex X="15525" Y="48747" Z="0"/>
					<Vertex X="15496" Y="48747" Z="0"/>
					<Vertex X="15438" Y="48747" Z="0"/>
					<Vertex X="15351" Y="48602" Z="0"/>
					<Vertex X="15235" Y="48428" Z="0"/>
					<Vertex X="15148" Y="48255" Z="0"/>
					<Vertex X="15061" Y="48110" Z="0"/>
					<Vertex X="15003" Y="48052" Z="0"/>
					<Vertex X="14974" Y="48023" Z="0"/>
					<Vertex X="14945" Y="48023" Z="0"/>
					<Vertex X="14916" Y="48023" Z="0"/>
					<Vertex X="14887" Y="48023" Z="0"/>
					<Vertex X="14829" Y="47936" Z="0"/>
					<Vertex X="14772" Y="47791" Z="0"/>
					<Vertex X="14685" Y="47617" Z="0"/>
					<Vertex X="14598" Y="47473" Z="0"/>
					<Vertex X="14540" Y="47415" Z="0"/>
					<Vertex X="14511" Y="47357" Z="0"/>
					<Vertex X="14453" Y="47270" Z="0"/>
					<Vertex X="14453" Y="47212" Z="0"/>
					<Vertex X="14395" Y="47154" Z="0"/>
					<Vertex X="14395" Y="47125" Z="0"/>
					<Vertex X="14366" Y="47067" Z="0"/>
					<Vertex X="14366" Y="47038" Z="0"/>
					<Vertex X="14366" Y="47009" Z="0"/>
					<Vertex X="14366" Y="46980" Z="0"/>
					<Vertex X="14366" Y="46951" Z="0"/>
					<Vertex X="14366" Y="46922" Z="0"/>
					<Vertex X="14366" Y="46864" Z="0"/>
					<Vertex X="14366" Y="46835" Z="0"/>
					<Vertex X="14395" Y="46777" Z="0"/>
					<Vertex X="14424" Y="46719" Z="0"/>
					<Vertex X="14424" Y="46633" Z="0"/>
					<Vertex X="14453" Y="46604" Z="0"/>
					<Vertex X="14482" Y="46575" Z="0"/>
					<Vertex X="14482" Y="46488" Z="0"/>
					<Vertex X="14511" Y="46459" Z="0"/>
					<Vertex X="14569" Y="46430" Z="0"/>
					<Vertex X="14598" Y="46343" Z="0"/>
					<Vertex X="14627" Y="46314" Z="0"/>
					<Vertex X="14685" Y="46227" Z="0"/>
					<Vertex X="14743" Y="46169" Z="0"/>
					<Vertex X="14801" Y="46111" Z="0"/>
					<Vertex X="14829" Y="46082" Z="0"/>
					<Vertex X="14887" Y="46024" Z="0"/>
					<Vertex X="14916" Y="45995" Z="0"/>
					<Vertex X="14974" Y="45937" Z="0"/>
					<Vertex X="15003" Y="45879" Z="0"/>
					<Vertex X="15061" Y="45851" Z="0"/>
					<Vertex X="15119" Y="45764" Z="0"/>
					<Vertex X="15148" Y="45735" Z="0"/>
					<Vertex X="15206" Y="45706" Z="0"/>
					<Vertex X="15264" Y="45648" Z="0"/>
					<Vertex X="15293" Y="45619" Z="0"/>
					<Vertex X="15409" Y="45532" Z="0"/>
					<Vertex X="15467" Y="45474" Z="0"/>
					<Vertex X="15554" Y="45387" Z="0"/>
					<Vertex X="15698" Y="45271" Z="0"/>
					<Vertex X="15756" Y="45213" Z="0"/>
					<Vertex X="15843" Y="45184" Z="0"/>
					<Vertex X="15872" Y="45126" Z="0"/>
					<Vertex X="15901" Y="45097" Z="0"/>
					<Vertex X="15930" Y="45068" Z="0"/>
					<Vertex X="15988" Y="45040" Z="0"/>
					<Vertex X="15988" Y="45011" Z="0"/>
					<Vertex X="16046" Y="44982" Z="0"/>
					<Vertex X="16075" Y="44924" Z="0"/>
					<Vertex X="16104" Y="44895" Z="0"/>
					<Vertex X="16191" Y="44808" Z="0"/>
					<Vertex X="16220" Y="44750" Z="0"/>
					<Vertex X="16278" Y="44692" Z="0"/>
					<Vertex X="16336" Y="44634" Z="0"/>
					<Vertex X="16394" Y="44576" Z="0"/>
					<Vertex X="16423" Y="44547" Z="0"/>
					<Vertex X="16480" Y="44489" Z="0"/>
					<Vertex X="16538" Y="44460" Z="0"/>
					<Vertex X="16567" Y="44402" Z="0"/>
					<Vertex X="16625" Y="44344" Z="0"/>
					<Vertex X="16683" Y="44315" Z="0"/>
					<Vertex X="16712" Y="44229" Z="0"/>
					<Vertex X="16799" Y="44200" Z="0"/>
					<Vertex X="16857" Y="44142" Z="0"/>
					<Vertex X="16886" Y="44113" Z="0"/>
					<Vertex X="16944" Y="44055" Z="0"/>
					<Vertex X="16973" Y="43997" Z="0"/>
					<Vertex X="17060" Y="43910" Z="0"/>
					<Vertex X="17118" Y="43881" Z="0"/>
					<Vertex X="17147" Y="43823" Z="0"/>
					<Vertex X="17205" Y="43765" Z="0"/>
					<Vertex X="17234" Y="43736" Z="0"/>
					<Vertex X="17291" Y="43678" Z="0"/>
					<Vertex X="17291" Y="43649" Z="0"/>
					<Vertex X="17349" Y="43591" Z="0"/>
					<Vertex X="17378" Y="43562" Z="0"/>
					<Vertex X="17436" Y="43504" Z="0"/>
					<Vertex X="17494" Y="43446" Z="0"/>
					<Vertex X="17523" Y="43418" Z="0"/>
					<Vertex X="17581" Y="43360" Z="0"/>
					<Vertex X="17610" Y="43302" Z="0"/>
					<Vertex X="17668" Y="43273" Z="0"/>
					<Vertex X="17755" Y="43186" Z="0"/>
					<Vertex X="17813" Y="43128" Z="0"/>
					<Vertex X="17871" Y="43070" Z="0"/>
					<Vertex X="17900" Y="43012" Z="0"/>
					<Vertex X="17929" Y="42983" Z="0"/>
					<Vertex X="17987" Y="42925" Z="0"/>
					<Vertex X="17987" Y="42896" Z="0"/>
					<Vertex X="18045" Y="42867" Z="0"/>
					<Vertex X="18073" Y="42838" Z="0"/>
					<Vertex X="18131" Y="42780" Z="0"/>
					<Vertex X="18160" Y="42722" Z="0"/>
					<Vertex X="18218" Y="42693" Z="0"/>
					<Vertex X="18247" Y="42635" Z="0"/>
					<Vertex X="18276" Y="42578" Z="0"/>
					<Vertex X="18305" Y="42549" Z="0"/>
					<Vertex X="18334" Y="42491" Z="0"/>
					<Vertex X="18363" Y="42462" Z="0"/>
					<Vertex X="18421" Y="42433" Z="0"/>
					<Vertex X="18421" Y="42375" Z="0"/>
					<Vertex X="18450" Y="42375" Z="0"/>
					<Vertex X="18479" Y="42317" Z="0"/>
					<Vertex X="18508" Y="42288" Z="0"/>
					<Vertex X="18537" Y="42259" Z="0"/>
					<Vertex X="18595" Y="42201" Z="0"/>
					<Vertex X="18624" Y="42172" Z="0"/>
					<Vertex X="18624" Y="42143" Z="0"/>
					<Vertex X="18653" Y="42143" Z="0"/>
					<Vertex X="18653" Y="42085" Z="0"/>
					<Vertex X="18711" Y="42056" Z="0"/>
					<Vertex X="18769" Y="41998" Z="0"/>
					<Vertex X="18798" Y="41940" Z="0"/>
					<Vertex X="18884" Y="41911" Z="0"/>
					<Vertex X="18913" Y="41853" Z="0"/>
					<Vertex X="18971" Y="41824" Z="0"/>
					<Vertex X="18971" Y="41796" Z="0"/>
					<Vertex X="19000" Y="41796" Z="0"/>
					<Vertex X="19029" Y="41738" Z="0"/>
					<Vertex X="19058" Y="41680" Z="0"/>
					<Vertex X="19116" Y="41651" Z="0"/>
					<Vertex X="19174" Y="41564" Z="0"/>
					<Vertex X="19232" Y="41535" Z="0"/>
					<Vertex X="19290" Y="41477" Z="0"/>
					<Vertex X="19319" Y="41448" Z="0"/>
					<Vertex X="19348" Y="41419" Z="0"/>
					<Vertex X="19377" Y="41419" Z="0"/>
					<Vertex X="19406" Y="41390" Z="0"/>
					<Vertex X="19464" Y="41332" Z="0"/>
					<Vertex X="19493" Y="41303" Z="0"/>
					<Vertex X="19551" Y="41245" Z="0"/>
					<Vertex X="19580" Y="41216" Z="0"/>
					<Vertex X="19609" Y="41216" Z="0"/>
					<Vertex X="19638" Y="41187" Z="0"/>
					<Vertex X="19724" Y="41100" Z="0"/>
					<Vertex X="19782" Y="41042" Z="0"/>
					<Vertex X="19840" Y="40985" Z="0"/>
					<Vertex X="20014" Y="40898" Z="0"/>
				</Vertices>
			</Region>
			<Region Id="4" Type="0" Zoom="0.086552" Selected="1" ImageLocation="" ImageFocus="-1" Length="19815.1" Area="22704433.5" LengthMicrons="4511.9" AreaMicrons="1177163.3" Text="" NegativeROA="0" InputRegionId="0" Analyze="1" DisplayId="4">
				<Attributes/>
				<Vertices>
					<Vertex X="27172" Y="31776" Z="0"/>
					<Vertex X="27070" Y="31776" Z="0"/>
					<Vertex X="26931" Y="31776" Z="0"/>
					<Vertex X="26804" Y="31776" Z="0"/>
					<Vertex X="26677" Y="31776" Z="0"/>
					<Vertex X="26639" Y="31776" Z="0"/>
					<Vertex X="26626" Y="31776" Z="0"/>
					<Vertex X="26613" Y="31776" Z="0"/>
					<Vertex X="26575" Y="31789" Z="0"/>
					<Vertex X="26461" Y="31827" Z="0"/>
					<Vertex X="26347" Y="31865" Z="0"/>
					<Vertex X="26233" Y="31890" Z="0"/>
					<Vertex X="26144" Y="31903" Z="0"/>
					<Vertex X="26093" Y="31928" Z="0"/>
					<Vertex X="26043" Y="31941" Z="0"/>
					<Vertex X="25992" Y="31966" Z="0"/>
					<Vertex X="25967" Y="31966" Z="0"/>
					<Vertex X="25903" Y="31992" Z="0"/>
					<Vertex X="25827" Y="32005" Z="0"/>
					<Vertex X="25764" Y="32017" Z="0"/>
					<Vertex X="25675" Y="32030" Z="0"/>
					<Vertex X="25599" Y="32043" Z="0"/>
					<Vertex X="25510" Y="32043" Z="0"/>
					<Vertex X="25446" Y="32043" Z="0"/>
					<Vertex X="25370" Y="32055" Z="0"/>
					<Vertex X="25307" Y="32055" Z="0"/>
					<Vertex X="25269" Y="32055" Z="0"/>
					<Vertex X="25256" Y="32055" Z="0"/>
					<Vertex X="25231" Y="32055" Z="0"/>
					<Vertex X="25218" Y="32055" Z="0"/>
					<Vertex X="25205" Y="32055" Z="0"/>
					<Vertex X="25193" Y="32055" Z="0"/>
					<Vertex X="25155" Y="32081" Z="0"/>
					<Vertex X="25104" Y="32106" Z="0"/>
					<Vertex X="25028" Y="32144" Z="0"/>
					<Vertex X="24914" Y="32182" Z="0"/>
					<Vertex X="24825" Y="32220" Z="0"/>
					<Vertex X="24774" Y="32246" Z="0"/>
					<Vertex X="24711" Y="32258" Z="0"/>
					<Vertex X="24673" Y="32284" Z="0"/>
					<Vertex X="24647" Y="32296" Z="0"/>
					<Vertex X="24635" Y="32309" Z="0"/>
					<Vertex X="24622" Y="32322" Z="0"/>
					<Vertex X="24609" Y="32347" Z="0"/>
					<Vertex X="24584" Y="32360" Z="0"/>
					<Vertex X="24571" Y="32398" Z="0"/>
					<Vertex X="24533" Y="32449" Z="0"/>
					<Vertex X="24508" Y="32487" Z="0"/>
					<Vertex X="24457" Y="32563" Z="0"/>
					<Vertex X="24406" Y="32626" Z="0"/>
					<Vertex X="24368" Y="32702" Z="0"/>
					<Vertex X="24330" Y="32753" Z="0"/>
					<Vertex X="24292" Y="32804" Z="0"/>
					<Vertex X="24279" Y="32829" Z="0"/>
					<Vertex X="24267" Y="32867" Z="0"/>
					<Vertex X="24267" Y="32880" Z="0"/>
					<Vertex X="24254" Y="32892" Z="0"/>
					<Vertex X="24241" Y="32918" Z="0"/>
					<Vertex X="24241" Y="32931" Z="0"/>
					<Vertex X="24241" Y="32956" Z="0"/>
					<Vertex X="24241" Y="32994" Z="0"/>
					<Vertex X="24229" Y="33032" Z="0"/>
					<Vertex X="24203" Y="33070" Z="0"/>
					<Vertex X="24191" Y="33095" Z="0"/>
					<Vertex X="24191" Y="33121" Z="0"/>
					<Vertex X="24165" Y="33146" Z="0"/>
					<Vertex X="24165" Y="33159" Z="0"/>
					<Vertex X="24153" Y="33184" Z="0"/>
					<Vertex X="24127" Y="33222" Z="0"/>
					<Vertex X="24127" Y="33235" Z="0"/>
					<Vertex X="24102" Y="33248" Z="0"/>
					<Vertex X="24102" Y="33273" Z="0"/>
					<Vertex X="24076" Y="33298" Z="0"/>
					<Vertex X="24064" Y="33324" Z="0"/>
					<Vertex X="24051" Y="33362" Z="0"/>
					<Vertex X="24013" Y="33413" Z="0"/>
					<Vertex X="23988" Y="33438" Z="0"/>
					<Vertex X="23950" Y="33489" Z="0"/>
					<Vertex X="23911" Y="33527" Z="0"/>
					<Vertex X="23873" Y="33577" Z="0"/>
					<Vertex X="23861" Y="33590" Z="0"/>
					<Vertex X="23823" Y="33616" Z="0"/>
					<Vertex X="23810" Y="33641" Z="0"/>
					<Vertex X="23797" Y="33654" Z="0"/>
					<Vertex X="23785" Y="33679" Z="0"/>
					<Vertex X="23785" Y="33692" Z="0"/>
					<Vertex X="23772" Y="33704" Z="0"/>
					<Vertex X="23759" Y="33730" Z="0"/>
					<Vertex X="23747" Y="33755" Z="0"/>
					<Vertex X="23721" Y="33780" Z="0"/>
					<Vertex X="23709" Y="33806" Z="0"/>
					<Vertex X="23683" Y="33831" Z="0"/>
					<Vertex X="23658" Y="33857" Z="0"/>
					<Vertex X="23645" Y="33882" Z="0"/>
					<Vertex X="23620" Y="33933" Z="0"/>
					<Vertex X="23594" Y="33958" Z="0"/>
					<Vertex X="23569" Y="33971" Z="0"/>
					<Vertex X="23569" Y="33996" Z="0"/>
					<Vertex X="23544" Y="34021" Z="0"/>
					<Vertex X="23544" Y="34034" Z="0"/>
					<Vertex X="23531" Y="34060" Z="0"/>
					<Vertex X="23518" Y="34085" Z="0"/>
					<Vertex X="23506" Y="34098" Z="0"/>
					<Vertex X="23506" Y="34110" Z="0"/>
					<Vertex X="23506" Y="34136" Z="0"/>
					<Vertex X="23506" Y="34148" Z="0"/>
					<Vertex X="23506" Y="34161" Z="0"/>
					<Vertex X="23506" Y="34186" Z="0"/>
					<Vertex X="23506" Y="34199" Z="0"/>
					<Vertex X="23518" Y="34224" Z="0"/>
					<Vertex X="23531" Y="34237" Z="0"/>
					<Vertex X="23531" Y="34250" Z="0"/>
					<Vertex X="23544" Y="34250" Z="0"/>
					<Vertex X="23556" Y="34263" Z="0"/>
					<Vertex X="23582" Y="34288" Z="0"/>
					<Vertex X="23620" Y="34301" Z="0"/>
					<Vertex X="23645" Y="34326" Z="0"/>
					<Vertex X="23683" Y="34339" Z="0"/>
					<Vertex X="23734" Y="34377" Z="0"/>
					<Vertex X="23747" Y="34389" Z="0"/>
					<Vertex X="23772" Y="34402" Z="0"/>
					<Vertex X="23785" Y="34415" Z="0"/>
					<Vertex X="23797" Y="34415" Z="0"/>
					<Vertex X="23810" Y="34427" Z="0"/>
					<Vertex X="23823" Y="34427" Z="0"/>
					<Vertex X="23835" Y="34440" Z="0"/>
					<Vertex X="23861" Y="34440" Z="0"/>
					<Vertex X="23873" Y="34440" Z="0"/>
					<Vertex X="23886" Y="34440" Z="0"/>
					<Vertex X="23911" Y="34453" Z="0"/>
					<Vertex X="23924" Y="34453" Z="0"/>
					<Vertex X="23937" Y="34465" Z="0"/>
					<Vertex X="23962" Y="34465" Z="0"/>
					<Vertex X="23975" Y="34465" Z="0"/>
					<Vertex X="23988" Y="34465" Z="0"/>
					<Vertex X="24026" Y="34478" Z="0"/>
					<Vertex X="24089" Y="34491" Z="0"/>
					<Vertex X="24178" Y="34516" Z="0"/>
					<Vertex X="24267" Y="34542" Z="0"/>
					<Vertex X="24368" Y="34567" Z="0"/>
					<Vertex X="24470" Y="34580" Z="0"/>
					<Vertex X="24508" Y="34592" Z="0"/>
					<Vertex X="24533" Y="34605" Z="0"/>
					<Vertex X="24546" Y="34605" Z="0"/>
					<Vertex X="24558" Y="34605" Z="0"/>
					<Vertex X="24571" Y="34605" Z="0"/>
					<Vertex X="24673" Y="34605" Z="0"/>
					<Vertex X="24761" Y="34618" Z="0"/>
					<Vertex X="24850" Y="34643" Z="0"/>
					<Vertex X="24901" Y="34656" Z="0"/>
					<Vertex X="24939" Y="34656" Z="0"/>
					<Vertex X="24939" Y="34668" Z="0"/>
					<Vertex X="25028" Y="34757" Z="0"/>
					<Vertex X="25091" Y="34808" Z="0"/>
					<Vertex X="25167" Y="34871" Z="0"/>
					<Vertex X="25205" Y="34909" Z="0"/>
					<Vertex X="25243" Y="34935" Z="0"/>
					<Vertex X="25256" Y="34948" Z="0"/>
					<Vertex X="25294" Y="34973" Z="0"/>
					<Vertex X="25332" Y="35011" Z="0"/>
					<Vertex X="25345" Y="35024" Z="0"/>
					<Vertex X="25370" Y="35049" Z="0"/>
					<Vertex X="25383" Y="35062" Z="0"/>
					<Vertex X="25396" Y="35074" Z="0"/>
					<Vertex X="25434" Y="35100" Z="0"/>
					<Vertex X="25446" Y="35112" Z="0"/>
					<Vertex X="25459" Y="35125" Z="0"/>
					<Vertex X="25472" Y="35138" Z="0"/>
					<Vertex X="25497" Y="35150" Z="0"/>
					<Vertex X="25548" Y="35189" Z="0"/>
					<Vertex X="25637" Y="35239" Z="0"/>
					<Vertex X="25751" Y="35290" Z="0"/>
					<Vertex X="25840" Y="35328" Z="0"/>
					<Vertex X="25954" Y="35391" Z="0"/>
					<Vertex X="26005" Y="35417" Z="0"/>
					<Vertex X="26043" Y="35430" Z="0"/>
					<Vertex X="26068" Y="35430" Z="0"/>
					<Vertex X="26081" Y="35442" Z="0"/>
					<Vertex X="26119" Y="35455" Z="0"/>
					<Vertex X="26182" Y="35480" Z="0"/>
					<Vertex X="26258" Y="35531" Z="0"/>
					<Vertex X="26322" Y="35556" Z="0"/>
					<Vertex X="26410" Y="35594" Z="0"/>
					<Vertex X="26499" Y="35620" Z="0"/>
					<Vertex X="26550" Y="35645" Z="0"/>
					<Vertex X="26588" Y="35658" Z="0"/>
					<Vertex X="26613" Y="35658" Z="0"/>
					<Vertex X="26626" Y="35658" Z="0"/>
					<Vertex X="26652" Y="35658" Z="0"/>
					<Vertex X="26728" Y="35658" Z="0"/>
					<Vertex X="26931" Y="35645" Z="0"/>
					<Vertex X="27032" Y="35645" Z="0"/>
					<Vertex X="27070" Y="35633" Z="0"/>
					<Vertex X="27095" Y="35633" Z="0"/>
					<Vertex X="27121" Y="35633" Z="0"/>
					<Vertex X="27146" Y="35620" Z="0"/>
					<Vertex X="27210" Y="35582" Z="0"/>
					<Vertex X="27286" Y="35556" Z="0"/>
					<Vertex X="27387" Y="35531" Z="0"/>
					<Vertex X="27489" Y="35506" Z="0"/>
					<Vertex X="27552" Y="35493" Z="0"/>
					<Vertex X="27616" Y="35480" Z="0"/>
					<Vertex X="27679" Y="35468" Z="0"/>
					<Vertex X="27730" Y="35455" Z="0"/>
					<Vertex X="27755" Y="35455" Z="0"/>
					<Vertex X="27768" Y="35442" Z="0"/>
					<Vertex X="27793" Y="35430" Z="0"/>
					<Vertex X="27831" Y="35417" Z="0"/>
					<Vertex X="27869" Y="35417" Z="0"/>
					<Vertex X="27920" Y="35391" Z="0"/>
					<Vertex X="27996" Y="35379" Z="0"/>
					<Vertex X="28072" Y="35341" Z="0"/>
					<Vertex X="28148" Y="35315" Z="0"/>
					<Vertex X="28212" Y="35290" Z="0"/>
					<Vertex X="28275" Y="35252" Z="0"/>
					<Vertex X="28339" Y="35239" Z="0"/>
					<Vertex X="28364" Y="35227" Z="0"/>
					<Vertex X="28364" Y="35214" Z="0"/>
					<Vertex X="28377" Y="35214" Z="0"/>
					<Vertex X="28389" Y="35214" Z="0"/>
					<Vertex X="28389" Y="35201" Z="0"/>
					<Vertex X="28415" Y="35176" Z="0"/>
					<Vertex X="28491" Y="35125" Z="0"/>
					<Vertex X="28580" Y="35074" Z="0"/>
					<Vertex X="28656" Y="35036" Z="0"/>
					<Vertex X="28707" Y="34998" Z="0"/>
					<Vertex X="28757" Y="34986" Z="0"/>
					<Vertex X="28795" Y="34948" Z="0"/>
					<Vertex X="28833" Y="34922" Z="0"/>
					<Vertex X="28846" Y="34897" Z="0"/>
					<Vertex X="28871" Y="34884" Z="0"/>
					<Vertex X="28897" Y="34871" Z="0"/>
					<Vertex X="28897" Y="34859" Z="0"/>
					<Vertex X="28909" Y="34859" Z="0"/>
					<Vertex X="28909" Y="34846" Z="0"/>
					<Vertex X="28935" Y="34846" Z="0"/>
					<Vertex X="28935" Y="34821" Z="0"/>
					<Vertex X="28960" Y="34808" Z="0"/>
					<Vertex X="28973" Y="34795" Z="0"/>
					<Vertex X="28986" Y="34770" Z="0"/>
					<Vertex X="28998" Y="34757" Z="0"/>
					<Vertex X="29024" Y="34719" Z="0"/>
					<Vertex X="29049" Y="34694" Z="0"/>
					<Vertex X="29062" Y="34681" Z="0"/>
					<Vertex X="29100" Y="34643" Z="0"/>
					<Vertex X="29112" Y="34630" Z="0"/>
					<Vertex X="29125" Y="34618" Z="0"/>
					<Vertex X="29138" Y="34605" Z="0"/>
					<Vertex X="29151" Y="34580" Z="0"/>
					<Vertex X="29176" Y="34554" Z="0"/>
					<Vertex X="29201" Y="34529" Z="0"/>
					<Vertex X="29252" Y="34491" Z="0"/>
					<Vertex X="29328" Y="34440" Z="0"/>
					<Vertex X="29392" Y="34415" Z="0"/>
					<Vertex X="29468" Y="34389" Z="0"/>
					<Vertex X="29544" Y="34364" Z="0"/>
					<Vertex X="29582" Y="34351" Z="0"/>
					<Vertex X="29620" Y="34326" Z="0"/>
					<Vertex X="29645" Y="34313" Z="0"/>
					<Vertex X="29671" Y="34301" Z="0"/>
					<Vertex X="29709" Y="34263" Z="0"/>
					<Vertex X="29772" Y="34237" Z="0"/>
					<Vertex X="29823" Y="34212" Z="0"/>
					<Vertex X="29848" Y="34199" Z="0"/>
					<Vertex X="29861" Y="34199" Z="0"/>
					<Vertex X="29874" Y="34186" Z="0"/>
					<Vertex X="29988" Y="34148" Z="0"/>
					<Vertex X="30089" Y="34136" Z="0"/>
					<Vertex X="30229" Y="34110" Z="0"/>
					<Vertex X="30343" Y="34085" Z="0"/>
					<Vertex X="30406" Y="34072" Z="0"/>
					<Vertex X="30432" Y="34072" Z="0"/>
					<Vertex X="30521" Y="33996" Z="0"/>
					<Vertex X="30647" Y="33958" Z="0"/>
					<Vertex X="30774" Y="33895" Z="0"/>
					<Vertex X="30926" Y="33857" Z="0"/>
					<Vertex X="31066" Y="33819" Z="0"/>
					<Vertex X="31167" Y="33755" Z="0"/>
					<Vertex X="31269" Y="33717" Z="0"/>
					<Vertex X="31320" Y="33704" Z="0"/>
					<Vertex X="31345" Y="33679" Z="0"/>
					<Vertex X="31358" Y="33679" Z="0"/>
					<Vertex X="31345" Y="33616" Z="0"/>
					<Vertex X="31345" Y="33590" Z="0"/>
					<Vertex X="31332" Y="33552" Z="0"/>
					<Vertex X="31332" Y="33514" Z="0"/>
					<Vertex X="31332" Y="33489" Z="0"/>
					<Vertex X="31332" Y="33463" Z="0"/>
					<Vertex X="31345" Y="33438" Z="0"/>
					<Vertex X="31345" Y="33413" Z="0"/>
					<Vertex X="31345" Y="33400" Z="0"/>
					<Vertex X="31345" Y="33387" Z="0"/>
					<Vertex X="31345" Y="33362" Z="0"/>
					<Vertex X="31345" Y="33349" Z="0"/>
					<Vertex X="31345" Y="33324" Z="0"/>
					<Vertex X="31345" Y="33311" Z="0"/>
					<Vertex X="31358" Y="33286" Z="0"/>
					<Vertex X="31358" Y="33260" Z="0"/>
					<Vertex X="31358" Y="33235" Z="0"/>
					<Vertex X="31358" Y="33184" Z="0"/>
					<Vertex X="31358" Y="33146" Z="0"/>
					<Vertex X="31358" Y="33108" Z="0"/>
					<Vertex X="31358" Y="33070" Z="0"/>
					<Vertex X="31358" Y="33032" Z="0"/>
					<Vertex X="31358" Y="33007" Z="0"/>
					<Vertex X="31358" Y="32981" Z="0"/>
					<Vertex X="31358" Y="32956" Z="0"/>
					<Vertex X="31358" Y="32918" Z="0"/>
					<Vertex X="31358" Y="32880" Z="0"/>
					<Vertex X="31358" Y="32854" Z="0"/>
					<Vertex X="31345" Y="32816" Z="0"/>
					<Vertex X="31332" Y="32753" Z="0"/>
					<Vertex X="31320" Y="32715" Z="0"/>
					<Vertex X="31307" Y="32639" Z="0"/>
					<Vertex X="31294" Y="32588" Z="0"/>
					<Vertex X="31282" Y="32563" Z="0"/>
					<Vertex X="31269" Y="32537" Z="0"/>
					<Vertex X="31256" Y="32499" Z="0"/>
					<Vertex X="31244" Y="32474" Z="0"/>
					<Vertex X="31218" Y="32423" Z="0"/>
					<Vertex X="31193" Y="32360" Z="0"/>
					<Vertex X="31167" Y="32322" Z="0"/>
					<Vertex X="31142" Y="32258" Z="0"/>
					<Vertex X="31104" Y="32220" Z="0"/>
					<Vertex X="31079" Y="32182" Z="0"/>
					<Vertex X="31041" Y="32131" Z="0"/>
					<Vertex X="31028" Y="32093" Z="0"/>
					<Vertex X="30990" Y="32043" Z="0"/>
					<Vertex X="30977" Y="32017" Z="0"/>
					<Vertex X="30939" Y="31979" Z="0"/>
					<Vertex X="30926" Y="31954" Z="0"/>
					<Vertex X="30901" Y="31928" Z="0"/>
					<Vertex X="30876" Y="31903" Z="0"/>
					<Vertex X="30850" Y="31878" Z="0"/>
					<Vertex X="30812" Y="31840" Z="0"/>
					<Vertex X="30762" Y="31776" Z="0"/>
					<Vertex X="30711" Y="31713" Z="0"/>
					<Vertex X="30660" Y="31675" Z="0"/>
					<Vertex X="30622" Y="31649" Z="0"/>
					<Vertex X="30609" Y="31637" Z="0"/>
					<Vertex X="30597" Y="31637" Z="0"/>
					<Vertex X="30597" Y="31624" Z="0"/>
					<Vertex X="30559" Y="31611" Z="0"/>
					<Vertex X="30495" Y="31573" Z="0"/>
					<Vertex X="30457" Y="31535" Z="0"/>
					<Vertex X="30406" Y="31522" Z="0"/>
					<Vertex X="30381" Y="31497" Z="0"/>
					<Vertex X="30368" Y="31484" Z="0"/>
					<Vertex X="30343" Y="31484" Z="0"/>
					<Vertex X="30318" Y="31459" Z="0"/>
					<Vertex X="30305" Y="31459" Z="0"/>
					<Vertex X="30267" Y="31434" Z="0"/>
					<Vertex X="30241" Y="31421" Z="0"/>
					<Vertex X="30216" Y="31421" Z="0"/>
					<Vertex X="30191" Y="31396" Z="0"/>
					<Vertex X="30153" Y="31383" Z="0"/>
					<Vertex X="30127" Y="31383" Z="0"/>
					<Vertex X="30089" Y="31370" Z="0"/>
					<Vertex X="30077" Y="31370" Z="0"/>
					<Vertex X="30064" Y="31370" Z="0"/>
					<Vertex X="30064" Y="31358" Z="0"/>
					<Vertex X="29975" Y="31345" Z="0"/>
					<Vertex X="29759" Y="31332" Z="0"/>
					<Vertex X="29607" Y="31294" Z="0"/>
					<Vertex X="29455" Y="31281" Z="0"/>
					<Vertex X="29353" Y="31269" Z="0"/>
					<Vertex X="29315" Y="31256" Z="0"/>
					<Vertex X="29303" Y="31256" Z="0"/>
					<Vertex X="29290" Y="31256" Z="0"/>
					<Vertex X="29265" Y="31256" Z="0"/>
					<Vertex X="29138" Y="31269" Z="0"/>
					<Vertex X="28998" Y="31294" Z="0"/>
					<Vertex X="28859" Y="31307" Z="0"/>
					<Vertex X="28783" Y="31320" Z="0"/>
					<Vertex X="28757" Y="31320" Z="0"/>
					<Vertex X="28745" Y="31320" Z="0"/>
					<Vertex X="28707" Y="31320" Z="0"/>
					<Vertex X="28592" Y="31332" Z="0"/>
					<Vertex X="28478" Y="31358" Z="0"/>
					<Vertex X="28377" Y="31370" Z="0"/>
					<Vertex X="28301" Y="31383" Z="0"/>
					<Vertex X="28199" Y="31421" Z="0"/>
					<Vertex X="28110" Y="31421" Z="0"/>
					<Vertex X="28034" Y="31421" Z="0"/>
					<Vertex X="27983" Y="31434" Z="0"/>
					<Vertex X="27958" Y="31434" Z="0"/>
					<Vertex X="27945" Y="31446" Z="0"/>
					<Vertex X="27920" Y="31459" Z="0"/>
					<Vertex X="27844" Y="31497" Z="0"/>
					<Vertex X="27806" Y="31522" Z="0"/>
					<Vertex X="27768" Y="31548" Z="0"/>
					<Vertex X="27730" Y="31561" Z="0"/>
					<Vertex X="27692" Y="31573" Z="0"/>
					<Vertex X="27679" Y="31586" Z="0"/>
					<Vertex X="27654" Y="31599" Z="0"/>
					<Vertex X="27628" Y="31611" Z="0"/>
					<Vertex X="27616" Y="31624" Z="0"/>
					<Vertex X="27603" Y="31624" Z="0"/>
					<Vertex X="27590" Y="31637" Z="0"/>
					<Vertex X="27565" Y="31637" Z="0"/>
					<Vertex X="27552" Y="31649" Z="0"/>
					<Vertex X="27539" Y="31649" Z="0"/>
					<Vertex X="27539" Y="31662" Z="0"/>
					<Vertex X="27527" Y="31675" Z="0"/>
					<Vertex X="27501" Y="31687" Z="0"/>
					<Vertex X="27489" Y="31700" Z="0"/>
					<Vertex X="27476" Y="31700" Z="0"/>
					<Vertex X="27476" Y="31713" Z="0"/>
					<Vertex X="27463" Y="31713" Z="0"/>
					<Vertex X="27413" Y="31713" Z="0"/>
					<Vertex X="27375" Y="31725" Z="0"/>
					<Vertex X="27362" Y="31738" Z="0"/>
					<Vertex X="27349" Y="31738" Z="0"/>
					<Vertex X="27337" Y="31738" Z="0"/>
					<Vertex X="27311" Y="31738" Z="0"/>
					<Vertex X="27298" Y="31738" Z="0"/>
					<Vertex X="27172" Y="31776" Z="0"/>
				</Vertices>
			</Region>
		</Regions>
		<Plots/>
	</Annotation>
</Annotations>
