<Annotations MicronsPerPixel="0.252700">
	<Annotation Id="1" Name="" ReadOnly="0" NameReadOnly="0" LineColorReadOnly="0" Incremental="0" Type="4" LineColor="65535" Visible="1" Selected="1" MarkupImagePath="" MacroName="">
		<Attributes/>
		<Regions>
			<RegionAttributeHeaders/>
			<Region Id="1" Type="0" Zoom="0.019935" Selected="0" ImageLocation="" ImageFocus="-1" Length="99760.9" Area="549296024.5" LengthMicrons="25209.6" AreaMicrons="35076555.8" Text="" NegativeROA="0" InputRegionId="0" Analyze="1" DisplayId="1">
				<Attributes/>
				<Vertices>
					<Vertex X="68535" Y="24516" Z="0"/>
					<Vertex X="66748" Y="24814" Z="0"/>
					<Vertex X="66351" Y="24814" Z="0"/>
					<Vertex X="66103" Y="24864" Z="0"/>
					<Vertex X="65656" Y="24963" Z="0"/>
					<Vertex X="65359" Y="25013" Z="0"/>
					<Vertex X="65011" Y="25062" Z="0"/>
					<Vertex X="64763" Y="25112" Z="0"/>
					<Vertex X="64565" Y="25161" Z="0"/>
					<Vertex X="64465" Y="25161" Z="0"/>
					<Vertex X="64366" Y="25211" Z="0"/>
					<Vertex X="64267" Y="25211" Z="0"/>
					<Vertex X="64217" Y="25310" Z="0"/>
					<Vertex X="64118" Y="25360" Z="0"/>
					<Vertex X="63969" Y="25360" Z="0"/>
					<Vertex X="63820" Y="25459" Z="0"/>
					<Vertex X="63671" Y="25509" Z="0"/>
					<Vertex X="63522" Y="25608" Z="0"/>
					<Vertex X="63423" Y="25658" Z="0"/>
					<Vertex X="63324" Y="25707" Z="0"/>
					<Vertex X="63225" Y="25807" Z="0"/>
					<Vertex X="63125" Y="25856" Z="0"/>
					<Vertex X="62927" Y="25955" Z="0"/>
					<Vertex X="62828" Y="26005" Z="0"/>
					<Vertex X="62728" Y="26055" Z="0"/>
					<Vertex X="62679" Y="26104" Z="0"/>
					<Vertex X="62579" Y="26154" Z="0"/>
					<Vertex X="62530" Y="26204" Z="0"/>
					<Vertex X="62480" Y="26303" Z="0"/>
					<Vertex X="62331" Y="26402" Z="0"/>
					<Vertex X="62282" Y="26501" Z="0"/>
					<Vertex X="62182" Y="26601" Z="0"/>
					<Vertex X="62133" Y="26700" Z="0"/>
					<Vertex X="62083" Y="26750" Z="0"/>
					<Vertex X="62083" Y="26849" Z="0"/>
					<Vertex X="61934" Y="26898" Z="0"/>
					<Vertex X="61934" Y="26998" Z="0"/>
					<Vertex X="61835" Y="27196" Z="0"/>
					<Vertex X="61736" Y="27345" Z="0"/>
					<Vertex X="61686" Y="27494" Z="0"/>
					<Vertex X="61587" Y="27643" Z="0"/>
					<Vertex X="61537" Y="27841" Z="0"/>
					<Vertex X="61438" Y="27990" Z="0"/>
					<Vertex X="61388" Y="28139" Z="0"/>
					<Vertex X="61289" Y="28288" Z="0"/>
					<Vertex X="61289" Y="28437" Z="0"/>
					<Vertex X="61289" Y="28536" Z="0"/>
					<Vertex X="61289" Y="28635" Z="0"/>
					<Vertex X="61240" Y="28735" Z="0"/>
					<Vertex X="61240" Y="28784" Z="0"/>
					<Vertex X="61190" Y="28933" Z="0"/>
					<Vertex X="61190" Y="29032" Z="0"/>
					<Vertex X="61190" Y="29132" Z="0"/>
					<Vertex X="61190" Y="29231" Z="0"/>
					<Vertex X="61190" Y="29380" Z="0"/>
					<Vertex X="61190" Y="29578" Z="0"/>
					<Vertex X="61190" Y="29727" Z="0"/>
					<Vertex X="61190" Y="29876" Z="0"/>
					<Vertex X="61190" Y="30025" Z="0"/>
					<Vertex X="61190" Y="30174" Z="0"/>
					<Vertex X="61289" Y="30273" Z="0"/>
					<Vertex X="61289" Y="30422" Z="0"/>
					<Vertex X="61388" Y="30620" Z="0"/>
					<Vertex X="61438" Y="30769" Z="0"/>
					<Vertex X="61537" Y="30918" Z="0"/>
					<Vertex X="61637" Y="31166" Z="0"/>
					<Vertex X="61785" Y="31315" Z="0"/>
					<Vertex X="61835" Y="31464" Z="0"/>
					<Vertex X="61934" Y="31613" Z="0"/>
					<Vertex X="61984" Y="31712" Z="0"/>
					<Vertex X="62083" Y="31861" Z="0"/>
					<Vertex X="62232" Y="32060" Z="0"/>
					<Vertex X="62331" Y="32258" Z="0"/>
					<Vertex X="62480" Y="32457" Z="0"/>
					<Vertex X="62679" Y="32606" Z="0"/>
					<Vertex X="62728" Y="32705" Z="0"/>
					<Vertex X="62778" Y="32804" Z="0"/>
					<Vertex X="62927" Y="32903" Z="0"/>
					<Vertex X="62976" Y="33052" Z="0"/>
					<Vertex X="63125" Y="33151" Z="0"/>
					<Vertex X="63274" Y="33300" Z="0"/>
					<Vertex X="63473" Y="33548" Z="0"/>
					<Vertex X="63721" Y="33747" Z="0"/>
					<Vertex X="63919" Y="33995" Z="0"/>
					<Vertex X="64068" Y="34144" Z="0"/>
					<Vertex X="64267" Y="34243" Z="0"/>
					<Vertex X="64366" Y="34342" Z="0"/>
					<Vertex X="64465" Y="34491" Z="0"/>
					<Vertex X="64614" Y="34591" Z="0"/>
					<Vertex X="64713" Y="34789" Z="0"/>
					<Vertex X="64912" Y="35037" Z="0"/>
					<Vertex X="65061" Y="35186" Z="0"/>
					<Vertex X="65210" Y="35335" Z="0"/>
					<Vertex X="65408" Y="35484" Z="0"/>
					<Vertex X="65607" Y="35732" Z="0"/>
					<Vertex X="65805" Y="35931" Z="0"/>
					<Vertex X="66004" Y="36079" Z="0"/>
					<Vertex X="66103" Y="36179" Z="0"/>
					<Vertex X="66202" Y="36228" Z="0"/>
					<Vertex X="66252" Y="36228" Z="0"/>
					<Vertex X="66302" Y="36328" Z="0"/>
					<Vertex X="66401" Y="36427" Z="0"/>
					<Vertex X="66550" Y="36625" Z="0"/>
					<Vertex X="66798" Y="36774" Z="0"/>
					<Vertex X="67195" Y="37072" Z="0"/>
					<Vertex X="67493" Y="37270" Z="0"/>
					<Vertex X="67790" Y="37419" Z="0"/>
					<Vertex X="68038" Y="37519" Z="0"/>
					<Vertex X="68435" Y="37717" Z="0"/>
					<Vertex X="68584" Y="37816" Z="0"/>
					<Vertex X="68684" Y="37916" Z="0"/>
					<Vertex X="68833" Y="38015" Z="0"/>
					<Vertex X="68932" Y="38065" Z="0"/>
					<Vertex X="69031" Y="38164" Z="0"/>
					<Vertex X="69130" Y="38213" Z="0"/>
					<Vertex X="69230" Y="38263" Z="0"/>
					<Vertex X="69329" Y="38313" Z="0"/>
					<Vertex X="69428" Y="38412" Z="0"/>
					<Vertex X="69527" Y="38462" Z="0"/>
					<Vertex X="69726" Y="38610" Z="0"/>
					<Vertex X="69924" Y="38710" Z="0"/>
					<Vertex X="70123" Y="38908" Z="0"/>
					<Vertex X="70321" Y="39057" Z="0"/>
					<Vertex X="70470" Y="39206" Z="0"/>
					<Vertex X="70669" Y="39355" Z="0"/>
					<Vertex X="70818" Y="39454" Z="0"/>
					<Vertex X="71066" Y="39603" Z="0"/>
					<Vertex X="71264" Y="39752" Z="0"/>
					<Vertex X="71512" Y="39901" Z="0"/>
					<Vertex X="71810" Y="40050" Z="0"/>
					<Vertex X="72108" Y="40149" Z="0"/>
					<Vertex X="72356" Y="40198" Z="0"/>
					<Vertex X="72604" Y="40298" Z="0"/>
					<Vertex X="72803" Y="40298" Z="0"/>
					<Vertex X="73249" Y="40397" Z="0"/>
					<Vertex X="73497" Y="40496" Z="0"/>
					<Vertex X="73845" Y="40596" Z="0"/>
					<Vertex X="74192" Y="40596" Z="0"/>
					<Vertex X="74341" Y="40596" Z="0"/>
					<Vertex X="74589" Y="40645" Z="0"/>
					<Vertex X="74887" Y="40645" Z="0"/>
					<Vertex X="75284" Y="40645" Z="0"/>
					<Vertex X="75433" Y="40645" Z="0"/>
					<Vertex X="75681" Y="40695" Z="0"/>
					<Vertex X="75830" Y="40695" Z="0"/>
					<Vertex X="75979" Y="40695" Z="0"/>
					<Vertex X="76177" Y="40744" Z="0"/>
					<Vertex X="76326" Y="40794" Z="0"/>
					<Vertex X="76475" Y="40794" Z="0"/>
					<Vertex X="76624" Y="40794" Z="0"/>
					<Vertex X="76773" Y="40794" Z="0"/>
					<Vertex X="76922" Y="40893" Z="0"/>
					<Vertex X="77021" Y="40893" Z="0"/>
					<Vertex X="77170" Y="40943" Z="0"/>
					<Vertex X="77319" Y="40993" Z="0"/>
					<Vertex X="77418" Y="40993" Z="0"/>
					<Vertex X="77517" Y="41042" Z="0"/>
					<Vertex X="77567" Y="41042" Z="0"/>
					<Vertex X="77567" Y="41092" Z="0"/>
					<Vertex X="77666" Y="41141" Z="0"/>
					<Vertex X="77865" Y="41241" Z="0"/>
					<Vertex X="78014" Y="41390" Z="0"/>
					<Vertex X="78262" Y="41588" Z="0"/>
					<Vertex X="78559" Y="41787" Z="0"/>
					<Vertex X="78708" Y="41886" Z="0"/>
					<Vertex X="78956" Y="42035" Z="0"/>
					<Vertex X="79155" Y="42233" Z="0"/>
					<Vertex X="79254" Y="42332" Z="0"/>
					<Vertex X="79353" Y="42382" Z="0"/>
					<Vertex X="79453" Y="42531" Z="0"/>
					<Vertex X="79502" Y="42630" Z="0"/>
					<Vertex X="79701" Y="42829" Z="0"/>
					<Vertex X="79800" Y="43027" Z="0"/>
					<Vertex X="79999" Y="43176" Z="0"/>
					<Vertex X="80098" Y="43375" Z="0"/>
					<Vertex X="80197" Y="43524" Z="0"/>
					<Vertex X="80296" Y="43623" Z="0"/>
					<Vertex X="80296" Y="43722" Z="0"/>
					<Vertex X="80396" Y="43821" Z="0"/>
					<Vertex X="80445" Y="43970" Z="0"/>
					<Vertex X="80495" Y="44119" Z="0"/>
					<Vertex X="80644" Y="44367" Z="0"/>
					<Vertex X="80743" Y="44615" Z="0"/>
					<Vertex X="80892" Y="44764" Z="0"/>
					<Vertex X="80991" Y="45012" Z="0"/>
					<Vertex X="81140" Y="45161" Z="0"/>
					<Vertex X="81339" Y="45459" Z="0"/>
					<Vertex X="81587" Y="45707" Z="0"/>
					<Vertex X="81736" Y="45906" Z="0"/>
					<Vertex X="81934" Y="46054" Z="0"/>
					<Vertex X="82133" Y="46203" Z="0"/>
					<Vertex X="82232" Y="46303" Z="0"/>
					<Vertex X="82281" Y="46402" Z="0"/>
					<Vertex X="82480" Y="46501" Z="0"/>
					<Vertex X="82579" Y="46700" Z="0"/>
					<Vertex X="82728" Y="46799" Z="0"/>
					<Vertex X="82877" Y="46997" Z="0"/>
					<Vertex X="83076" Y="47146" Z="0"/>
					<Vertex X="83324" Y="47345" Z="0"/>
					<Vertex X="83621" Y="47543" Z="0"/>
					<Vertex X="83919" Y="47742" Z="0"/>
					<Vertex X="84118" Y="47891" Z="0"/>
					<Vertex X="84366" Y="48040" Z="0"/>
					<Vertex X="84515" Y="48089" Z="0"/>
					<Vertex X="84614" Y="48188" Z="0"/>
					<Vertex X="84812" Y="48288" Z="0"/>
					<Vertex X="84961" Y="48437" Z="0"/>
					<Vertex X="85209" Y="48635" Z="0"/>
					<Vertex X="85458" Y="48834" Z="0"/>
					<Vertex X="85855" Y="49032" Z="0"/>
					<Vertex X="86103" Y="49181" Z="0"/>
					<Vertex X="86401" Y="49380" Z="0"/>
					<Vertex X="86649" Y="49479" Z="0"/>
					<Vertex X="86847" Y="49628" Z="0"/>
					<Vertex X="87046" Y="49777" Z="0"/>
					<Vertex X="87145" Y="49826" Z="0"/>
					<Vertex X="87244" Y="49975" Z="0"/>
					<Vertex X="87393" Y="50074" Z="0"/>
					<Vertex X="87492" Y="50174" Z="0"/>
					<Vertex X="87691" Y="50322" Z="0"/>
					<Vertex X="87790" Y="50372" Z="0"/>
					<Vertex X="87840" Y="50471" Z="0"/>
					<Vertex X="87939" Y="50521" Z="0"/>
					<Vertex X="88088" Y="50719" Z="0"/>
					<Vertex X="88187" Y="50769" Z="0"/>
					<Vertex X="88286" Y="50868" Z="0"/>
					<Vertex X="88386" Y="50968" Z="0"/>
					<Vertex X="88435" Y="51017" Z="0"/>
					<Vertex X="88584" Y="51116" Z="0"/>
					<Vertex X="88683" Y="51166" Z="0"/>
					<Vertex X="88783" Y="51315" Z="0"/>
					<Vertex X="88932" Y="51365" Z="0"/>
					<Vertex X="89080" Y="51464" Z="0"/>
					<Vertex X="89229" Y="51513" Z="0"/>
					<Vertex X="89378" Y="51563" Z="0"/>
					<Vertex X="89527" Y="51613" Z="0"/>
					<Vertex X="89626" Y="51662" Z="0"/>
					<Vertex X="89775" Y="51662" Z="0"/>
					<Vertex X="89924" Y="51662" Z="0"/>
					<Vertex X="90023" Y="51662" Z="0"/>
					<Vertex X="90172" Y="51662" Z="0"/>
					<Vertex X="90321" Y="51662" Z="0"/>
					<Vertex X="90470" Y="51662" Z="0"/>
					<Vertex X="90569" Y="51662" Z="0"/>
					<Vertex X="90817" Y="51662" Z="0"/>
					<Vertex X="91065" Y="51662" Z="0"/>
					<Vertex X="91314" Y="51662" Z="0"/>
					<Vertex X="91611" Y="51662" Z="0"/>
					<Vertex X="91860" Y="51662" Z="0"/>
					<Vertex X="92157" Y="51662" Z="0"/>
					<Vertex X="92306" Y="51662" Z="0"/>
					<Vertex X="92505" Y="51662" Z="0"/>
					<Vertex X="92554" Y="51662" Z="0"/>
					<Vertex X="92604" Y="51662" Z="0"/>
					<Vertex X="92703" Y="51662" Z="0"/>
					<Vertex X="92802" Y="51662" Z="0"/>
					<Vertex X="92852" Y="51662" Z="0"/>
					<Vertex X="92951" Y="51613" Z="0"/>
					<Vertex X="93100" Y="51563" Z="0"/>
					<Vertex X="93299" Y="51464" Z="0"/>
					<Vertex X="93398" Y="51414" Z="0"/>
					<Vertex X="93497" Y="51315" Z="0"/>
					<Vertex X="93646" Y="51265" Z="0"/>
					<Vertex X="93745" Y="51166" Z="0"/>
					<Vertex X="93795" Y="51116" Z="0"/>
					<Vertex X="93894" Y="51017" Z="0"/>
					<Vertex X="93993" Y="50918" Z="0"/>
					<Vertex X="94043" Y="50868" Z="0"/>
					<Vertex X="94142" Y="50769" Z="0"/>
					<Vertex X="94192" Y="50719" Z="0"/>
					<Vertex X="94291" Y="50670" Z="0"/>
					<Vertex X="94291" Y="50620" Z="0"/>
					<Vertex X="94390" Y="50521" Z="0"/>
					<Vertex X="94490" Y="50422" Z="0"/>
					<Vertex X="94589" Y="50322" Z="0"/>
					<Vertex X="94738" Y="50124" Z="0"/>
					<Vertex X="94788" Y="50074" Z="0"/>
					<Vertex X="94887" Y="49925" Z="0"/>
					<Vertex X="94936" Y="49876" Z="0"/>
					<Vertex X="94986" Y="49826" Z="0"/>
					<Vertex X="95036" Y="49727" Z="0"/>
					<Vertex X="95036" Y="49677" Z="0"/>
					<Vertex X="95135" Y="49628" Z="0"/>
					<Vertex X="95135" Y="49528" Z="0"/>
					<Vertex X="95234" Y="49479" Z="0"/>
					<Vertex X="95284" Y="49380" Z="0"/>
					<Vertex X="95383" Y="49330" Z="0"/>
					<Vertex X="95433" Y="49231" Z="0"/>
					<Vertex X="95532" Y="49131" Z="0"/>
					<Vertex X="95582" Y="49082" Z="0"/>
					<Vertex X="95631" Y="48983" Z="0"/>
					<Vertex X="95780" Y="48933" Z="0"/>
					<Vertex X="95830" Y="48834" Z="0"/>
					<Vertex X="95929" Y="48784" Z="0"/>
					<Vertex X="95929" Y="48734" Z="0"/>
					<Vertex X="96028" Y="48685" Z="0"/>
					<Vertex X="96028" Y="48635" Z="0"/>
					<Vertex X="96127" Y="48536" Z="0"/>
					<Vertex X="96177" Y="48486" Z="0"/>
					<Vertex X="96276" Y="48387" Z="0"/>
					<Vertex X="96376" Y="48288" Z="0"/>
					<Vertex X="96425" Y="48238" Z="0"/>
					<Vertex X="96524" Y="48089" Z="0"/>
					<Vertex X="96524" Y="48040" Z="0"/>
					<Vertex X="96624" Y="47990" Z="0"/>
					<Vertex X="96673" Y="47891" Z="0"/>
					<Vertex X="96723" Y="47841" Z="0"/>
					<Vertex X="96773" Y="47742" Z="0"/>
					<Vertex X="96822" Y="47643" Z="0"/>
					<Vertex X="96872" Y="47593" Z="0"/>
					<Vertex X="96921" Y="47494" Z="0"/>
					<Vertex X="97021" Y="47394" Z="0"/>
					<Vertex X="97021" Y="47295" Z="0"/>
					<Vertex X="97070" Y="47246" Z="0"/>
					<Vertex X="97170" Y="47097" Z="0"/>
					<Vertex X="97170" Y="47047" Z="0"/>
					<Vertex X="97219" Y="46948" Z="0"/>
					<Vertex X="97269" Y="46849" Z="0"/>
					<Vertex X="97269" Y="46749" Z="0"/>
					<Vertex X="97318" Y="46650" Z="0"/>
					<Vertex X="97318" Y="46551" Z="0"/>
					<Vertex X="97318" Y="46402" Z="0"/>
					<Vertex X="97368" Y="46303" Z="0"/>
					<Vertex X="97418" Y="46203" Z="0"/>
					<Vertex X="97418" Y="46104" Z="0"/>
					<Vertex X="97418" Y="46005" Z="0"/>
					<Vertex X="97418" Y="45906" Z="0"/>
					<Vertex X="97418" Y="45806" Z="0"/>
					<Vertex X="97418" Y="45757" Z="0"/>
					<Vertex X="97418" Y="45608" Z="0"/>
					<Vertex X="97418" Y="45459" Z="0"/>
					<Vertex X="97368" Y="45360" Z="0"/>
					<Vertex X="97318" Y="45211" Z="0"/>
					<Vertex X="97269" Y="45112" Z="0"/>
					<Vertex X="97170" Y="45012" Z="0"/>
					<Vertex X="97120" Y="44764" Z="0"/>
					<Vertex X="97021" Y="44615" Z="0"/>
					<Vertex X="96921" Y="44466" Z="0"/>
					<Vertex X="96822" Y="44268" Z="0"/>
					<Vertex X="96723" Y="44169" Z="0"/>
					<Vertex X="96673" Y="44119" Z="0"/>
					<Vertex X="96624" Y="43970" Z="0"/>
					<Vertex X="96524" Y="43821" Z="0"/>
					<Vertex X="96425" Y="43672" Z="0"/>
					<Vertex X="96376" Y="43573" Z="0"/>
					<Vertex X="96276" Y="43474" Z="0"/>
					<Vertex X="96227" Y="43375" Z="0"/>
					<Vertex X="96078" Y="43226" Z="0"/>
					<Vertex X="95979" Y="42978" Z="0"/>
					<Vertex X="95929" Y="42878" Z="0"/>
					<Vertex X="95830" Y="42779" Z="0"/>
					<Vertex X="95780" Y="42680" Z="0"/>
					<Vertex X="95730" Y="42581" Z="0"/>
					<Vertex X="95730" Y="42531" Z="0"/>
					<Vertex X="95681" Y="42432" Z="0"/>
					<Vertex X="95631" Y="42382" Z="0"/>
					<Vertex X="95582" Y="42332" Z="0"/>
					<Vertex X="95582" Y="42184" Z="0"/>
					<Vertex X="95532" Y="42134" Z="0"/>
					<Vertex X="95482" Y="42035" Z="0"/>
					<Vertex X="95482" Y="41935" Z="0"/>
					<Vertex X="95433" Y="41787" Z="0"/>
					<Vertex X="95383" Y="41687" Z="0"/>
					<Vertex X="95333" Y="41538" Z="0"/>
					<Vertex X="95284" Y="41390" Z="0"/>
					<Vertex X="95234" Y="41241" Z="0"/>
					<Vertex X="95185" Y="41141" Z="0"/>
					<Vertex X="95185" Y="40993" Z="0"/>
					<Vertex X="95135" Y="40794" Z="0"/>
					<Vertex X="95085" Y="40744" Z="0"/>
					<Vertex X="95036" Y="40596" Z="0"/>
					<Vertex X="94986" Y="40447" Z="0"/>
					<Vertex X="94887" Y="40248" Z="0"/>
					<Vertex X="94837" Y="40149" Z="0"/>
					<Vertex X="94738" Y="39950" Z="0"/>
					<Vertex X="94639" Y="39801" Z="0"/>
					<Vertex X="94539" Y="39603" Z="0"/>
					<Vertex X="94490" Y="39454" Z="0"/>
					<Vertex X="94390" Y="39305" Z="0"/>
					<Vertex X="94291" Y="39107" Z="0"/>
					<Vertex X="94242" Y="38908" Z="0"/>
					<Vertex X="94142" Y="38809" Z="0"/>
					<Vertex X="94093" Y="38660" Z="0"/>
					<Vertex X="94043" Y="38412" Z="0"/>
					<Vertex X="93993" Y="38313" Z="0"/>
					<Vertex X="93944" Y="38213" Z="0"/>
					<Vertex X="93894" Y="38114" Z="0"/>
					<Vertex X="93894" Y="37965" Z="0"/>
					<Vertex X="93795" Y="37866" Z="0"/>
					<Vertex X="93745" Y="37767" Z="0"/>
					<Vertex X="93745" Y="37668" Z="0"/>
					<Vertex X="93696" Y="37519" Z="0"/>
					<Vertex X="93646" Y="37419" Z="0"/>
					<Vertex X="93596" Y="37320" Z="0"/>
					<Vertex X="93547" Y="37221" Z="0"/>
					<Vertex X="93497" Y="37072" Z="0"/>
					<Vertex X="93398" Y="36873" Z="0"/>
					<Vertex X="93299" Y="36675" Z="0"/>
					<Vertex X="93199" Y="36476" Z="0"/>
					<Vertex X="93100" Y="36328" Z="0"/>
					<Vertex X="93051" Y="36030" Z="0"/>
					<Vertex X="92951" Y="35881" Z="0"/>
					<Vertex X="92852" Y="35682" Z="0"/>
					<Vertex X="92753" Y="35434" Z="0"/>
					<Vertex X="92654" Y="35186" Z="0"/>
					<Vertex X="92604" Y="35037" Z="0"/>
					<Vertex X="92505" Y="34888" Z="0"/>
					<Vertex X="92455" Y="34789" Z="0"/>
					<Vertex X="92356" Y="34591" Z="0"/>
					<Vertex X="92257" Y="34442" Z="0"/>
					<Vertex X="92157" Y="34293" Z="0"/>
					<Vertex X="92058" Y="34094" Z="0"/>
					<Vertex X="92008" Y="33945" Z="0"/>
					<Vertex X="91909" Y="33846" Z="0"/>
					<Vertex X="91810" Y="33648" Z="0"/>
					<Vertex X="91711" Y="33400" Z="0"/>
					<Vertex X="91512" Y="33102" Z="0"/>
					<Vertex X="91363" Y="32854" Z="0"/>
					<Vertex X="91264" Y="32705" Z="0"/>
					<Vertex X="91214" Y="32606" Z="0"/>
					<Vertex X="91065" Y="32407" Z="0"/>
					<Vertex X="90966" Y="32258" Z="0"/>
					<Vertex X="90817" Y="32010" Z="0"/>
					<Vertex X="90668" Y="31861" Z="0"/>
					<Vertex X="90520" Y="31613" Z="0"/>
					<Vertex X="90420" Y="31514" Z="0"/>
					<Vertex X="90321" Y="31414" Z="0"/>
					<Vertex X="90271" Y="31315" Z="0"/>
					<Vertex X="90222" Y="31266" Z="0"/>
					<Vertex X="90123" Y="31166" Z="0"/>
					<Vertex X="89974" Y="30968" Z="0"/>
					<Vertex X="89726" Y="30819" Z="0"/>
					<Vertex X="89527" Y="30620" Z="0"/>
					<Vertex X="89378" Y="30472" Z="0"/>
					<Vertex X="89180" Y="30323" Z="0"/>
					<Vertex X="88932" Y="30124" Z="0"/>
					<Vertex X="88683" Y="30025" Z="0"/>
					<Vertex X="88386" Y="29826" Z="0"/>
					<Vertex X="88137" Y="29678" Z="0"/>
					<Vertex X="87889" Y="29529" Z="0"/>
					<Vertex X="87691" Y="29429" Z="0"/>
					<Vertex X="87492" Y="29281" Z="0"/>
					<Vertex X="87343" Y="29181" Z="0"/>
					<Vertex X="87095" Y="29032" Z="0"/>
					<Vertex X="86996" Y="28983" Z="0"/>
					<Vertex X="86847" Y="28883" Z="0"/>
					<Vertex X="86649" Y="28735" Z="0"/>
					<Vertex X="86401" Y="28635" Z="0"/>
					<Vertex X="86252" Y="28486" Z="0"/>
					<Vertex X="85954" Y="28338" Z="0"/>
					<Vertex X="85706" Y="28139" Z="0"/>
					<Vertex X="85408" Y="27990" Z="0"/>
					<Vertex X="85209" Y="27841" Z="0"/>
					<Vertex X="84912" Y="27692" Z="0"/>
					<Vertex X="84713" Y="27593" Z="0"/>
					<Vertex X="84564" Y="27494" Z="0"/>
					<Vertex X="84415" Y="27444" Z="0"/>
					<Vertex X="84217" Y="27295" Z="0"/>
					<Vertex X="84068" Y="27196" Z="0"/>
					<Vertex X="83820" Y="27097" Z="0"/>
					<Vertex X="83572" Y="26998" Z="0"/>
					<Vertex X="83324" Y="26799" Z="0"/>
					<Vertex X="82976" Y="26650" Z="0"/>
					<Vertex X="82678" Y="26551" Z="0"/>
					<Vertex X="82430" Y="26402" Z="0"/>
					<Vertex X="82083" Y="26253" Z="0"/>
					<Vertex X="81736" Y="26104" Z="0"/>
					<Vertex X="81438" Y="25955" Z="0"/>
					<Vertex X="81090" Y="25757" Z="0"/>
					<Vertex X="80793" Y="25608" Z="0"/>
					<Vertex X="80445" Y="25459" Z="0"/>
					<Vertex X="80197" Y="25310" Z="0"/>
					<Vertex X="80048" Y="25211" Z="0"/>
					<Vertex X="79949" Y="25211" Z="0"/>
					<Vertex X="79899" Y="25161" Z="0"/>
					<Vertex X="79850" Y="25112" Z="0"/>
					<Vertex X="79800" Y="25112" Z="0"/>
					<Vertex X="79750" Y="25062" Z="0"/>
					<Vertex X="79602" Y="24963" Z="0"/>
					<Vertex X="79403" Y="24864" Z="0"/>
					<Vertex X="79205" Y="24764" Z="0"/>
					<Vertex X="79006" Y="24665" Z="0"/>
					<Vertex X="78808" Y="24665" Z="0"/>
					<Vertex X="78659" Y="24566" Z="0"/>
					<Vertex X="78559" Y="24566" Z="0"/>
					<Vertex X="78411" Y="24516" Z="0"/>
					<Vertex X="78311" Y="24467" Z="0"/>
					<Vertex X="78162" Y="24467" Z="0"/>
					<Vertex X="77964" Y="24417" Z="0"/>
					<Vertex X="77716" Y="24367" Z="0"/>
					<Vertex X="77468" Y="24318" Z="0"/>
					<Vertex X="77269" Y="24318" Z="0"/>
					<Vertex X="77021" Y="24268" Z="0"/>
					<Vertex X="76822" Y="24268" Z="0"/>
					<Vertex X="76624" Y="24219" Z="0"/>
					<Vertex X="76425" Y="24219" Z="0"/>
					<Vertex X="76277" Y="24169" Z="0"/>
					<Vertex X="76177" Y="24169" Z="0"/>
					<Vertex X="76078" Y="24169" Z="0"/>
					<Vertex X="76028" Y="24169" Z="0"/>
					<Vertex X="75929" Y="24169" Z="0"/>
					<Vertex X="75880" Y="24169" Z="0"/>
					<Vertex X="75731" Y="24169" Z="0"/>
					<Vertex X="75582" Y="24169" Z="0"/>
					<Vertex X="75433" Y="24169" Z="0"/>
					<Vertex X="75185" Y="24169" Z="0"/>
					<Vertex X="74937" Y="24169" Z="0"/>
					<Vertex X="74639" Y="24169" Z="0"/>
					<Vertex X="74391" Y="24219" Z="0"/>
					<Vertex X="73994" Y="24219" Z="0"/>
					<Vertex X="73448" Y="24219" Z="0"/>
					<Vertex X="73001" Y="24219" Z="0"/>
					<Vertex X="72703" Y="24219" Z="0"/>
					<Vertex X="72505" Y="24219" Z="0"/>
					<Vertex X="72455" Y="24219" Z="0"/>
					<Vertex X="72406" Y="24219" Z="0"/>
					<Vertex X="72306" Y="24219" Z="0"/>
					<Vertex X="72257" Y="24219" Z="0"/>
					<Vertex X="71959" Y="24268" Z="0"/>
					<Vertex X="71562" Y="24268" Z="0"/>
					<Vertex X="71115" Y="24268" Z="0"/>
					<Vertex X="70569" Y="24268" Z="0"/>
					<Vertex X="70172" Y="24268" Z="0"/>
					<Vertex X="69775" Y="24268" Z="0"/>
					<Vertex X="69527" Y="24268" Z="0"/>
					<Vertex X="69329" Y="24268" Z="0"/>
					<Vertex X="69279" Y="24268" Z="0"/>
					<Vertex X="69180" Y="24268" Z="0"/>
					<Vertex X="69130" Y="24268" Z="0"/>
					<Vertex X="69081" Y="24268" Z="0"/>
					<Vertex X="68981" Y="24268" Z="0"/>
					<Vertex X="68882" Y="24268" Z="0"/>
					<Vertex X="68833" Y="24268" Z="0"/>
					<Vertex X="68733" Y="24268" Z="0"/>
					<Vertex X="68535" Y="24516" Z="0"/>
				</Vertices>
			</Region>
			<Region Id="2" Type="0" Zoom="0.019935" Selected="0" ImageLocation="" ImageFocus="-1" Length="92638.2" Area="489515186.5" LengthMicrons="23409.7" AreaMicrons="31259113.5" Text="" NegativeROA="0" InputRegionId="0" Analyze="1" DisplayId="2">
				<Attributes/>
				<Vertices>
					<Vertex X="24020" Y="52208" Z="0"/>
					<Vertex X="23722" Y="52208" Z="0"/>
					<Vertex X="23325" Y="52208" Z="0"/>
					<Vertex X="22928" Y="52208" Z="0"/>
					<Vertex X="22531" Y="52208" Z="0"/>
					<Vertex X="22084" Y="52208" Z="0"/>
					<Vertex X="21588" Y="52158" Z="0"/>
					<Vertex X="21191" Y="52109" Z="0"/>
					<Vertex X="20992" Y="52109" Z="0"/>
					<Vertex X="20844" Y="52109" Z="0"/>
					<Vertex X="20794" Y="52059" Z="0"/>
					<Vertex X="20744" Y="52059" Z="0"/>
					<Vertex X="20546" Y="52059" Z="0"/>
					<Vertex X="20347" Y="52158" Z="0"/>
					<Vertex X="20198" Y="52158" Z="0"/>
					<Vertex X="19950" Y="52258" Z="0"/>
					<Vertex X="19801" Y="52307" Z="0"/>
					<Vertex X="19702" Y="52357" Z="0"/>
					<Vertex X="19603" Y="52407" Z="0"/>
					<Vertex X="19504" Y="52456" Z="0"/>
					<Vertex X="19355" Y="52506" Z="0"/>
					<Vertex X="19206" Y="52555" Z="0"/>
					<Vertex X="19107" Y="52605" Z="0"/>
					<Vertex X="19007" Y="52655" Z="0"/>
					<Vertex X="18908" Y="52655" Z="0"/>
					<Vertex X="18809" Y="52655" Z="0"/>
					<Vertex X="18759" Y="52704" Z="0"/>
					<Vertex X="18660" Y="52754" Z="0"/>
					<Vertex X="18610" Y="52754" Z="0"/>
					<Vertex X="18362" Y="52804" Z="0"/>
					<Vertex X="18213" Y="52804" Z="0"/>
					<Vertex X="18114" Y="52804" Z="0"/>
					<Vertex X="18015" Y="52804" Z="0"/>
					<Vertex X="17916" Y="52804" Z="0"/>
					<Vertex X="17866" Y="52804" Z="0"/>
					<Vertex X="17717" Y="52804" Z="0"/>
					<Vertex X="17568" Y="52754" Z="0"/>
					<Vertex X="17370" Y="52704" Z="0"/>
					<Vertex X="17121" Y="52655" Z="0"/>
					<Vertex X="16824" Y="52605" Z="0"/>
					<Vertex X="16625" Y="52605" Z="0"/>
					<Vertex X="16327" Y="52555" Z="0"/>
					<Vertex X="16129" Y="52555" Z="0"/>
					<Vertex X="15881" Y="52506" Z="0"/>
					<Vertex X="15633" Y="52506" Z="0"/>
					<Vertex X="15434" Y="52456" Z="0"/>
					<Vertex X="15236" Y="52456" Z="0"/>
					<Vertex X="15186" Y="52456" Z="0"/>
					<Vertex X="15087" Y="52456" Z="0"/>
					<Vertex X="14938" Y="52456" Z="0"/>
					<Vertex X="14839" Y="52456" Z="0"/>
					<Vertex X="14789" Y="52456" Z="0"/>
					<Vertex X="14690" Y="52506" Z="0"/>
					<Vertex X="14541" Y="52555" Z="0"/>
					<Vertex X="14442" Y="52605" Z="0"/>
					<Vertex X="14392" Y="52704" Z="0"/>
					<Vertex X="14293" Y="52754" Z="0"/>
					<Vertex X="14045" Y="52952" Z="0"/>
					<Vertex X="13995" Y="53002" Z="0"/>
					<Vertex X="13896" Y="53101" Z="0"/>
					<Vertex X="13796" Y="53151" Z="0"/>
					<Vertex X="13747" Y="53201" Z="0"/>
					<Vertex X="13648" Y="53349" Z="0"/>
					<Vertex X="13598" Y="53399" Z="0"/>
					<Vertex X="13548" Y="53498" Z="0"/>
					<Vertex X="13548" Y="53598" Z="0"/>
					<Vertex X="13499" Y="53647" Z="0"/>
					<Vertex X="13499" Y="53697" Z="0"/>
					<Vertex X="13499" Y="53746" Z="0"/>
					<Vertex X="13499" Y="53895" Z="0"/>
					<Vertex X="13499" Y="53995" Z="0"/>
					<Vertex X="13499" Y="54044" Z="0"/>
					<Vertex X="13449" Y="54143" Z="0"/>
					<Vertex X="13399" Y="54292" Z="0"/>
					<Vertex X="13350" Y="54491" Z="0"/>
					<Vertex X="13251" Y="54590" Z="0"/>
					<Vertex X="13201" Y="54739" Z="0"/>
					<Vertex X="13151" Y="54789" Z="0"/>
					<Vertex X="13102" Y="54937" Z="0"/>
					<Vertex X="12953" Y="55136" Z="0"/>
					<Vertex X="12903" Y="55186" Z="0"/>
					<Vertex X="12854" Y="55335" Z="0"/>
					<Vertex X="12804" Y="55384" Z="0"/>
					<Vertex X="12705" Y="55483" Z="0"/>
					<Vertex X="12655" Y="55583" Z="0"/>
					<Vertex X="12556" Y="55682" Z="0"/>
					<Vertex X="12506" Y="55781" Z="0"/>
					<Vertex X="12457" Y="55880" Z="0"/>
					<Vertex X="12407" Y="56029" Z="0"/>
					<Vertex X="12258" Y="56228" Z="0"/>
					<Vertex X="12159" Y="56377" Z="0"/>
					<Vertex X="12109" Y="56526" Z="0"/>
					<Vertex X="12010" Y="56625" Z="0"/>
					<Vertex X="11911" Y="56724" Z="0"/>
					<Vertex X="11861" Y="56774" Z="0"/>
					<Vertex X="11861" Y="56873" Z="0"/>
					<Vertex X="11811" Y="56972" Z="0"/>
					<Vertex X="11762" Y="57071" Z="0"/>
					<Vertex X="11762" Y="57171" Z="0"/>
					<Vertex X="11762" Y="57270" Z="0"/>
					<Vertex X="11762" Y="57369" Z="0"/>
					<Vertex X="11712" Y="57468" Z="0"/>
					<Vertex X="11712" Y="57568" Z="0"/>
					<Vertex X="11712" Y="57667" Z="0"/>
					<Vertex X="11712" Y="57866" Z="0"/>
					<Vertex X="11712" Y="58014" Z="0"/>
					<Vertex X="11712" Y="58213" Z="0"/>
					<Vertex X="11712" Y="58411" Z="0"/>
					<Vertex X="11712" Y="58560" Z="0"/>
					<Vertex X="11712" Y="58709" Z="0"/>
					<Vertex X="11712" Y="58908" Z="0"/>
					<Vertex X="11762" Y="59057" Z="0"/>
					<Vertex X="11861" Y="59205" Z="0"/>
					<Vertex X="11911" Y="59503" Z="0"/>
					<Vertex X="12010" Y="59702" Z="0"/>
					<Vertex X="12109" Y="59999" Z="0"/>
					<Vertex X="12258" Y="60248" Z="0"/>
					<Vertex X="12357" Y="60396" Z="0"/>
					<Vertex X="12506" Y="60645" Z="0"/>
					<Vertex X="12655" Y="60893" Z="0"/>
					<Vertex X="12705" Y="60992" Z="0"/>
					<Vertex X="12854" Y="61141" Z="0"/>
					<Vertex X="12953" Y="61240" Z="0"/>
					<Vertex X="13002" Y="61389" Z="0"/>
					<Vertex X="13151" Y="61488" Z="0"/>
					<Vertex X="13251" Y="61637" Z="0"/>
					<Vertex X="13399" Y="61836" Z="0"/>
					<Vertex X="13548" Y="61985" Z="0"/>
					<Vertex X="13747" Y="62183" Z="0"/>
					<Vertex X="13995" Y="62382" Z="0"/>
					<Vertex X="14144" Y="62580" Z="0"/>
					<Vertex X="14392" Y="62679" Z="0"/>
					<Vertex X="14491" Y="62779" Z="0"/>
					<Vertex X="14640" Y="62828" Z="0"/>
					<Vertex X="14690" Y="62977" Z="0"/>
					<Vertex X="14839" Y="63076" Z="0"/>
					<Vertex X="14988" Y="63176" Z="0"/>
					<Vertex X="15136" Y="63324" Z="0"/>
					<Vertex X="15285" Y="63424" Z="0"/>
					<Vertex X="15434" Y="63523" Z="0"/>
					<Vertex X="15583" Y="63672" Z="0"/>
					<Vertex X="15682" Y="63722" Z="0"/>
					<Vertex X="15831" Y="63821" Z="0"/>
					<Vertex X="15930" Y="63970" Z="0"/>
					<Vertex X="16129" Y="64069" Z="0"/>
					<Vertex X="16228" Y="64218" Z="0"/>
					<Vertex X="16327" Y="64267" Z="0"/>
					<Vertex X="16476" Y="64367" Z="0"/>
					<Vertex X="16576" Y="64367" Z="0"/>
					<Vertex X="16675" Y="64416" Z="0"/>
					<Vertex X="16724" Y="64516" Z="0"/>
					<Vertex X="16824" Y="64516" Z="0"/>
					<Vertex X="16873" Y="64565" Z="0"/>
					<Vertex X="16973" Y="64615" Z="0"/>
					<Vertex X="17022" Y="64615" Z="0"/>
					<Vertex X="17072" Y="64664" Z="0"/>
					<Vertex X="17121" Y="64714" Z="0"/>
					<Vertex X="17171" Y="64764" Z="0"/>
					<Vertex X="17270" Y="64813" Z="0"/>
					<Vertex X="17320" Y="64863" Z="0"/>
					<Vertex X="17370" Y="64913" Z="0"/>
					<Vertex X="17419" Y="64913" Z="0"/>
					<Vertex X="17469" Y="64962" Z="0"/>
					<Vertex X="17519" Y="65012" Z="0"/>
					<Vertex X="17618" Y="65061" Z="0"/>
					<Vertex X="17667" Y="65111" Z="0"/>
					<Vertex X="17767" Y="65161" Z="0"/>
					<Vertex X="17816" Y="65260" Z="0"/>
					<Vertex X="17916" Y="65260" Z="0"/>
					<Vertex X="18015" Y="65359" Z="0"/>
					<Vertex X="18064" Y="65409" Z="0"/>
					<Vertex X="18164" Y="65458" Z="0"/>
					<Vertex X="18213" Y="65508" Z="0"/>
					<Vertex X="18362" Y="65558" Z="0"/>
					<Vertex X="18412" Y="65558" Z="0"/>
					<Vertex X="18561" Y="65657" Z="0"/>
					<Vertex X="18710" Y="65707" Z="0"/>
					<Vertex X="18809" Y="65756" Z="0"/>
					<Vertex X="19007" Y="65756" Z="0"/>
					<Vertex X="19107" Y="65806" Z="0"/>
					<Vertex X="19255" Y="65905" Z="0"/>
					<Vertex X="19355" Y="65905" Z="0"/>
					<Vertex X="19553" Y="65955" Z="0"/>
					<Vertex X="19702" Y="66004" Z="0"/>
					<Vertex X="19950" Y="66004" Z="0"/>
					<Vertex X="20149" Y="66054" Z="0"/>
					<Vertex X="20347" Y="66104" Z="0"/>
					<Vertex X="20595" Y="66153" Z="0"/>
					<Vertex X="20794" Y="66203" Z="0"/>
					<Vertex X="20992" Y="66203" Z="0"/>
					<Vertex X="21141" Y="66203" Z="0"/>
					<Vertex X="21241" Y="66203" Z="0"/>
					<Vertex X="21290" Y="66203" Z="0"/>
					<Vertex X="21340" Y="66203" Z="0"/>
					<Vertex X="21439" Y="66203" Z="0"/>
					<Vertex X="21638" Y="66203" Z="0"/>
					<Vertex X="21836" Y="66203" Z="0"/>
					<Vertex X="21985" Y="66203" Z="0"/>
					<Vertex X="22233" Y="66203" Z="0"/>
					<Vertex X="22382" Y="66203" Z="0"/>
					<Vertex X="22531" Y="66203" Z="0"/>
					<Vertex X="22630" Y="66203" Z="0"/>
					<Vertex X="22680" Y="66203" Z="0"/>
					<Vertex X="22729" Y="66203" Z="0"/>
					<Vertex X="22779" Y="66203" Z="0"/>
					<Vertex X="22829" Y="66252" Z="0"/>
					<Vertex X="22878" Y="66252" Z="0"/>
					<Vertex X="22878" Y="66302" Z="0"/>
					<Vertex X="22977" Y="66352" Z="0"/>
					<Vertex X="23027" Y="66352" Z="0"/>
					<Vertex X="23077" Y="66451" Z="0"/>
					<Vertex X="23176" Y="66501" Z="0"/>
					<Vertex X="23226" Y="66550" Z="0"/>
					<Vertex X="23275" Y="66650" Z="0"/>
					<Vertex X="23375" Y="66749" Z="0"/>
					<Vertex X="23474" Y="66848" Z="0"/>
					<Vertex X="23573" Y="66898" Z="0"/>
					<Vertex X="23623" Y="66997" Z="0"/>
					<Vertex X="23672" Y="67047" Z="0"/>
					<Vertex X="23722" Y="67096" Z="0"/>
					<Vertex X="23722" Y="67146" Z="0"/>
					<Vertex X="23772" Y="67195" Z="0"/>
					<Vertex X="23772" Y="67245" Z="0"/>
					<Vertex X="23821" Y="67245" Z="0"/>
					<Vertex X="23821" Y="67295" Z="0"/>
					<Vertex X="23871" Y="67394" Z="0"/>
					<Vertex X="23871" Y="67493" Z="0"/>
					<Vertex X="23920" Y="67543" Z="0"/>
					<Vertex X="23920" Y="67692" Z="0"/>
					<Vertex X="23970" Y="67890" Z="0"/>
					<Vertex X="23970" Y="67989" Z="0"/>
					<Vertex X="24020" Y="68089" Z="0"/>
					<Vertex X="24069" Y="68188" Z="0"/>
					<Vertex X="24119" Y="68337" Z="0"/>
					<Vertex X="24218" Y="68535" Z="0"/>
					<Vertex X="24317" Y="68684" Z="0"/>
					<Vertex X="24417" Y="68833" Z="0"/>
					<Vertex X="24516" Y="69032" Z="0"/>
					<Vertex X="24665" Y="69180" Z="0"/>
					<Vertex X="24714" Y="69280" Z="0"/>
					<Vertex X="24863" Y="69429" Z="0"/>
					<Vertex X="24963" Y="69528" Z="0"/>
					<Vertex X="25111" Y="69726" Z="0"/>
					<Vertex X="25161" Y="69826" Z="0"/>
					<Vertex X="25310" Y="69975" Z="0"/>
					<Vertex X="25409" Y="70123" Z="0"/>
					<Vertex X="25558" Y="70272" Z="0"/>
					<Vertex X="25707" Y="70421" Z="0"/>
					<Vertex X="25806" Y="70520" Z="0"/>
					<Vertex X="25905" Y="70620" Z="0"/>
					<Vertex X="26005" Y="70719" Z="0"/>
					<Vertex X="26054" Y="70868" Z="0"/>
					<Vertex X="26154" Y="70967" Z="0"/>
					<Vertex X="26203" Y="71017" Z="0"/>
					<Vertex X="26303" Y="71116" Z="0"/>
					<Vertex X="26352" Y="71166" Z="0"/>
					<Vertex X="26451" Y="71265" Z="0"/>
					<Vertex X="26451" Y="71364" Z="0"/>
					<Vertex X="26551" Y="71414" Z="0"/>
					<Vertex X="26600" Y="71513" Z="0"/>
					<Vertex X="26700" Y="71563" Z="0"/>
					<Vertex X="26799" Y="71662" Z="0"/>
					<Vertex X="26848" Y="71711" Z="0"/>
					<Vertex X="26848" Y="71761" Z="0"/>
					<Vertex X="26898" Y="71761" Z="0"/>
					<Vertex X="26948" Y="71811" Z="0"/>
					<Vertex X="26997" Y="71811" Z="0"/>
					<Vertex X="27047" Y="71860" Z="0"/>
					<Vertex X="27146" Y="71910" Z="0"/>
					<Vertex X="27245" Y="72009" Z="0"/>
					<Vertex X="27394" Y="72059" Z="0"/>
					<Vertex X="27494" Y="72108" Z="0"/>
					<Vertex X="27642" Y="72158" Z="0"/>
					<Vertex X="27791" Y="72208" Z="0"/>
					<Vertex X="27940" Y="72257" Z="0"/>
					<Vertex X="28089" Y="72307" Z="0"/>
					<Vertex X="28139" Y="72307" Z="0"/>
					<Vertex X="28188" Y="72307" Z="0"/>
					<Vertex X="28288" Y="72307" Z="0"/>
					<Vertex X="28387" Y="72307" Z="0"/>
					<Vertex X="28536" Y="72307" Z="0"/>
					<Vertex X="28685" Y="72357" Z="0"/>
					<Vertex X="28883" Y="72357" Z="0"/>
					<Vertex X="29082" Y="72357" Z="0"/>
					<Vertex X="29231" Y="72357" Z="0"/>
					<Vertex X="29280" Y="72357" Z="0"/>
					<Vertex X="29379" Y="72406" Z="0"/>
					<Vertex X="29479" Y="72406" Z="0"/>
					<Vertex X="29578" Y="72406" Z="0"/>
					<Vertex X="29727" Y="72406" Z="0"/>
					<Vertex X="29925" Y="72406" Z="0"/>
					<Vertex X="30124" Y="72406" Z="0"/>
					<Vertex X="30322" Y="72406" Z="0"/>
					<Vertex X="30521" Y="72406" Z="0"/>
					<Vertex X="30670" Y="72406" Z="0"/>
					<Vertex X="30819" Y="72406" Z="0"/>
					<Vertex X="30918" Y="72406" Z="0"/>
					<Vertex X="30967" Y="72406" Z="0"/>
					<Vertex X="31017" Y="72406" Z="0"/>
					<Vertex X="31116" Y="72406" Z="0"/>
					<Vertex X="31166" Y="72406" Z="0"/>
					<Vertex X="31265" Y="72406" Z="0"/>
					<Vertex X="31464" Y="72406" Z="0"/>
					<Vertex X="31662" Y="72406" Z="0"/>
					<Vertex X="31861" Y="72406" Z="0"/>
					<Vertex X="32010" Y="72357" Z="0"/>
					<Vertex X="32258" Y="72307" Z="0"/>
					<Vertex X="32357" Y="72307" Z="0"/>
					<Vertex X="32556" Y="72307" Z="0"/>
					<Vertex X="32704" Y="72257" Z="0"/>
					<Vertex X="32853" Y="72257" Z="0"/>
					<Vertex X="33002" Y="72208" Z="0"/>
					<Vertex X="33201" Y="72208" Z="0"/>
					<Vertex X="33350" Y="72208" Z="0"/>
					<Vertex X="33548" Y="72208" Z="0"/>
					<Vertex X="33697" Y="72208" Z="0"/>
					<Vertex X="33796" Y="72208" Z="0"/>
					<Vertex X="33945" Y="72208" Z="0"/>
					<Vertex X="34094" Y="72208" Z="0"/>
					<Vertex X="34243" Y="72208" Z="0"/>
					<Vertex X="34392" Y="72208" Z="0"/>
					<Vertex X="34541" Y="72257" Z="0"/>
					<Vertex X="34640" Y="72257" Z="0"/>
					<Vertex X="34739" Y="72257" Z="0"/>
					<Vertex X="34789" Y="72307" Z="0"/>
					<Vertex X="34888" Y="72406" Z="0"/>
					<Vertex X="35037" Y="72406" Z="0"/>
					<Vertex X="35186" Y="72506" Z="0"/>
					<Vertex X="35285" Y="72555" Z="0"/>
					<Vertex X="35434" Y="72555" Z="0"/>
					<Vertex X="35583" Y="72654" Z="0"/>
					<Vertex X="35732" Y="72704" Z="0"/>
					<Vertex X="35881" Y="72704" Z="0"/>
					<Vertex X="35980" Y="72754" Z="0"/>
					<Vertex X="36029" Y="72803" Z="0"/>
					<Vertex X="36079" Y="72803" Z="0"/>
					<Vertex X="36129" Y="72803" Z="0"/>
					<Vertex X="36129" Y="72853" Z="0"/>
					<Vertex X="36178" Y="72903" Z="0"/>
					<Vertex X="36228" Y="72903" Z="0"/>
					<Vertex X="36278" Y="72952" Z="0"/>
					<Vertex X="36327" Y="72952" Z="0"/>
					<Vertex X="36426" Y="73002" Z="0"/>
					<Vertex X="36476" Y="73051" Z="0"/>
					<Vertex X="36526" Y="73051" Z="0"/>
					<Vertex X="36625" Y="73101" Z="0"/>
					<Vertex X="36675" Y="73151" Z="0"/>
					<Vertex X="36774" Y="73200" Z="0"/>
					<Vertex X="36873" Y="73250" Z="0"/>
					<Vertex X="36923" Y="73300" Z="0"/>
					<Vertex X="36972" Y="73300" Z="0"/>
					<Vertex X="37072" Y="73349" Z="0"/>
					<Vertex X="37171" Y="73399" Z="0"/>
					<Vertex X="37270" Y="73448" Z="0"/>
					<Vertex X="37419" Y="73498" Z="0"/>
					<Vertex X="37568" Y="73548" Z="0"/>
					<Vertex X="37816" Y="73597" Z="0"/>
					<Vertex X="37965" Y="73647" Z="0"/>
					<Vertex X="38114" Y="73697" Z="0"/>
					<Vertex X="38312" Y="73746" Z="0"/>
					<Vertex X="38560" Y="73746" Z="0"/>
					<Vertex X="38709" Y="73796" Z="0"/>
					<Vertex X="38858" Y="73845" Z="0"/>
					<Vertex X="38957" Y="73845" Z="0"/>
					<Vertex X="39057" Y="73845" Z="0"/>
					<Vertex X="39206" Y="73845" Z="0"/>
					<Vertex X="39404" Y="73845" Z="0"/>
					<Vertex X="39553" Y="73845" Z="0"/>
					<Vertex X="39801" Y="73895" Z="0"/>
					<Vertex X="40148" Y="73895" Z="0"/>
					<Vertex X="40347" Y="73895" Z="0"/>
					<Vertex X="40645" Y="73895" Z="0"/>
					<Vertex X="40794" Y="73895" Z="0"/>
					<Vertex X="40893" Y="73895" Z="0"/>
					<Vertex X="40943" Y="73895" Z="0"/>
					<Vertex X="40992" Y="73895" Z="0"/>
					<Vertex X="41042" Y="73895" Z="0"/>
					<Vertex X="41091" Y="73895" Z="0"/>
					<Vertex X="41191" Y="73895" Z="0"/>
					<Vertex X="41290" Y="73845" Z="0"/>
					<Vertex X="41538" Y="73796" Z="0"/>
					<Vertex X="41687" Y="73796" Z="0"/>
					<Vertex X="41836" Y="73796" Z="0"/>
					<Vertex X="42034" Y="73746" Z="0"/>
					<Vertex X="42183" Y="73697" Z="0"/>
					<Vertex X="42332" Y="73647" Z="0"/>
					<Vertex X="42382" Y="73597" Z="0"/>
					<Vertex X="42531" Y="73597" Z="0"/>
					<Vertex X="42580" Y="73548" Z="0"/>
					<Vertex X="42679" Y="73498" Z="0"/>
					<Vertex X="42828" Y="73448" Z="0"/>
					<Vertex X="43027" Y="73349" Z="0"/>
					<Vertex X="43225" Y="73250" Z="0"/>
					<Vertex X="43474" Y="73151" Z="0"/>
					<Vertex X="43672" Y="73051" Z="0"/>
					<Vertex X="43871" Y="72952" Z="0"/>
					<Vertex X="44019" Y="72803" Z="0"/>
					<Vertex X="44168" Y="72754" Z="0"/>
					<Vertex X="44317" Y="72605" Z="0"/>
					<Vertex X="44416" Y="72555" Z="0"/>
					<Vertex X="44615" Y="72406" Z="0"/>
					<Vertex X="44714" Y="72357" Z="0"/>
					<Vertex X="44863" Y="72257" Z="0"/>
					<Vertex X="44962" Y="72208" Z="0"/>
					<Vertex X="45062" Y="72108" Z="0"/>
					<Vertex X="45210" Y="72009" Z="0"/>
					<Vertex X="45310" Y="71860" Z="0"/>
					<Vertex X="45409" Y="71761" Z="0"/>
					<Vertex X="45508" Y="71662" Z="0"/>
					<Vertex X="45558" Y="71563" Z="0"/>
					<Vertex X="45657" Y="71414" Z="0"/>
					<Vertex X="45707" Y="71265" Z="0"/>
					<Vertex X="45806" Y="71166" Z="0"/>
					<Vertex X="45856" Y="71116" Z="0"/>
					<Vertex X="45955" Y="70967" Z="0"/>
					<Vertex X="46004" Y="70818" Z="0"/>
					<Vertex X="46104" Y="70769" Z="0"/>
					<Vertex X="46153" Y="70620" Z="0"/>
					<Vertex X="46253" Y="70471" Z="0"/>
					<Vertex X="46402" Y="70322" Z="0"/>
					<Vertex X="46451" Y="70223" Z="0"/>
					<Vertex X="46550" Y="70074" Z="0"/>
					<Vertex X="46600" Y="69925" Z="0"/>
					<Vertex X="46699" Y="69776" Z="0"/>
					<Vertex X="46749" Y="69677" Z="0"/>
					<Vertex X="46848" Y="69478" Z="0"/>
					<Vertex X="46898" Y="69379" Z="0"/>
					<Vertex X="46898" Y="69280" Z="0"/>
					<Vertex X="46898" Y="69230" Z="0"/>
					<Vertex X="46947" Y="69081" Z="0"/>
					<Vertex X="46997" Y="68932" Z="0"/>
					<Vertex X="47047" Y="68734" Z="0"/>
					<Vertex X="47047" Y="68684" Z="0"/>
					<Vertex X="47047" Y="68535" Z="0"/>
					<Vertex X="47047" Y="68386" Z="0"/>
					<Vertex X="47096" Y="68238" Z="0"/>
					<Vertex X="47096" Y="68039" Z="0"/>
					<Vertex X="47096" Y="67841" Z="0"/>
					<Vertex X="47096" Y="67692" Z="0"/>
					<Vertex X="47096" Y="67493" Z="0"/>
					<Vertex X="47096" Y="67344" Z="0"/>
					<Vertex X="47096" Y="67245" Z="0"/>
					<Vertex X="47096" Y="67146" Z="0"/>
					<Vertex X="47096" Y="66898" Z="0"/>
					<Vertex X="47047" Y="66749" Z="0"/>
					<Vertex X="46997" Y="66600" Z="0"/>
					<Vertex X="46947" Y="66501" Z="0"/>
					<Vertex X="46947" Y="66401" Z="0"/>
					<Vertex X="46898" Y="66302" Z="0"/>
					<Vertex X="46848" Y="66153" Z="0"/>
					<Vertex X="46848" Y="66104" Z="0"/>
					<Vertex X="46799" Y="66054" Z="0"/>
					<Vertex X="46799" Y="65905" Z="0"/>
					<Vertex X="46749" Y="65806" Z="0"/>
					<Vertex X="46699" Y="65756" Z="0"/>
					<Vertex X="46699" Y="65707" Z="0"/>
					<Vertex X="46650" Y="65558" Z="0"/>
					<Vertex X="46600" Y="65409" Z="0"/>
					<Vertex X="46550" Y="65260" Z="0"/>
					<Vertex X="46451" Y="65111" Z="0"/>
					<Vertex X="46352" Y="64913" Z="0"/>
					<Vertex X="46302" Y="64764" Z="0"/>
					<Vertex X="46203" Y="64565" Z="0"/>
					<Vertex X="46054" Y="64367" Z="0"/>
					<Vertex X="45955" Y="64168" Z="0"/>
					<Vertex X="45856" Y="63970" Z="0"/>
					<Vertex X="45707" Y="63771" Z="0"/>
					<Vertex X="45508" Y="63523" Z="0"/>
					<Vertex X="45310" Y="63225" Z="0"/>
					<Vertex X="45062" Y="62977" Z="0"/>
					<Vertex X="44764" Y="62580" Z="0"/>
					<Vertex X="44516" Y="62332" Z="0"/>
					<Vertex X="44268" Y="62084" Z="0"/>
					<Vertex X="44019" Y="61885" Z="0"/>
					<Vertex X="43771" Y="61687" Z="0"/>
					<Vertex X="43573" Y="61439" Z="0"/>
					<Vertex X="43374" Y="61290" Z="0"/>
					<Vertex X="43126" Y="61091" Z="0"/>
					<Vertex X="42928" Y="60942" Z="0"/>
					<Vertex X="42729" Y="60794" Z="0"/>
					<Vertex X="42481" Y="60595" Z="0"/>
					<Vertex X="42183" Y="60396" Z="0"/>
					<Vertex X="41935" Y="60248" Z="0"/>
					<Vertex X="41637" Y="60049" Z="0"/>
					<Vertex X="41389" Y="59851" Z="0"/>
					<Vertex X="41091" Y="59652" Z="0"/>
					<Vertex X="40794" Y="59454" Z="0"/>
					<Vertex X="40496" Y="59305" Z="0"/>
					<Vertex X="40297" Y="59205" Z="0"/>
					<Vertex X="40099" Y="59057" Z="0"/>
					<Vertex X="39900" Y="58908" Z="0"/>
					<Vertex X="39702" Y="58858" Z="0"/>
					<Vertex X="39603" Y="58759" Z="0"/>
					<Vertex X="39454" Y="58660" Z="0"/>
					<Vertex X="39354" Y="58560" Z="0"/>
					<Vertex X="39156" Y="58461" Z="0"/>
					<Vertex X="38858" Y="58263" Z="0"/>
					<Vertex X="38560" Y="58163" Z="0"/>
					<Vertex X="38163" Y="57915" Z="0"/>
					<Vertex X="37816" Y="57717" Z="0"/>
					<Vertex X="37518" Y="57568" Z="0"/>
					<Vertex X="37072" Y="57369" Z="0"/>
					<Vertex X="36724" Y="57171" Z="0"/>
					<Vertex X="36377" Y="56972" Z="0"/>
					<Vertex X="35980" Y="56724" Z="0"/>
					<Vertex X="35682" Y="56625" Z="0"/>
					<Vertex X="35484" Y="56526" Z="0"/>
					<Vertex X="35235" Y="56426" Z="0"/>
					<Vertex X="35087" Y="56327" Z="0"/>
					<Vertex X="34987" Y="56277" Z="0"/>
					<Vertex X="34789" Y="56178" Z="0"/>
					<Vertex X="34590" Y="56029" Z="0"/>
					<Vertex X="34392" Y="55980" Z="0"/>
					<Vertex X="34094" Y="55880" Z="0"/>
					<Vertex X="33846" Y="55732" Z="0"/>
					<Vertex X="33647" Y="55632" Z="0"/>
					<Vertex X="33350" Y="55483" Z="0"/>
					<Vertex X="33052" Y="55384" Z="0"/>
					<Vertex X="32754" Y="55235" Z="0"/>
					<Vertex X="32357" Y="55086" Z="0"/>
					<Vertex X="32109" Y="54987" Z="0"/>
					<Vertex X="31761" Y="54888" Z="0"/>
					<Vertex X="31414" Y="54789" Z="0"/>
					<Vertex X="31067" Y="54640" Z="0"/>
					<Vertex X="30769" Y="54540" Z="0"/>
					<Vertex X="30422" Y="54441" Z="0"/>
					<Vertex X="30124" Y="54342" Z="0"/>
					<Vertex X="29925" Y="54342" Z="0"/>
					<Vertex X="29727" Y="54243" Z="0"/>
					<Vertex X="29479" Y="54193" Z="0"/>
					<Vertex X="29280" Y="54094" Z="0"/>
					<Vertex X="29032" Y="54044" Z="0"/>
					<Vertex X="28883" Y="53995" Z="0"/>
					<Vertex X="28734" Y="53945" Z="0"/>
					<Vertex X="28536" Y="53895" Z="0"/>
					<Vertex X="28436" Y="53846" Z="0"/>
					<Vertex X="28238" Y="53796" Z="0"/>
					<Vertex X="28039" Y="53746" Z="0"/>
					<Vertex X="27891" Y="53647" Z="0"/>
					<Vertex X="27742" Y="53598" Z="0"/>
					<Vertex X="27494" Y="53548" Z="0"/>
					<Vertex X="27394" Y="53498" Z="0"/>
					<Vertex X="27295" Y="53449" Z="0"/>
					<Vertex X="27146" Y="53399" Z="0"/>
					<Vertex X="27047" Y="53399" Z="0"/>
					<Vertex X="26799" Y="53349" Z="0"/>
					<Vertex X="26650" Y="53300" Z="0"/>
					<Vertex X="26551" Y="53250" Z="0"/>
					<Vertex X="26451" Y="53250" Z="0"/>
					<Vertex X="26402" Y="53250" Z="0"/>
					<Vertex X="26253" Y="53201" Z="0"/>
					<Vertex X="26154" Y="53151" Z="0"/>
					<Vertex X="26054" Y="53101" Z="0"/>
					<Vertex X="25955" Y="53101" Z="0"/>
					<Vertex X="25856" Y="53052" Z="0"/>
					<Vertex X="25707" Y="53002" Z="0"/>
					<Vertex X="25608" Y="53002" Z="0"/>
					<Vertex X="25508" Y="52952" Z="0"/>
					<Vertex X="25409" Y="52903" Z="0"/>
					<Vertex X="25260" Y="52853" Z="0"/>
					<Vertex X="25111" Y="52804" Z="0"/>
					<Vertex X="24863" Y="52754" Z="0"/>
					<Vertex X="24714" Y="52704" Z="0"/>
					<Vertex X="24615" Y="52655" Z="0"/>
					<Vertex X="24516" Y="52605" Z="0"/>
					<Vertex X="24417" Y="52605" Z="0"/>
					<Vertex X="24367" Y="52555" Z="0"/>
					<Vertex X="24317" Y="52506" Z="0"/>
					<Vertex X="24268" Y="52506" Z="0"/>
					<Vertex X="24020" Y="52208" Z="0"/>
				</Vertices>
			</Region>
			<Region Id="3" Type="0" Zoom="0.019935" Selected="1" ImageLocation="" ImageFocus="-1" Length="65261.9" Area="226602300.0" LengthMicrons="16491.7" AreaMicrons="14470208.9" Text="" NegativeROA="0" InputRegionId="0" Analyze="1" DisplayId="3">
				<Attributes/>
				<Vertices>
					<Vertex X="58411" Y="63225" Z="0"/>
					<Vertex X="58262" Y="63225" Z="0"/>
					<Vertex X="57766" Y="63225" Z="0"/>
					<Vertex X="57369" Y="63225" Z="0"/>
					<Vertex X="56922" Y="63225" Z="0"/>
					<Vertex X="56575" Y="63225" Z="0"/>
					<Vertex X="56227" Y="63275" Z="0"/>
					<Vertex X="56029" Y="63275" Z="0"/>
					<Vertex X="55880" Y="63324" Z="0"/>
					<Vertex X="55830" Y="63324" Z="0"/>
					<Vertex X="55731" Y="63324" Z="0"/>
					<Vertex X="55681" Y="63324" Z="0"/>
					<Vertex X="55582" Y="63324" Z="0"/>
					<Vertex X="55433" Y="63324" Z="0"/>
					<Vertex X="55235" Y="63324" Z="0"/>
					<Vertex X="54887" Y="63275" Z="0"/>
					<Vertex X="54689" Y="63275" Z="0"/>
					<Vertex X="54490" Y="63275" Z="0"/>
					<Vertex X="54342" Y="63275" Z="0"/>
					<Vertex X="54242" Y="63275" Z="0"/>
					<Vertex X="54193" Y="63275" Z="0"/>
					<Vertex X="54143" Y="63275" Z="0"/>
					<Vertex X="54093" Y="63275" Z="0"/>
					<Vertex X="54044" Y="63275" Z="0"/>
					<Vertex X="53994" Y="63275" Z="0"/>
					<Vertex X="53895" Y="63275" Z="0"/>
					<Vertex X="53796" Y="63275" Z="0"/>
					<Vertex X="53647" Y="63275" Z="0"/>
					<Vertex X="53548" Y="63275" Z="0"/>
					<Vertex X="53448" Y="63275" Z="0"/>
					<Vertex X="53349" Y="63275" Z="0"/>
					<Vertex X="53299" Y="63275" Z="0"/>
					<Vertex X="53150" Y="63275" Z="0"/>
					<Vertex X="52902" Y="63275" Z="0"/>
					<Vertex X="52704" Y="63275" Z="0"/>
					<Vertex X="52505" Y="63275" Z="0"/>
					<Vertex X="52257" Y="63275" Z="0"/>
					<Vertex X="52158" Y="63275" Z="0"/>
					<Vertex X="52108" Y="63225" Z="0"/>
					<Vertex X="52059" Y="63225" Z="0"/>
					<Vertex X="52009" Y="63225" Z="0"/>
					<Vertex X="51910" Y="63225" Z="0"/>
					<Vertex X="51811" Y="63225" Z="0"/>
					<Vertex X="51711" Y="63225" Z="0"/>
					<Vertex X="51513" Y="63176" Z="0"/>
					<Vertex X="51215" Y="63126" Z="0"/>
					<Vertex X="50967" Y="63126" Z="0"/>
					<Vertex X="50620" Y="63076" Z="0"/>
					<Vertex X="50371" Y="63076" Z="0"/>
					<Vertex X="50123" Y="63027" Z="0"/>
					<Vertex X="50024" Y="63027" Z="0"/>
					<Vertex X="49974" Y="63027" Z="0"/>
					<Vertex X="49925" Y="63027" Z="0"/>
					<Vertex X="49825" Y="62977" Z="0"/>
					<Vertex X="49726" Y="62977" Z="0"/>
					<Vertex X="49627" Y="62977" Z="0"/>
					<Vertex X="49577" Y="62977" Z="0"/>
					<Vertex X="49528" Y="62977" Z="0"/>
					<Vertex X="49478" Y="62977" Z="0"/>
					<Vertex X="49428" Y="63027" Z="0"/>
					<Vertex X="49379" Y="63027" Z="0"/>
					<Vertex X="49329" Y="63076" Z="0"/>
					<Vertex X="49280" Y="63126" Z="0"/>
					<Vertex X="49180" Y="63225" Z="0"/>
					<Vertex X="49131" Y="63324" Z="0"/>
					<Vertex X="49031" Y="63374" Z="0"/>
					<Vertex X="48932" Y="63473" Z="0"/>
					<Vertex X="48883" Y="63523" Z="0"/>
					<Vertex X="48883" Y="63573" Z="0"/>
					<Vertex X="48833" Y="63622" Z="0"/>
					<Vertex X="48833" Y="63771" Z="0"/>
					<Vertex X="48833" Y="63821" Z="0"/>
					<Vertex X="48833" Y="63870" Z="0"/>
					<Vertex X="48833" Y="63970" Z="0"/>
					<Vertex X="48833" Y="64069" Z="0"/>
					<Vertex X="48833" Y="64118" Z="0"/>
					<Vertex X="48833" Y="64218" Z="0"/>
					<Vertex X="48833" Y="64267" Z="0"/>
					<Vertex X="48833" Y="64367" Z="0"/>
					<Vertex X="48833" Y="64416" Z="0"/>
					<Vertex X="48883" Y="64515" Z="0"/>
					<Vertex X="48883" Y="64615" Z="0"/>
					<Vertex X="48932" Y="64714" Z="0"/>
					<Vertex X="48982" Y="64863" Z="0"/>
					<Vertex X="49031" Y="64962" Z="0"/>
					<Vertex X="49081" Y="65061" Z="0"/>
					<Vertex X="49131" Y="65161" Z="0"/>
					<Vertex X="49180" Y="65210" Z="0"/>
					<Vertex X="49230" Y="65310" Z="0"/>
					<Vertex X="49230" Y="65359" Z="0"/>
					<Vertex X="49280" Y="65458" Z="0"/>
					<Vertex X="49329" Y="65558" Z="0"/>
					<Vertex X="49379" Y="65707" Z="0"/>
					<Vertex X="49428" Y="65806" Z="0"/>
					<Vertex X="49428" Y="65905" Z="0"/>
					<Vertex X="49478" Y="66054" Z="0"/>
					<Vertex X="49528" Y="66104" Z="0"/>
					<Vertex X="49528" Y="66203" Z="0"/>
					<Vertex X="49528" Y="66302" Z="0"/>
					<Vertex X="49528" Y="66401" Z="0"/>
					<Vertex X="49528" Y="66451" Z="0"/>
					<Vertex X="49528" Y="66501" Z="0"/>
					<Vertex X="49528" Y="66550" Z="0"/>
					<Vertex X="49528" Y="66600" Z="0"/>
					<Vertex X="49528" Y="66649" Z="0"/>
					<Vertex X="49528" Y="66699" Z="0"/>
					<Vertex X="49528" Y="66798" Z="0"/>
					<Vertex X="49528" Y="66898" Z="0"/>
					<Vertex X="49528" Y="66947" Z="0"/>
					<Vertex X="49528" Y="66997" Z="0"/>
					<Vertex X="49478" Y="67146" Z="0"/>
					<Vertex X="49428" Y="67245" Z="0"/>
					<Vertex X="49379" Y="67295" Z="0"/>
					<Vertex X="49329" Y="67394" Z="0"/>
					<Vertex X="49329" Y="67543" Z="0"/>
					<Vertex X="49230" Y="67642" Z="0"/>
					<Vertex X="49180" Y="67741" Z="0"/>
					<Vertex X="49131" Y="67840" Z="0"/>
					<Vertex X="49031" Y="67940" Z="0"/>
					<Vertex X="49031" Y="68039" Z="0"/>
					<Vertex X="48932" Y="68138" Z="0"/>
					<Vertex X="48883" Y="68287" Z="0"/>
					<Vertex X="48783" Y="68436" Z="0"/>
					<Vertex X="48734" Y="68535" Z="0"/>
					<Vertex X="48684" Y="68585" Z="0"/>
					<Vertex X="48634" Y="68684" Z="0"/>
					<Vertex X="48634" Y="68783" Z="0"/>
					<Vertex X="48585" Y="68883" Z="0"/>
					<Vertex X="48535" Y="68932" Z="0"/>
					<Vertex X="48535" Y="69032" Z="0"/>
					<Vertex X="48486" Y="69081" Z="0"/>
					<Vertex X="48486" Y="69131" Z="0"/>
					<Vertex X="48486" Y="69280" Z="0"/>
					<Vertex X="48436" Y="69379" Z="0"/>
					<Vertex X="48436" Y="69478" Z="0"/>
					<Vertex X="48386" Y="69627" Z="0"/>
					<Vertex X="48386" Y="69726" Z="0"/>
					<Vertex X="48386" Y="69875" Z="0"/>
					<Vertex X="48386" Y="70024" Z="0"/>
					<Vertex X="48386" Y="70123" Z="0"/>
					<Vertex X="48386" Y="70272" Z="0"/>
					<Vertex X="48386" Y="70322" Z="0"/>
					<Vertex X="48386" Y="70471" Z="0"/>
					<Vertex X="48386" Y="70520" Z="0"/>
					<Vertex X="48386" Y="70570" Z="0"/>
					<Vertex X="48386" Y="70669" Z="0"/>
					<Vertex X="48436" Y="70768" Z="0"/>
					<Vertex X="48436" Y="70818" Z="0"/>
					<Vertex X="48436" Y="70868" Z="0"/>
					<Vertex X="48486" Y="70917" Z="0"/>
					<Vertex X="48486" Y="70967" Z="0"/>
					<Vertex X="48585" Y="71066" Z="0"/>
					<Vertex X="48585" Y="71116" Z="0"/>
					<Vertex X="48684" Y="71215" Z="0"/>
					<Vertex X="48684" Y="71265" Z="0"/>
					<Vertex X="48734" Y="71314" Z="0"/>
					<Vertex X="48783" Y="71364" Z="0"/>
					<Vertex X="48833" Y="71364" Z="0"/>
					<Vertex X="48833" Y="71414" Z="0"/>
					<Vertex X="48932" Y="71463" Z="0"/>
					<Vertex X="49031" Y="71513" Z="0"/>
					<Vertex X="49081" Y="71563" Z="0"/>
					<Vertex X="49131" Y="71563" Z="0"/>
					<Vertex X="49280" Y="71662" Z="0"/>
					<Vertex X="49329" Y="71711" Z="0"/>
					<Vertex X="49428" Y="71761" Z="0"/>
					<Vertex X="49577" Y="71811" Z="0"/>
					<Vertex X="49726" Y="71860" Z="0"/>
					<Vertex X="49875" Y="71860" Z="0"/>
					<Vertex X="50024" Y="71910" Z="0"/>
					<Vertex X="50173" Y="71960" Z="0"/>
					<Vertex X="50272" Y="72009" Z="0"/>
					<Vertex X="50322" Y="72009" Z="0"/>
					<Vertex X="50471" Y="72059" Z="0"/>
					<Vertex X="50520" Y="72108" Z="0"/>
					<Vertex X="50669" Y="72108" Z="0"/>
					<Vertex X="50768" Y="72158" Z="0"/>
					<Vertex X="50917" Y="72208" Z="0"/>
					<Vertex X="51066" Y="72257" Z="0"/>
					<Vertex X="51215" Y="72257" Z="0"/>
					<Vertex X="51314" Y="72307" Z="0"/>
					<Vertex X="51364" Y="72357" Z="0"/>
					<Vertex X="51463" Y="72406" Z="0"/>
					<Vertex X="51513" Y="72406" Z="0"/>
					<Vertex X="51562" Y="72456" Z="0"/>
					<Vertex X="51662" Y="72456" Z="0"/>
					<Vertex X="51711" Y="72555" Z="0"/>
					<Vertex X="51811" Y="72605" Z="0"/>
					<Vertex X="51910" Y="72654" Z="0"/>
					<Vertex X="52059" Y="72704" Z="0"/>
					<Vertex X="52208" Y="72754" Z="0"/>
					<Vertex X="52356" Y="72853" Z="0"/>
					<Vertex X="52505" Y="72952" Z="0"/>
					<Vertex X="52654" Y="72952" Z="0"/>
					<Vertex X="52753" Y="73002" Z="0"/>
					<Vertex X="52853" Y="73051" Z="0"/>
					<Vertex X="52902" Y="73051" Z="0"/>
					<Vertex X="53051" Y="73151" Z="0"/>
					<Vertex X="53250" Y="73151" Z="0"/>
					<Vertex X="53349" Y="73200" Z="0"/>
					<Vertex X="53548" Y="73250" Z="0"/>
					<Vertex X="53845" Y="73349" Z="0"/>
					<Vertex X="54193" Y="73448" Z="0"/>
					<Vertex X="54441" Y="73548" Z="0"/>
					<Vertex X="54788" Y="73597" Z="0"/>
					<Vertex X="55136" Y="73647" Z="0"/>
					<Vertex X="55384" Y="73696" Z="0"/>
					<Vertex X="55533" Y="73696" Z="0"/>
					<Vertex X="55632" Y="73746" Z="0"/>
					<Vertex X="55681" Y="73746" Z="0"/>
					<Vertex X="55731" Y="73796" Z="0"/>
					<Vertex X="55781" Y="73796" Z="0"/>
					<Vertex X="55979" Y="73845" Z="0"/>
					<Vertex X="56128" Y="73945" Z="0"/>
					<Vertex X="56327" Y="73945" Z="0"/>
					<Vertex X="56575" Y="74044" Z="0"/>
					<Vertex X="56823" Y="74193" Z="0"/>
					<Vertex X="57021" Y="74242" Z="0"/>
					<Vertex X="57270" Y="74342" Z="0"/>
					<Vertex X="57369" Y="74391" Z="0"/>
					<Vertex X="57418" Y="74391" Z="0"/>
					<Vertex X="57518" Y="74441" Z="0"/>
					<Vertex X="57567" Y="74491" Z="0"/>
					<Vertex X="57617" Y="74491" Z="0"/>
					<Vertex X="57667" Y="74491" Z="0"/>
					<Vertex X="57716" Y="74491" Z="0"/>
					<Vertex X="57865" Y="74540" Z="0"/>
					<Vertex X="57964" Y="74540" Z="0"/>
					<Vertex X="58113" Y="74540" Z="0"/>
					<Vertex X="58212" Y="74540" Z="0"/>
					<Vertex X="58262" Y="74540" Z="0"/>
					<Vertex X="58312" Y="74540" Z="0"/>
					<Vertex X="58411" Y="74540" Z="0"/>
					<Vertex X="58461" Y="74540" Z="0"/>
					<Vertex X="58510" Y="74540" Z="0"/>
					<Vertex X="58560" Y="74540" Z="0"/>
					<Vertex X="58609" Y="74491" Z="0"/>
					<Vertex X="58659" Y="74491" Z="0"/>
					<Vertex X="58659" Y="74441" Z="0"/>
					<Vertex X="58709" Y="74441" Z="0"/>
					<Vertex X="58709" Y="74391" Z="0"/>
					<Vertex X="58758" Y="74342" Z="0"/>
					<Vertex X="58808" Y="74292" Z="0"/>
					<Vertex X="58858" Y="74292" Z="0"/>
					<Vertex X="58907" Y="74292" Z="0"/>
					<Vertex X="58907" Y="74242" Z="0"/>
					<Vertex X="58957" Y="74193" Z="0"/>
					<Vertex X="59056" Y="74193" Z="0"/>
					<Vertex X="59106" Y="74143" Z="0"/>
					<Vertex X="59205" Y="74094" Z="0"/>
					<Vertex X="59304" Y="74094" Z="0"/>
					<Vertex X="59354" Y="74044" Z="0"/>
					<Vertex X="59404" Y="73994" Z="0"/>
					<Vertex X="59453" Y="73994" Z="0"/>
					<Vertex X="59503" Y="73945" Z="0"/>
					<Vertex X="59552" Y="73945" Z="0"/>
					<Vertex X="59602" Y="73895" Z="0"/>
					<Vertex X="59652" Y="73845" Z="0"/>
					<Vertex X="59801" Y="73845" Z="0"/>
					<Vertex X="59999" Y="73796" Z="0"/>
					<Vertex X="60198" Y="73746" Z="0"/>
					<Vertex X="60346" Y="73746" Z="0"/>
					<Vertex X="60495" Y="73696" Z="0"/>
					<Vertex X="60644" Y="73696" Z="0"/>
					<Vertex X="60793" Y="73696" Z="0"/>
					<Vertex X="60843" Y="73647" Z="0"/>
					<Vertex X="60892" Y="73597" Z="0"/>
					<Vertex X="60992" Y="73548" Z="0"/>
					<Vertex X="61041" Y="73548" Z="0"/>
					<Vertex X="61091" Y="73548" Z="0"/>
					<Vertex X="61091" Y="73498" Z="0"/>
					<Vertex X="61140" Y="73498" Z="0"/>
					<Vertex X="61190" Y="73498" Z="0"/>
					<Vertex X="61190" Y="73448" Z="0"/>
					<Vertex X="61240" Y="73448" Z="0"/>
					<Vertex X="61289" Y="73448" Z="0"/>
					<Vertex X="61389" Y="73448" Z="0"/>
					<Vertex X="61438" Y="73448" Z="0"/>
					<Vertex X="61537" Y="73448" Z="0"/>
					<Vertex X="61587" Y="73448" Z="0"/>
					<Vertex X="61637" Y="73448" Z="0"/>
					<Vertex X="61686" Y="73448" Z="0"/>
					<Vertex X="61736" Y="73448" Z="0"/>
					<Vertex X="61786" Y="73448" Z="0"/>
					<Vertex X="61885" Y="73448" Z="0"/>
					<Vertex X="61934" Y="73399" Z="0"/>
					<Vertex X="62133" Y="73399" Z="0"/>
					<Vertex X="62332" Y="73399" Z="0"/>
					<Vertex X="62530" Y="73349" Z="0"/>
					<Vertex X="62778" Y="73349" Z="0"/>
					<Vertex X="62927" Y="73349" Z="0"/>
					<Vertex X="63026" Y="73349" Z="0"/>
					<Vertex X="63126" Y="73349" Z="0"/>
					<Vertex X="63175" Y="73349" Z="0"/>
					<Vertex X="63225" Y="73349" Z="0"/>
					<Vertex X="63324" Y="73349" Z="0"/>
					<Vertex X="63423" Y="73349" Z="0"/>
					<Vertex X="63572" Y="73349" Z="0"/>
					<Vertex X="63721" Y="73349" Z="0"/>
					<Vertex X="63920" Y="73349" Z="0"/>
					<Vertex X="64068" Y="73349" Z="0"/>
					<Vertex X="64168" Y="73349" Z="0"/>
					<Vertex X="64317" Y="73349" Z="0"/>
					<Vertex X="64416" Y="73349" Z="0"/>
					<Vertex X="64515" Y="73349" Z="0"/>
					<Vertex X="64664" Y="73349" Z="0"/>
					<Vertex X="64813" Y="73399" Z="0"/>
					<Vertex X="65061" Y="73448" Z="0"/>
					<Vertex X="65260" Y="73498" Z="0"/>
					<Vertex X="65408" Y="73548" Z="0"/>
					<Vertex X="65557" Y="73597" Z="0"/>
					<Vertex X="65657" Y="73597" Z="0"/>
					<Vertex X="65756" Y="73597" Z="0"/>
					<Vertex X="65805" Y="73597" Z="0"/>
					<Vertex X="65855" Y="73647" Z="0"/>
					<Vertex X="65905" Y="73647" Z="0"/>
					<Vertex X="66004" Y="73696" Z="0"/>
					<Vertex X="66103" Y="73696" Z="0"/>
					<Vertex X="66252" Y="73696" Z="0"/>
					<Vertex X="66401" Y="73746" Z="0"/>
					<Vertex X="66550" Y="73796" Z="0"/>
					<Vertex X="66699" Y="73796" Z="0"/>
					<Vertex X="66798" Y="73845" Z="0"/>
					<Vertex X="66996" Y="73845" Z="0"/>
					<Vertex X="67195" Y="73845" Z="0"/>
					<Vertex X="67344" Y="73895" Z="0"/>
					<Vertex X="67542" Y="73895" Z="0"/>
					<Vertex X="67642" Y="73895" Z="0"/>
					<Vertex X="67791" Y="73945" Z="0"/>
					<Vertex X="67939" Y="73945" Z="0"/>
					<Vertex X="68088" Y="73994" Z="0"/>
					<Vertex X="68237" Y="73994" Z="0"/>
					<Vertex X="68436" Y="73994" Z="0"/>
					<Vertex X="68733" Y="73994" Z="0"/>
					<Vertex X="68982" Y="73994" Z="0"/>
					<Vertex X="69130" Y="74044" Z="0"/>
					<Vertex X="69329" Y="74044" Z="0"/>
					<Vertex X="69478" Y="74044" Z="0"/>
					<Vertex X="69527" Y="74044" Z="0"/>
					<Vertex X="69676" Y="74044" Z="0"/>
					<Vertex X="69726" Y="74044" Z="0"/>
					<Vertex X="69825" Y="74044" Z="0"/>
					<Vertex X="69875" Y="74044" Z="0"/>
					<Vertex X="69974" Y="74044" Z="0"/>
					<Vertex X="70024" Y="74044" Z="0"/>
					<Vertex X="70123" Y="74044" Z="0"/>
					<Vertex X="70222" Y="74044" Z="0"/>
					<Vertex X="70371" Y="73945" Z="0"/>
					<Vertex X="70520" Y="73945" Z="0"/>
					<Vertex X="70669" Y="73945" Z="0"/>
					<Vertex X="70768" Y="73895" Z="0"/>
					<Vertex X="70867" Y="73845" Z="0"/>
					<Vertex X="70967" Y="73845" Z="0"/>
					<Vertex X="71016" Y="73845" Z="0"/>
					<Vertex X="71066" Y="73845" Z="0"/>
					<Vertex X="71165" Y="73796" Z="0"/>
					<Vertex X="71264" Y="73796" Z="0"/>
					<Vertex X="71364" Y="73746" Z="0"/>
					<Vertex X="71463" Y="73696" Z="0"/>
					<Vertex X="71513" Y="73696" Z="0"/>
					<Vertex X="71562" Y="73647" Z="0"/>
					<Vertex X="71612" Y="73647" Z="0"/>
					<Vertex X="71661" Y="73548" Z="0"/>
					<Vertex X="71810" Y="73498" Z="0"/>
					<Vertex X="71959" Y="73399" Z="0"/>
					<Vertex X="72158" Y="73250" Z="0"/>
					<Vertex X="72257" Y="73200" Z="0"/>
					<Vertex X="72307" Y="73151" Z="0"/>
					<Vertex X="72455" Y="73101" Z="0"/>
					<Vertex X="72505" Y="73002" Z="0"/>
					<Vertex X="72555" Y="73002" Z="0"/>
					<Vertex X="72654" Y="72902" Z="0"/>
					<Vertex X="72704" Y="72853" Z="0"/>
					<Vertex X="72704" Y="72803" Z="0"/>
					<Vertex X="72753" Y="72754" Z="0"/>
					<Vertex X="72803" Y="72605" Z="0"/>
					<Vertex X="72852" Y="72555" Z="0"/>
					<Vertex X="72902" Y="72456" Z="0"/>
					<Vertex X="72902" Y="72357" Z="0"/>
					<Vertex X="72902" Y="72208" Z="0"/>
					<Vertex X="72952" Y="72108" Z="0"/>
					<Vertex X="72952" Y="72009" Z="0"/>
					<Vertex X="72952" Y="71860" Z="0"/>
					<Vertex X="72952" Y="71761" Z="0"/>
					<Vertex X="72952" Y="71662" Z="0"/>
					<Vertex X="72952" Y="71563" Z="0"/>
					<Vertex X="72952" Y="71463" Z="0"/>
					<Vertex X="72952" Y="71414" Z="0"/>
					<Vertex X="72952" Y="71364" Z="0"/>
					<Vertex X="72952" Y="71265" Z="0"/>
					<Vertex X="72952" Y="71166" Z="0"/>
					<Vertex X="72902" Y="71116" Z="0"/>
					<Vertex X="72902" Y="71066" Z="0"/>
					<Vertex X="72852" Y="70967" Z="0"/>
					<Vertex X="72852" Y="70917" Z="0"/>
					<Vertex X="72852" Y="70818" Z="0"/>
					<Vertex X="72803" Y="70719" Z="0"/>
					<Vertex X="72753" Y="70669" Z="0"/>
					<Vertex X="72753" Y="70570" Z="0"/>
					<Vertex X="72753" Y="70520" Z="0"/>
					<Vertex X="72753" Y="70471" Z="0"/>
					<Vertex X="72704" Y="70421" Z="0"/>
					<Vertex X="72654" Y="70322" Z="0"/>
					<Vertex X="72604" Y="70223" Z="0"/>
					<Vertex X="72555" Y="70173" Z="0"/>
					<Vertex X="72505" Y="70074" Z="0"/>
					<Vertex X="72505" Y="69974" Z="0"/>
					<Vertex X="72455" Y="69974" Z="0"/>
					<Vertex X="72406" Y="69875" Z="0"/>
					<Vertex X="72406" Y="69776" Z="0"/>
					<Vertex X="72307" Y="69726" Z="0"/>
					<Vertex X="72307" Y="69627" Z="0"/>
					<Vertex X="72207" Y="69478" Z="0"/>
					<Vertex X="72108" Y="69280" Z="0"/>
					<Vertex X="72058" Y="69081" Z="0"/>
					<Vertex X="72009" Y="68932" Z="0"/>
					<Vertex X="71959" Y="68883" Z="0"/>
					<Vertex X="71910" Y="68783" Z="0"/>
					<Vertex X="71860" Y="68734" Z="0"/>
					<Vertex X="71810" Y="68635" Z="0"/>
					<Vertex X="71810" Y="68585" Z="0"/>
					<Vertex X="71810" Y="68535" Z="0"/>
					<Vertex X="71810" Y="68486" Z="0"/>
					<Vertex X="71761" Y="68436" Z="0"/>
					<Vertex X="71761" Y="68386" Z="0"/>
					<Vertex X="71711" Y="68287" Z="0"/>
					<Vertex X="71711" Y="68238" Z="0"/>
					<Vertex X="71711" Y="68188" Z="0"/>
					<Vertex X="71711" Y="68089" Z="0"/>
					<Vertex X="71661" Y="68089" Z="0"/>
					<Vertex X="71661" Y="68039" Z="0"/>
					<Vertex X="71661" Y="67989" Z="0"/>
					<Vertex X="71661" Y="67940" Z="0"/>
					<Vertex X="71661" Y="67890" Z="0"/>
					<Vertex X="71661" Y="67791" Z="0"/>
					<Vertex X="71661" Y="67741" Z="0"/>
					<Vertex X="71661" Y="67642" Z="0"/>
					<Vertex X="71661" Y="67592" Z="0"/>
					<Vertex X="71661" Y="67443" Z="0"/>
					<Vertex X="71661" Y="67245" Z="0"/>
					<Vertex X="71661" Y="67146" Z="0"/>
					<Vertex X="71661" Y="67096" Z="0"/>
					<Vertex X="71612" Y="67046" Z="0"/>
					<Vertex X="71612" Y="66997" Z="0"/>
					<Vertex X="71562" Y="66898" Z="0"/>
					<Vertex X="71562" Y="66848" Z="0"/>
					<Vertex X="71562" Y="66798" Z="0"/>
					<Vertex X="71562" Y="66699" Z="0"/>
					<Vertex X="71513" Y="66649" Z="0"/>
					<Vertex X="71463" Y="66550" Z="0"/>
					<Vertex X="71413" Y="66451" Z="0"/>
					<Vertex X="71364" Y="66352" Z="0"/>
					<Vertex X="71264" Y="66252" Z="0"/>
					<Vertex X="71215" Y="66153" Z="0"/>
					<Vertex X="71066" Y="65955" Z="0"/>
					<Vertex X="70917" Y="65806" Z="0"/>
					<Vertex X="70818" Y="65707" Z="0"/>
					<Vertex X="70719" Y="65657" Z="0"/>
					<Vertex X="70619" Y="65607" Z="0"/>
					<Vertex X="70470" Y="65508" Z="0"/>
					<Vertex X="70272" Y="65409" Z="0"/>
					<Vertex X="70173" Y="65310" Z="0"/>
					<Vertex X="70073" Y="65260" Z="0"/>
					<Vertex X="69974" Y="65210" Z="0"/>
					<Vertex X="69875" Y="65161" Z="0"/>
					<Vertex X="69825" Y="65161" Z="0"/>
					<Vertex X="69726" Y="65161" Z="0"/>
					<Vertex X="69676" Y="65111" Z="0"/>
					<Vertex X="69527" Y="65061" Z="0"/>
					<Vertex X="69478" Y="65061" Z="0"/>
					<Vertex X="69379" Y="65061" Z="0"/>
					<Vertex X="69279" Y="65012" Z="0"/>
					<Vertex X="69130" Y="65012" Z="0"/>
					<Vertex X="68982" Y="64962" Z="0"/>
					<Vertex X="68833" Y="64912" Z="0"/>
					<Vertex X="68684" Y="64912" Z="0"/>
					<Vertex X="68485" Y="64863" Z="0"/>
					<Vertex X="68287" Y="64764" Z="0"/>
					<Vertex X="67989" Y="64664" Z="0"/>
					<Vertex X="67741" Y="64615" Z="0"/>
					<Vertex X="67493" Y="64565" Z="0"/>
					<Vertex X="67245" Y="64466" Z="0"/>
					<Vertex X="67046" Y="64466" Z="0"/>
					<Vertex X="66798" Y="64367" Z="0"/>
					<Vertex X="66599" Y="64267" Z="0"/>
					<Vertex X="66451" Y="64218" Z="0"/>
					<Vertex X="66302" Y="64118" Z="0"/>
					<Vertex X="66054" Y="64118" Z="0"/>
					<Vertex X="65855" Y="64019" Z="0"/>
					<Vertex X="65607" Y="63970" Z="0"/>
					<Vertex X="65408" Y="63870" Z="0"/>
					<Vertex X="65260" Y="63821" Z="0"/>
					<Vertex X="65111" Y="63821" Z="0"/>
					<Vertex X="64962" Y="63771" Z="0"/>
					<Vertex X="64813" Y="63721" Z="0"/>
					<Vertex X="64763" Y="63672" Z="0"/>
					<Vertex X="64714" Y="63672" Z="0"/>
					<Vertex X="64664" Y="63672" Z="0"/>
					<Vertex X="64614" Y="63672" Z="0"/>
					<Vertex X="64565" Y="63672" Z="0"/>
					<Vertex X="64515" Y="63672" Z="0"/>
					<Vertex X="64416" Y="63672" Z="0"/>
					<Vertex X="64317" Y="63622" Z="0"/>
					<Vertex X="64118" Y="63622" Z="0"/>
					<Vertex X="63721" Y="63573" Z="0"/>
					<Vertex X="63374" Y="63523" Z="0"/>
					<Vertex X="62977" Y="63473" Z="0"/>
					<Vertex X="62580" Y="63424" Z="0"/>
					<Vertex X="62183" Y="63374" Z="0"/>
					<Vertex X="61835" Y="63324" Z="0"/>
					<Vertex X="61686" Y="63275" Z="0"/>
					<Vertex X="61438" Y="63275" Z="0"/>
					<Vertex X="61339" Y="63275" Z="0"/>
					<Vertex X="61289" Y="63275" Z="0"/>
					<Vertex X="61289" Y="63225" Z="0"/>
					<Vertex X="61190" Y="63176" Z="0"/>
					<Vertex X="61140" Y="63176" Z="0"/>
					<Vertex X="61091" Y="63126" Z="0"/>
					<Vertex X="60942" Y="63126" Z="0"/>
					<Vertex X="60793" Y="63126" Z="0"/>
					<Vertex X="60694" Y="63126" Z="0"/>
					<Vertex X="60595" Y="63126" Z="0"/>
					<Vertex X="60495" Y="63126" Z="0"/>
					<Vertex X="60396" Y="63126" Z="0"/>
					<Vertex X="60346" Y="63126" Z="0"/>
					<Vertex X="60297" Y="63076" Z="0"/>
					<Vertex X="60148" Y="63076" Z="0"/>
					<Vertex X="60049" Y="63076" Z="0"/>
					<Vertex X="59949" Y="63076" Z="0"/>
					<Vertex X="59850" Y="63076" Z="0"/>
					<Vertex X="59701" Y="63076" Z="0"/>
					<Vertex X="59652" Y="63076" Z="0"/>
					<Vertex X="59602" Y="63076" Z="0"/>
					<Vertex X="59552" Y="63076" Z="0"/>
					<Vertex X="59453" Y="63076" Z="0"/>
					<Vertex X="59404" Y="63076" Z="0"/>
					<Vertex X="59354" Y="63076" Z="0"/>
					<Vertex X="59304" Y="63076" Z="0"/>
					<Vertex X="58858" Y="63176" Z="0"/>
					<Vertex X="58659" Y="63176" Z="0"/>
					<Vertex X="58560" Y="63176" Z="0"/>
					<Vertex X="58510" Y="63176" Z="0"/>
					<Vertex X="58461" Y="63176" Z="0"/>
					<Vertex X="58411" Y="63225" Z="0"/>
				</Vertices>
			</Region>
		</Regions>
		<Plots/>
	</Annotation>
</Annotations>
