<Annotations MicronsPerPixel="0.252500">
	<Annotation Id="1" Name="" ReadOnly="0" NameReadOnly="0" LineColorReadOnly="0" Incremental="0" Type="4" LineColor="255" Visible="1" Selected="1" MarkupImagePath="" MacroName="">
		<Attributes/>
		<Regions>
			<RegionAttributeHeaders/>
			<Region Id="1" Type="0" Zoom="0.013385" Selected="0" ImageLocation="" ImageFocus="-1" Length="112101.0" Area="828765066.0" LengthMicrons="28305.5" AreaMicrons="52838951.7" Text="" NegativeROA="0" InputRegionId="0" Analyze="1" DisplayId="1">
				<Attributes/>
				<Vertices>
					<Vertex X="40683" Y="23744" Z="0"/>
					<Vertex X="39943" Y="24040" Z="0"/>
					<Vertex X="39203" Y="24336" Z="0"/>
					<Vertex X="38612" Y="24632" Z="0"/>
					<Vertex X="38020" Y="24854" Z="0"/>
					<Vertex X="37502" Y="25002" Z="0"/>
					<Vertex X="37280" Y="25076" Z="0"/>
					<Vertex X="37058" Y="25076" Z="0"/>
					<Vertex X="36984" Y="25076" Z="0"/>
					<Vertex X="36984" Y="25150" Z="0"/>
					<Vertex X="36540" Y="25445" Z="0"/>
					<Vertex X="35801" Y="25889" Z="0"/>
					<Vertex X="35357" Y="26111" Z="0"/>
					<Vertex X="34913" Y="26407" Z="0"/>
					<Vertex X="34691" Y="26407" Z="0"/>
					<Vertex X="34469" Y="26555" Z="0"/>
					<Vertex X="34321" Y="26629" Z="0"/>
					<Vertex X="34247" Y="26629" Z="0"/>
					<Vertex X="34173" Y="26703" Z="0"/>
					<Vertex X="34025" Y="26777" Z="0"/>
					<Vertex X="33952" Y="26851" Z="0"/>
					<Vertex X="33804" Y="26925" Z="0"/>
					<Vertex X="33730" Y="26999" Z="0"/>
					<Vertex X="33656" Y="26999" Z="0"/>
					<Vertex X="33508" Y="27221" Z="0"/>
					<Vertex X="33212" Y="27295" Z="0"/>
					<Vertex X="32916" Y="27517" Z="0"/>
					<Vertex X="32768" Y="27590" Z="0"/>
					<Vertex X="32694" Y="27664" Z="0"/>
					<Vertex X="32620" Y="27738" Z="0"/>
					<Vertex X="32546" Y="27812" Z="0"/>
					<Vertex X="32472" Y="27812" Z="0"/>
					<Vertex X="32398" Y="27886" Z="0"/>
					<Vertex X="32398" Y="27960" Z="0"/>
					<Vertex X="32250" Y="28034" Z="0"/>
					<Vertex X="32176" Y="28182" Z="0"/>
					<Vertex X="32028" Y="28330" Z="0"/>
					<Vertex X="31954" Y="28404" Z="0"/>
					<Vertex X="31880" Y="28552" Z="0"/>
					<Vertex X="31806" Y="28626" Z="0"/>
					<Vertex X="31732" Y="28700" Z="0"/>
					<Vertex X="31732" Y="28774" Z="0"/>
					<Vertex X="31585" Y="28848" Z="0"/>
					<Vertex X="31511" Y="28996" Z="0"/>
					<Vertex X="31363" Y="29070" Z="0"/>
					<Vertex X="31289" Y="29218" Z="0"/>
					<Vertex X="31215" Y="29292" Z="0"/>
					<Vertex X="31141" Y="29440" Z="0"/>
					<Vertex X="30993" Y="29588" Z="0"/>
					<Vertex X="30919" Y="29662" Z="0"/>
					<Vertex X="30845" Y="29810" Z="0"/>
					<Vertex X="30771" Y="29884" Z="0"/>
					<Vertex X="30697" Y="29958" Z="0"/>
					<Vertex X="30623" Y="30031" Z="0"/>
					<Vertex X="30623" Y="30105" Z="0"/>
					<Vertex X="30475" Y="30179" Z="0"/>
					<Vertex X="30475" Y="30253" Z="0"/>
					<Vertex X="30327" Y="30327" Z="0"/>
					<Vertex X="30253" Y="30475" Z="0"/>
					<Vertex X="30179" Y="30549" Z="0"/>
					<Vertex X="30105" Y="30623" Z="0"/>
					<Vertex X="29957" Y="30771" Z="0"/>
					<Vertex X="29735" Y="30919" Z="0"/>
					<Vertex X="29513" Y="31141" Z="0"/>
					<Vertex X="29217" Y="31215" Z="0"/>
					<Vertex X="29144" Y="31363" Z="0"/>
					<Vertex X="29070" Y="31437" Z="0"/>
					<Vertex X="28922" Y="31511" Z="0"/>
					<Vertex X="28848" Y="31585" Z="0"/>
					<Vertex X="28774" Y="31659" Z="0"/>
					<Vertex X="28700" Y="31733" Z="0"/>
					<Vertex X="28552" Y="31881" Z="0"/>
					<Vertex X="28552" Y="31955" Z="0"/>
					<Vertex X="28404" Y="32103" Z="0"/>
					<Vertex X="28256" Y="32325" Z="0"/>
					<Vertex X="28034" Y="32472" Z="0"/>
					<Vertex X="27960" Y="32620" Z="0"/>
					<Vertex X="27886" Y="32694" Z="0"/>
					<Vertex X="27738" Y="32842" Z="0"/>
					<Vertex X="27664" Y="32916" Z="0"/>
					<Vertex X="27664" Y="32990" Z="0"/>
					<Vertex X="27590" Y="32990" Z="0"/>
					<Vertex X="27590" Y="33064" Z="0"/>
					<Vertex X="27516" Y="33138" Z="0"/>
					<Vertex X="27442" Y="33212" Z="0"/>
					<Vertex X="27442" Y="33286" Z="0"/>
					<Vertex X="27368" Y="33360" Z="0"/>
					<Vertex X="27294" Y="33434" Z="0"/>
					<Vertex X="27220" Y="33656" Z="0"/>
					<Vertex X="27146" Y="33730" Z="0"/>
					<Vertex X="27072" Y="33878" Z="0"/>
					<Vertex X="26850" Y="34248" Z="0"/>
					<Vertex X="26629" Y="34470" Z="0"/>
					<Vertex X="26407" Y="34618" Z="0"/>
					<Vertex X="26333" Y="34839" Z="0"/>
					<Vertex X="26185" Y="34913" Z="0"/>
					<Vertex X="26111" Y="35061" Z="0"/>
					<Vertex X="26037" Y="35135" Z="0"/>
					<Vertex X="25963" Y="35209" Z="0"/>
					<Vertex X="25815" Y="35431" Z="0"/>
					<Vertex X="25741" Y="35653" Z="0"/>
					<Vertex X="25445" Y="36023" Z="0"/>
					<Vertex X="25149" Y="36245" Z="0"/>
					<Vertex X="25001" Y="36615" Z="0"/>
					<Vertex X="24853" Y="36763" Z="0"/>
					<Vertex X="24705" Y="36911" Z="0"/>
					<Vertex X="24483" Y="37280" Z="0"/>
					<Vertex X="24336" Y="37502" Z="0"/>
					<Vertex X="24262" Y="37650" Z="0"/>
					<Vertex X="24188" Y="37724" Z="0"/>
					<Vertex X="24188" Y="37872" Z="0"/>
					<Vertex X="24188" Y="37946" Z="0"/>
					<Vertex X="24114" Y="38020" Z="0"/>
					<Vertex X="24114" Y="38168" Z="0"/>
					<Vertex X="24040" Y="38242" Z="0"/>
					<Vertex X="24040" Y="38390" Z="0"/>
					<Vertex X="24040" Y="38612" Z="0"/>
					<Vertex X="24040" Y="38760" Z="0"/>
					<Vertex X="23966" Y="38908" Z="0"/>
					<Vertex X="23892" Y="39056" Z="0"/>
					<Vertex X="23818" Y="39278" Z="0"/>
					<Vertex X="23818" Y="39426" Z="0"/>
					<Vertex X="23744" Y="39647" Z="0"/>
					<Vertex X="23670" Y="39721" Z="0"/>
					<Vertex X="23596" Y="39869" Z="0"/>
					<Vertex X="23596" Y="39943" Z="0"/>
					<Vertex X="23596" Y="40091" Z="0"/>
					<Vertex X="23596" Y="40165" Z="0"/>
					<Vertex X="23596" Y="40313" Z="0"/>
					<Vertex X="23596" Y="40387" Z="0"/>
					<Vertex X="23596" Y="40535" Z="0"/>
					<Vertex X="23522" Y="40683" Z="0"/>
					<Vertex X="23522" Y="40757" Z="0"/>
					<Vertex X="23522" Y="40831" Z="0"/>
					<Vertex X="23448" Y="41127" Z="0"/>
					<Vertex X="23374" Y="41349" Z="0"/>
					<Vertex X="23374" Y="41497" Z="0"/>
					<Vertex X="23374" Y="41571" Z="0"/>
					<Vertex X="23374" Y="41645" Z="0"/>
					<Vertex X="23374" Y="41867" Z="0"/>
					<Vertex X="23300" Y="41941" Z="0"/>
					<Vertex X="23300" Y="42014" Z="0"/>
					<Vertex X="23300" Y="42088" Z="0"/>
					<Vertex X="23300" Y="42236" Z="0"/>
					<Vertex X="23300" Y="42384" Z="0"/>
					<Vertex X="23300" Y="42606" Z="0"/>
					<Vertex X="23300" Y="42828" Z="0"/>
					<Vertex X="23300" Y="43050" Z="0"/>
					<Vertex X="23226" Y="43346" Z="0"/>
					<Vertex X="23226" Y="43568" Z="0"/>
					<Vertex X="23226" Y="43790" Z="0"/>
					<Vertex X="23152" Y="43938" Z="0"/>
					<Vertex X="23152" Y="44086" Z="0"/>
					<Vertex X="23078" Y="44308" Z="0"/>
					<Vertex X="23078" Y="44381" Z="0"/>
					<Vertex X="23004" Y="44455" Z="0"/>
					<Vertex X="23004" Y="44603" Z="0"/>
					<Vertex X="23004" Y="44677" Z="0"/>
					<Vertex X="23004" Y="44751" Z="0"/>
					<Vertex X="23004" Y="44825" Z="0"/>
					<Vertex X="23004" Y="44899" Z="0"/>
					<Vertex X="23004" Y="45047" Z="0"/>
					<Vertex X="23004" Y="45195" Z="0"/>
					<Vertex X="23004" Y="45417" Z="0"/>
					<Vertex X="23004" Y="45639" Z="0"/>
					<Vertex X="22930" Y="45861" Z="0"/>
					<Vertex X="22930" Y="46009" Z="0"/>
					<Vertex X="22856" Y="46083" Z="0"/>
					<Vertex X="22856" Y="46231" Z="0"/>
					<Vertex X="22856" Y="46453" Z="0"/>
					<Vertex X="22782" Y="46601" Z="0"/>
					<Vertex X="22782" Y="46749" Z="0"/>
					<Vertex X="22782" Y="46970" Z="0"/>
					<Vertex X="22782" Y="47118" Z="0"/>
					<Vertex X="22782" Y="47266" Z="0"/>
					<Vertex X="22782" Y="47414" Z="0"/>
					<Vertex X="22782" Y="47562" Z="0"/>
					<Vertex X="22782" Y="47710" Z="0"/>
					<Vertex X="22782" Y="47858" Z="0"/>
					<Vertex X="22782" Y="48080" Z="0"/>
					<Vertex X="22782" Y="48228" Z="0"/>
					<Vertex X="22782" Y="48302" Z="0"/>
					<Vertex X="22856" Y="48524" Z="0"/>
					<Vertex X="22930" Y="48598" Z="0"/>
					<Vertex X="22930" Y="48820" Z="0"/>
					<Vertex X="22930" Y="48894" Z="0"/>
					<Vertex X="23004" Y="48968" Z="0"/>
					<Vertex X="23078" Y="49189" Z="0"/>
					<Vertex X="23078" Y="49337" Z="0"/>
					<Vertex X="23078" Y="49485" Z="0"/>
					<Vertex X="23152" Y="49559" Z="0"/>
					<Vertex X="23226" Y="49707" Z="0"/>
					<Vertex X="23226" Y="49855" Z="0"/>
					<Vertex X="23300" Y="50003" Z="0"/>
					<Vertex X="23300" Y="50077" Z="0"/>
					<Vertex X="23374" Y="50225" Z="0"/>
					<Vertex X="23448" Y="50225" Z="0"/>
					<Vertex X="23448" Y="50373" Z="0"/>
					<Vertex X="23670" Y="50669" Z="0"/>
					<Vertex X="23818" Y="50817" Z="0"/>
					<Vertex X="23818" Y="50891" Z="0"/>
					<Vertex X="23966" Y="51039" Z="0"/>
					<Vertex X="23966" Y="51113" Z="0"/>
					<Vertex X="24114" Y="51261" Z="0"/>
					<Vertex X="24188" Y="51335" Z="0"/>
					<Vertex X="24262" Y="51335" Z="0"/>
					<Vertex X="24262" Y="51409" Z="0"/>
					<Vertex X="24336" Y="51409" Z="0"/>
					<Vertex X="24336" Y="51483" Z="0"/>
					<Vertex X="24409" Y="51483" Z="0"/>
					<Vertex X="24483" Y="51557" Z="0"/>
					<Vertex X="24557" Y="51630" Z="0"/>
					<Vertex X="24705" Y="51704" Z="0"/>
					<Vertex X="24779" Y="51778" Z="0"/>
					<Vertex X="24927" Y="51852" Z="0"/>
					<Vertex X="25001" Y="51926" Z="0"/>
					<Vertex X="25075" Y="52000" Z="0"/>
					<Vertex X="25149" Y="52074" Z="0"/>
					<Vertex X="25223" Y="52074" Z="0"/>
					<Vertex X="25297" Y="52074" Z="0"/>
					<Vertex X="25297" Y="52148" Z="0"/>
					<Vertex X="25445" Y="52148" Z="0"/>
					<Vertex X="25519" Y="52222" Z="0"/>
					<Vertex X="25593" Y="52296" Z="0"/>
					<Vertex X="25741" Y="52370" Z="0"/>
					<Vertex X="25889" Y="52444" Z="0"/>
					<Vertex X="26037" Y="52518" Z="0"/>
					<Vertex X="26111" Y="52518" Z="0"/>
					<Vertex X="26259" Y="52518" Z="0"/>
					<Vertex X="26333" Y="52592" Z="0"/>
					<Vertex X="26481" Y="52592" Z="0"/>
					<Vertex X="26629" Y="52666" Z="0"/>
					<Vertex X="26850" Y="52740" Z="0"/>
					<Vertex X="27072" Y="52814" Z="0"/>
					<Vertex X="27294" Y="52888" Z="0"/>
					<Vertex X="27442" Y="52962" Z="0"/>
					<Vertex X="27590" Y="52962" Z="0"/>
					<Vertex X="27664" Y="52962" Z="0"/>
					<Vertex X="27812" Y="53036" Z="0"/>
					<Vertex X="27886" Y="53036" Z="0"/>
					<Vertex X="27960" Y="53036" Z="0"/>
					<Vertex X="28034" Y="53036" Z="0"/>
					<Vertex X="28108" Y="53110" Z="0"/>
					<Vertex X="28182" Y="53110" Z="0"/>
					<Vertex X="28256" Y="53110" Z="0"/>
					<Vertex X="28552" Y="53110" Z="0"/>
					<Vertex X="28774" Y="53110" Z="0"/>
					<Vertex X="28996" Y="53184" Z="0"/>
					<Vertex X="29217" Y="53184" Z="0"/>
					<Vertex X="29439" Y="53258" Z="0"/>
					<Vertex X="29587" Y="53258" Z="0"/>
					<Vertex X="29661" Y="53258" Z="0"/>
					<Vertex X="29735" Y="53332" Z="0"/>
					<Vertex X="29883" Y="53332" Z="0"/>
					<Vertex X="30031" Y="53332" Z="0"/>
					<Vertex X="30105" Y="53332" Z="0"/>
					<Vertex X="30253" Y="53332" Z="0"/>
					<Vertex X="30401" Y="53332" Z="0"/>
					<Vertex X="30697" Y="53406" Z="0"/>
					<Vertex X="30919" Y="53406" Z="0"/>
					<Vertex X="31067" Y="53406" Z="0"/>
					<Vertex X="31215" Y="53480" Z="0"/>
					<Vertex X="31363" Y="53480" Z="0"/>
					<Vertex X="31437" Y="53480" Z="0"/>
					<Vertex X="31585" Y="53480" Z="0"/>
					<Vertex X="31806" Y="53480" Z="0"/>
					<Vertex X="31880" Y="53480" Z="0"/>
					<Vertex X="31954" Y="53480" Z="0"/>
					<Vertex X="32028" Y="53480" Z="0"/>
					<Vertex X="32250" Y="53480" Z="0"/>
					<Vertex X="32398" Y="53554" Z="0"/>
					<Vertex X="32546" Y="53554" Z="0"/>
					<Vertex X="32768" Y="53628" Z="0"/>
					<Vertex X="32990" Y="53702" Z="0"/>
					<Vertex X="33138" Y="53702" Z="0"/>
					<Vertex X="33360" Y="53702" Z="0"/>
					<Vertex X="33508" Y="53702" Z="0"/>
					<Vertex X="33656" Y="53702" Z="0"/>
					<Vertex X="33730" Y="53702" Z="0"/>
					<Vertex X="33878" Y="53702" Z="0"/>
					<Vertex X="33952" Y="53702" Z="0"/>
					<Vertex X="34173" Y="53702" Z="0"/>
					<Vertex X="34395" Y="53702" Z="0"/>
					<Vertex X="34617" Y="53702" Z="0"/>
					<Vertex X="34913" Y="53702" Z="0"/>
					<Vertex X="35283" Y="53776" Z="0"/>
					<Vertex X="35653" Y="53776" Z="0"/>
					<Vertex X="35949" Y="53776" Z="0"/>
					<Vertex X="36245" Y="53776" Z="0"/>
					<Vertex X="36836" Y="53776" Z="0"/>
					<Vertex X="36910" Y="53776" Z="0"/>
					<Vertex X="37058" Y="53776" Z="0"/>
					<Vertex X="37280" Y="53776" Z="0"/>
					<Vertex X="37428" Y="53776" Z="0"/>
					<Vertex X="37650" Y="53776" Z="0"/>
					<Vertex X="38168" Y="53776" Z="0"/>
					<Vertex X="38464" Y="53776" Z="0"/>
					<Vertex X="38686" Y="53776" Z="0"/>
					<Vertex X="38907" Y="53776" Z="0"/>
					<Vertex X="39129" Y="53776" Z="0"/>
					<Vertex X="39351" Y="53702" Z="0"/>
					<Vertex X="39499" Y="53628" Z="0"/>
					<Vertex X="39647" Y="53628" Z="0"/>
					<Vertex X="39795" Y="53628" Z="0"/>
					<Vertex X="40017" Y="53628" Z="0"/>
					<Vertex X="40239" Y="53554" Z="0"/>
					<Vertex X="40461" Y="53480" Z="0"/>
					<Vertex X="40683" Y="53406" Z="0"/>
					<Vertex X="40905" Y="53332" Z="0"/>
					<Vertex X="41274" Y="53332" Z="0"/>
					<Vertex X="41496" Y="53258" Z="0"/>
					<Vertex X="41644" Y="53258" Z="0"/>
					<Vertex X="41866" Y="53184" Z="0"/>
					<Vertex X="41940" Y="53110" Z="0"/>
					<Vertex X="42088" Y="53036" Z="0"/>
					<Vertex X="42236" Y="52962" Z="0"/>
					<Vertex X="42310" Y="52962" Z="0"/>
					<Vertex X="42458" Y="52888" Z="0"/>
					<Vertex X="42606" Y="52740" Z="0"/>
					<Vertex X="42754" Y="52740" Z="0"/>
					<Vertex X="42902" Y="52666" Z="0"/>
					<Vertex X="43050" Y="52592" Z="0"/>
					<Vertex X="43198" Y="52592" Z="0"/>
					<Vertex X="43272" Y="52518" Z="0"/>
					<Vertex X="43346" Y="52444" Z="0"/>
					<Vertex X="43420" Y="52444" Z="0"/>
					<Vertex X="43494" Y="52444" Z="0"/>
					<Vertex X="43568" Y="52296" Z="0"/>
					<Vertex X="43641" Y="52296" Z="0"/>
					<Vertex X="43715" Y="52222" Z="0"/>
					<Vertex X="43789" Y="52222" Z="0"/>
					<Vertex X="43863" Y="52148" Z="0"/>
					<Vertex X="43937" Y="52074" Z="0"/>
					<Vertex X="44011" Y="52000" Z="0"/>
					<Vertex X="44159" Y="51926" Z="0"/>
					<Vertex X="44159" Y="51778" Z="0"/>
					<Vertex X="44233" Y="51704" Z="0"/>
					<Vertex X="44307" Y="51557" Z="0"/>
					<Vertex X="44381" Y="51483" Z="0"/>
					<Vertex X="44381" Y="51409" Z="0"/>
					<Vertex X="44455" Y="51261" Z="0"/>
					<Vertex X="44529" Y="51187" Z="0"/>
					<Vertex X="44529" Y="51113" Z="0"/>
					<Vertex X="44529" Y="50965" Z="0"/>
					<Vertex X="44603" Y="50965" Z="0"/>
					<Vertex X="44603" Y="50891" Z="0"/>
					<Vertex X="44603" Y="50817" Z="0"/>
					<Vertex X="44603" Y="50743" Z="0"/>
					<Vertex X="44677" Y="50595" Z="0"/>
					<Vertex X="44751" Y="50521" Z="0"/>
					<Vertex X="44751" Y="50447" Z="0"/>
					<Vertex X="44751" Y="50373" Z="0"/>
					<Vertex X="44825" Y="50373" Z="0"/>
					<Vertex X="44899" Y="50299" Z="0"/>
					<Vertex X="44899" Y="50225" Z="0"/>
					<Vertex X="44973" Y="50225" Z="0"/>
					<Vertex X="44973" Y="50151" Z="0"/>
					<Vertex X="45121" Y="50077" Z="0"/>
					<Vertex X="45121" Y="50003" Z="0"/>
					<Vertex X="45269" Y="49855" Z="0"/>
					<Vertex X="45343" Y="49781" Z="0"/>
					<Vertex X="45491" Y="49707" Z="0"/>
					<Vertex X="45639" Y="49633" Z="0"/>
					<Vertex X="45713" Y="49633" Z="0"/>
					<Vertex X="45861" Y="49485" Z="0"/>
					<Vertex X="46082" Y="49411" Z="0"/>
					<Vertex X="46230" Y="49337" Z="0"/>
					<Vertex X="46304" Y="49263" Z="0"/>
					<Vertex X="46452" Y="49189" Z="0"/>
					<Vertex X="46600" Y="49189" Z="0"/>
					<Vertex X="46674" Y="49116" Z="0"/>
					<Vertex X="46896" Y="49042" Z="0"/>
					<Vertex X="47044" Y="49042" Z="0"/>
					<Vertex X="47192" Y="48968" Z="0"/>
					<Vertex X="47266" Y="48820" Z="0"/>
					<Vertex X="47414" Y="48820" Z="0"/>
					<Vertex X="47710" Y="48598" Z="0"/>
					<Vertex X="47932" Y="48524" Z="0"/>
					<Vertex X="48006" Y="48376" Z="0"/>
					<Vertex X="48302" Y="48302" Z="0"/>
					<Vertex X="48523" Y="48154" Z="0"/>
					<Vertex X="48597" Y="48080" Z="0"/>
					<Vertex X="48745" Y="48006" Z="0"/>
					<Vertex X="48819" Y="47932" Z="0"/>
					<Vertex X="48893" Y="47932" Z="0"/>
					<Vertex X="48967" Y="47858" Z="0"/>
					<Vertex X="48967" Y="47784" Z="0"/>
					<Vertex X="49115" Y="47710" Z="0"/>
					<Vertex X="49189" Y="47636" Z="0"/>
					<Vertex X="49263" Y="47562" Z="0"/>
					<Vertex X="49337" Y="47488" Z="0"/>
					<Vertex X="49411" Y="47414" Z="0"/>
					<Vertex X="49485" Y="47414" Z="0"/>
					<Vertex X="49559" Y="47266" Z="0"/>
					<Vertex X="49633" Y="47192" Z="0"/>
					<Vertex X="49707" Y="47044" Z="0"/>
					<Vertex X="49781" Y="46896" Z="0"/>
					<Vertex X="49781" Y="46822" Z="0"/>
					<Vertex X="49855" Y="46675" Z="0"/>
					<Vertex X="49929" Y="46527" Z="0"/>
					<Vertex X="49929" Y="46379" Z="0"/>
					<Vertex X="50003" Y="46305" Z="0"/>
					<Vertex X="50077" Y="46157" Z="0"/>
					<Vertex X="50151" Y="46009" Z="0"/>
					<Vertex X="50151" Y="45935" Z="0"/>
					<Vertex X="50151" Y="45787" Z="0"/>
					<Vertex X="50225" Y="45639" Z="0"/>
					<Vertex X="50225" Y="45565" Z="0"/>
					<Vertex X="50225" Y="45491" Z="0"/>
					<Vertex X="50225" Y="45417" Z="0"/>
					<Vertex X="50299" Y="45269" Z="0"/>
					<Vertex X="50373" Y="45121" Z="0"/>
					<Vertex X="50447" Y="44973" Z="0"/>
					<Vertex X="50521" Y="44751" Z="0"/>
					<Vertex X="50595" Y="44603" Z="0"/>
					<Vertex X="50669" Y="44381" Z="0"/>
					<Vertex X="50743" Y="44308" Z="0"/>
					<Vertex X="50817" Y="44234" Z="0"/>
					<Vertex X="50817" Y="44160" Z="0"/>
					<Vertex X="50890" Y="44012" Z="0"/>
					<Vertex X="50964" Y="43938" Z="0"/>
					<Vertex X="51112" Y="43716" Z="0"/>
					<Vertex X="51186" Y="43568" Z="0"/>
					<Vertex X="51334" Y="43420" Z="0"/>
					<Vertex X="51482" Y="43272" Z="0"/>
					<Vertex X="51630" Y="43124" Z="0"/>
					<Vertex X="51778" Y="42976" Z="0"/>
					<Vertex X="51926" Y="42828" Z="0"/>
					<Vertex X="52074" Y="42680" Z="0"/>
					<Vertex X="52222" Y="42606" Z="0"/>
					<Vertex X="52444" Y="42458" Z="0"/>
					<Vertex X="52518" Y="42384" Z="0"/>
					<Vertex X="52740" Y="42236" Z="0"/>
					<Vertex X="52814" Y="42236" Z="0"/>
					<Vertex X="52888" Y="42088" Z="0"/>
					<Vertex X="52962" Y="42088" Z="0"/>
					<Vertex X="53110" Y="41941" Z="0"/>
					<Vertex X="53331" Y="41867" Z="0"/>
					<Vertex X="53775" Y="41497" Z="0"/>
					<Vertex X="54145" Y="41349" Z="0"/>
					<Vertex X="54367" Y="41201" Z="0"/>
					<Vertex X="54663" Y="41053" Z="0"/>
					<Vertex X="54885" Y="40831" Z="0"/>
					<Vertex X="55033" Y="40757" Z="0"/>
					<Vertex X="55181" Y="40609" Z="0"/>
					<Vertex X="55403" Y="40535" Z="0"/>
					<Vertex X="55698" Y="40239" Z="0"/>
					<Vertex X="56068" Y="39943" Z="0"/>
					<Vertex X="56290" Y="39721" Z="0"/>
					<Vertex X="57104" Y="38982" Z="0"/>
					<Vertex X="57400" Y="38612" Z="0"/>
					<Vertex X="57696" Y="38242" Z="0"/>
					<Vertex X="58065" Y="37872" Z="0"/>
					<Vertex X="58287" Y="37650" Z="0"/>
					<Vertex X="58583" Y="37280" Z="0"/>
					<Vertex X="58657" Y="37059" Z="0"/>
					<Vertex X="58731" Y="36985" Z="0"/>
					<Vertex X="58805" Y="36911" Z="0"/>
					<Vertex X="58879" Y="36763" Z="0"/>
					<Vertex X="58953" Y="36615" Z="0"/>
					<Vertex X="58953" Y="36541" Z="0"/>
					<Vertex X="59101" Y="36245" Z="0"/>
					<Vertex X="59101" Y="36171" Z="0"/>
					<Vertex X="59175" Y="36171" Z="0"/>
					<Vertex X="59175" Y="36097" Z="0"/>
					<Vertex X="59323" Y="35061" Z="0"/>
					<Vertex X="59323" Y="34839" Z="0"/>
					<Vertex X="59397" Y="34618" Z="0"/>
					<Vertex X="59471" Y="34322" Z="0"/>
					<Vertex X="59545" Y="33952" Z="0"/>
					<Vertex X="59619" Y="33730" Z="0"/>
					<Vertex X="59619" Y="33508" Z="0"/>
					<Vertex X="59619" Y="33360" Z="0"/>
					<Vertex X="59693" Y="33138" Z="0"/>
					<Vertex X="59693" Y="33064" Z="0"/>
					<Vertex X="59767" Y="32694" Z="0"/>
					<Vertex X="59767" Y="32546" Z="0"/>
					<Vertex X="59767" Y="32398" Z="0"/>
					<Vertex X="59767" Y="32251" Z="0"/>
					<Vertex X="59767" Y="32103" Z="0"/>
					<Vertex X="59915" Y="31659" Z="0"/>
					<Vertex X="59989" Y="31363" Z="0"/>
					<Vertex X="60063" Y="31141" Z="0"/>
					<Vertex X="60063" Y="30993" Z="0"/>
					<Vertex X="60063" Y="30919" Z="0"/>
					<Vertex X="60063" Y="30845" Z="0"/>
					<Vertex X="60137" Y="30697" Z="0"/>
					<Vertex X="60137" Y="30549" Z="0"/>
					<Vertex X="60137" Y="30475" Z="0"/>
					<Vertex X="60137" Y="30327" Z="0"/>
					<Vertex X="60137" Y="30179" Z="0"/>
					<Vertex X="60137" Y="30105" Z="0"/>
					<Vertex X="60137" Y="30031" Z="0"/>
					<Vertex X="60137" Y="29958" Z="0"/>
					<Vertex X="60137" Y="29884" Z="0"/>
					<Vertex X="60137" Y="29810" Z="0"/>
					<Vertex X="60137" Y="29662" Z="0"/>
					<Vertex X="59989" Y="29588" Z="0"/>
					<Vertex X="59915" Y="29440" Z="0"/>
					<Vertex X="59693" Y="29070" Z="0"/>
					<Vertex X="59545" Y="28922" Z="0"/>
					<Vertex X="59471" Y="28774" Z="0"/>
					<Vertex X="59323" Y="28626" Z="0"/>
					<Vertex X="59175" Y="28404" Z="0"/>
					<Vertex X="59101" Y="28330" Z="0"/>
					<Vertex X="58953" Y="28256" Z="0"/>
					<Vertex X="58731" Y="27886" Z="0"/>
					<Vertex X="58657" Y="27812" Z="0"/>
					<Vertex X="58509" Y="27590" Z="0"/>
					<Vertex X="58435" Y="27590" Z="0"/>
					<Vertex X="58287" Y="27369" Z="0"/>
					<Vertex X="58139" Y="27295" Z="0"/>
					<Vertex X="58065" Y="27147" Z="0"/>
					<Vertex X="57844" Y="26925" Z="0"/>
					<Vertex X="57770" Y="26851" Z="0"/>
					<Vertex X="57622" Y="26703" Z="0"/>
					<Vertex X="57548" Y="26629" Z="0"/>
					<Vertex X="57474" Y="26555" Z="0"/>
					<Vertex X="57326" Y="26407" Z="0"/>
					<Vertex X="57326" Y="26333" Z="0"/>
					<Vertex X="57252" Y="26259" Z="0"/>
					<Vertex X="57178" Y="26259" Z="0"/>
					<Vertex X="57104" Y="26111" Z="0"/>
					<Vertex X="56956" Y="25963" Z="0"/>
					<Vertex X="56882" Y="25889" Z="0"/>
					<Vertex X="56734" Y="25741" Z="0"/>
					<Vertex X="56660" Y="25667" Z="0"/>
					<Vertex X="56586" Y="25593" Z="0"/>
					<Vertex X="56438" Y="25371" Z="0"/>
					<Vertex X="56290" Y="25297" Z="0"/>
					<Vertex X="56216" Y="25223" Z="0"/>
					<Vertex X="56068" Y="25002" Z="0"/>
					<Vertex X="55846" Y="24780" Z="0"/>
					<Vertex X="55846" Y="24706" Z="0"/>
					<Vertex X="55698" Y="24632" Z="0"/>
					<Vertex X="55551" Y="24484" Z="0"/>
					<Vertex X="55403" Y="24336" Z="0"/>
					<Vertex X="55329" Y="24262" Z="0"/>
					<Vertex X="55255" Y="24188" Z="0"/>
					<Vertex X="55107" Y="24114" Z="0"/>
					<Vertex X="54885" Y="23892" Z="0"/>
					<Vertex X="54367" Y="23596" Z="0"/>
					<Vertex X="54145" Y="23448" Z="0"/>
					<Vertex X="53997" Y="23374" Z="0"/>
					<Vertex X="53775" Y="23226" Z="0"/>
					<Vertex X="53701" Y="23152" Z="0"/>
					<Vertex X="53553" Y="23078" Z="0"/>
					<Vertex X="53405" Y="23004" Z="0"/>
					<Vertex X="53257" Y="22930" Z="0"/>
					<Vertex X="52888" Y="22782" Z="0"/>
					<Vertex X="52666" Y="22709" Z="0"/>
					<Vertex X="52592" Y="22709" Z="0"/>
					<Vertex X="52518" Y="22635" Z="0"/>
					<Vertex X="51926" Y="22561" Z="0"/>
					<Vertex X="51408" Y="22487" Z="0"/>
					<Vertex X="51186" Y="22413" Z="0"/>
					<Vertex X="51112" Y="22413" Z="0"/>
					<Vertex X="51038" Y="22339" Z="0"/>
					<Vertex X="50964" Y="22339" Z="0"/>
					<Vertex X="50817" Y="22265" Z="0"/>
					<Vertex X="49855" Y="22191" Z="0"/>
					<Vertex X="49337" Y="22117" Z="0"/>
					<Vertex X="49189" Y="22043" Z="0"/>
					<Vertex X="49115" Y="22043" Z="0"/>
					<Vertex X="49041" Y="21969" Z="0"/>
					<Vertex X="48449" Y="21969" Z="0"/>
					<Vertex X="47488" Y="21969" Z="0"/>
					<Vertex X="46600" Y="21969" Z="0"/>
					<Vertex X="46230" Y="21969" Z="0"/>
					<Vertex X="46009" Y="21969" Z="0"/>
					<Vertex X="45935" Y="21969" Z="0"/>
					<Vertex X="45861" Y="21969" Z="0"/>
					<Vertex X="45713" Y="21969" Z="0"/>
					<Vertex X="45491" Y="22043" Z="0"/>
					<Vertex X="45195" Y="22117" Z="0"/>
					<Vertex X="44751" Y="22265" Z="0"/>
					<Vertex X="44603" Y="22339" Z="0"/>
					<Vertex X="44529" Y="22339" Z="0"/>
					<Vertex X="44233" Y="22339" Z="0"/>
					<Vertex X="44159" Y="22413" Z="0"/>
					<Vertex X="43937" Y="22487" Z="0"/>
					<Vertex X="43863" Y="22561" Z="0"/>
					<Vertex X="43568" Y="22635" Z="0"/>
					<Vertex X="43568" Y="22709" Z="0"/>
					<Vertex X="43494" Y="22782" Z="0"/>
					<Vertex X="43346" Y="22782" Z="0"/>
					<Vertex X="43272" Y="22856" Z="0"/>
					<Vertex X="43198" Y="22856" Z="0"/>
					<Vertex X="43124" Y="22856" Z="0"/>
					<Vertex X="42976" Y="22930" Z="0"/>
					<Vertex X="42828" Y="23004" Z="0"/>
					<Vertex X="42532" Y="23078" Z="0"/>
					<Vertex X="42384" Y="23078" Z="0"/>
					<Vertex X="42310" Y="23078" Z="0"/>
					<Vertex X="42310" Y="23152" Z="0"/>
					<Vertex X="42162" Y="23152" Z="0"/>
					<Vertex X="41718" Y="23300" Z="0"/>
					<Vertex X="41422" Y="23374" Z="0"/>
					<Vertex X="40979" Y="23448" Z="0"/>
					<Vertex X="40831" Y="23448" Z="0"/>
					<Vertex X="40683" Y="23522" Z="0"/>
					<Vertex X="40609" Y="23522" Z="0"/>
					<Vertex X="40683" Y="23744" Z="0"/>
				</Vertices>
			</Region>
			<Region Id="2" Type="0" Zoom="0.026019" Selected="0" ImageLocation="" ImageFocus="-1" Length="91826.1" Area="319120959.5" LengthMicrons="23186.1" AreaMicrons="20345955.3" Text="" NegativeROA="0" InputRegionId="0" Analyze="1" DisplayId="2">
				<Attributes/>
				<Vertices>
					<Vertex X="57041" Y="49697" Z="0"/>
					<Vertex X="57041" Y="50039" Z="0"/>
					<Vertex X="57041" Y="50344" Z="0"/>
					<Vertex X="57041" Y="50610" Z="0"/>
					<Vertex X="57041" Y="50724" Z="0"/>
					<Vertex X="57003" Y="50801" Z="0"/>
					<Vertex X="57003" Y="50877" Z="0"/>
					<Vertex X="57003" Y="50953" Z="0"/>
					<Vertex X="57003" Y="51029" Z="0"/>
					<Vertex X="57003" Y="51105" Z="0"/>
					<Vertex X="57003" Y="51181" Z="0"/>
					<Vertex X="57003" Y="51371" Z="0"/>
					<Vertex X="57003" Y="51409" Z="0"/>
					<Vertex X="57003" Y="51485" Z="0"/>
					<Vertex X="57003" Y="51524" Z="0"/>
					<Vertex X="57003" Y="51600" Z="0"/>
					<Vertex X="57003" Y="51638" Z="0"/>
					<Vertex X="57003" Y="51714" Z="0"/>
					<Vertex X="57003" Y="51828" Z="0"/>
					<Vertex X="57003" Y="51942" Z="0"/>
					<Vertex X="57003" Y="52056" Z="0"/>
					<Vertex X="57003" Y="52170" Z="0"/>
					<Vertex X="57003" Y="52285" Z="0"/>
					<Vertex X="57003" Y="52399" Z="0"/>
					<Vertex X="56965" Y="52513" Z="0"/>
					<Vertex X="56927" Y="52551" Z="0"/>
					<Vertex X="56927" Y="52589" Z="0"/>
					<Vertex X="56927" Y="52665" Z="0"/>
					<Vertex X="56927" Y="52703" Z="0"/>
					<Vertex X="56889" Y="52741" Z="0"/>
					<Vertex X="56889" Y="52817" Z="0"/>
					<Vertex X="56851" Y="52855" Z="0"/>
					<Vertex X="56851" Y="52931" Z="0"/>
					<Vertex X="56813" Y="52970" Z="0"/>
					<Vertex X="56813" Y="53008" Z="0"/>
					<Vertex X="56775" Y="53046" Z="0"/>
					<Vertex X="56775" Y="53084" Z="0"/>
					<Vertex X="56775" Y="53160" Z="0"/>
					<Vertex X="56699" Y="53274" Z="0"/>
					<Vertex X="56623" Y="53388" Z="0"/>
					<Vertex X="56585" Y="53464" Z="0"/>
					<Vertex X="56547" Y="53540" Z="0"/>
					<Vertex X="56547" Y="53578" Z="0"/>
					<Vertex X="56509" Y="53616" Z="0"/>
					<Vertex X="56509" Y="53654" Z="0"/>
					<Vertex X="56471" Y="53693" Z="0"/>
					<Vertex X="56471" Y="53731" Z="0"/>
					<Vertex X="56433" Y="53769" Z="0"/>
					<Vertex X="56433" Y="53845" Z="0"/>
					<Vertex X="56394" Y="53845" Z="0"/>
					<Vertex X="56394" Y="53883" Z="0"/>
					<Vertex X="56394" Y="53921" Z="0"/>
					<Vertex X="56356" Y="53921" Z="0"/>
					<Vertex X="56356" Y="53959" Z="0"/>
					<Vertex X="56356" Y="53997" Z="0"/>
					<Vertex X="56318" Y="53997" Z="0"/>
					<Vertex X="56318" Y="54035" Z="0"/>
					<Vertex X="56280" Y="54035" Z="0"/>
					<Vertex X="56280" Y="54073" Z="0"/>
					<Vertex X="56242" Y="54111" Z="0"/>
					<Vertex X="56242" Y="54149" Z="0"/>
					<Vertex X="56204" Y="54149" Z="0"/>
					<Vertex X="56166" Y="54187" Z="0"/>
					<Vertex X="56128" Y="54263" Z="0"/>
					<Vertex X="56014" Y="54301" Z="0"/>
					<Vertex X="55938" Y="54377" Z="0"/>
					<Vertex X="55786" Y="54416" Z="0"/>
					<Vertex X="55710" Y="54492" Z="0"/>
					<Vertex X="55671" Y="54530" Z="0"/>
					<Vertex X="55595" Y="54530" Z="0"/>
					<Vertex X="55557" Y="54530" Z="0"/>
					<Vertex X="55557" Y="54568" Z="0"/>
					<Vertex X="55481" Y="54606" Z="0"/>
					<Vertex X="55291" Y="54606" Z="0"/>
					<Vertex X="55177" Y="54606" Z="0"/>
					<Vertex X="54948" Y="54606" Z="0"/>
					<Vertex X="54872" Y="54606" Z="0"/>
					<Vertex X="54796" Y="54606" Z="0"/>
					<Vertex X="54758" Y="54606" Z="0"/>
					<Vertex X="54682" Y="54606" Z="0"/>
					<Vertex X="54568" Y="54568" Z="0"/>
					<Vertex X="54416" Y="54530" Z="0"/>
					<Vertex X="54302" Y="54530" Z="0"/>
					<Vertex X="54187" Y="54492" Z="0"/>
					<Vertex X="54073" Y="54454" Z="0"/>
					<Vertex X="53959" Y="54416" Z="0"/>
					<Vertex X="53731" Y="54339" Z="0"/>
					<Vertex X="53464" Y="54263" Z="0"/>
					<Vertex X="53312" Y="54225" Z="0"/>
					<Vertex X="53198" Y="54187" Z="0"/>
					<Vertex X="53122" Y="54187" Z="0"/>
					<Vertex X="53084" Y="54187" Z="0"/>
					<Vertex X="53046" Y="54187" Z="0"/>
					<Vertex X="53008" Y="54149" Z="0"/>
					<Vertex X="52932" Y="54149" Z="0"/>
					<Vertex X="52818" Y="54111" Z="0"/>
					<Vertex X="52703" Y="54073" Z="0"/>
					<Vertex X="52551" Y="54073" Z="0"/>
					<Vertex X="52399" Y="54073" Z="0"/>
					<Vertex X="52209" Y="54035" Z="0"/>
					<Vertex X="52056" Y="53959" Z="0"/>
					<Vertex X="51866" Y="53921" Z="0"/>
					<Vertex X="51752" Y="53883" Z="0"/>
					<Vertex X="51638" Y="53845" Z="0"/>
					<Vertex X="51486" Y="53845" Z="0"/>
					<Vertex X="51372" Y="53807" Z="0"/>
					<Vertex X="51257" Y="53769" Z="0"/>
					<Vertex X="51143" Y="53769" Z="0"/>
					<Vertex X="50953" Y="53731" Z="0"/>
					<Vertex X="50839" Y="53731" Z="0"/>
					<Vertex X="50763" Y="53731" Z="0"/>
					<Vertex X="50725" Y="53731" Z="0"/>
					<Vertex X="50649" Y="53693" Z="0"/>
					<Vertex X="50572" Y="53693" Z="0"/>
					<Vertex X="50496" Y="53693" Z="0"/>
					<Vertex X="50344" Y="53693" Z="0"/>
					<Vertex X="50306" Y="53693" Z="0"/>
					<Vertex X="50268" Y="53693" Z="0"/>
					<Vertex X="50192" Y="53693" Z="0"/>
					<Vertex X="50154" Y="53693" Z="0"/>
					<Vertex X="50116" Y="53693" Z="0"/>
					<Vertex X="50040" Y="53693" Z="0"/>
					<Vertex X="49964" Y="53693" Z="0"/>
					<Vertex X="49811" Y="53693" Z="0"/>
					<Vertex X="49697" Y="53693" Z="0"/>
					<Vertex X="49659" Y="53693" Z="0"/>
					<Vertex X="49545" Y="53693" Z="0"/>
					<Vertex X="49469" Y="53693" Z="0"/>
					<Vertex X="49393" Y="53693" Z="0"/>
					<Vertex X="49317" Y="53693" Z="0"/>
					<Vertex X="49088" Y="53693" Z="0"/>
					<Vertex X="49012" Y="53693" Z="0"/>
					<Vertex X="48860" Y="53731" Z="0"/>
					<Vertex X="48746" Y="53731" Z="0"/>
					<Vertex X="48632" Y="53769" Z="0"/>
					<Vertex X="48518" Y="53807" Z="0"/>
					<Vertex X="48365" Y="53807" Z="0"/>
					<Vertex X="48137" Y="53845" Z="0"/>
					<Vertex X="47985" Y="53883" Z="0"/>
					<Vertex X="47833" Y="53883" Z="0"/>
					<Vertex X="47718" Y="53921" Z="0"/>
					<Vertex X="47566" Y="53921" Z="0"/>
					<Vertex X="47376" Y="53959" Z="0"/>
					<Vertex X="47224" Y="53959" Z="0"/>
					<Vertex X="47110" Y="53959" Z="0"/>
					<Vertex X="46957" Y="53959" Z="0"/>
					<Vertex X="46767" Y="53959" Z="0"/>
					<Vertex X="46387" Y="53959" Z="0"/>
					<Vertex X="46196" Y="53959" Z="0"/>
					<Vertex X="46082" Y="53959" Z="0"/>
					<Vertex X="45930" Y="53959" Z="0"/>
					<Vertex X="45778" Y="53959" Z="0"/>
					<Vertex X="45664" Y="53959" Z="0"/>
					<Vertex X="45549" Y="53959" Z="0"/>
					<Vertex X="45397" Y="53959" Z="0"/>
					<Vertex X="45283" Y="53959" Z="0"/>
					<Vertex X="45245" Y="53959" Z="0"/>
					<Vertex X="45131" Y="53959" Z="0"/>
					<Vertex X="45017" Y="53959" Z="0"/>
					<Vertex X="44941" Y="53997" Z="0"/>
					<Vertex X="44826" Y="53997" Z="0"/>
					<Vertex X="44750" Y="54035" Z="0"/>
					<Vertex X="44522" Y="54073" Z="0"/>
					<Vertex X="44446" Y="54073" Z="0"/>
					<Vertex X="44332" Y="54073" Z="0"/>
					<Vertex X="44256" Y="54073" Z="0"/>
					<Vertex X="44142" Y="54111" Z="0"/>
					<Vertex X="44065" Y="54149" Z="0"/>
					<Vertex X="44027" Y="54149" Z="0"/>
					<Vertex X="43951" Y="54187" Z="0"/>
					<Vertex X="43913" Y="54187" Z="0"/>
					<Vertex X="43875" Y="54187" Z="0"/>
					<Vertex X="43837" Y="54225" Z="0"/>
					<Vertex X="43799" Y="54225" Z="0"/>
					<Vertex X="43761" Y="54263" Z="0"/>
					<Vertex X="43761" Y="54301" Z="0"/>
					<Vertex X="43685" Y="54301" Z="0"/>
					<Vertex X="43647" Y="54301" Z="0"/>
					<Vertex X="43571" Y="54339" Z="0"/>
					<Vertex X="43457" Y="54377" Z="0"/>
					<Vertex X="43228" Y="54416" Z="0"/>
					<Vertex X="43114" Y="54454" Z="0"/>
					<Vertex X="42962" Y="54492" Z="0"/>
					<Vertex X="42810" Y="54492" Z="0"/>
					<Vertex X="42696" Y="54530" Z="0"/>
					<Vertex X="42543" Y="54530" Z="0"/>
					<Vertex X="42391" Y="54530" Z="0"/>
					<Vertex X="42315" Y="54568" Z="0"/>
					<Vertex X="42239" Y="54568" Z="0"/>
					<Vertex X="42201" Y="54606" Z="0"/>
					<Vertex X="42125" Y="54606" Z="0"/>
					<Vertex X="42011" Y="54644" Z="0"/>
					<Vertex X="41896" Y="54644" Z="0"/>
					<Vertex X="41782" Y="54644" Z="0"/>
					<Vertex X="41516" Y="54682" Z="0"/>
					<Vertex X="41402" Y="54682" Z="0"/>
					<Vertex X="41326" Y="54720" Z="0"/>
					<Vertex X="41250" Y="54720" Z="0"/>
					<Vertex X="41173" Y="54720" Z="0"/>
					<Vertex X="41135" Y="54758" Z="0"/>
					<Vertex X="41059" Y="54758" Z="0"/>
					<Vertex X="40983" Y="54758" Z="0"/>
					<Vertex X="40869" Y="54796" Z="0"/>
					<Vertex X="40793" Y="54796" Z="0"/>
					<Vertex X="40679" Y="54834" Z="0"/>
					<Vertex X="40450" Y="54872" Z="0"/>
					<Vertex X="40336" Y="54910" Z="0"/>
					<Vertex X="40298" Y="54910" Z="0"/>
					<Vertex X="40184" Y="54948" Z="0"/>
					<Vertex X="40146" Y="54948" Z="0"/>
					<Vertex X="40108" Y="54948" Z="0"/>
					<Vertex X="40108" Y="54986" Z="0"/>
					<Vertex X="40070" Y="55024" Z="0"/>
					<Vertex X="40032" Y="55024" Z="0"/>
					<Vertex X="39994" Y="55062" Z="0"/>
					<Vertex X="39956" Y="55100" Z="0"/>
					<Vertex X="39880" Y="55177" Z="0"/>
					<Vertex X="39689" Y="55291" Z="0"/>
					<Vertex X="39651" Y="55291" Z="0"/>
					<Vertex X="39537" Y="55367" Z="0"/>
					<Vertex X="39499" Y="55367" Z="0"/>
					<Vertex X="39423" Y="55405" Z="0"/>
					<Vertex X="39347" Y="55443" Z="0"/>
					<Vertex X="39309" Y="55443" Z="0"/>
					<Vertex X="39309" Y="55481" Z="0"/>
					<Vertex X="39309" Y="55519" Z="0"/>
					<Vertex X="39309" Y="55557" Z="0"/>
					<Vertex X="39271" Y="55595" Z="0"/>
					<Vertex X="39233" Y="55671" Z="0"/>
					<Vertex X="39233" Y="55709" Z="0"/>
					<Vertex X="39195" Y="55785" Z="0"/>
					<Vertex X="39195" Y="55862" Z="0"/>
					<Vertex X="39195" Y="55900" Z="0"/>
					<Vertex X="39195" Y="55976" Z="0"/>
					<Vertex X="39195" Y="56052" Z="0"/>
					<Vertex X="39195" Y="56090" Z="0"/>
					<Vertex X="39195" Y="56166" Z="0"/>
					<Vertex X="39195" Y="56204" Z="0"/>
					<Vertex X="39195" Y="56318" Z="0"/>
					<Vertex X="39271" Y="56432" Z="0"/>
					<Vertex X="39309" Y="56508" Z="0"/>
					<Vertex X="39309" Y="56623" Z="0"/>
					<Vertex X="39347" Y="56661" Z="0"/>
					<Vertex X="39385" Y="56737" Z="0"/>
					<Vertex X="39423" Y="56813" Z="0"/>
					<Vertex X="39499" Y="57041" Z="0"/>
					<Vertex X="39537" Y="57117" Z="0"/>
					<Vertex X="39575" Y="57193" Z="0"/>
					<Vertex X="39613" Y="57269" Z="0"/>
					<Vertex X="39651" Y="57346" Z="0"/>
					<Vertex X="39689" Y="57422" Z="0"/>
					<Vertex X="39727" Y="57498" Z="0"/>
					<Vertex X="39842" Y="57688" Z="0"/>
					<Vertex X="39880" Y="57726" Z="0"/>
					<Vertex X="39918" Y="57802" Z="0"/>
					<Vertex X="39956" Y="57878" Z="0"/>
					<Vertex X="39994" Y="57954" Z="0"/>
					<Vertex X="40070" Y="58031" Z="0"/>
					<Vertex X="40108" Y="58107" Z="0"/>
					<Vertex X="40222" Y="58221" Z="0"/>
					<Vertex X="40260" Y="58335" Z="0"/>
					<Vertex X="40374" Y="58373" Z="0"/>
					<Vertex X="40450" Y="58487" Z="0"/>
					<Vertex X="40603" Y="58639" Z="0"/>
					<Vertex X="40755" Y="58792" Z="0"/>
					<Vertex X="41250" Y="59172" Z="0"/>
					<Vertex X="41516" Y="59324" Z="0"/>
					<Vertex X="41744" Y="59477" Z="0"/>
					<Vertex X="42011" Y="59629" Z="0"/>
					<Vertex X="42315" Y="59781" Z="0"/>
					<Vertex X="42581" Y="59895" Z="0"/>
					<Vertex X="42696" Y="60009" Z="0"/>
					<Vertex X="43190" Y="60238" Z="0"/>
					<Vertex X="43533" Y="60352" Z="0"/>
					<Vertex X="43837" Y="60466" Z="0"/>
					<Vertex X="44256" Y="60580" Z="0"/>
					<Vertex X="44598" Y="60656" Z="0"/>
					<Vertex X="45017" Y="60732" Z="0"/>
					<Vertex X="45397" Y="60770" Z="0"/>
					<Vertex X="45702" Y="60846" Z="0"/>
					<Vertex X="45930" Y="60884" Z="0"/>
					<Vertex X="46120" Y="60923" Z="0"/>
					<Vertex X="46234" Y="60961" Z="0"/>
					<Vertex X="46425" Y="60961" Z="0"/>
					<Vertex X="46539" Y="60999" Z="0"/>
					<Vertex X="46729" Y="61075" Z="0"/>
					<Vertex X="46805" Y="61113" Z="0"/>
					<Vertex X="46957" Y="61113" Z="0"/>
					<Vertex X="47072" Y="61151" Z="0"/>
					<Vertex X="47224" Y="61227" Z="0"/>
					<Vertex X="47414" Y="61303" Z="0"/>
					<Vertex X="47604" Y="61341" Z="0"/>
					<Vertex X="47871" Y="61493" Z="0"/>
					<Vertex X="48137" Y="61607" Z="0"/>
					<Vertex X="48480" Y="61722" Z="0"/>
					<Vertex X="48746" Y="61874" Z="0"/>
					<Vertex X="48974" Y="61950" Z="0"/>
					<Vertex X="49126" Y="62026" Z="0"/>
					<Vertex X="49241" Y="62064" Z="0"/>
					<Vertex X="49355" Y="62140" Z="0"/>
					<Vertex X="49431" Y="62178" Z="0"/>
					<Vertex X="49583" Y="62254" Z="0"/>
					<Vertex X="49697" Y="62292" Z="0"/>
					<Vertex X="49811" Y="62330" Z="0"/>
					<Vertex X="49926" Y="62407" Z="0"/>
					<Vertex X="50040" Y="62445" Z="0"/>
					<Vertex X="50230" Y="62559" Z="0"/>
					<Vertex X="50420" Y="62635" Z="0"/>
					<Vertex X="50649" Y="62749" Z="0"/>
					<Vertex X="50801" Y="62825" Z="0"/>
					<Vertex X="50991" Y="62939" Z="0"/>
					<Vertex X="51143" Y="62977" Z="0"/>
					<Vertex X="51333" Y="63053" Z="0"/>
					<Vertex X="51486" Y="63130" Z="0"/>
					<Vertex X="51638" Y="63206" Z="0"/>
					<Vertex X="51752" Y="63244" Z="0"/>
					<Vertex X="51790" Y="63282" Z="0"/>
					<Vertex X="51942" Y="63320" Z="0"/>
					<Vertex X="52018" Y="63358" Z="0"/>
					<Vertex X="52133" Y="63396" Z="0"/>
					<Vertex X="52247" Y="63434" Z="0"/>
					<Vertex X="52437" Y="63472" Z="0"/>
					<Vertex X="52741" Y="63548" Z="0"/>
					<Vertex X="52970" Y="63624" Z="0"/>
					<Vertex X="53426" Y="63738" Z="0"/>
					<Vertex X="53617" Y="63776" Z="0"/>
					<Vertex X="53769" Y="63853" Z="0"/>
					<Vertex X="53883" Y="63891" Z="0"/>
					<Vertex X="53997" Y="63929" Z="0"/>
					<Vertex X="54111" Y="63929" Z="0"/>
					<Vertex X="54225" Y="64005" Z="0"/>
					<Vertex X="54302" Y="64043" Z="0"/>
					<Vertex X="54416" Y="64043" Z="0"/>
					<Vertex X="54720" Y="64157" Z="0"/>
					<Vertex X="54872" Y="64195" Z="0"/>
					<Vertex X="55063" Y="64271" Z="0"/>
					<Vertex X="55253" Y="64309" Z="0"/>
					<Vertex X="55519" Y="64423" Z="0"/>
					<Vertex X="55786" Y="64461" Z="0"/>
					<Vertex X="56052" Y="64538" Z="0"/>
					<Vertex X="56242" Y="64576" Z="0"/>
					<Vertex X="56471" Y="64614" Z="0"/>
					<Vertex X="56851" Y="64728" Z="0"/>
					<Vertex X="57117" Y="64804" Z="0"/>
					<Vertex X="57232" Y="64842" Z="0"/>
					<Vertex X="57308" Y="64880" Z="0"/>
					<Vertex X="57422" Y="64880" Z="0"/>
					<Vertex X="57460" Y="64880" Z="0"/>
					<Vertex X="57498" Y="64880" Z="0"/>
					<Vertex X="57536" Y="64880" Z="0"/>
					<Vertex X="57574" Y="64880" Z="0"/>
					<Vertex X="57612" Y="64880" Z="0"/>
					<Vertex X="57688" Y="64880" Z="0"/>
					<Vertex X="57802" Y="64880" Z="0"/>
					<Vertex X="57955" Y="64880" Z="0"/>
					<Vertex X="58069" Y="64880" Z="0"/>
					<Vertex X="58221" Y="64880" Z="0"/>
					<Vertex X="58449" Y="64880" Z="0"/>
					<Vertex X="58602" Y="64880" Z="0"/>
					<Vertex X="58754" Y="64880" Z="0"/>
					<Vertex X="58868" Y="64880" Z="0"/>
					<Vertex X="58982" Y="64880" Z="0"/>
					<Vertex X="59096" Y="64880" Z="0"/>
					<Vertex X="59248" Y="64880" Z="0"/>
					<Vertex X="59401" Y="64880" Z="0"/>
					<Vertex X="59629" Y="64880" Z="0"/>
					<Vertex X="59933" Y="64918" Z="0"/>
					<Vertex X="60200" Y="64956" Z="0"/>
					<Vertex X="60504" Y="64956" Z="0"/>
					<Vertex X="60809" Y="64956" Z="0"/>
					<Vertex X="61037" Y="64956" Z="0"/>
					<Vertex X="61227" Y="64956" Z="0"/>
					<Vertex X="61417" Y="64956" Z="0"/>
					<Vertex X="61646" Y="64956" Z="0"/>
					<Vertex X="61722" Y="64956" Z="0"/>
					<Vertex X="61760" Y="64956" Z="0"/>
					<Vertex X="61798" Y="64918" Z="0"/>
					<Vertex X="61912" Y="64880" Z="0"/>
					<Vertex X="61950" Y="64804" Z="0"/>
					<Vertex X="62064" Y="64728" Z="0"/>
					<Vertex X="62178" Y="64652" Z="0"/>
					<Vertex X="62255" Y="64538" Z="0"/>
					<Vertex X="62331" Y="64423" Z="0"/>
					<Vertex X="62483" Y="64309" Z="0"/>
					<Vertex X="62559" Y="64233" Z="0"/>
					<Vertex X="62711" Y="64081" Z="0"/>
					<Vertex X="62749" Y="64005" Z="0"/>
					<Vertex X="62825" Y="63929" Z="0"/>
					<Vertex X="62940" Y="63776" Z="0"/>
					<Vertex X="63054" Y="63662" Z="0"/>
					<Vertex X="63168" Y="63472" Z="0"/>
					<Vertex X="63396" Y="63206" Z="0"/>
					<Vertex X="63548" Y="63092" Z="0"/>
					<Vertex X="63586" Y="62977" Z="0"/>
					<Vertex X="63663" Y="62901" Z="0"/>
					<Vertex X="63777" Y="62711" Z="0"/>
					<Vertex X="63929" Y="62597" Z="0"/>
					<Vertex X="64043" Y="62407" Z="0"/>
					<Vertex X="64195" Y="62178" Z="0"/>
					<Vertex X="64309" Y="61988" Z="0"/>
					<Vertex X="64424" Y="61836" Z="0"/>
					<Vertex X="64538" Y="61646" Z="0"/>
					<Vertex X="64652" Y="61341" Z="0"/>
					<Vertex X="64728" Y="61113" Z="0"/>
					<Vertex X="64804" Y="60999" Z="0"/>
					<Vertex X="64880" Y="60884" Z="0"/>
					<Vertex X="64918" Y="60694" Z="0"/>
					<Vertex X="64994" Y="60466" Z="0"/>
					<Vertex X="65070" Y="60276" Z="0"/>
					<Vertex X="65185" Y="60047" Z="0"/>
					<Vertex X="65261" Y="59819" Z="0"/>
					<Vertex X="65337" Y="59591" Z="0"/>
					<Vertex X="65451" Y="59210" Z="0"/>
					<Vertex X="65527" Y="59096" Z="0"/>
					<Vertex X="65565" Y="58906" Z="0"/>
					<Vertex X="65603" Y="58792" Z="0"/>
					<Vertex X="65641" Y="58677" Z="0"/>
					<Vertex X="65717" Y="58411" Z="0"/>
					<Vertex X="65793" Y="58221" Z="0"/>
					<Vertex X="65832" Y="58069" Z="0"/>
					<Vertex X="65908" Y="57802" Z="0"/>
					<Vertex X="65984" Y="57574" Z="0"/>
					<Vertex X="66022" Y="57422" Z="0"/>
					<Vertex X="66098" Y="57269" Z="0"/>
					<Vertex X="66098" Y="57155" Z="0"/>
					<Vertex X="66136" Y="57079" Z="0"/>
					<Vertex X="66174" Y="56965" Z="0"/>
					<Vertex X="66212" Y="56851" Z="0"/>
					<Vertex X="66212" Y="56737" Z="0"/>
					<Vertex X="66212" Y="56623" Z="0"/>
					<Vertex X="66288" Y="56470" Z="0"/>
					<Vertex X="66326" Y="56242" Z="0"/>
					<Vertex X="66364" Y="56090" Z="0"/>
					<Vertex X="66402" Y="55900" Z="0"/>
					<Vertex X="66440" Y="55785" Z="0"/>
					<Vertex X="66440" Y="55519" Z="0"/>
					<Vertex X="66478" Y="55367" Z="0"/>
					<Vertex X="66516" Y="55253" Z="0"/>
					<Vertex X="66555" Y="55139" Z="0"/>
					<Vertex X="66555" Y="55024" Z="0"/>
					<Vertex X="66555" Y="54948" Z="0"/>
					<Vertex X="66555" Y="54872" Z="0"/>
					<Vertex X="66593" Y="54720" Z="0"/>
					<Vertex X="66593" Y="54339" Z="0"/>
					<Vertex X="66593" Y="54149" Z="0"/>
					<Vertex X="66593" Y="53921" Z="0"/>
					<Vertex X="66631" Y="53769" Z="0"/>
					<Vertex X="66631" Y="53502" Z="0"/>
					<Vertex X="66631" Y="53388" Z="0"/>
					<Vertex X="66669" Y="53274" Z="0"/>
					<Vertex X="66669" Y="53236" Z="0"/>
					<Vertex X="66669" Y="53160" Z="0"/>
					<Vertex X="66669" Y="53122" Z="0"/>
					<Vertex X="66669" Y="53008" Z="0"/>
					<Vertex X="66669" Y="52970" Z="0"/>
					<Vertex X="66669" Y="52931" Z="0"/>
					<Vertex X="66707" Y="52779" Z="0"/>
					<Vertex X="66707" Y="52665" Z="0"/>
					<Vertex X="66707" Y="52551" Z="0"/>
					<Vertex X="66707" Y="52475" Z="0"/>
					<Vertex X="66707" Y="52399" Z="0"/>
					<Vertex X="66707" Y="52323" Z="0"/>
					<Vertex X="66707" Y="52247" Z="0"/>
					<Vertex X="66707" Y="52094" Z="0"/>
					<Vertex X="66745" Y="51980" Z="0"/>
					<Vertex X="66745" Y="51942" Z="0"/>
					<Vertex X="66745" Y="51866" Z="0"/>
					<Vertex X="66745" Y="51828" Z="0"/>
					<Vertex X="66745" Y="51752" Z="0"/>
					<Vertex X="66745" Y="51714" Z="0"/>
					<Vertex X="66745" Y="51676" Z="0"/>
					<Vertex X="66745" Y="51638" Z="0"/>
					<Vertex X="66745" Y="51600" Z="0"/>
					<Vertex X="66745" Y="51562" Z="0"/>
					<Vertex X="66516" Y="51333" Z="0"/>
					<Vertex X="66402" Y="51105" Z="0"/>
					<Vertex X="66402" Y="50877" Z="0"/>
					<Vertex X="66402" Y="50762" Z="0"/>
					<Vertex X="66402" Y="50686" Z="0"/>
					<Vertex X="66402" Y="50572" Z="0"/>
					<Vertex X="66402" Y="50496" Z="0"/>
					<Vertex X="66402" Y="50420" Z="0"/>
					<Vertex X="66440" Y="50268" Z="0"/>
					<Vertex X="66478" Y="50192" Z="0"/>
					<Vertex X="66478" Y="50154" Z="0"/>
					<Vertex X="66478" Y="50116" Z="0"/>
					<Vertex X="66478" Y="50039" Z="0"/>
					<Vertex X="66478" Y="49963" Z="0"/>
					<Vertex X="66478" Y="49849" Z="0"/>
					<Vertex X="66478" Y="49773" Z="0"/>
					<Vertex X="66478" Y="49735" Z="0"/>
					<Vertex X="66478" Y="49659" Z="0"/>
					<Vertex X="66478" Y="49621" Z="0"/>
					<Vertex X="66478" Y="49545" Z="0"/>
					<Vertex X="66478" Y="49469" Z="0"/>
					<Vertex X="66402" Y="49164" Z="0"/>
					<Vertex X="66364" Y="49050" Z="0"/>
					<Vertex X="66364" Y="48860" Z="0"/>
					<Vertex X="66326" Y="48670" Z="0"/>
					<Vertex X="66250" Y="48441" Z="0"/>
					<Vertex X="66136" Y="48137" Z="0"/>
					<Vertex X="66098" Y="48061" Z="0"/>
					<Vertex X="66060" Y="47909" Z="0"/>
					<Vertex X="65946" Y="47680" Z="0"/>
					<Vertex X="65832" Y="47490" Z="0"/>
					<Vertex X="65717" Y="47262" Z="0"/>
					<Vertex X="65565" Y="47033" Z="0"/>
					<Vertex X="65413" Y="46805" Z="0"/>
					<Vertex X="65147" Y="46501" Z="0"/>
					<Vertex X="65032" Y="46424" Z="0"/>
					<Vertex X="64956" Y="46272" Z="0"/>
					<Vertex X="64880" Y="46196" Z="0"/>
					<Vertex X="64804" Y="46082" Z="0"/>
					<Vertex X="64728" Y="46006" Z="0"/>
					<Vertex X="64652" Y="45930" Z="0"/>
					<Vertex X="64538" Y="45778" Z="0"/>
					<Vertex X="64386" Y="45625" Z="0"/>
					<Vertex X="64233" Y="45511" Z="0"/>
					<Vertex X="64043" Y="45397" Z="0"/>
					<Vertex X="63853" Y="45283" Z="0"/>
					<Vertex X="63777" Y="45245" Z="0"/>
					<Vertex X="63701" Y="45245" Z="0"/>
					<Vertex X="63663" Y="45245" Z="0"/>
					<Vertex X="63472" Y="45245" Z="0"/>
					<Vertex X="62940" Y="45397" Z="0"/>
					<Vertex X="62673" Y="45435" Z="0"/>
					<Vertex X="62369" Y="45435" Z="0"/>
					<Vertex X="62217" Y="45435" Z="0"/>
					<Vertex X="61950" Y="45435" Z="0"/>
					<Vertex X="61912" Y="45435" Z="0"/>
					<Vertex X="61874" Y="45435" Z="0"/>
					<Vertex X="61265" Y="45435" Z="0"/>
					<Vertex X="60771" Y="45435" Z="0"/>
					<Vertex X="60466" Y="45359" Z="0"/>
					<Vertex X="60200" Y="45321" Z="0"/>
					<Vertex X="60048" Y="45283" Z="0"/>
					<Vertex X="59933" Y="45283" Z="0"/>
					<Vertex X="59819" Y="45245" Z="0"/>
					<Vertex X="59781" Y="45207" Z="0"/>
					<Vertex X="59743" Y="45207" Z="0"/>
					<Vertex X="59705" Y="45169" Z="0"/>
					<Vertex X="59591" Y="45169" Z="0"/>
					<Vertex X="59515" Y="45131" Z="0"/>
					<Vertex X="59401" Y="45131" Z="0"/>
					<Vertex X="59286" Y="45131" Z="0"/>
					<Vertex X="59134" Y="45093" Z="0"/>
					<Vertex X="59020" Y="45055" Z="0"/>
					<Vertex X="58868" Y="45017" Z="0"/>
					<Vertex X="58792" Y="44978" Z="0"/>
					<Vertex X="58678" Y="44978" Z="0"/>
					<Vertex X="58602" Y="44940" Z="0"/>
					<Vertex X="58525" Y="44940" Z="0"/>
					<Vertex X="58487" Y="44902" Z="0"/>
					<Vertex X="58449" Y="44902" Z="0"/>
					<Vertex X="58297" Y="44902" Z="0"/>
					<Vertex X="58221" Y="44902" Z="0"/>
					<Vertex X="58069" Y="44902" Z="0"/>
					<Vertex X="57955" Y="44864" Z="0"/>
					<Vertex X="57574" Y="44788" Z="0"/>
					<Vertex X="57422" Y="44788" Z="0"/>
					<Vertex X="57270" Y="44750" Z="0"/>
					<Vertex X="57003" Y="44750" Z="0"/>
					<Vertex X="56851" Y="44712" Z="0"/>
					<Vertex X="56356" Y="44674" Z="0"/>
					<Vertex X="56166" Y="44636" Z="0"/>
					<Vertex X="56014" Y="44636" Z="0"/>
					<Vertex X="55900" Y="44636" Z="0"/>
					<Vertex X="55824" Y="44636" Z="0"/>
					<Vertex X="55786" Y="44636" Z="0"/>
					<Vertex X="55710" Y="44598" Z="0"/>
					<Vertex X="55671" Y="44598" Z="0"/>
					<Vertex X="55595" Y="44598" Z="0"/>
					<Vertex X="55481" Y="44598" Z="0"/>
					<Vertex X="55367" Y="44598" Z="0"/>
					<Vertex X="55253" Y="44598" Z="0"/>
					<Vertex X="54910" Y="44598" Z="0"/>
					<Vertex X="54720" Y="44560" Z="0"/>
					<Vertex X="54530" Y="44522" Z="0"/>
					<Vertex X="54416" Y="44522" Z="0"/>
					<Vertex X="54302" Y="44522" Z="0"/>
					<Vertex X="54264" Y="44522" Z="0"/>
					<Vertex X="54225" Y="44522" Z="0"/>
					<Vertex X="54187" Y="44522" Z="0"/>
					<Vertex X="54073" Y="44522" Z="0"/>
					<Vertex X="53959" Y="44522" Z="0"/>
					<Vertex X="53541" Y="44560" Z="0"/>
					<Vertex X="53236" Y="44636" Z="0"/>
					<Vertex X="52970" Y="44674" Z="0"/>
					<Vertex X="52779" Y="44712" Z="0"/>
					<Vertex X="52551" Y="44712" Z="0"/>
					<Vertex X="52437" Y="44750" Z="0"/>
					<Vertex X="52323" Y="44750" Z="0"/>
					<Vertex X="52247" Y="44750" Z="0"/>
					<Vertex X="52209" Y="44750" Z="0"/>
					<Vertex X="52171" Y="44750" Z="0"/>
					<Vertex X="52133" Y="44788" Z="0"/>
					<Vertex X="52056" Y="44826" Z="0"/>
					<Vertex X="51980" Y="44864" Z="0"/>
					<Vertex X="51942" Y="44902" Z="0"/>
					<Vertex X="51866" Y="44902" Z="0"/>
					<Vertex X="51790" Y="44978" Z="0"/>
					<Vertex X="51676" Y="45017" Z="0"/>
					<Vertex X="51486" Y="45169" Z="0"/>
					<Vertex X="51410" Y="45207" Z="0"/>
					<Vertex X="51372" Y="45245" Z="0"/>
					<Vertex X="51333" Y="45283" Z="0"/>
					<Vertex X="51333" Y="45321" Z="0"/>
					<Vertex X="51257" Y="45359" Z="0"/>
					<Vertex X="51257" Y="45397" Z="0"/>
					<Vertex X="51257" Y="45435" Z="0"/>
					<Vertex X="51219" Y="45511" Z="0"/>
					<Vertex X="51219" Y="45625" Z="0"/>
					<Vertex X="51219" Y="45663" Z="0"/>
					<Vertex X="51219" Y="45701" Z="0"/>
					<Vertex X="51219" Y="45740" Z="0"/>
					<Vertex X="51219" Y="45778" Z="0"/>
					<Vertex X="51257" Y="45854" Z="0"/>
					<Vertex X="51333" Y="45892" Z="0"/>
					<Vertex X="51333" Y="45930" Z="0"/>
					<Vertex X="51486" Y="46044" Z="0"/>
					<Vertex X="51524" Y="46158" Z="0"/>
					<Vertex X="51638" Y="46196" Z="0"/>
					<Vertex X="51676" Y="46272" Z="0"/>
					<Vertex X="51752" Y="46272" Z="0"/>
					<Vertex X="51866" Y="46348" Z="0"/>
					<Vertex X="51904" Y="46386" Z="0"/>
					<Vertex X="52018" Y="46424" Z="0"/>
					<Vertex X="52095" Y="46463" Z="0"/>
					<Vertex X="52133" Y="46501" Z="0"/>
					<Vertex X="52247" Y="46539" Z="0"/>
					<Vertex X="52323" Y="46615" Z="0"/>
					<Vertex X="52437" Y="46691" Z="0"/>
					<Vertex X="52475" Y="46691" Z="0"/>
					<Vertex X="52513" Y="46729" Z="0"/>
					<Vertex X="52627" Y="46805" Z="0"/>
					<Vertex X="52703" Y="46919" Z="0"/>
					<Vertex X="52779" Y="46995" Z="0"/>
					<Vertex X="52932" Y="47071" Z="0"/>
					<Vertex X="53008" Y="47224" Z="0"/>
					<Vertex X="53274" Y="47452" Z="0"/>
					<Vertex X="53426" Y="47566" Z="0"/>
					<Vertex X="53502" Y="47642" Z="0"/>
					<Vertex X="53617" Y="47756" Z="0"/>
					<Vertex X="53655" Y="47794" Z="0"/>
					<Vertex X="53807" Y="47947" Z="0"/>
					<Vertex X="53883" Y="47985" Z="0"/>
					<Vertex X="54073" Y="48099" Z="0"/>
					<Vertex X="54225" Y="48175" Z="0"/>
					<Vertex X="54378" Y="48251" Z="0"/>
					<Vertex X="54606" Y="48327" Z="0"/>
					<Vertex X="54682" Y="48403" Z="0"/>
					<Vertex X="54720" Y="48403" Z="0"/>
					<Vertex X="54758" Y="48403" Z="0"/>
					<Vertex X="55063" Y="48555" Z="0"/>
					<Vertex X="55671" Y="48822" Z="0"/>
					<Vertex X="56356" Y="49050" Z="0"/>
					<Vertex X="56661" Y="49202" Z="0"/>
					<Vertex X="56699" Y="49202" Z="0"/>
					<Vertex X="56737" Y="49240" Z="0"/>
					<Vertex X="56851" Y="49278" Z="0"/>
					<Vertex X="56851" Y="49355" Z="0"/>
					<Vertex X="56889" Y="49469" Z="0"/>
					<Vertex X="56889" Y="49545" Z="0"/>
					<Vertex X="57041" Y="49697" Z="0"/>
				</Vertices>
			</Region>
			<Region Id="3" Type="0" Zoom="0.013385" Selected="0" ImageLocation="" ImageFocus="-1" Length="61779.7" Area="170711371.0" LengthMicrons="15599.4" AreaMicrons="10883916.6" Text="" NegativeROA="0" InputRegionId="0" Analyze="1" DisplayId="3">
				<Attributes/>
				<Vertices>
					<Vertex X="57992" Y="9838" Z="0"/>
					<Vertex X="57622" Y="10282" Z="0"/>
					<Vertex X="57548" Y="10355" Z="0"/>
					<Vertex X="57548" Y="10429" Z="0"/>
					<Vertex X="57474" Y="10429" Z="0"/>
					<Vertex X="57622" Y="10651" Z="0"/>
					<Vertex X="57770" Y="10799" Z="0"/>
					<Vertex X="57918" Y="11021" Z="0"/>
					<Vertex X="57992" Y="11169" Z="0"/>
					<Vertex X="58066" Y="11243" Z="0"/>
					<Vertex X="58214" Y="11391" Z="0"/>
					<Vertex X="58362" Y="11465" Z="0"/>
					<Vertex X="58510" Y="11687" Z="0"/>
					<Vertex X="58880" Y="11909" Z="0"/>
					<Vertex X="58954" Y="11983" Z="0"/>
					<Vertex X="59028" Y="12057" Z="0"/>
					<Vertex X="59102" Y="12057" Z="0"/>
					<Vertex X="59176" Y="12205" Z="0"/>
					<Vertex X="59250" Y="12205" Z="0"/>
					<Vertex X="59398" Y="12353" Z="0"/>
					<Vertex X="59546" Y="12427" Z="0"/>
					<Vertex X="59694" Y="12575" Z="0"/>
					<Vertex X="59989" Y="12722" Z="0"/>
					<Vertex X="60063" Y="12796" Z="0"/>
					<Vertex X="60063" Y="12870" Z="0"/>
					<Vertex X="60137" Y="12870" Z="0"/>
					<Vertex X="60433" Y="13314" Z="0"/>
					<Vertex X="60729" Y="13758" Z="0"/>
					<Vertex X="61025" Y="14128" Z="0"/>
					<Vertex X="61099" Y="14276" Z="0"/>
					<Vertex X="61247" Y="14424" Z="0"/>
					<Vertex X="61247" Y="14498" Z="0"/>
					<Vertex X="61321" Y="14572" Z="0"/>
					<Vertex X="61321" Y="14646" Z="0"/>
					<Vertex X="61395" Y="14646" Z="0"/>
					<Vertex X="61395" Y="14720" Z="0"/>
					<Vertex X="61543" Y="14942" Z="0"/>
					<Vertex X="61617" Y="15090" Z="0"/>
					<Vertex X="61617" Y="15237" Z="0"/>
					<Vertex X="61765" Y="15459" Z="0"/>
					<Vertex X="61765" Y="15607" Z="0"/>
					<Vertex X="61765" Y="15681" Z="0"/>
					<Vertex X="61765" Y="15829" Z="0"/>
					<Vertex X="61839" Y="15903" Z="0"/>
					<Vertex X="61839" Y="15977" Z="0"/>
					<Vertex X="61839" Y="16125" Z="0"/>
					<Vertex X="61839" Y="16199" Z="0"/>
					<Vertex X="61839" Y="16273" Z="0"/>
					<Vertex X="61913" Y="16347" Z="0"/>
					<Vertex X="61913" Y="16495" Z="0"/>
					<Vertex X="61913" Y="16569" Z="0"/>
					<Vertex X="61913" Y="16643" Z="0"/>
					<Vertex X="61913" Y="16717" Z="0"/>
					<Vertex X="61913" Y="16791" Z="0"/>
					<Vertex X="61913" Y="16939" Z="0"/>
					<Vertex X="61913" Y="17013" Z="0"/>
					<Vertex X="61913" Y="17087" Z="0"/>
					<Vertex X="61913" Y="17309" Z="0"/>
					<Vertex X="61913" Y="17383" Z="0"/>
					<Vertex X="61913" Y="17530" Z="0"/>
					<Vertex X="61913" Y="17678" Z="0"/>
					<Vertex X="61913" Y="17752" Z="0"/>
					<Vertex X="61913" Y="17826" Z="0"/>
					<Vertex X="61913" Y="17900" Z="0"/>
					<Vertex X="61913" Y="17974" Z="0"/>
					<Vertex X="61913" Y="18048" Z="0"/>
					<Vertex X="61913" Y="18196" Z="0"/>
					<Vertex X="61913" Y="18418" Z="0"/>
					<Vertex X="61913" Y="18640" Z="0"/>
					<Vertex X="61913" Y="18714" Z="0"/>
					<Vertex X="61913" Y="18862" Z="0"/>
					<Vertex X="61913" Y="18936" Z="0"/>
					<Vertex X="61913" Y="19158" Z="0"/>
					<Vertex X="61913" Y="19306" Z="0"/>
					<Vertex X="61913" Y="19528" Z="0"/>
					<Vertex X="61913" Y="19676" Z="0"/>
					<Vertex X="61913" Y="19750" Z="0"/>
					<Vertex X="61913" Y="19824" Z="0"/>
					<Vertex X="61913" Y="20045" Z="0"/>
					<Vertex X="61913" Y="20119" Z="0"/>
					<Vertex X="61913" Y="20193" Z="0"/>
					<Vertex X="61913" Y="20267" Z="0"/>
					<Vertex X="61913" Y="20489" Z="0"/>
					<Vertex X="61913" Y="20637" Z="0"/>
					<Vertex X="61913" Y="20711" Z="0"/>
					<Vertex X="61987" Y="20785" Z="0"/>
					<Vertex X="62209" Y="21081" Z="0"/>
					<Vertex X="62282" Y="21229" Z="0"/>
					<Vertex X="62356" Y="21377" Z="0"/>
					<Vertex X="62430" Y="21377" Z="0"/>
					<Vertex X="62430" Y="21451" Z="0"/>
					<Vertex X="62504" Y="21525" Z="0"/>
					<Vertex X="62578" Y="21599" Z="0"/>
					<Vertex X="62652" Y="21599" Z="0"/>
					<Vertex X="62726" Y="21673" Z="0"/>
					<Vertex X="62874" Y="21673" Z="0"/>
					<Vertex X="63022" Y="21821" Z="0"/>
					<Vertex X="63170" Y="21895" Z="0"/>
					<Vertex X="63688" Y="22043" Z="0"/>
					<Vertex X="63836" Y="22117" Z="0"/>
					<Vertex X="63984" Y="22117" Z="0"/>
					<Vertex X="64058" Y="22191" Z="0"/>
					<Vertex X="64206" Y="22265" Z="0"/>
					<Vertex X="64280" Y="22265" Z="0"/>
					<Vertex X="64871" Y="22708" Z="0"/>
					<Vertex X="65389" Y="22930" Z="0"/>
					<Vertex X="65537" Y="23004" Z="0"/>
					<Vertex X="65685" Y="23078" Z="0"/>
					<Vertex X="65833" Y="23226" Z="0"/>
					<Vertex X="65907" Y="23300" Z="0"/>
					<Vertex X="65981" Y="23300" Z="0"/>
					<Vertex X="65981" Y="23374" Z="0"/>
					<Vertex X="66203" Y="23818" Z="0"/>
					<Vertex X="66277" Y="23892" Z="0"/>
					<Vertex X="66351" Y="24114" Z="0"/>
					<Vertex X="66425" Y="24188" Z="0"/>
					<Vertex X="66425" Y="24262" Z="0"/>
					<Vertex X="66425" Y="24336" Z="0"/>
					<Vertex X="66499" Y="24484" Z="0"/>
					<Vertex X="66499" Y="24558" Z="0"/>
					<Vertex X="66499" Y="24632" Z="0"/>
					<Vertex X="66499" Y="24853" Z="0"/>
					<Vertex X="66499" Y="24927" Z="0"/>
					<Vertex X="66499" Y="25075" Z="0"/>
					<Vertex X="66499" Y="25149" Z="0"/>
					<Vertex X="66499" Y="25297" Z="0"/>
					<Vertex X="66499" Y="25371" Z="0"/>
					<Vertex X="66499" Y="25445" Z="0"/>
					<Vertex X="66499" Y="25519" Z="0"/>
					<Vertex X="66499" Y="25593" Z="0"/>
					<Vertex X="66499" Y="25667" Z="0"/>
					<Vertex X="66499" Y="25815" Z="0"/>
					<Vertex X="66499" Y="25963" Z="0"/>
					<Vertex X="66499" Y="26185" Z="0"/>
					<Vertex X="66499" Y="26333" Z="0"/>
					<Vertex X="66499" Y="26629" Z="0"/>
					<Vertex X="66573" Y="26703" Z="0"/>
					<Vertex X="66573" Y="26851" Z="0"/>
					<Vertex X="66573" Y="26925" Z="0"/>
					<Vertex X="66647" Y="26999" Z="0"/>
					<Vertex X="66647" Y="27073" Z="0"/>
					<Vertex X="66721" Y="27220" Z="0"/>
					<Vertex X="66869" Y="27368" Z="0"/>
					<Vertex X="67090" Y="27738" Z="0"/>
					<Vertex X="67238" Y="27886" Z="0"/>
					<Vertex X="67386" Y="28108" Z="0"/>
					<Vertex X="67534" Y="28256" Z="0"/>
					<Vertex X="67756" Y="28478" Z="0"/>
					<Vertex X="67830" Y="28626" Z="0"/>
					<Vertex X="67904" Y="28626" Z="0"/>
					<Vertex X="67904" Y="28700" Z="0"/>
					<Vertex X="67978" Y="28700" Z="0"/>
					<Vertex X="68052" Y="28774" Z="0"/>
					<Vertex X="68200" Y="28922" Z="0"/>
					<Vertex X="68274" Y="28996" Z="0"/>
					<Vertex X="68422" Y="28996" Z="0"/>
					<Vertex X="68496" Y="29144" Z="0"/>
					<Vertex X="68718" Y="29144" Z="0"/>
					<Vertex X="68792" Y="29218" Z="0"/>
					<Vertex X="68940" Y="29366" Z="0"/>
					<Vertex X="69014" Y="29366" Z="0"/>
					<Vertex X="69236" Y="29513" Z="0"/>
					<Vertex X="69310" Y="29513" Z="0"/>
					<Vertex X="69384" Y="29587" Z="0"/>
					<Vertex X="69531" Y="29661" Z="0"/>
					<Vertex X="69753" Y="29735" Z="0"/>
					<Vertex X="69901" Y="29809" Z="0"/>
					<Vertex X="70271" Y="29957" Z="0"/>
					<Vertex X="70419" Y="30031" Z="0"/>
					<Vertex X="70567" Y="30031" Z="0"/>
					<Vertex X="70715" Y="30105" Z="0"/>
					<Vertex X="70789" Y="30179" Z="0"/>
					<Vertex X="70863" Y="30179" Z="0"/>
					<Vertex X="70937" Y="30179" Z="0"/>
					<Vertex X="71011" Y="30253" Z="0"/>
					<Vertex X="71085" Y="30253" Z="0"/>
					<Vertex X="71159" Y="30253" Z="0"/>
					<Vertex X="71159" Y="30327" Z="0"/>
					<Vertex X="71233" Y="30327" Z="0"/>
					<Vertex X="71677" Y="30475" Z="0"/>
					<Vertex X="72046" Y="30623" Z="0"/>
					<Vertex X="72194" Y="30623" Z="0"/>
					<Vertex X="72342" Y="30623" Z="0"/>
					<Vertex X="72490" Y="30623" Z="0"/>
					<Vertex X="72564" Y="30623" Z="0"/>
					<Vertex X="72712" Y="30623" Z="0"/>
					<Vertex X="72786" Y="30549" Z="0"/>
					<Vertex X="73008" Y="30401" Z="0"/>
					<Vertex X="73230" Y="30179" Z="0"/>
					<Vertex X="73378" Y="30031" Z="0"/>
					<Vertex X="73600" Y="29809" Z="0"/>
					<Vertex X="73674" Y="29735" Z="0"/>
					<Vertex X="73822" Y="29513" Z="0"/>
					<Vertex X="73896" Y="29440" Z="0"/>
					<Vertex X="73970" Y="29218" Z="0"/>
					<Vertex X="74044" Y="29070" Z="0"/>
					<Vertex X="74118" Y="28922" Z="0"/>
					<Vertex X="74118" Y="28848" Z="0"/>
					<Vertex X="74118" Y="28700" Z="0"/>
					<Vertex X="74192" Y="28626" Z="0"/>
					<Vertex X="74192" Y="28552" Z="0"/>
					<Vertex X="74265" Y="28330" Z="0"/>
					<Vertex X="74265" Y="28182" Z="0"/>
					<Vertex X="74265" Y="28108" Z="0"/>
					<Vertex X="74265" Y="27886" Z="0"/>
					<Vertex X="74265" Y="27812" Z="0"/>
					<Vertex X="74265" Y="27664" Z="0"/>
					<Vertex X="74265" Y="27516" Z="0"/>
					<Vertex X="74265" Y="27368" Z="0"/>
					<Vertex X="74339" Y="27146" Z="0"/>
					<Vertex X="74339" Y="26999" Z="0"/>
					<Vertex X="74339" Y="26629" Z="0"/>
					<Vertex X="74413" Y="26555" Z="0"/>
					<Vertex X="74413" Y="26259" Z="0"/>
					<Vertex X="74413" Y="26111" Z="0"/>
					<Vertex X="74413" Y="25963" Z="0"/>
					<Vertex X="74413" Y="25815" Z="0"/>
					<Vertex X="74413" Y="25741" Z="0"/>
					<Vertex X="74413" Y="25593" Z="0"/>
					<Vertex X="74339" Y="25371" Z="0"/>
					<Vertex X="74339" Y="25223" Z="0"/>
					<Vertex X="74339" Y="25075" Z="0"/>
					<Vertex X="74265" Y="24853" Z="0"/>
					<Vertex X="74265" Y="24779" Z="0"/>
					<Vertex X="74192" Y="24632" Z="0"/>
					<Vertex X="74118" Y="24410" Z="0"/>
					<Vertex X="74118" Y="24188" Z="0"/>
					<Vertex X="74044" Y="23966" Z="0"/>
					<Vertex X="73970" Y="23522" Z="0"/>
					<Vertex X="73970" Y="23448" Z="0"/>
					<Vertex X="73896" Y="23078" Z="0"/>
					<Vertex X="73748" Y="22708" Z="0"/>
					<Vertex X="73748" Y="22412" Z="0"/>
					<Vertex X="73674" Y="22191" Z="0"/>
					<Vertex X="73600" Y="21969" Z="0"/>
					<Vertex X="73452" Y="21451" Z="0"/>
					<Vertex X="73452" Y="21229" Z="0"/>
					<Vertex X="73378" Y="20859" Z="0"/>
					<Vertex X="73304" Y="20785" Z="0"/>
					<Vertex X="73230" Y="20415" Z="0"/>
					<Vertex X="73230" Y="20267" Z="0"/>
					<Vertex X="73156" Y="19898" Z="0"/>
					<Vertex X="73156" Y="19750" Z="0"/>
					<Vertex X="73082" Y="19454" Z="0"/>
					<Vertex X="73082" Y="19306" Z="0"/>
					<Vertex X="73082" Y="19158" Z="0"/>
					<Vertex X="73008" Y="18862" Z="0"/>
					<Vertex X="73008" Y="18714" Z="0"/>
					<Vertex X="72934" Y="18270" Z="0"/>
					<Vertex X="72934" Y="18122" Z="0"/>
					<Vertex X="72860" Y="18048" Z="0"/>
					<Vertex X="72860" Y="17752" Z="0"/>
					<Vertex X="72860" Y="17678" Z="0"/>
					<Vertex X="72712" Y="17383" Z="0"/>
					<Vertex X="72712" Y="17235" Z="0"/>
					<Vertex X="72564" Y="17013" Z="0"/>
					<Vertex X="72490" Y="16865" Z="0"/>
					<Vertex X="72490" Y="16791" Z="0"/>
					<Vertex X="72342" Y="16569" Z="0"/>
					<Vertex X="72268" Y="16347" Z="0"/>
					<Vertex X="72194" Y="16199" Z="0"/>
					<Vertex X="72120" Y="16051" Z="0"/>
					<Vertex X="71898" Y="15829" Z="0"/>
					<Vertex X="71825" Y="15607" Z="0"/>
					<Vertex X="71529" Y="15311" Z="0"/>
					<Vertex X="71307" Y="15016" Z="0"/>
					<Vertex X="71159" Y="14868" Z="0"/>
					<Vertex X="70789" Y="14572" Z="0"/>
					<Vertex X="70641" Y="14498" Z="0"/>
					<Vertex X="70567" Y="14424" Z="0"/>
					<Vertex X="70345" Y="14276" Z="0"/>
					<Vertex X="70197" Y="14202" Z="0"/>
					<Vertex X="69679" Y="13832" Z="0"/>
					<Vertex X="69531" Y="13758" Z="0"/>
					<Vertex X="69310" Y="13610" Z="0"/>
					<Vertex X="69014" Y="13462" Z="0"/>
					<Vertex X="68866" Y="13388" Z="0"/>
					<Vertex X="68570" Y="13092" Z="0"/>
					<Vertex X="68422" Y="13018" Z="0"/>
					<Vertex X="68200" Y="12944" Z="0"/>
					<Vertex X="67756" Y="12649" Z="0"/>
					<Vertex X="67460" Y="12501" Z="0"/>
					<Vertex X="66943" Y="12353" Z="0"/>
					<Vertex X="66795" Y="12205" Z="0"/>
					<Vertex X="66573" Y="12205" Z="0"/>
					<Vertex X="66203" Y="11983" Z="0"/>
					<Vertex X="66055" Y="11983" Z="0"/>
					<Vertex X="65907" Y="11835" Z="0"/>
					<Vertex X="65759" Y="11835" Z="0"/>
					<Vertex X="65685" Y="11761" Z="0"/>
					<Vertex X="65019" Y="11539" Z="0"/>
					<Vertex X="62800" Y="11021" Z="0"/>
					<Vertex X="62209" Y="10873" Z="0"/>
					<Vertex X="61395" Y="10577" Z="0"/>
					<Vertex X="61321" Y="10503" Z="0"/>
					<Vertex X="61247" Y="10503" Z="0"/>
					<Vertex X="61173" Y="10503" Z="0"/>
					<Vertex X="59176" Y="10208" Z="0"/>
					<Vertex X="58436" Y="10060" Z="0"/>
					<Vertex X="58140" Y="9986" Z="0"/>
					<Vertex X="57918" Y="9912" Z="0"/>
					<Vertex X="57770" Y="9912" Z="0"/>
					<Vertex X="57992" Y="9838" Z="0"/>
				</Vertices>
			</Region>
			<Region Id="4" Type="0" Zoom="0.013385" Selected="1" ImageLocation="" ImageFocus="-1" Length="49286.2" Area="134833500.0" LengthMicrons="12444.8" AreaMicrons="8596478.2" Text="" NegativeROA="0" InputRegionId="0" Analyze="1" DisplayId="4">
				<Attributes/>
				<Vertices>
					<Vertex X="62061" Y="32620" Z="0"/>
					<Vertex X="62430" Y="32620" Z="0"/>
					<Vertex X="64132" Y="32620" Z="0"/>
					<Vertex X="65241" Y="32694" Z="0"/>
					<Vertex X="65463" Y="32694" Z="0"/>
					<Vertex X="65759" Y="32694" Z="0"/>
					<Vertex X="65907" Y="32694" Z="0"/>
					<Vertex X="65981" Y="32694" Z="0"/>
					<Vertex X="66203" Y="32694" Z="0"/>
					<Vertex X="66499" Y="32768" Z="0"/>
					<Vertex X="66943" Y="32768" Z="0"/>
					<Vertex X="67756" Y="32916" Z="0"/>
					<Vertex X="68126" Y="32990" Z="0"/>
					<Vertex X="68422" Y="33064" Z="0"/>
					<Vertex X="68792" Y="33212" Z="0"/>
					<Vertex X="68866" Y="33212" Z="0"/>
					<Vertex X="68940" Y="33286" Z="0"/>
					<Vertex X="69679" Y="33804" Z="0"/>
					<Vertex X="69975" Y="34026" Z="0"/>
					<Vertex X="70049" Y="34100" Z="0"/>
					<Vertex X="70123" Y="34321" Z="0"/>
					<Vertex X="70197" Y="34395" Z="0"/>
					<Vertex X="70271" Y="34469" Z="0"/>
					<Vertex X="70345" Y="34691" Z="0"/>
					<Vertex X="70419" Y="34839" Z="0"/>
					<Vertex X="70493" Y="34839" Z="0"/>
					<Vertex X="70493" Y="34913" Z="0"/>
					<Vertex X="70493" Y="34987" Z="0"/>
					<Vertex X="70567" Y="35135" Z="0"/>
					<Vertex X="70863" Y="35653" Z="0"/>
					<Vertex X="70863" Y="35801" Z="0"/>
					<Vertex X="71159" Y="36245" Z="0"/>
					<Vertex X="71233" Y="36467" Z="0"/>
					<Vertex X="71307" Y="36689" Z="0"/>
					<Vertex X="71381" Y="36762" Z="0"/>
					<Vertex X="71529" Y="37058" Z="0"/>
					<Vertex X="71529" Y="37280" Z="0"/>
					<Vertex X="71603" Y="37354" Z="0"/>
					<Vertex X="71677" Y="37502" Z="0"/>
					<Vertex X="71751" Y="37872" Z="0"/>
					<Vertex X="71825" Y="38094" Z="0"/>
					<Vertex X="71898" Y="38242" Z="0"/>
					<Vertex X="71898" Y="38464" Z="0"/>
					<Vertex X="71972" Y="38686" Z="0"/>
					<Vertex X="71972" Y="38834" Z="0"/>
					<Vertex X="72046" Y="38982" Z="0"/>
					<Vertex X="72046" Y="39351" Z="0"/>
					<Vertex X="72046" Y="39425" Z="0"/>
					<Vertex X="72046" Y="39647" Z="0"/>
					<Vertex X="72046" Y="39869" Z="0"/>
					<Vertex X="72046" Y="40017" Z="0"/>
					<Vertex X="72046" Y="40091" Z="0"/>
					<Vertex X="72120" Y="40313" Z="0"/>
					<Vertex X="72120" Y="40757" Z="0"/>
					<Vertex X="72120" Y="41053" Z="0"/>
					<Vertex X="72120" Y="41497" Z="0"/>
					<Vertex X="72120" Y="41570" Z="0"/>
					<Vertex X="72120" Y="41792" Z="0"/>
					<Vertex X="72120" Y="42236" Z="0"/>
					<Vertex X="72120" Y="42458" Z="0"/>
					<Vertex X="72120" Y="42754" Z="0"/>
					<Vertex X="72120" Y="43272" Z="0"/>
					<Vertex X="72120" Y="43716" Z="0"/>
					<Vertex X="72120" Y="43864" Z="0"/>
					<Vertex X="72120" Y="44085" Z="0"/>
					<Vertex X="72120" Y="44233" Z="0"/>
					<Vertex X="72120" Y="44603" Z="0"/>
					<Vertex X="72120" Y="44751" Z="0"/>
					<Vertex X="72120" Y="44825" Z="0"/>
					<Vertex X="72120" Y="45047" Z="0"/>
					<Vertex X="72046" Y="45121" Z="0"/>
					<Vertex X="72046" Y="45269" Z="0"/>
					<Vertex X="71972" Y="45565" Z="0"/>
					<Vertex X="71898" Y="45639" Z="0"/>
					<Vertex X="71825" Y="45787" Z="0"/>
					<Vertex X="71751" Y="46009" Z="0"/>
					<Vertex X="71677" Y="46157" Z="0"/>
					<Vertex X="71677" Y="46231" Z="0"/>
					<Vertex X="71603" Y="46378" Z="0"/>
					<Vertex X="71529" Y="46526" Z="0"/>
					<Vertex X="71529" Y="46674" Z="0"/>
					<Vertex X="71307" Y="46896" Z="0"/>
					<Vertex X="71307" Y="47044" Z="0"/>
					<Vertex X="71233" Y="47118" Z="0"/>
					<Vertex X="71159" Y="47266" Z="0"/>
					<Vertex X="71159" Y="47340" Z="0"/>
					<Vertex X="71085" Y="47414" Z="0"/>
					<Vertex X="71085" Y="47488" Z="0"/>
					<Vertex X="71011" Y="47562" Z="0"/>
					<Vertex X="70937" Y="47710" Z="0"/>
					<Vertex X="70789" Y="47932" Z="0"/>
					<Vertex X="70715" Y="48080" Z="0"/>
					<Vertex X="70567" Y="48302" Z="0"/>
					<Vertex X="70493" Y="48450" Z="0"/>
					<Vertex X="70419" Y="48450" Z="0"/>
					<Vertex X="70345" Y="48524" Z="0"/>
					<Vertex X="70345" Y="48598" Z="0"/>
					<Vertex X="70271" Y="48598" Z="0"/>
					<Vertex X="70197" Y="48672" Z="0"/>
					<Vertex X="70123" Y="48672" Z="0"/>
					<Vertex X="70123" Y="48745" Z="0"/>
					<Vertex X="70049" Y="48745" Z="0"/>
					<Vertex X="69901" Y="48745" Z="0"/>
					<Vertex X="69753" Y="48745" Z="0"/>
					<Vertex X="69531" Y="48745" Z="0"/>
					<Vertex X="69162" Y="48745" Z="0"/>
					<Vertex X="68940" Y="48745" Z="0"/>
					<Vertex X="68866" Y="48672" Z="0"/>
					<Vertex X="68792" Y="48672" Z="0"/>
					<Vertex X="68718" Y="48598" Z="0"/>
					<Vertex X="68570" Y="48302" Z="0"/>
					<Vertex X="68422" Y="48154" Z="0"/>
					<Vertex X="68274" Y="47932" Z="0"/>
					<Vertex X="68126" Y="47932" Z="0"/>
					<Vertex X="68052" Y="47858" Z="0"/>
					<Vertex X="67978" Y="47784" Z="0"/>
					<Vertex X="67904" Y="47710" Z="0"/>
					<Vertex X="67756" Y="47710" Z="0"/>
					<Vertex X="67534" Y="47488" Z="0"/>
					<Vertex X="67460" Y="47488" Z="0"/>
					<Vertex X="67386" Y="47414" Z="0"/>
					<Vertex X="67090" Y="47266" Z="0"/>
					<Vertex X="66943" Y="47192" Z="0"/>
					<Vertex X="66795" Y="47044" Z="0"/>
					<Vertex X="66721" Y="46970" Z="0"/>
					<Vertex X="66647" Y="46896" Z="0"/>
					<Vertex X="66573" Y="46822" Z="0"/>
					<Vertex X="66351" Y="46526" Z="0"/>
					<Vertex X="66277" Y="46378" Z="0"/>
					<Vertex X="66203" Y="46378" Z="0"/>
					<Vertex X="66129" Y="46231" Z="0"/>
					<Vertex X="66129" Y="46157" Z="0"/>
					<Vertex X="66055" Y="46083" Z="0"/>
					<Vertex X="65981" Y="45861" Z="0"/>
					<Vertex X="65981" Y="45639" Z="0"/>
					<Vertex X="65907" Y="45565" Z="0"/>
					<Vertex X="65833" Y="45343" Z="0"/>
					<Vertex X="65759" Y="45195" Z="0"/>
					<Vertex X="65685" Y="45195" Z="0"/>
					<Vertex X="65611" Y="44973" Z="0"/>
					<Vertex X="65537" Y="44899" Z="0"/>
					<Vertex X="65537" Y="44751" Z="0"/>
					<Vertex X="65537" Y="44455" Z="0"/>
					<Vertex X="65463" Y="44381" Z="0"/>
					<Vertex X="65463" Y="44233" Z="0"/>
					<Vertex X="65389" Y="44085" Z="0"/>
					<Vertex X="65389" Y="43790" Z="0"/>
					<Vertex X="65315" Y="43642" Z="0"/>
					<Vertex X="65315" Y="43420" Z="0"/>
					<Vertex X="65241" Y="43124" Z="0"/>
					<Vertex X="65241" Y="43050" Z="0"/>
					<Vertex X="65241" Y="42976" Z="0"/>
					<Vertex X="65241" Y="42828" Z="0"/>
					<Vertex X="65241" Y="42754" Z="0"/>
					<Vertex X="65241" Y="42680" Z="0"/>
					<Vertex X="65167" Y="42532" Z="0"/>
					<Vertex X="65093" Y="42458" Z="0"/>
					<Vertex X="65093" Y="42384" Z="0"/>
					<Vertex X="65019" Y="42384" Z="0"/>
					<Vertex X="65019" Y="42310" Z="0"/>
					<Vertex X="64945" Y="42236" Z="0"/>
					<Vertex X="64797" Y="42162" Z="0"/>
					<Vertex X="64649" Y="41940" Z="0"/>
					<Vertex X="64576" Y="41940" Z="0"/>
					<Vertex X="64354" Y="41718" Z="0"/>
					<Vertex X="64280" Y="41718" Z="0"/>
					<Vertex X="64058" Y="41570" Z="0"/>
					<Vertex X="63910" Y="41570" Z="0"/>
					<Vertex X="63762" Y="41497" Z="0"/>
					<Vertex X="63614" Y="41423" Z="0"/>
					<Vertex X="63318" Y="41423" Z="0"/>
					<Vertex X="63170" Y="41349" Z="0"/>
					<Vertex X="63096" Y="41275" Z="0"/>
					<Vertex X="62874" Y="41201" Z="0"/>
					<Vertex X="62800" Y="41201" Z="0"/>
					<Vertex X="62726" Y="41201" Z="0"/>
					<Vertex X="62578" Y="41201" Z="0"/>
					<Vertex X="62430" Y="41201" Z="0"/>
					<Vertex X="62282" Y="41201" Z="0"/>
					<Vertex X="62061" Y="41201" Z="0"/>
					<Vertex X="61987" Y="41201" Z="0"/>
					<Vertex X="61913" Y="41201" Z="0"/>
					<Vertex X="61691" Y="41201" Z="0"/>
					<Vertex X="61543" Y="41127" Z="0"/>
					<Vertex X="61395" Y="41127" Z="0"/>
					<Vertex X="60951" Y="41127" Z="0"/>
					<Vertex X="60803" Y="41127" Z="0"/>
					<Vertex X="60729" Y="41127" Z="0"/>
					<Vertex X="60581" Y="41127" Z="0"/>
					<Vertex X="60433" Y="41127" Z="0"/>
					<Vertex X="60359" Y="41127" Z="0"/>
					<Vertex X="60211" Y="41127" Z="0"/>
					<Vertex X="59768" Y="41053" Z="0"/>
					<Vertex X="59546" Y="41053" Z="0"/>
					<Vertex X="59472" Y="41053" Z="0"/>
					<Vertex X="59472" Y="40979" Z="0"/>
					<Vertex X="59398" Y="40979" Z="0"/>
					<Vertex X="59324" Y="40831" Z="0"/>
					<Vertex X="59324" Y="40757" Z="0"/>
					<Vertex X="59324" Y="40535" Z="0"/>
					<Vertex X="59324" Y="40461" Z="0"/>
					<Vertex X="59324" Y="40387" Z="0"/>
					<Vertex X="59324" Y="40313" Z="0"/>
					<Vertex X="59324" Y="40239" Z="0"/>
					<Vertex X="59324" Y="40091" Z="0"/>
					<Vertex X="59398" Y="40017" Z="0"/>
					<Vertex X="59472" Y="39795" Z="0"/>
					<Vertex X="59546" Y="39721" Z="0"/>
					<Vertex X="59620" Y="39499" Z="0"/>
					<Vertex X="59620" Y="39425" Z="0"/>
					<Vertex X="59620" Y="39351" Z="0"/>
					<Vertex X="59694" Y="39277" Z="0"/>
					<Vertex X="59694" Y="39203" Z="0"/>
					<Vertex X="59768" Y="38908" Z="0"/>
					<Vertex X="59841" Y="38760" Z="0"/>
					<Vertex X="59841" Y="38686" Z="0"/>
					<Vertex X="59915" Y="38390" Z="0"/>
					<Vertex X="59915" Y="38316" Z="0"/>
					<Vertex X="59915" Y="38168" Z="0"/>
					<Vertex X="59989" Y="38020" Z="0"/>
					<Vertex X="59989" Y="37946" Z="0"/>
					<Vertex X="60063" Y="37502" Z="0"/>
					<Vertex X="60063" Y="37354" Z="0"/>
					<Vertex X="60063" Y="37206" Z="0"/>
					<Vertex X="60137" Y="36984" Z="0"/>
					<Vertex X="60211" Y="36836" Z="0"/>
					<Vertex X="60211" Y="36393" Z="0"/>
					<Vertex X="60211" Y="36171" Z="0"/>
					<Vertex X="60359" Y="35949" Z="0"/>
					<Vertex X="60433" Y="35801" Z="0"/>
					<Vertex X="60507" Y="35505" Z="0"/>
					<Vertex X="60581" Y="35357" Z="0"/>
					<Vertex X="60581" Y="35283" Z="0"/>
					<Vertex X="60729" Y="34913" Z="0"/>
					<Vertex X="60803" Y="34691" Z="0"/>
					<Vertex X="60877" Y="34469" Z="0"/>
					<Vertex X="60951" Y="34395" Z="0"/>
					<Vertex X="60951" Y="34248" Z="0"/>
					<Vertex X="61025" Y="34174" Z="0"/>
					<Vertex X="61099" Y="34100" Z="0"/>
					<Vertex X="61099" Y="33952" Z="0"/>
					<Vertex X="61173" Y="33730" Z="0"/>
					<Vertex X="61247" Y="33656" Z="0"/>
					<Vertex X="61321" Y="33582" Z="0"/>
					<Vertex X="61321" Y="33508" Z="0"/>
					<Vertex X="61395" Y="33508" Z="0"/>
					<Vertex X="61395" Y="33434" Z="0"/>
					<Vertex X="61395" Y="33360" Z="0"/>
					<Vertex X="61469" Y="33360" Z="0"/>
					<Vertex X="61469" Y="33286" Z="0"/>
					<Vertex X="61617" Y="33138" Z="0"/>
					<Vertex X="61691" Y="33064" Z="0"/>
					<Vertex X="61691" Y="32990" Z="0"/>
					<Vertex X="61691" Y="32916" Z="0"/>
					<Vertex X="62061" Y="32620" Z="0"/>
				</Vertices>
			</Region>
		</Regions>
		<Plots/>
	</Annotation>
</Annotations>
