<Annotations MicronsPerPixel="0.252700">
	<Annotation Id="1" Name="" ReadOnly="0" NameReadOnly="0" LineColorReadOnly="0" Incremental="0" Type="4" LineColor="16776960" Visible="1" Selected="1" MarkupImagePath="" MacroName="">
		<Attributes/>
		<Regions>
			<RegionAttributeHeaders/>
			<Region Id="1" Type="0" Zoom="0.007225" Selected="0" ImageLocation="" ImageFocus="-1" Length="131160.0" Area="1141438924.0" LengthMicrons="33144.1" AreaMicrons="72889197.0" Text="" NegativeROA="0" InputRegionId="0" Analyze="1" DisplayId="1">
				<Attributes/>
				<Vertices>
					<Vertex X="6436" Y="69832" Z="0"/>
					<Vertex X="6709" Y="69969" Z="0"/>
					<Vertex X="6709" Y="69832" Z="0"/>
					<Vertex X="6983" Y="69284" Z="0"/>
					<Vertex X="7257" Y="69011" Z="0"/>
					<Vertex X="7394" Y="68874" Z="0"/>
					<Vertex X="7668" Y="68463" Z="0"/>
					<Vertex X="7668" Y="67778" Z="0"/>
					<Vertex X="8352" Y="67504" Z="0"/>
					<Vertex X="8489" Y="67367" Z="0"/>
					<Vertex X="8626" Y="67094" Z="0"/>
					<Vertex X="8763" Y="66957" Z="0"/>
					<Vertex X="8900" Y="66683" Z="0"/>
					<Vertex X="8900" Y="66546" Z="0"/>
					<Vertex X="9037" Y="66135" Z="0"/>
					<Vertex X="9174" Y="65724" Z="0"/>
					<Vertex X="11365" Y="60658" Z="0"/>
					<Vertex X="11639" Y="60795" Z="0"/>
					<Vertex X="11639" Y="60110" Z="0"/>
					<Vertex X="11913" Y="60247" Z="0"/>
					<Vertex X="12186" Y="59973" Z="0"/>
					<Vertex X="12323" Y="59837" Z="0"/>
					<Vertex X="12460" Y="59426" Z="0"/>
					<Vertex X="12460" Y="58741" Z="0"/>
					<Vertex X="13008" Y="58604" Z="0"/>
					<Vertex X="13419" Y="58057" Z="0"/>
					<Vertex X="13282" Y="57372" Z="0"/>
					<Vertex X="13419" Y="57098" Z="0"/>
					<Vertex X="14103" Y="56961" Z="0"/>
					<Vertex X="13966" Y="56276" Z="0"/>
					<Vertex X="14514" Y="56140" Z="0"/>
					<Vertex X="14788" Y="55866" Z="0"/>
					<Vertex X="14925" Y="54770" Z="0"/>
					<Vertex X="15336" Y="54907" Z="0"/>
					<Vertex X="15473" Y="54770" Z="0"/>
					<Vertex X="15610" Y="54496" Z="0"/>
					<Vertex X="15473" Y="54086" Z="0"/>
					<Vertex X="16020" Y="54086" Z="0"/>
					<Vertex X="16157" Y="53949" Z="0"/>
					<Vertex X="16294" Y="53675" Z="0"/>
					<Vertex X="16568" Y="53538" Z="0"/>
					<Vertex X="16705" Y="53264" Z="0"/>
					<Vertex X="16705" Y="52853" Z="0"/>
					<Vertex X="17253" Y="52990" Z="0"/>
					<Vertex X="17390" Y="52716" Z="0"/>
					<Vertex X="17663" Y="52443" Z="0"/>
					<Vertex X="18074" Y="52169" Z="0"/>
					<Vertex X="18211" Y="52032" Z="0"/>
					<Vertex X="18348" Y="52032" Z="0"/>
					<Vertex X="18896" Y="51621" Z="0"/>
					<Vertex X="19170" Y="51484" Z="0"/>
					<Vertex X="19580" Y="51210" Z="0"/>
					<Vertex X="19717" Y="50799" Z="0"/>
					<Vertex X="20265" Y="50799" Z="0"/>
					<Vertex X="20676" Y="50663" Z="0"/>
					<Vertex X="20813" Y="50663" Z="0"/>
					<Vertex X="21223" Y="50389" Z="0"/>
					<Vertex X="21497" Y="50389" Z="0"/>
					<Vertex X="25194" Y="47787" Z="0"/>
					<Vertex X="35327" Y="48198" Z="0"/>
					<Vertex X="35738" Y="48472" Z="0"/>
					<Vertex X="36011" Y="48609" Z="0"/>
					<Vertex X="36285" Y="48746" Z="0"/>
					<Vertex X="36696" Y="49019" Z="0"/>
					<Vertex X="37244" Y="49293" Z="0"/>
					<Vertex X="38065" Y="49704" Z="0"/>
					<Vertex X="38476" Y="49978" Z="0"/>
					<Vertex X="38750" Y="50115" Z="0"/>
					<Vertex X="39161" Y="50389" Z="0"/>
					<Vertex X="39435" Y="50526" Z="0"/>
					<Vertex X="40119" Y="50936" Z="0"/>
					<Vertex X="40667" Y="51210" Z="0"/>
					<Vertex X="41078" Y="51484" Z="0"/>
					<Vertex X="41488" Y="51758" Z="0"/>
					<Vertex X="41762" Y="51758" Z="0"/>
					<Vertex X="42173" Y="52032" Z="0"/>
					<Vertex X="42584" Y="52306" Z="0"/>
					<Vertex X="42721" Y="52443" Z="0"/>
					<Vertex X="43132" Y="52580" Z="0"/>
					<Vertex X="43405" Y="52716" Z="0"/>
					<Vertex X="43679" Y="52990" Z="0"/>
					<Vertex X="44364" Y="53538" Z="0"/>
					<Vertex X="44638" Y="53812" Z="0"/>
					<Vertex X="44912" Y="54223" Z="0"/>
					<Vertex X="45049" Y="54360" Z="0"/>
					<Vertex X="45459" Y="54770" Z="0"/>
					<Vertex X="45733" Y="55044" Z="0"/>
					<Vertex X="45870" Y="55318" Z="0"/>
					<Vertex X="46007" Y="55592" Z="0"/>
					<Vertex X="46007" Y="55729" Z="0"/>
					<Vertex X="46144" Y="56003" Z="0"/>
					<Vertex X="46281" Y="56276" Z="0"/>
					<Vertex X="46418" Y="56550" Z="0"/>
					<Vertex X="46281" Y="56824" Z="0"/>
					<Vertex X="46555" Y="57372" Z="0"/>
					<Vertex X="46692" Y="57509" Z="0"/>
					<Vertex X="46692" Y="57646" Z="0"/>
					<Vertex X="47102" Y="58193" Z="0"/>
					<Vertex X="47239" Y="58467" Z="0"/>
					<Vertex X="47102" Y="58467" Z="0"/>
					<Vertex X="47513" Y="59015" Z="0"/>
					<Vertex X="47513" Y="59152" Z="0"/>
					<Vertex X="47650" Y="59289" Z="0"/>
					<Vertex X="47513" Y="59289" Z="0"/>
					<Vertex X="47787" Y="59837" Z="0"/>
					<Vertex X="47924" Y="60110" Z="0"/>
					<Vertex X="47787" Y="60110" Z="0"/>
					<Vertex X="48198" Y="60658" Z="0"/>
					<Vertex X="48198" Y="60795" Z="0"/>
					<Vertex X="48335" Y="61206" Z="0"/>
					<Vertex X="48472" Y="61343" Z="0"/>
					<Vertex X="48609" Y="61617" Z="0"/>
					<Vertex X="48335" Y="61754" Z="0"/>
					<Vertex X="48746" Y="62164" Z="0"/>
					<Vertex X="48746" Y="62438" Z="0"/>
					<Vertex X="47376" Y="67231" Z="0"/>
					<Vertex X="47650" Y="67778" Z="0"/>
					<Vertex X="47102" Y="72981" Z="0"/>
					<Vertex X="46965" Y="74077" Z="0"/>
					<Vertex X="41762" Y="85442" Z="0"/>
					<Vertex X="28754" Y="84209" Z="0"/>
					<Vertex X="12186" Y="76678" Z="0"/>
					<Vertex X="7668" Y="72160" Z="0"/>
					<Vertex X="7531" Y="72160" Z="0"/>
					<Vertex X="7531" Y="72023" Z="0"/>
					<Vertex X="7394" Y="71886" Z="0"/>
					<Vertex X="7120" Y="71749" Z="0"/>
					<Vertex X="7120" Y="71612" Z="0"/>
					<Vertex X="6983" Y="71612" Z="0"/>
					<Vertex X="6709" Y="71338" Z="0"/>
					<Vertex X="6709" Y="71201" Z="0"/>
					<Vertex X="6709" Y="71064" Z="0"/>
					<Vertex X="6709" Y="70928" Z="0"/>
					<Vertex X="6572" Y="70791" Z="0"/>
					<Vertex X="6572" Y="70654" Z="0"/>
					<Vertex X="6436" Y="70517" Z="0"/>
					<Vertex X="6162" Y="70243" Z="0"/>
					<Vertex X="6299" Y="70380" Z="0"/>
					<Vertex X="6436" Y="69832" Z="0"/>
				</Vertices>
			</Region>
			<Region Id="2" Type="0" Zoom="0.007225" Selected="0" ImageLocation="" ImageFocus="-1" Length="154104.7" Area="1067089062.0" LengthMicrons="38942.3" AreaMicrons="68141416.2" Text="" NegativeROA="0" InputRegionId="0" Analyze="1" DisplayId="2">
				<Attributes/>
				<Vertices>
					<Vertex X="41762" Y="21634" Z="0"/>
					<Vertex X="41762" Y="21087" Z="0"/>
					<Vertex X="42584" Y="20950" Z="0"/>
					<Vertex X="42721" Y="20950" Z="0"/>
					<Vertex X="43132" Y="20539" Z="0"/>
					<Vertex X="43542" Y="20265" Z="0"/>
					<Vertex X="43542" Y="19991" Z="0"/>
					<Vertex X="44364" Y="19991" Z="0"/>
					<Vertex X="44501" Y="19580" Z="0"/>
					<Vertex X="45322" Y="19717" Z="0"/>
					<Vertex X="45870" Y="19580" Z="0"/>
					<Vertex X="46281" Y="19307" Z="0"/>
					<Vertex X="46555" Y="19307" Z="0"/>
					<Vertex X="47239" Y="19033" Z="0"/>
					<Vertex X="47376" Y="19033" Z="0"/>
					<Vertex X="47513" Y="18759" Z="0"/>
					<Vertex X="48061" Y="18896" Z="0"/>
					<Vertex X="48472" Y="18896" Z="0"/>
					<Vertex X="48746" Y="18759" Z="0"/>
					<Vertex X="48882" Y="18759" Z="0"/>
					<Vertex X="49293" Y="18759" Z="0"/>
					<Vertex X="49567" Y="18759" Z="0"/>
					<Vertex X="49704" Y="18622" Z="0"/>
					<Vertex X="50252" Y="18622" Z="0"/>
					<Vertex X="50526" Y="18622" Z="0"/>
					<Vertex X="50799" Y="18622" Z="0"/>
					<Vertex X="51073" Y="18622" Z="0"/>
					<Vertex X="51347" Y="18622" Z="0"/>
					<Vertex X="51484" Y="18622" Z="0"/>
					<Vertex X="51484" Y="18211" Z="0"/>
					<Vertex X="52169" Y="18485" Z="0"/>
					<Vertex X="52579" Y="18485" Z="0"/>
					<Vertex X="52716" Y="18485" Z="0"/>
					<Vertex X="52990" Y="18485" Z="0"/>
					<Vertex X="53127" Y="18485" Z="0"/>
					<Vertex X="53127" Y="18211" Z="0"/>
					<Vertex X="53538" Y="18485" Z="0"/>
					<Vertex X="53675" Y="18485" Z="0"/>
					<Vertex X="53949" Y="18485" Z="0"/>
					<Vertex X="54633" Y="18485" Z="0"/>
					<Vertex X="54770" Y="18211" Z="0"/>
					<Vertex X="55866" Y="18348" Z="0"/>
					<Vertex X="56550" Y="18348" Z="0"/>
					<Vertex X="57098" Y="18348" Z="0"/>
					<Vertex X="57372" Y="18211" Z="0"/>
					<Vertex X="57509" Y="18211" Z="0"/>
					<Vertex X="57509" Y="17937" Z="0"/>
					<Vertex X="57920" Y="18211" Z="0"/>
					<Vertex X="61753" Y="18211" Z="0"/>
					<Vertex X="62164" Y="18485" Z="0"/>
					<Vertex X="66135" Y="18348" Z="0"/>
					<Vertex X="78321" Y="17663" Z="0"/>
					<Vertex X="90508" Y="16294" Z="0"/>
					<Vertex X="90782" Y="16294" Z="0"/>
					<Vertex X="90919" Y="16294" Z="0"/>
					<Vertex X="91192" Y="16294" Z="0"/>
					<Vertex X="91329" Y="16294" Z="0"/>
					<Vertex X="91466" Y="16294" Z="0"/>
					<Vertex X="91603" Y="16294" Z="0"/>
					<Vertex X="91877" Y="16294" Z="0"/>
					<Vertex X="92014" Y="16294" Z="0"/>
					<Vertex X="91877" Y="16020" Z="0"/>
					<Vertex X="92151" Y="16020" Z="0"/>
					<Vertex X="92562" Y="16294" Z="0"/>
					<Vertex X="92699" Y="16294" Z="0"/>
					<Vertex X="92836" Y="16294" Z="0"/>
					<Vertex X="92972" Y="16431" Z="0"/>
					<Vertex X="93109" Y="16431" Z="0"/>
					<Vertex X="93246" Y="16568" Z="0"/>
					<Vertex X="93520" Y="16568" Z="0"/>
					<Vertex X="93657" Y="16568" Z="0"/>
					<Vertex X="93794" Y="16431" Z="0"/>
					<Vertex X="94342" Y="16842" Z="0"/>
					<Vertex X="94479" Y="16842" Z="0"/>
					<Vertex X="94616" Y="16842" Z="0"/>
					<Vertex X="95026" Y="17253" Z="0"/>
					<Vertex X="95026" Y="17116" Z="0"/>
					<Vertex X="95300" Y="17527" Z="0"/>
					<Vertex X="95300" Y="17527" Z="0"/>
					<Vertex X="95574" Y="17800" Z="0"/>
					<Vertex X="95711" Y="17937" Z="0"/>
					<Vertex X="95711" Y="17937" Z="0"/>
					<Vertex X="95985" Y="18348" Z="0"/>
					<Vertex X="96122" Y="18348" Z="0"/>
					<Vertex X="96122" Y="18485" Z="0"/>
					<Vertex X="96533" Y="18896" Z="0"/>
					<Vertex X="97765" Y="22593" Z="0"/>
					<Vertex X="97765" Y="22730" Z="0"/>
					<Vertex X="97765" Y="22867" Z="0"/>
					<Vertex X="97491" Y="22867" Z="0"/>
					<Vertex X="97765" Y="23277" Z="0"/>
					<Vertex X="97765" Y="23414" Z="0"/>
					<Vertex X="97765" Y="23551" Z="0"/>
					<Vertex X="97491" Y="23551" Z="0"/>
					<Vertex X="97765" Y="23962" Z="0"/>
					<Vertex X="97765" Y="24099" Z="0"/>
					<Vertex X="97765" Y="24236" Z="0"/>
					<Vertex X="97765" Y="24373" Z="0"/>
					<Vertex X="97765" Y="24510" Z="0"/>
					<Vertex X="97765" Y="24647" Z="0"/>
					<Vertex X="97765" Y="24784" Z="0"/>
					<Vertex X="97765" Y="24921" Z="0"/>
					<Vertex X="97765" Y="25057" Z="0"/>
					<Vertex X="97765" Y="25194" Z="0"/>
					<Vertex X="97765" Y="25331" Z="0"/>
					<Vertex X="97628" Y="25468" Z="0"/>
					<Vertex X="97628" Y="25605" Z="0"/>
					<Vertex X="97491" Y="25742" Z="0"/>
					<Vertex X="97491" Y="26016" Z="0"/>
					<Vertex X="97491" Y="26153" Z="0"/>
					<Vertex X="97354" Y="26290" Z="0"/>
					<Vertex X="97354" Y="26564" Z="0"/>
					<Vertex X="97354" Y="26701" Z="0"/>
					<Vertex X="97217" Y="26974" Z="0"/>
					<Vertex X="97217" Y="27111" Z="0"/>
					<Vertex X="96806" Y="27111" Z="0"/>
					<Vertex X="97080" Y="27522" Z="0"/>
					<Vertex X="96943" Y="27659" Z="0"/>
					<Vertex X="96943" Y="27796" Z="0"/>
					<Vertex X="96943" Y="27933" Z="0"/>
					<Vertex X="96533" Y="27659" Z="0"/>
					<Vertex X="96396" Y="28070" Z="0"/>
					<Vertex X="96533" Y="28618" Z="0"/>
					<Vertex X="96122" Y="30261" Z="0"/>
					<Vertex X="96122" Y="30398" Z="0"/>
					<Vertex X="95848" Y="30671" Z="0"/>
					<Vertex X="95437" Y="30808" Z="0"/>
					<Vertex X="95300" Y="31493" Z="0"/>
					<Vertex X="95026" Y="31904" Z="0"/>
					<Vertex X="94889" Y="32041" Z="0"/>
					<Vertex X="94753" Y="32315" Z="0"/>
					<Vertex X="94479" Y="32588" Z="0"/>
					<Vertex X="94342" Y="32725" Z="0"/>
					<Vertex X="94205" Y="32862" Z="0"/>
					<Vertex X="94068" Y="32999" Z="0"/>
					<Vertex X="93931" Y="33136" Z="0"/>
					<Vertex X="93657" Y="33273" Z="0"/>
					<Vertex X="93657" Y="33410" Z="0"/>
					<Vertex X="93383" Y="33547" Z="0"/>
					<Vertex X="93109" Y="33410" Z="0"/>
					<Vertex X="93109" Y="33958" Z="0"/>
					<Vertex X="92972" Y="33958" Z="0"/>
					<Vertex X="92972" Y="34095" Z="0"/>
					<Vertex X="92836" Y="34095" Z="0"/>
					<Vertex X="92699" Y="34231" Z="0"/>
					<Vertex X="92699" Y="34368" Z="0"/>
					<Vertex X="92562" Y="34505" Z="0"/>
					<Vertex X="92425" Y="34505" Z="0"/>
					<Vertex X="92288" Y="34642" Z="0"/>
					<Vertex X="91877" Y="34505" Z="0"/>
					<Vertex X="92014" Y="34916" Z="0"/>
					<Vertex X="91740" Y="34779" Z="0"/>
					<Vertex X="91603" Y="35190" Z="0"/>
					<Vertex X="91466" Y="35327" Z="0"/>
					<Vertex X="91056" Y="35190" Z="0"/>
					<Vertex X="91192" Y="35601" Z="0"/>
					<Vertex X="90782" Y="35875" Z="0"/>
					<Vertex X="90645" Y="35875" Z="0"/>
					<Vertex X="90508" Y="36012" Z="0"/>
					<Vertex X="89823" Y="35875" Z="0"/>
					<Vertex X="89549" Y="36012" Z="0"/>
					<Vertex X="89412" Y="36422" Z="0"/>
					<Vertex X="89139" Y="36559" Z="0"/>
					<Vertex X="88865" Y="36696" Z="0"/>
					<Vertex X="88591" Y="36696" Z="0"/>
					<Vertex X="87769" Y="36833" Z="0"/>
					<Vertex X="87495" Y="36833" Z="0"/>
					<Vertex X="86400" Y="36970" Z="0"/>
					<Vertex X="86126" Y="37107" Z="0"/>
					<Vertex X="85442" Y="37107" Z="0"/>
					<Vertex X="84894" Y="37244" Z="0"/>
					<Vertex X="84346" Y="37381" Z="0"/>
					<Vertex X="83935" Y="37381" Z="0"/>
					<Vertex X="83388" Y="37518" Z="0"/>
					<Vertex X="82977" Y="37655" Z="0"/>
					<Vertex X="82429" Y="37792" Z="0"/>
					<Vertex X="82292" Y="37792" Z="0"/>
					<Vertex X="81745" Y="37928" Z="0"/>
					<Vertex X="81334" Y="38065" Z="0"/>
					<Vertex X="81060" Y="38065" Z="0"/>
					<Vertex X="80512" Y="38065" Z="0"/>
					<Vertex X="79828" Y="38065" Z="0"/>
					<Vertex X="79280" Y="38202" Z="0"/>
					<Vertex X="78732" Y="38202" Z="0"/>
					<Vertex X="78458" Y="38202" Z="0"/>
					<Vertex X="77363" Y="37928" Z="0"/>
					<Vertex X="77500" Y="38202" Z="0"/>
					<Vertex X="76952" Y="38202" Z="0"/>
					<Vertex X="76404" Y="38202" Z="0"/>
					<Vertex X="75857" Y="38202" Z="0"/>
					<Vertex X="75446" Y="38202" Z="0"/>
					<Vertex X="74898" Y="38202" Z="0"/>
					<Vertex X="74624" Y="38202" Z="0"/>
					<Vertex X="74077" Y="38202" Z="0"/>
					<Vertex X="73666" Y="38202" Z="0"/>
					<Vertex X="73529" Y="38202" Z="0"/>
					<Vertex X="73118" Y="38065" Z="0"/>
					<Vertex X="72981" Y="38065" Z="0"/>
					<Vertex X="72707" Y="38065" Z="0"/>
					<Vertex X="72297" Y="38065" Z="0"/>
					<Vertex X="72023" Y="38065" Z="0"/>
					<Vertex X="71749" Y="38065" Z="0"/>
					<Vertex X="71338" Y="38065" Z="0"/>
					<Vertex X="71064" Y="38065" Z="0"/>
					<Vertex X="70654" Y="38065" Z="0"/>
					<Vertex X="70243" Y="38065" Z="0"/>
					<Vertex X="69832" Y="37928" Z="0"/>
					<Vertex X="69558" Y="37928" Z="0"/>
					<Vertex X="68874" Y="37928" Z="0"/>
					<Vertex X="68600" Y="37792" Z="0"/>
					<Vertex X="68189" Y="37792" Z="0"/>
					<Vertex X="67641" Y="37655" Z="0"/>
					<Vertex X="67230" Y="37655" Z="0"/>
					<Vertex X="66820" Y="37655" Z="0"/>
					<Vertex X="66409" Y="37655" Z="0"/>
					<Vertex X="66135" Y="37518" Z="0"/>
					<Vertex X="65587" Y="37518" Z="0"/>
					<Vertex X="65450" Y="37518" Z="0"/>
					<Vertex X="64903" Y="37244" Z="0"/>
					<Vertex X="64492" Y="37518" Z="0"/>
					<Vertex X="63397" Y="37244" Z="0"/>
					<Vertex X="63260" Y="37518" Z="0"/>
					<Vertex X="63123" Y="37518" Z="0"/>
					<Vertex X="62575" Y="37518" Z="0"/>
					<Vertex X="62027" Y="37518" Z="0"/>
					<Vertex X="61480" Y="37244" Z="0"/>
					<Vertex X="61480" Y="37518" Z="0"/>
					<Vertex X="61069" Y="37518" Z="0"/>
					<Vertex X="60658" Y="37518" Z="0"/>
					<Vertex X="60384" Y="37518" Z="0"/>
					<Vertex X="60110" Y="37518" Z="0"/>
					<Vertex X="59973" Y="37518" Z="0"/>
					<Vertex X="59836" Y="37518" Z="0"/>
					<Vertex X="59289" Y="37518" Z="0"/>
					<Vertex X="59015" Y="37655" Z="0"/>
					<Vertex X="56961" Y="38065" Z="0"/>
					<Vertex X="56550" Y="38339" Z="0"/>
					<Vertex X="55318" Y="38613" Z="0"/>
					<Vertex X="54907" Y="38750" Z="0"/>
					<Vertex X="54223" Y="38750" Z="0"/>
					<Vertex X="53538" Y="38887" Z="0"/>
					<Vertex X="52990" Y="38887" Z="0"/>
					<Vertex X="52443" Y="38887" Z="0"/>
					<Vertex X="52032" Y="38887" Z="0"/>
					<Vertex X="51621" Y="38887" Z="0"/>
					<Vertex X="51347" Y="38887" Z="0"/>
					<Vertex X="50936" Y="38887" Z="0"/>
					<Vertex X="50662" Y="38887" Z="0"/>
					<Vertex X="50252" Y="38613" Z="0"/>
					<Vertex X="49978" Y="38750" Z="0"/>
					<Vertex X="49841" Y="38750" Z="0"/>
					<Vertex X="49567" Y="38750" Z="0"/>
					<Vertex X="49156" Y="38613" Z="0"/>
					<Vertex X="48609" Y="38339" Z="0"/>
					<Vertex X="48472" Y="38613" Z="0"/>
					<Vertex X="48061" Y="38339" Z="0"/>
					<Vertex X="47924" Y="38476" Z="0"/>
					<Vertex X="47376" Y="38476" Z="0"/>
					<Vertex X="47239" Y="38476" Z="0"/>
					<Vertex X="46555" Y="38202" Z="0"/>
					<Vertex X="46555" Y="38339" Z="0"/>
					<Vertex X="46144" Y="38202" Z="0"/>
					<Vertex X="45733" Y="38202" Z="0"/>
					<Vertex X="45596" Y="38065" Z="0"/>
					<Vertex X="45185" Y="37928" Z="0"/>
					<Vertex X="44638" Y="37655" Z="0"/>
					<Vertex X="44227" Y="37381" Z="0"/>
					<Vertex X="43953" Y="37107" Z="0"/>
					<Vertex X="43679" Y="36970" Z="0"/>
					<Vertex X="43405" Y="36559" Z="0"/>
					<Vertex X="42995" Y="36285" Z="0"/>
					<Vertex X="42858" Y="36012" Z="0"/>
					<Vertex X="42584" Y="35738" Z="0"/>
					<Vertex X="42310" Y="35464" Z="0"/>
					<Vertex X="42310" Y="35327" Z="0"/>
					<Vertex X="42036" Y="35190" Z="0"/>
					<Vertex X="41625" Y="34368" Z="0"/>
					<Vertex X="41625" Y="34231" Z="0"/>
					<Vertex X="41352" Y="33821" Z="0"/>
					<Vertex X="41215" Y="33410" Z="0"/>
					<Vertex X="41078" Y="32999" Z="0"/>
					<Vertex X="41078" Y="32725" Z="0"/>
					<Vertex X="40941" Y="32315" Z="0"/>
					<Vertex X="40941" Y="32041" Z="0"/>
					<Vertex X="40941" Y="31767" Z="0"/>
					<Vertex X="40941" Y="31630" Z="0"/>
					<Vertex X="40941" Y="31356" Z="0"/>
					<Vertex X="40941" Y="31219" Z="0"/>
					<Vertex X="40941" Y="30945" Z="0"/>
					<Vertex X="40941" Y="30671" Z="0"/>
					<Vertex X="40941" Y="30534" Z="0"/>
					<Vertex X="41078" Y="30261" Z="0"/>
					<Vertex X="41215" Y="30124" Z="0"/>
					<Vertex X="41215" Y="29850" Z="0"/>
					<Vertex X="41352" Y="29713" Z="0"/>
					<Vertex X="41352" Y="29576" Z="0"/>
					<Vertex X="41488" Y="29439" Z="0"/>
					<Vertex X="41625" Y="29302" Z="0"/>
					<Vertex X="41625" Y="29165" Z="0"/>
					<Vertex X="41488" Y="28754" Z="0"/>
					<Vertex X="41762" Y="28754" Z="0"/>
					<Vertex X="41899" Y="28618" Z="0"/>
					<Vertex X="41899" Y="28481" Z="0"/>
					<Vertex X="41899" Y="28344" Z="0"/>
					<Vertex X="42036" Y="27933" Z="0"/>
					<Vertex X="42036" Y="27796" Z="0"/>
					<Vertex X="41762" Y="27385" Z="0"/>
					<Vertex X="42036" Y="27385" Z="0"/>
					<Vertex X="41762" Y="26837" Z="0"/>
					<Vertex X="42036" Y="26564" Z="0"/>
					<Vertex X="41762" Y="26290" Z="0"/>
					<Vertex X="42036" Y="26290" Z="0"/>
					<Vertex X="41762" Y="23277" Z="0"/>
					<Vertex X="41762" Y="23140" Z="0"/>
					<Vertex X="41762" Y="23004" Z="0"/>
					<Vertex X="41625" Y="23004" Z="0"/>
					<Vertex X="41352" Y="22593" Z="0"/>
					<Vertex X="41625" Y="22867" Z="0"/>
					<Vertex X="41625" Y="22730" Z="0"/>
					<Vertex X="41625" Y="22593" Z="0"/>
					<Vertex X="41352" Y="22319" Z="0"/>
					<Vertex X="41625" Y="22593" Z="0"/>
					<Vertex X="41625" Y="22456" Z="0"/>
					<Vertex X="41352" Y="22182" Z="0"/>
					<Vertex X="41762" Y="21634" Z="0"/>
				</Vertices>
			</Region>
			<Region Id="3" Type="0" Zoom="0.007225" Selected="0" ImageLocation="" ImageFocus="-1" Length="61041.9" Area="218010150.5" LengthMicrons="15425.3" AreaMicrons="13921537.5" Text="" NegativeROA="0" InputRegionId="0" Analyze="1" DisplayId="3">
				<Attributes/>
				<Vertices>
					<Vertex X="32588" Y="6983" Z="0"/>
					<Vertex X="36148" Y="4519" Z="0"/>
					<Vertex X="36559" Y="4382" Z="0"/>
					<Vertex X="36833" Y="4245" Z="0"/>
					<Vertex X="37107" Y="4245" Z="0"/>
					<Vertex X="37244" Y="4245" Z="0"/>
					<Vertex X="37244" Y="3834" Z="0"/>
					<Vertex X="37655" Y="4108" Z="0"/>
					<Vertex X="37928" Y="3971" Z="0"/>
					<Vertex X="38065" Y="3971" Z="0"/>
					<Vertex X="38202" Y="3834" Z="0"/>
					<Vertex X="38476" Y="3697" Z="0"/>
					<Vertex X="38339" Y="3286" Z="0"/>
					<Vertex X="38750" Y="3560" Z="0"/>
					<Vertex X="38887" Y="3560" Z="0"/>
					<Vertex X="39024" Y="3423" Z="0"/>
					<Vertex X="39161" Y="3286" Z="0"/>
					<Vertex X="39435" Y="3286" Z="0"/>
					<Vertex X="39572" Y="3286" Z="0"/>
					<Vertex X="39708" Y="3286" Z="0"/>
					<Vertex X="39845" Y="3149" Z="0"/>
					<Vertex X="40119" Y="3149" Z="0"/>
					<Vertex X="40256" Y="3149" Z="0"/>
					<Vertex X="40530" Y="3149" Z="0"/>
					<Vertex X="40804" Y="3149" Z="0"/>
					<Vertex X="41078" Y="3012" Z="0"/>
					<Vertex X="41352" Y="2739" Z="0"/>
					<Vertex X="41488" Y="2739" Z="0"/>
					<Vertex X="41762" Y="2739" Z="0"/>
					<Vertex X="42310" Y="3012" Z="0"/>
					<Vertex X="42584" Y="3012" Z="0"/>
					<Vertex X="42447" Y="2739" Z="0"/>
					<Vertex X="42995" Y="3012" Z="0"/>
					<Vertex X="43268" Y="3012" Z="0"/>
					<Vertex X="43268" Y="2739" Z="0"/>
					<Vertex X="43679" Y="3149" Z="0"/>
					<Vertex X="43816" Y="3149" Z="0"/>
					<Vertex X="44227" Y="3149" Z="0"/>
					<Vertex X="44364" Y="3286" Z="0"/>
					<Vertex X="44775" Y="3423" Z="0"/>
					<Vertex X="45185" Y="3423" Z="0"/>
					<Vertex X="45459" Y="3560" Z="0"/>
					<Vertex X="45870" Y="3697" Z="0"/>
					<Vertex X="46144" Y="3697" Z="0"/>
					<Vertex X="46555" Y="3834" Z="0"/>
					<Vertex X="46829" Y="3971" Z="0"/>
					<Vertex X="47239" Y="4108" Z="0"/>
					<Vertex X="47376" Y="4108" Z="0"/>
					<Vertex X="47376" Y="3834" Z="0"/>
					<Vertex X="47924" Y="4245" Z="0"/>
					<Vertex X="48061" Y="4245" Z="0"/>
					<Vertex X="48198" Y="4245" Z="0"/>
					<Vertex X="48335" Y="4382" Z="0"/>
					<Vertex X="48609" Y="4382" Z="0"/>
					<Vertex X="48746" Y="4245" Z="0"/>
					<Vertex X="49156" Y="4519" Z="0"/>
					<Vertex X="49567" Y="4382" Z="0"/>
					<Vertex X="49704" Y="4519" Z="0"/>
					<Vertex X="50115" Y="4792" Z="0"/>
					<Vertex X="50252" Y="4929" Z="0"/>
					<Vertex X="50389" Y="4929" Z="0"/>
					<Vertex X="50526" Y="5066" Z="0"/>
					<Vertex X="50662" Y="5066" Z="0"/>
					<Vertex X="50799" Y="5203" Z="0"/>
					<Vertex X="50936" Y="5203" Z="0"/>
					<Vertex X="51073" Y="5340" Z="0"/>
					<Vertex X="51073" Y="5477" Z="0"/>
					<Vertex X="51210" Y="5614" Z="0"/>
					<Vertex X="51347" Y="5751" Z="0"/>
					<Vertex X="51484" Y="6025" Z="0"/>
					<Vertex X="51621" Y="6162" Z="0"/>
					<Vertex X="51621" Y="6299" Z="0"/>
					<Vertex X="51621" Y="6436" Z="0"/>
					<Vertex X="51758" Y="6709" Z="0"/>
					<Vertex X="51895" Y="6983" Z="0"/>
					<Vertex X="51895" Y="7120" Z="0"/>
					<Vertex X="51895" Y="7394" Z="0"/>
					<Vertex X="52032" Y="7668" Z="0"/>
					<Vertex X="52032" Y="7942" Z="0"/>
					<Vertex X="52032" Y="8216" Z="0"/>
					<Vertex X="51758" Y="8216" Z="0"/>
					<Vertex X="52032" Y="8900" Z="0"/>
					<Vertex X="51758" Y="8900" Z="0"/>
					<Vertex X="52032" Y="9448" Z="0"/>
					<Vertex X="52032" Y="9585" Z="0"/>
					<Vertex X="52032" Y="9859" Z="0"/>
					<Vertex X="52032" Y="9996" Z="0"/>
					<Vertex X="52032" Y="10269" Z="0"/>
					<Vertex X="52032" Y="10406" Z="0"/>
					<Vertex X="52032" Y="10543" Z="0"/>
					<Vertex X="52032" Y="10817" Z="0"/>
					<Vertex X="51895" Y="10954" Z="0"/>
					<Vertex X="51621" Y="10817" Z="0"/>
					<Vertex X="51895" Y="11365" Z="0"/>
					<Vertex X="51758" Y="11639" Z="0"/>
					<Vertex X="51758" Y="11776" Z="0"/>
					<Vertex X="51758" Y="12050" Z="0"/>
					<Vertex X="51621" Y="12323" Z="0"/>
					<Vertex X="51621" Y="12460" Z="0"/>
					<Vertex X="51484" Y="12734" Z="0"/>
					<Vertex X="51210" Y="12597" Z="0"/>
					<Vertex X="51347" Y="13145" Z="0"/>
					<Vertex X="51347" Y="13282" Z="0"/>
					<Vertex X="51210" Y="13419" Z="0"/>
					<Vertex X="51073" Y="13693" Z="0"/>
					<Vertex X="51073" Y="13830" Z="0"/>
					<Vertex X="50936" Y="14103" Z="0"/>
					<Vertex X="50662" Y="14240" Z="0"/>
					<Vertex X="50526" Y="14514" Z="0"/>
					<Vertex X="50115" Y="14377" Z="0"/>
					<Vertex X="49978" Y="14514" Z="0"/>
					<Vertex X="49978" Y="15062" Z="0"/>
					<Vertex X="49841" Y="15199" Z="0"/>
					<Vertex X="49704" Y="15199" Z="0"/>
					<Vertex X="49430" Y="15473" Z="0"/>
					<Vertex X="49156" Y="15610" Z="0"/>
					<Vertex X="49019" Y="15747" Z="0"/>
					<Vertex X="48882" Y="15883" Z="0"/>
					<Vertex X="48746" Y="15883" Z="0"/>
					<Vertex X="48472" Y="16157" Z="0"/>
					<Vertex X="48335" Y="16294" Z="0"/>
					<Vertex X="48198" Y="16431" Z="0"/>
					<Vertex X="47924" Y="16568" Z="0"/>
					<Vertex X="47787" Y="16705" Z="0"/>
					<Vertex X="47513" Y="16842" Z="0"/>
					<Vertex X="47376" Y="16979" Z="0"/>
					<Vertex X="47102" Y="17116" Z="0"/>
					<Vertex X="46829" Y="17253" Z="0"/>
					<Vertex X="46555" Y="17390" Z="0"/>
					<Vertex X="46281" Y="17390" Z="0"/>
					<Vertex X="46144" Y="17527" Z="0"/>
					<Vertex X="45870" Y="17663" Z="0"/>
					<Vertex X="45459" Y="17663" Z="0"/>
					<Vertex X="45049" Y="17527" Z="0"/>
					<Vertex X="44912" Y="17937" Z="0"/>
					<Vertex X="44775" Y="17937" Z="0"/>
					<Vertex X="44501" Y="17937" Z="0"/>
					<Vertex X="44364" Y="17937" Z="0"/>
					<Vertex X="44227" Y="17937" Z="0"/>
					<Vertex X="43816" Y="17937" Z="0"/>
					<Vertex X="43679" Y="17937" Z="0"/>
					<Vertex X="43405" Y="17937" Z="0"/>
					<Vertex X="42995" Y="17663" Z="0"/>
					<Vertex X="42721" Y="17937" Z="0"/>
					<Vertex X="42447" Y="17937" Z="0"/>
					<Vertex X="42173" Y="17937" Z="0"/>
					<Vertex X="42036" Y="17937" Z="0"/>
					<Vertex X="41625" Y="17800" Z="0"/>
					<Vertex X="41488" Y="17663" Z="0"/>
					<Vertex X="41078" Y="17663" Z="0"/>
					<Vertex X="40804" Y="17390" Z="0"/>
					<Vertex X="40393" Y="17253" Z="0"/>
					<Vertex X="40256" Y="17116" Z="0"/>
					<Vertex X="39708" Y="16842" Z="0"/>
					<Vertex X="39298" Y="16568" Z="0"/>
					<Vertex X="39024" Y="16294" Z="0"/>
					<Vertex X="38750" Y="16157" Z="0"/>
					<Vertex X="38476" Y="15883" Z="0"/>
					<Vertex X="38339" Y="15747" Z="0"/>
					<Vertex X="38065" Y="15473" Z="0"/>
					<Vertex X="37791" Y="15336" Z="0"/>
					<Vertex X="37655" Y="15062" Z="0"/>
					<Vertex X="37518" Y="14925" Z="0"/>
					<Vertex X="37381" Y="14788" Z="0"/>
					<Vertex X="37244" Y="14788" Z="0"/>
					<Vertex X="36970" Y="14377" Z="0"/>
					<Vertex X="36833" Y="14240" Z="0"/>
					<Vertex X="36559" Y="13966" Z="0"/>
					<Vertex X="36559" Y="13966" Z="0"/>
					<Vertex X="34368" Y="11502" Z="0"/>
					<Vertex X="34231" Y="11365" Z="0"/>
					<Vertex X="34094" Y="11228" Z="0"/>
					<Vertex X="33958" Y="11091" Z="0"/>
					<Vertex X="33684" Y="10954" Z="0"/>
					<Vertex X="33547" Y="10817" Z="0"/>
					<Vertex X="33410" Y="10680" Z="0"/>
					<Vertex X="33273" Y="10543" Z="0"/>
					<Vertex X="33136" Y="10269" Z="0"/>
					<Vertex X="32862" Y="9859" Z="0"/>
					<Vertex X="32725" Y="9448" Z="0"/>
					<Vertex X="32588" Y="9174" Z="0"/>
					<Vertex X="32588" Y="9037" Z="0"/>
					<Vertex X="32588" Y="8900" Z="0"/>
					<Vertex X="32588" Y="8763" Z="0"/>
					<Vertex X="32451" Y="8489" Z="0"/>
					<Vertex X="32178" Y="8216" Z="0"/>
					<Vertex X="32178" Y="7531" Z="0"/>
					<Vertex X="32588" Y="6983" Z="0"/>
				</Vertices>
			</Region>
			<Region Id="4" Type="0" Zoom="0.007225" Selected="1" ImageLocation="" ImageFocus="-1" Length="76178.9" Area="252807202.0" LengthMicrons="19250.4" AreaMicrons="16143582.9" Text="" NegativeROA="0" InputRegionId="0" Analyze="1" DisplayId="4">
				<Attributes/>
				<Vertices>
					<Vertex X="86400" Y="42036" Z="0"/>
					<Vertex X="86674" Y="41899" Z="0"/>
					<Vertex X="86811" Y="41625" Z="0"/>
					<Vertex X="87085" Y="41352" Z="0"/>
					<Vertex X="87222" Y="41215" Z="0"/>
					<Vertex X="87359" Y="41078" Z="0"/>
					<Vertex X="87359" Y="40530" Z="0"/>
					<Vertex X="87906" Y="40667" Z="0"/>
					<Vertex X="87769" Y="40256" Z="0"/>
					<Vertex X="88180" Y="40393" Z="0"/>
					<Vertex X="88043" Y="40119" Z="0"/>
					<Vertex X="88728" Y="40119" Z="0"/>
					<Vertex X="89002" Y="39982" Z="0"/>
					<Vertex X="89002" Y="39572" Z="0"/>
					<Vertex X="89412" Y="39845" Z="0"/>
					<Vertex X="89686" Y="39708" Z="0"/>
					<Vertex X="89960" Y="39572" Z="0"/>
					<Vertex X="90234" Y="39572" Z="0"/>
					<Vertex X="90508" Y="39435" Z="0"/>
					<Vertex X="90782" Y="39435" Z="0"/>
					<Vertex X="90919" Y="39298" Z="0"/>
					<Vertex X="91329" Y="39298" Z="0"/>
					<Vertex X="91329" Y="38887" Z="0"/>
					<Vertex X="91740" Y="39161" Z="0"/>
					<Vertex X="92014" Y="39024" Z="0"/>
					<Vertex X="92425" Y="39024" Z="0"/>
					<Vertex X="92562" Y="38887" Z="0"/>
					<Vertex X="92562" Y="38476" Z="0"/>
					<Vertex X="93246" Y="38613" Z="0"/>
					<Vertex X="93520" Y="38476" Z="0"/>
					<Vertex X="99408" Y="37928" Z="0"/>
					<Vertex X="101873" Y="38202" Z="0"/>
					<Vertex X="102283" Y="38339" Z="0"/>
					<Vertex X="102694" Y="38476" Z="0"/>
					<Vertex X="102694" Y="38339" Z="0"/>
					<Vertex X="103379" Y="38750" Z="0"/>
					<Vertex X="103653" Y="38887" Z="0"/>
					<Vertex X="103653" Y="38750" Z="0"/>
					<Vertex X="103790" Y="38750" Z="0"/>
					<Vertex X="104200" Y="39024" Z="0"/>
					<Vertex X="104748" Y="39298" Z="0"/>
					<Vertex X="104748" Y="39435" Z="0"/>
					<Vertex X="104885" Y="39572" Z="0"/>
					<Vertex X="105022" Y="39572" Z="0"/>
					<Vertex X="105022" Y="39708" Z="0"/>
					<Vertex X="105159" Y="39845" Z="0"/>
					<Vertex X="105296" Y="40119" Z="0"/>
					<Vertex X="105433" Y="40256" Z="0"/>
					<Vertex X="105570" Y="40530" Z="0"/>
					<Vertex X="105707" Y="40804" Z="0"/>
					<Vertex X="105707" Y="40941" Z="0"/>
					<Vertex X="105707" Y="41078" Z="0"/>
					<Vertex X="105843" Y="41352" Z="0"/>
					<Vertex X="106254" Y="41899" Z="0"/>
					<Vertex X="106391" Y="42173" Z="0"/>
					<Vertex X="106528" Y="42310" Z="0"/>
					<Vertex X="106665" Y="42447" Z="0"/>
					<Vertex X="106665" Y="42721" Z="0"/>
					<Vertex X="106802" Y="42858" Z="0"/>
					<Vertex X="106665" Y="42858" Z="0"/>
					<Vertex X="106802" Y="43132" Z="0"/>
					<Vertex X="107213" Y="43679" Z="0"/>
					<Vertex X="107350" Y="44090" Z="0"/>
					<Vertex X="107487" Y="44364" Z="0"/>
					<Vertex X="107487" Y="44638" Z="0"/>
					<Vertex X="107350" Y="44638" Z="0"/>
					<Vertex X="107624" Y="45186" Z="0"/>
					<Vertex X="107624" Y="45322" Z="0"/>
					<Vertex X="107487" Y="45322" Z="0"/>
					<Vertex X="107760" Y="45733" Z="0"/>
					<Vertex X="107760" Y="46144" Z="0"/>
					<Vertex X="107760" Y="46418" Z="0"/>
					<Vertex X="107760" Y="46555" Z="0"/>
					<Vertex X="107760" Y="46966" Z="0"/>
					<Vertex X="107760" Y="47376" Z="0"/>
					<Vertex X="107760" Y="47650" Z="0"/>
					<Vertex X="107760" Y="47787" Z="0"/>
					<Vertex X="107760" Y="47924" Z="0"/>
					<Vertex X="107487" Y="47787" Z="0"/>
					<Vertex X="107760" Y="48472" Z="0"/>
					<Vertex X="107760" Y="48609" Z="0"/>
					<Vertex X="107760" Y="48883" Z="0"/>
					<Vertex X="107760" Y="49019" Z="0"/>
					<Vertex X="107760" Y="49156" Z="0"/>
					<Vertex X="107760" Y="49293" Z="0"/>
					<Vertex X="107760" Y="49430" Z="0"/>
					<Vertex X="107624" Y="49567" Z="0"/>
					<Vertex X="107350" Y="49430" Z="0"/>
					<Vertex X="107624" Y="49841" Z="0"/>
					<Vertex X="107624" Y="49978" Z="0"/>
					<Vertex X="107487" Y="50115" Z="0"/>
					<Vertex X="107350" Y="50389" Z="0"/>
					<Vertex X="107350" Y="50526" Z="0"/>
					<Vertex X="107213" Y="50663" Z="0"/>
					<Vertex X="107076" Y="50799" Z="0"/>
					<Vertex X="106939" Y="50936" Z="0"/>
					<Vertex X="106802" Y="51073" Z="0"/>
					<Vertex X="106528" Y="51347" Z="0"/>
					<Vertex X="106254" Y="51484" Z="0"/>
					<Vertex X="105980" Y="51621" Z="0"/>
					<Vertex X="105843" Y="51621" Z="0"/>
					<Vertex X="105570" Y="51758" Z="0"/>
					<Vertex X="105433" Y="51758" Z="0"/>
					<Vertex X="105296" Y="51758" Z="0"/>
					<Vertex X="105022" Y="51895" Z="0"/>
					<Vertex X="104885" Y="51895" Z="0"/>
					<Vertex X="104611" Y="51895" Z="0"/>
					<Vertex X="104063" Y="51621" Z="0"/>
					<Vertex X="104200" Y="51895" Z="0"/>
					<Vertex X="103927" Y="51895" Z="0"/>
					<Vertex X="103653" Y="51895" Z="0"/>
					<Vertex X="103516" Y="51895" Z="0"/>
					<Vertex X="103379" Y="51895" Z="0"/>
					<Vertex X="103242" Y="51895" Z="0"/>
					<Vertex X="102968" Y="51895" Z="0"/>
					<Vertex X="102831" Y="51758" Z="0"/>
					<Vertex X="102557" Y="51758" Z="0"/>
					<Vertex X="102283" Y="51621" Z="0"/>
					<Vertex X="102010" Y="51621" Z="0"/>
					<Vertex X="101873" Y="51484" Z="0"/>
					<Vertex X="101599" Y="51210" Z="0"/>
					<Vertex X="101188" Y="51073" Z="0"/>
					<Vertex X="100777" Y="50663" Z="0"/>
					<Vertex X="100366" Y="50389" Z="0"/>
					<Vertex X="100230" Y="50252" Z="0"/>
					<Vertex X="100093" Y="50115" Z="0"/>
					<Vertex X="99956" Y="49978" Z="0"/>
					<Vertex X="99819" Y="49841" Z="0"/>
					<Vertex X="99545" Y="49704" Z="0"/>
					<Vertex X="99408" Y="49704" Z="0"/>
					<Vertex X="99271" Y="49704" Z="0"/>
					<Vertex X="98997" Y="49567" Z="0"/>
					<Vertex X="98860" Y="49567" Z="0"/>
					<Vertex X="98723" Y="49567" Z="0"/>
					<Vertex X="98450" Y="49567" Z="0"/>
					<Vertex X="98176" Y="49430" Z="0"/>
					<Vertex X="97628" Y="49156" Z="0"/>
					<Vertex X="97491" Y="49430" Z="0"/>
					<Vertex X="96943" Y="49156" Z="0"/>
					<Vertex X="96943" Y="49430" Z="0"/>
					<Vertex X="96533" Y="49430" Z="0"/>
					<Vertex X="96259" Y="49430" Z="0"/>
					<Vertex X="95848" Y="49430" Z="0"/>
					<Vertex X="95437" Y="49430" Z="0"/>
					<Vertex X="95026" Y="49430" Z="0"/>
					<Vertex X="94753" Y="49430" Z="0"/>
					<Vertex X="94342" Y="49430" Z="0"/>
					<Vertex X="93931" Y="49156" Z="0"/>
					<Vertex X="93657" Y="49430" Z="0"/>
					<Vertex X="93246" Y="49156" Z="0"/>
					<Vertex X="93246" Y="49567" Z="0"/>
					<Vertex X="92699" Y="49293" Z="0"/>
					<Vertex X="92836" Y="49704" Z="0"/>
					<Vertex X="92562" Y="49704" Z="0"/>
					<Vertex X="92425" Y="49841" Z="0"/>
					<Vertex X="92151" Y="49841" Z="0"/>
					<Vertex X="91877" Y="49978" Z="0"/>
					<Vertex X="91329" Y="49841" Z="0"/>
					<Vertex X="91466" Y="50115" Z="0"/>
					<Vertex X="91329" Y="50389" Z="0"/>
					<Vertex X="91192" Y="50389" Z="0"/>
					<Vertex X="90919" Y="50526" Z="0"/>
					<Vertex X="90782" Y="50663" Z="0"/>
					<Vertex X="90371" Y="50389" Z="0"/>
					<Vertex X="90234" Y="50936" Z="0"/>
					<Vertex X="89960" Y="50936" Z="0"/>
					<Vertex X="89549" Y="50799" Z="0"/>
					<Vertex X="89549" Y="51073" Z="0"/>
					<Vertex X="89275" Y="51073" Z="0"/>
					<Vertex X="89139" Y="51073" Z="0"/>
					<Vertex X="88591" Y="50799" Z="0"/>
					<Vertex X="88591" Y="51073" Z="0"/>
					<Vertex X="88454" Y="51073" Z="0"/>
					<Vertex X="88180" Y="51073" Z="0"/>
					<Vertex X="87906" Y="50936" Z="0"/>
					<Vertex X="87632" Y="50936" Z="0"/>
					<Vertex X="87359" Y="50799" Z="0"/>
					<Vertex X="86948" Y="50663" Z="0"/>
					<Vertex X="86811" Y="50663" Z="0"/>
					<Vertex X="86674" Y="50526" Z="0"/>
					<Vertex X="86400" Y="50389" Z="0"/>
					<Vertex X="86263" Y="50389" Z="0"/>
					<Vertex X="85989" Y="50252" Z="0"/>
					<Vertex X="85852" Y="50115" Z="0"/>
					<Vertex X="85579" Y="49978" Z="0"/>
					<Vertex X="85168" Y="49704" Z="0"/>
					<Vertex X="85031" Y="49567" Z="0"/>
					<Vertex X="84894" Y="49430" Z="0"/>
					<Vertex X="84483" Y="48883" Z="0"/>
					<Vertex X="84346" Y="48746" Z="0"/>
					<Vertex X="84209" Y="48609" Z="0"/>
					<Vertex X="84209" Y="48335" Z="0"/>
					<Vertex X="84072" Y="48198" Z="0"/>
					<Vertex X="84072" Y="47787" Z="0"/>
					<Vertex X="84072" Y="47650" Z="0"/>
					<Vertex X="84072" Y="47376" Z="0"/>
					<Vertex X="84072" Y="47102" Z="0"/>
					<Vertex X="84072" Y="46829" Z="0"/>
					<Vertex X="84072" Y="46418" Z="0"/>
					<Vertex X="84072" Y="46144" Z="0"/>
					<Vertex X="84209" Y="45870" Z="0"/>
					<Vertex X="84209" Y="45596" Z="0"/>
					<Vertex X="84346" Y="45322" Z="0"/>
					<Vertex X="84072" Y="44912" Z="0"/>
					<Vertex X="84346" Y="44912" Z="0"/>
					<Vertex X="84483" Y="44775" Z="0"/>
					<Vertex X="84620" Y="44501" Z="0"/>
					<Vertex X="84620" Y="44364" Z="0"/>
					<Vertex X="84757" Y="44090" Z="0"/>
					<Vertex X="84894" Y="43816" Z="0"/>
					<Vertex X="84894" Y="43679" Z="0"/>
					<Vertex X="84894" Y="43542" Z="0"/>
					<Vertex X="84757" Y="43132" Z="0"/>
					<Vertex X="85031" Y="43269" Z="0"/>
					<Vertex X="85168" Y="43269" Z="0"/>
					<Vertex X="85168" Y="43132" Z="0"/>
					<Vertex X="85305" Y="42995" Z="0"/>
					<Vertex X="85305" Y="42858" Z="0"/>
					<Vertex X="85442" Y="42721" Z="0"/>
					<Vertex X="85579" Y="42584" Z="0"/>
					<Vertex X="85715" Y="42584" Z="0"/>
					<Vertex X="85852" Y="42447" Z="0"/>
					<Vertex X="85989" Y="42310" Z="0"/>
					<Vertex X="85715" Y="42036" Z="0"/>
					<Vertex X="86126" Y="42310" Z="0"/>
					<Vertex X="85852" Y="42036" Z="0"/>
					<Vertex X="86400" Y="42036" Z="0"/>
				</Vertices>
			</Region>
		</Regions>
		<Plots/>
	</Annotation>
</Annotations>
