<Annotations MicronsPerPixel="0.252700">
	<Annotation Id="1" Name="" ReadOnly="0" NameReadOnly="0" LineColorReadOnly="0" Incremental="0" Type="4" LineColor="65535" Visible="1" Selected="1" MarkupImagePath="" MacroName="">
		<Attributes/>
		<Regions>
			<RegionAttributeHeaders/>
			<Region Id="1" Type="0" Zoom="0.007872" Selected="1" ImageLocation="" ImageFocus="-1" Length="315154.2" Area="4042999466.0" LengthMicrons="79639.5" AreaMicrons="258174991.4" Text="" NegativeROA="0" InputRegionId="0" Analyze="1" DisplayId="1">
				<Attributes/>
				<Vertices>
					<Vertex X="10054" Y="10556" Z="0"/>
					<Vertex X="10054" Y="10431" Z="0"/>
					<Vertex X="10054" Y="10054" Z="0"/>
					<Vertex X="10808" Y="9425" Z="0"/>
					<Vertex X="10808" Y="8923" Z="0"/>
					<Vertex X="11185" Y="8420" Z="0"/>
					<Vertex X="12316" Y="7540" Z="0"/>
					<Vertex X="13321" Y="6661" Z="0"/>
					<Vertex X="14327" Y="5907" Z="0"/>
					<Vertex X="15332" Y="5278" Z="0"/>
					<Vertex X="16086" Y="4901" Z="0"/>
					<Vertex X="16840" Y="4650" Z="0"/>
					<Vertex X="17468" Y="4399" Z="0"/>
					<Vertex X="18097" Y="4273" Z="0"/>
					<Vertex X="18348" Y="4147" Z="0"/>
					<Vertex X="18976" Y="3770" Z="0"/>
					<Vertex X="19102" Y="3770" Z="0"/>
					<Vertex X="19856" Y="4022" Z="0"/>
					<Vertex X="20484" Y="3896" Z="0"/>
					<Vertex X="20987" Y="3896" Z="0"/>
					<Vertex X="21490" Y="3896" Z="0"/>
					<Vertex X="21992" Y="3896" Z="0"/>
					<Vertex X="22495" Y="3896" Z="0"/>
					<Vertex X="22621" Y="3645" Z="0"/>
					<Vertex X="23249" Y="4022" Z="0"/>
					<Vertex X="23501" Y="4022" Z="0"/>
					<Vertex X="24003" Y="4147" Z="0"/>
					<Vertex X="24255" Y="4273" Z="0"/>
					<Vertex X="24632" Y="4399" Z="0"/>
					<Vertex X="24883" Y="4273" Z="0"/>
					<Vertex X="25134" Y="4399" Z="0"/>
					<Vertex X="25888" Y="4776" Z="0"/>
					<Vertex X="26642" Y="5153" Z="0"/>
					<Vertex X="26768" Y="5027" Z="0"/>
					<Vertex X="27271" Y="5153" Z="0"/>
					<Vertex X="27522" Y="5278" Z="0"/>
					<Vertex X="28025" Y="5404" Z="0"/>
					<Vertex X="28653" Y="5655" Z="0"/>
					<Vertex X="28653" Y="5530" Z="0"/>
					<Vertex X="29533" Y="5907" Z="0"/>
					<Vertex X="29658" Y="5655" Z="0"/>
					<Vertex X="30287" Y="6032" Z="0"/>
					<Vertex X="30412" Y="6032" Z="0"/>
					<Vertex X="30538" Y="6032" Z="0"/>
					<Vertex X="31041" Y="5907" Z="0"/>
					<Vertex X="31292" Y="5907" Z="0"/>
					<Vertex X="31795" Y="6158" Z="0"/>
					<Vertex X="32298" Y="6284" Z="0"/>
					<Vertex X="32675" Y="6284" Z="0"/>
					<Vertex X="33052" Y="6284" Z="0"/>
					<Vertex X="33554" Y="6409" Z="0"/>
					<Vertex X="33931" Y="6409" Z="0"/>
					<Vertex X="34434" Y="6409" Z="0"/>
					<Vertex X="34685" Y="6284" Z="0"/>
					<Vertex X="35314" Y="6409" Z="0"/>
					<Vertex X="35942" Y="6661" Z="0"/>
					<Vertex X="36445" Y="6786" Z="0"/>
					<Vertex X="36822" Y="6535" Z="0"/>
					<Vertex X="37827" Y="6912" Z="0"/>
					<Vertex X="38204" Y="6912" Z="0"/>
					<Vertex X="39335" Y="7163" Z="0"/>
					<Vertex X="39712" Y="6912" Z="0"/>
					<Vertex X="40215" Y="7163" Z="0"/>
					<Vertex X="40969" Y="7038" Z="0"/>
					<Vertex X="41472" Y="7415" Z="0"/>
					<Vertex X="41597" Y="7163" Z="0"/>
					<Vertex X="42728" Y="7666" Z="0"/>
					<Vertex X="43231" Y="7917" Z="0"/>
					<Vertex X="43734" Y="8043" Z="0"/>
					<Vertex X="43985" Y="8169" Z="0"/>
					<Vertex X="44739" Y="8671" Z="0"/>
					<Vertex X="45116" Y="8671" Z="0"/>
					<Vertex X="45619" Y="8923" Z="0"/>
					<Vertex X="46121" Y="8923" Z="0"/>
					<Vertex X="46498" Y="8923" Z="0"/>
					<Vertex X="47378" Y="8923" Z="0"/>
					<Vertex X="48258" Y="9048" Z="0"/>
					<Vertex X="48760" Y="9174" Z="0"/>
					<Vertex X="49515" Y="9174" Z="0"/>
					<Vertex X="50143" Y="9174" Z="0"/>
					<Vertex X="50143" Y="9048" Z="0"/>
					<Vertex X="51274" Y="9300" Z="0"/>
					<Vertex X="51777" Y="9300" Z="0"/>
					<Vertex X="52154" Y="9300" Z="0"/>
					<Vertex X="52656" Y="9425" Z="0"/>
					<Vertex X="53159" Y="9425" Z="0"/>
					<Vertex X="53662" Y="9551" Z="0"/>
					<Vertex X="54039" Y="9551" Z="0"/>
					<Vertex X="54541" Y="9551" Z="0"/>
					<Vertex X="54918" Y="9551" Z="0"/>
					<Vertex X="55295" Y="9677" Z="0"/>
					<Vertex X="55421" Y="9425" Z="0"/>
					<Vertex X="55798" Y="9425" Z="0"/>
					<Vertex X="56049" Y="9425" Z="0"/>
					<Vertex X="56803" Y="9677" Z="0"/>
					<Vertex X="57055" Y="9551" Z="0"/>
					<Vertex X="57180" Y="9551" Z="0"/>
					<Vertex X="58186" Y="9802" Z="0"/>
					<Vertex X="58689" Y="9802" Z="0"/>
					<Vertex X="59066" Y="9802" Z="0"/>
					<Vertex X="59443" Y="9802" Z="0"/>
					<Vertex X="60197" Y="9802" Z="0"/>
					<Vertex X="60448" Y="9802" Z="0"/>
					<Vertex X="61202" Y="9677" Z="0"/>
					<Vertex X="61579" Y="9677" Z="0"/>
					<Vertex X="62082" Y="9425" Z="0"/>
					<Vertex X="62584" Y="9300" Z="0"/>
					<Vertex X="63087" Y="9174" Z="0"/>
					<Vertex X="63590" Y="9174" Z="0"/>
					<Vertex X="64092" Y="9174" Z="0"/>
					<Vertex X="64469" Y="8923" Z="0"/>
					<Vertex X="65223" Y="9174" Z="0"/>
					<Vertex X="65349" Y="9174" Z="0"/>
					<Vertex X="65852" Y="9174" Z="0"/>
					<Vertex X="66103" Y="9300" Z="0"/>
					<Vertex X="66103" Y="9048" Z="0"/>
					<Vertex X="66606" Y="9300" Z="0"/>
					<Vertex X="66731" Y="9300" Z="0"/>
					<Vertex X="66857" Y="9300" Z="0"/>
					<Vertex X="67234" Y="9551" Z="0"/>
					<Vertex X="67234" Y="9300" Z="0"/>
					<Vertex X="67737" Y="9300" Z="0"/>
					<Vertex X="68240" Y="9300" Z="0"/>
					<Vertex X="68742" Y="9300" Z="0"/>
					<Vertex X="69999" Y="9551" Z="0"/>
					<Vertex X="70627" Y="9300" Z="0"/>
					<Vertex X="71130" Y="9300" Z="0"/>
					<Vertex X="72638" Y="9677" Z="0"/>
					<Vertex X="73392" Y="9928" Z="0"/>
					<Vertex X="73895" Y="9928" Z="0"/>
					<Vertex X="74272" Y="10054" Z="0"/>
					<Vertex X="75403" Y="10682" Z="0"/>
					<Vertex X="75906" Y="10808" Z="0"/>
					<Vertex X="76534" Y="11185" Z="0"/>
					<Vertex X="77162" Y="11688" Z="0"/>
					<Vertex X="77916" Y="12190" Z="0"/>
					<Vertex X="78168" Y="12442" Z="0"/>
					<Vertex X="78670" Y="12693" Z="0"/>
					<Vertex X="79173" Y="12944" Z="0"/>
					<Vertex X="79676" Y="13196" Z="0"/>
					<Vertex X="80178" Y="13573" Z="0"/>
					<Vertex X="80807" Y="13950" Z="0"/>
					<Vertex X="81184" Y="14075" Z="0"/>
					<Vertex X="81938" Y="14201" Z="0"/>
					<Vertex X="82566" Y="14452" Z="0"/>
					<Vertex X="83194" Y="14704" Z="0"/>
					<Vertex X="83823" Y="14955" Z="0"/>
					<Vertex X="84577" Y="15206" Z="0"/>
					<Vertex X="84954" Y="15081" Z="0"/>
					<Vertex X="85959" Y="15583" Z="0"/>
					<Vertex X="86462" Y="15835" Z="0"/>
					<Vertex X="86965" Y="15709" Z="0"/>
					<Vertex X="87970" Y="16212" Z="0"/>
					<Vertex X="88598" Y="16337" Z="0"/>
					<Vertex X="88850" Y="16463" Z="0"/>
					<Vertex X="89604" Y="16714" Z="0"/>
					<Vertex X="90106" Y="16840" Z="0"/>
					<Vertex X="90735" Y="17091" Z="0"/>
					<Vertex X="91237" Y="17217" Z="0"/>
					<Vertex X="91363" Y="17091" Z="0"/>
					<Vertex X="91991" Y="17468" Z="0"/>
					<Vertex X="92117" Y="17343" Z="0"/>
					<Vertex X="92871" Y="17845" Z="0"/>
					<Vertex X="93248" Y="17845" Z="0"/>
					<Vertex X="93499" Y="17971" Z="0"/>
					<Vertex X="94002" Y="18097" Z="0"/>
					<Vertex X="94505" Y="18097" Z="0"/>
					<Vertex X="95259" Y="18222" Z="0"/>
					<Vertex X="95887" Y="18222" Z="0"/>
					<Vertex X="96516" Y="17971" Z="0"/>
					<Vertex X="97647" Y="18222" Z="0"/>
					<Vertex X="98526" Y="18222" Z="0"/>
					<Vertex X="98903" Y="17971" Z="0"/>
					<Vertex X="99532" Y="17971" Z="0"/>
					<Vertex X="100537" Y="18222" Z="0"/>
					<Vertex X="101165" Y="18222" Z="0"/>
					<Vertex X="101542" Y="17971" Z="0"/>
					<Vertex X="102422" Y="18222" Z="0"/>
					<Vertex X="102925" Y="18222" Z="0"/>
					<Vertex X="103302" Y="18222" Z="0"/>
					<Vertex X="103428" Y="17845" Z="0"/>
					<Vertex X="103553" Y="17845" Z="0"/>
					<Vertex X="103930" Y="17720" Z="0"/>
					<Vertex X="104056" Y="17594" Z="0"/>
					<Vertex X="104307" Y="17594" Z="0"/>
					<Vertex X="104559" Y="17468" Z="0"/>
					<Vertex X="105187" Y="17720" Z="0"/>
					<Vertex X="105564" Y="17720" Z="0"/>
					<Vertex X="105690" Y="17468" Z="0"/>
					<Vertex X="106444" Y="17720" Z="0"/>
					<Vertex X="106318" Y="17468" Z="0"/>
					<Vertex X="107072" Y="17720" Z="0"/>
					<Vertex X="107575" Y="17720" Z="0"/>
					<Vertex X="107952" Y="17971" Z="0"/>
					<Vertex X="108203" Y="18097" Z="0"/>
					<Vertex X="108454" Y="18222" Z="0"/>
					<Vertex X="108831" Y="18348" Z="0"/>
					<Vertex X="109083" Y="18474" Z="0"/>
					<Vertex X="109083" Y="18348" Z="0"/>
					<Vertex X="109585" Y="18851" Z="0"/>
					<Vertex X="109711" Y="18851" Z="0"/>
					<Vertex X="109962" Y="19228" Z="0"/>
					<Vertex X="109962" Y="19228" Z="0"/>
					<Vertex X="110088" Y="19353" Z="0"/>
					<Vertex X="110339" Y="19605" Z="0"/>
					<Vertex X="110716" Y="19856" Z="0"/>
					<Vertex X="111093" Y="19856" Z="0"/>
					<Vertex X="111471" Y="19982" Z="0"/>
					<Vertex X="111973" Y="20233" Z="0"/>
					<Vertex X="112476" Y="20359" Z="0"/>
					<Vertex X="113230" Y="20862" Z="0"/>
					<Vertex X="113984" Y="21239" Z="0"/>
					<Vertex X="114235" Y="21364" Z="0"/>
					<Vertex X="114738" Y="21616" Z="0"/>
					<Vertex X="115241" Y="21993" Z="0"/>
					<Vertex X="115618" Y="22244" Z="0"/>
					<Vertex X="115995" Y="22495" Z="0"/>
					<Vertex X="116120" Y="22495" Z="0"/>
					<Vertex X="116497" Y="22872" Z="0"/>
					<Vertex X="116874" Y="23249" Z="0"/>
					<Vertex X="117126" Y="23375" Z="0"/>
					<Vertex X="117126" Y="23249" Z="0"/>
					<Vertex X="117503" Y="23626" Z="0"/>
					<Vertex X="117880" Y="24129" Z="0"/>
					<Vertex X="118005" Y="24380" Z="0"/>
					<Vertex X="118005" Y="24506" Z="0"/>
					<Vertex X="117880" Y="24632" Z="0"/>
					<Vertex X="118131" Y="25009" Z="0"/>
					<Vertex X="118382" Y="25637" Z="0"/>
					<Vertex X="118131" Y="25763" Z="0"/>
					<Vertex X="118508" Y="26265" Z="0"/>
					<Vertex X="118257" Y="26391" Z="0"/>
					<Vertex X="118257" Y="26768" Z="0"/>
					<Vertex X="118257" Y="26894" Z="0"/>
					<Vertex X="118508" Y="27396" Z="0"/>
					<Vertex X="118508" Y="27648" Z="0"/>
					<Vertex X="118508" Y="27773" Z="0"/>
					<Vertex X="118508" Y="28025" Z="0"/>
					<Vertex X="118508" Y="28150" Z="0"/>
					<Vertex X="118508" Y="28402" Z="0"/>
					<Vertex X="118508" Y="28653" Z="0"/>
					<Vertex X="118382" Y="28779" Z="0"/>
					<Vertex X="118382" Y="29030" Z="0"/>
					<Vertex X="118005" Y="29282" Z="0"/>
					<Vertex X="117880" Y="29407" Z="0"/>
					<Vertex X="118131" Y="29910" Z="0"/>
					<Vertex X="118005" Y="30161" Z="0"/>
					<Vertex X="117754" Y="30036" Z="0"/>
					<Vertex X="117754" Y="30538" Z="0"/>
					<Vertex X="117628" Y="30790" Z="0"/>
					<Vertex X="117251" Y="30664" Z="0"/>
					<Vertex X="117251" Y="30790" Z="0"/>
					<Vertex X="117126" Y="30915" Z="0"/>
					<Vertex X="116749" Y="31544" Z="0"/>
					<Vertex X="116623" Y="31795" Z="0"/>
					<Vertex X="116372" Y="32800" Z="0"/>
					<Vertex X="116120" Y="33177" Z="0"/>
					<Vertex X="115743" Y="33931" Z="0"/>
					<Vertex X="115241" Y="34685" Z="0"/>
					<Vertex X="114864" Y="35439" Z="0"/>
					<Vertex X="114487" Y="35942" Z="0"/>
					<Vertex X="113984" Y="36445" Z="0"/>
					<Vertex X="113481" Y="36947" Z="0"/>
					<Vertex X="112727" Y="37324" Z="0"/>
					<Vertex X="112727" Y="37827" Z="0"/>
					<Vertex X="111848" Y="38707" Z="0"/>
					<Vertex X="111596" Y="39084" Z="0"/>
					<Vertex X="110968" Y="39712" Z="0"/>
					<Vertex X="110088" Y="40089" Z="0"/>
					<Vertex X="109585" Y="41095" Z="0"/>
					<Vertex X="108957" Y="41723" Z="0"/>
					<Vertex X="108454" Y="41849" Z="0"/>
					<Vertex X="107826" Y="42980" Z="0"/>
					<Vertex X="107700" Y="43105" Z="0"/>
					<Vertex X="106821" Y="43608" Z="0"/>
					<Vertex X="106318" Y="43985" Z="0"/>
					<Vertex X="106192" Y="44613" Z="0"/>
					<Vertex X="106067" Y="44865" Z="0"/>
					<Vertex X="105690" Y="45242" Z="0"/>
					<Vertex X="105438" Y="45619" Z="0"/>
					<Vertex X="105061" Y="46121" Z="0"/>
					<Vertex X="104433" Y="46373" Z="0"/>
					<Vertex X="103930" Y="47127" Z="0"/>
					<Vertex X="103930" Y="47755" Z="0"/>
					<Vertex X="102799" Y="48509" Z="0"/>
					<Vertex X="102674" Y="49263" Z="0"/>
					<Vertex X="102171" Y="49263" Z="0"/>
					<Vertex X="101794" Y="50394" Z="0"/>
					<Vertex X="101291" Y="51023" Z="0"/>
					<Vertex X="100663" Y="51651" Z="0"/>
					<Vertex X="100286" Y="52154" Z="0"/>
					<Vertex X="99783" Y="52531" Z="0"/>
					<Vertex X="99280" Y="53033" Z="0"/>
					<Vertex X="98903" Y="53285" Z="0"/>
					<Vertex X="98652" Y="53536" Z="0"/>
					<Vertex X="98275" Y="53787" Z="0"/>
					<Vertex X="98024" Y="54039" Z="0"/>
					<Vertex X="97772" Y="54164" Z="0"/>
					<Vertex X="97270" Y="54039" Z="0"/>
					<Vertex X="97018" Y="54039" Z="0"/>
					<Vertex X="96767" Y="54416" Z="0"/>
					<Vertex X="96013" Y="54416" Z="0"/>
					<Vertex X="95762" Y="54918" Z="0"/>
					<Vertex X="94756" Y="55170" Z="0"/>
					<Vertex X="94756" Y="55547" Z="0"/>
					<Vertex X="93751" Y="55924" Z="0"/>
					<Vertex X="93499" Y="56050" Z="0"/>
					<Vertex X="92997" Y="56175" Z="0"/>
					<Vertex X="92494" Y="56301" Z="0"/>
					<Vertex X="92117" Y="56427" Z="0"/>
					<Vertex X="91740" Y="56427" Z="0"/>
					<Vertex X="91363" Y="56427" Z="0"/>
					<Vertex X="91112" Y="56175" Z="0"/>
					<Vertex X="84954" Y="57935" Z="0"/>
					<Vertex X="84703" Y="58312" Z="0"/>
					<Vertex X="83823" Y="58312" Z="0"/>
					<Vertex X="83320" Y="58689" Z="0"/>
					<Vertex X="82943" Y="58814" Z="0"/>
					<Vertex X="82315" Y="59066" Z="0"/>
					<Vertex X="81812" Y="58814" Z="0"/>
					<Vertex X="81184" Y="59066" Z="0"/>
					<Vertex X="80430" Y="59191" Z="0"/>
					<Vertex X="80430" Y="59568" Z="0"/>
					<Vertex X="79676" Y="59443" Z="0"/>
					<Vertex X="79550" Y="59820" Z="0"/>
					<Vertex X="78670" Y="59820" Z="0"/>
					<Vertex X="78419" Y="60322" Z="0"/>
					<Vertex X="77916" Y="60448" Z="0"/>
					<Vertex X="77288" Y="60699" Z="0"/>
					<Vertex X="76785" Y="60825" Z="0"/>
					<Vertex X="76031" Y="60825" Z="0"/>
					<Vertex X="75654" Y="60825" Z="0"/>
					<Vertex X="75403" Y="61328" Z="0"/>
					<Vertex X="74649" Y="61453" Z="0"/>
					<Vertex X="73895" Y="61328" Z="0"/>
					<Vertex X="73643" Y="61705" Z="0"/>
					<Vertex X="73015" Y="61830" Z="0"/>
					<Vertex X="72512" Y="61956" Z="0"/>
					<Vertex X="71758" Y="61705" Z="0"/>
					<Vertex X="71256" Y="61705" Z="0"/>
					<Vertex X="70627" Y="61705" Z="0"/>
					<Vertex X="70753" Y="61956" Z="0"/>
					<Vertex X="70376" Y="61956" Z="0"/>
					<Vertex X="69999" Y="61956" Z="0"/>
					<Vertex X="69622" Y="61830" Z="0"/>
					<Vertex X="68994" Y="61453" Z="0"/>
					<Vertex X="68742" Y="61328" Z="0"/>
					<Vertex X="68365" Y="61076" Z="0"/>
					<Vertex X="68114" Y="60825" Z="0"/>
					<Vertex X="67988" Y="60574" Z="0"/>
					<Vertex X="67863" Y="60448" Z="0"/>
					<Vertex X="67611" Y="60197" Z="0"/>
					<Vertex X="67486" Y="59945" Z="0"/>
					<Vertex X="67234" Y="59694" Z="0"/>
					<Vertex X="67109" Y="59443" Z="0"/>
					<Vertex X="66983" Y="59191" Z="0"/>
					<Vertex X="66857" Y="58940" Z="0"/>
					<Vertex X="66354" Y="58312" Z="0"/>
					<Vertex X="66480" Y="58186" Z="0"/>
					<Vertex X="66480" Y="58060" Z="0"/>
					<Vertex X="66354" Y="57683" Z="0"/>
					<Vertex X="65977" Y="57055" Z="0"/>
					<Vertex X="66229" Y="57055" Z="0"/>
					<Vertex X="66103" Y="56678" Z="0"/>
					<Vertex X="65852" Y="56175" Z="0"/>
					<Vertex X="66103" Y="55798" Z="0"/>
					<Vertex X="66103" Y="55421" Z="0"/>
					<Vertex X="65852" Y="54793" Z="0"/>
					<Vertex X="66103" Y="54541" Z="0"/>
					<Vertex X="66103" Y="54039" Z="0"/>
					<Vertex X="65852" Y="53536" Z="0"/>
					<Vertex X="66103" Y="52908" Z="0"/>
					<Vertex X="66103" Y="52279" Z="0"/>
					<Vertex X="65852" Y="51400" Z="0"/>
					<Vertex X="65977" Y="51023" Z="0"/>
					<Vertex X="65852" Y="50520" Z="0"/>
					<Vertex X="65852" Y="50143" Z="0"/>
					<Vertex X="65726" Y="49892" Z="0"/>
					<Vertex X="65600" Y="49640" Z="0"/>
					<Vertex X="65349" Y="49389" Z="0"/>
					<Vertex X="65223" Y="49389" Z="0"/>
					<Vertex X="65098" Y="49263" Z="0"/>
					<Vertex X="64721" Y="49012" Z="0"/>
					<Vertex X="64595" Y="48886" Z="0"/>
					<Vertex X="64218" Y="48761" Z="0"/>
					<Vertex X="64092" Y="48635" Z="0"/>
					<Vertex X="63590" Y="48258" Z="0"/>
					<Vertex X="63338" Y="48258" Z="0"/>
					<Vertex X="63338" Y="48132" Z="0"/>
					<Vertex X="63087" Y="48132" Z="0"/>
					<Vertex X="62961" Y="48007" Z="0"/>
					<Vertex X="62961" Y="48258" Z="0"/>
					<Vertex X="62710" Y="48132" Z="0"/>
					<Vertex X="62333" Y="48132" Z="0"/>
					<Vertex X="62207" Y="48132" Z="0"/>
					<Vertex X="61579" Y="48132" Z="0"/>
					<Vertex X="61328" Y="48132" Z="0"/>
					<Vertex X="60951" Y="48132" Z="0"/>
					<Vertex X="60699" Y="48132" Z="0"/>
					<Vertex X="60448" Y="48132" Z="0"/>
					<Vertex X="60197" Y="48258" Z="0"/>
					<Vertex X="60071" Y="48258" Z="0"/>
					<Vertex X="59820" Y="48384" Z="0"/>
					<Vertex X="59568" Y="48509" Z="0"/>
					<Vertex X="59191" Y="48384" Z="0"/>
					<Vertex X="59317" Y="48761" Z="0"/>
					<Vertex X="59191" Y="48761" Z="0"/>
					<Vertex X="58814" Y="48635" Z="0"/>
					<Vertex X="58940" Y="49012" Z="0"/>
					<Vertex X="58814" Y="49012" Z="0"/>
					<Vertex X="58689" Y="49263" Z="0"/>
					<Vertex X="58312" Y="49640" Z="0"/>
					<Vertex X="57935" Y="49640" Z="0"/>
					<Vertex X="57809" Y="50394" Z="0"/>
					<Vertex X="57306" Y="50520" Z="0"/>
					<Vertex X="57306" Y="51023" Z="0"/>
					<Vertex X="57055" Y="51525" Z="0"/>
					<Vertex X="56803" Y="51902" Z="0"/>
					<Vertex X="56552" Y="52279" Z="0"/>
					<Vertex X="56301" Y="52656" Z="0"/>
					<Vertex X="56301" Y="52782" Z="0"/>
					<Vertex X="56049" Y="53159" Z="0"/>
					<Vertex X="55924" Y="53285" Z="0"/>
					<Vertex X="55547" Y="53159" Z="0"/>
					<Vertex X="55672" Y="53536" Z="0"/>
					<Vertex X="55672" Y="53662" Z="0"/>
					<Vertex X="55295" Y="53536" Z="0"/>
					<Vertex X="55295" Y="54039" Z="0"/>
					<Vertex X="55295" Y="54164" Z="0"/>
					<Vertex X="54918" Y="54039" Z="0"/>
					<Vertex X="55044" Y="54290" Z="0"/>
					<Vertex X="54793" Y="54164" Z="0"/>
					<Vertex X="54918" Y="54416" Z="0"/>
					<Vertex X="54541" Y="54290" Z="0"/>
					<Vertex X="54667" Y="54541" Z="0"/>
					<Vertex X="54667" Y="54667" Z="0"/>
					<Vertex X="54164" Y="54541" Z="0"/>
					<Vertex X="54290" Y="54918" Z="0"/>
					<Vertex X="54039" Y="55044" Z="0"/>
					<Vertex X="53913" Y="55170" Z="0"/>
					<Vertex X="53662" Y="55295" Z="0"/>
					<Vertex X="53285" Y="55044" Z="0"/>
					<Vertex X="53159" Y="55170" Z="0"/>
					<Vertex X="53033" Y="55170" Z="0"/>
					<Vertex X="53285" Y="55547" Z="0"/>
					<Vertex X="53159" Y="55547" Z="0"/>
					<Vertex X="53033" Y="55547" Z="0"/>
					<Vertex X="52908" Y="55547" Z="0"/>
					<Vertex X="52782" Y="55547" Z="0"/>
					<Vertex X="52656" Y="55547" Z="0"/>
					<Vertex X="52531" Y="55421" Z="0"/>
					<Vertex X="52154" Y="55295" Z="0"/>
					<Vertex X="52154" Y="55295" Z="0"/>
					<Vertex X="52028" Y="55295" Z="0"/>
					<Vertex X="51651" Y="55421" Z="0"/>
					<Vertex X="51148" Y="55295" Z="0"/>
					<Vertex X="50897" Y="55798" Z="0"/>
					<Vertex X="50143" Y="55672" Z="0"/>
					<Vertex X="49515" Y="55672" Z="0"/>
					<Vertex X="49263" Y="56050" Z="0"/>
					<Vertex X="48383" Y="55924" Z="0"/>
					<Vertex X="48132" Y="55924" Z="0"/>
					<Vertex X="47504" Y="55924" Z="0"/>
					<Vertex X="47252" Y="56175" Z="0"/>
					<Vertex X="46624" Y="56175" Z="0"/>
					<Vertex X="46247" Y="56175" Z="0"/>
					<Vertex X="45619" Y="56175" Z="0"/>
					<Vertex X="45116" Y="56175" Z="0"/>
					<Vertex X="44613" Y="55924" Z="0"/>
					<Vertex X="43985" Y="56050" Z="0"/>
					<Vertex X="43734" Y="56050" Z="0"/>
					<Vertex X="42980" Y="55798" Z="0"/>
					<Vertex X="42477" Y="55924" Z="0"/>
					<Vertex X="41974" Y="55798" Z="0"/>
					<Vertex X="41723" Y="55672" Z="0"/>
					<Vertex X="41220" Y="55547" Z="0"/>
					<Vertex X="40466" Y="55295" Z="0"/>
					<Vertex X="39963" Y="54918" Z="0"/>
					<Vertex X="39084" Y="54290" Z="0"/>
					<Vertex X="38455" Y="53787" Z="0"/>
					<Vertex X="38330" Y="53787" Z="0"/>
					<Vertex X="37450" Y="52782" Z="0"/>
					<Vertex X="36696" Y="52028" Z="0"/>
					<Vertex X="36319" Y="51651" Z="0"/>
					<Vertex X="35691" Y="50897" Z="0"/>
					<Vertex X="35188" Y="50269" Z="0"/>
					<Vertex X="34434" Y="49389" Z="0"/>
					<Vertex X="34183" Y="49263" Z="0"/>
					<Vertex X="33680" Y="48761" Z="0"/>
					<Vertex X="32926" Y="48258" Z="0"/>
					<Vertex X="32800" Y="48258" Z="0"/>
					<Vertex X="32298" Y="47755" Z="0"/>
					<Vertex X="32172" Y="47881" Z="0"/>
					<Vertex X="31544" Y="47504" Z="0"/>
					<Vertex X="31041" Y="47253" Z="0"/>
					<Vertex X="30664" Y="47001" Z="0"/>
					<Vertex X="30412" Y="47001" Z="0"/>
					<Vertex X="30161" Y="46876" Z="0"/>
					<Vertex X="30035" Y="46750" Z="0"/>
					<Vertex X="29407" Y="46247" Z="0"/>
					<Vertex X="28904" Y="45619" Z="0"/>
					<Vertex X="28904" Y="45493" Z="0"/>
					<Vertex X="28527" Y="44990" Z="0"/>
					<Vertex X="28276" Y="44236" Z="0"/>
					<Vertex X="28150" Y="43608" Z="0"/>
					<Vertex X="27773" Y="43105" Z="0"/>
					<Vertex X="27522" Y="42100" Z="0"/>
					<Vertex X="27648" Y="42100" Z="0"/>
					<Vertex X="27271" Y="41346" Z="0"/>
					<Vertex X="27145" Y="40592" Z="0"/>
					<Vertex X="27019" Y="40089" Z="0"/>
					<Vertex X="27145" Y="39838" Z="0"/>
					<Vertex X="26768" Y="38958" Z="0"/>
					<Vertex X="26894" Y="38581" Z="0"/>
					<Vertex X="26894" Y="38079" Z="0"/>
					<Vertex X="26894" Y="37324" Z="0"/>
					<Vertex X="26894" Y="36947" Z="0"/>
					<Vertex X="26642" Y="36319" Z="0"/>
					<Vertex X="26517" Y="35942" Z="0"/>
					<Vertex X="26768" Y="35691" Z="0"/>
					<Vertex X="26517" Y="35188" Z="0"/>
					<Vertex X="26391" Y="34937" Z="0"/>
					<Vertex X="26391" Y="34685" Z="0"/>
					<Vertex X="26391" Y="34434" Z="0"/>
					<Vertex X="26517" Y="34434" Z="0"/>
					<Vertex X="26265" Y="33931" Z="0"/>
					<Vertex X="26265" Y="33680" Z="0"/>
					<Vertex X="26265" Y="33429" Z="0"/>
					<Vertex X="26265" Y="33052" Z="0"/>
					<Vertex X="26517" Y="32926" Z="0"/>
					<Vertex X="26517" Y="32675" Z="0"/>
					<Vertex X="26265" Y="32423" Z="0"/>
					<Vertex X="26014" Y="32298" Z="0"/>
					<Vertex X="25888" Y="32172" Z="0"/>
					<Vertex X="25637" Y="32046" Z="0"/>
					<Vertex X="25511" Y="32046" Z="0"/>
					<Vertex X="25134" Y="32046" Z="0"/>
					<Vertex X="24757" Y="32046" Z="0"/>
					<Vertex X="24380" Y="31795" Z="0"/>
					<Vertex X="24129" Y="32046" Z="0"/>
					<Vertex X="23626" Y="32046" Z="0"/>
					<Vertex X="22872" Y="31795" Z="0"/>
					<Vertex X="22621" Y="31795" Z="0"/>
					<Vertex X="22370" Y="32046" Z="0"/>
					<Vertex X="22244" Y="32046" Z="0"/>
					<Vertex X="21741" Y="32046" Z="0"/>
					<Vertex X="21364" Y="31795" Z="0"/>
					<Vertex X="21113" Y="31795" Z="0"/>
					<Vertex X="21113" Y="32172" Z="0"/>
					<Vertex X="20861" Y="32172" Z="0"/>
					<Vertex X="20359" Y="31921" Z="0"/>
					<Vertex X="20107" Y="32046" Z="0"/>
					<Vertex X="20107" Y="32298" Z="0"/>
					<Vertex X="19856" Y="32423" Z="0"/>
					<Vertex X="19730" Y="32549" Z="0"/>
					<Vertex X="19228" Y="32298" Z="0"/>
					<Vertex X="19353" Y="32549" Z="0"/>
					<Vertex X="18851" Y="32298" Z="0"/>
					<Vertex X="18851" Y="32675" Z="0"/>
					<Vertex X="18474" Y="32675" Z="0"/>
					<Vertex X="18097" Y="32549" Z="0"/>
					<Vertex X="17845" Y="32800" Z="0"/>
					<Vertex X="17343" Y="32549" Z="0"/>
					<Vertex X="16966" Y="32549" Z="0"/>
					<Vertex X="16966" Y="32800" Z="0"/>
					<Vertex X="16463" Y="32675" Z="0"/>
					<Vertex X="16086" Y="32675" Z="0"/>
					<Vertex X="15583" Y="32298" Z="0"/>
					<Vertex X="15332" Y="32172" Z="0"/>
					<Vertex X="14955" Y="32046" Z="0"/>
					<Vertex X="14829" Y="31921" Z="0"/>
					<Vertex X="14704" Y="31795" Z="0"/>
					<Vertex X="14452" Y="31544" Z="0"/>
					<Vertex X="14075" Y="30915" Z="0"/>
					<Vertex X="13698" Y="30287" Z="0"/>
					<Vertex X="13698" Y="30161" Z="0"/>
					<Vertex X="13195" Y="29533" Z="0"/>
					<Vertex X="13321" Y="29407" Z="0"/>
					<Vertex X="12693" Y="28653" Z="0"/>
					<Vertex X="12441" Y="28402" Z="0"/>
					<Vertex X="12190" Y="28150" Z="0"/>
					<Vertex X="12064" Y="28025" Z="0"/>
					<Vertex X="11310" Y="27396" Z="0"/>
					<Vertex X="10933" Y="27145" Z="0"/>
					<Vertex X="10682" Y="26894" Z="0"/>
					<Vertex X="10556" Y="26768" Z="0"/>
					<Vertex X="10305" Y="26391" Z="0"/>
					<Vertex X="10179" Y="26265" Z="0"/>
					<Vertex X="10054" Y="26140" Z="0"/>
					<Vertex X="9928" Y="25888" Z="0"/>
					<Vertex X="9928" Y="25763" Z="0"/>
					<Vertex X="9928" Y="25637" Z="0"/>
					<Vertex X="9928" Y="25511" Z="0"/>
					<Vertex X="9928" Y="25386" Z="0"/>
					<Vertex X="9677" Y="25009" Z="0"/>
					<Vertex X="10054" Y="24883" Z="0"/>
					<Vertex X="10054" Y="24757" Z="0"/>
					<Vertex X="10054" Y="24506" Z="0"/>
					<Vertex X="9802" Y="24003" Z="0"/>
					<Vertex X="10054" Y="23878" Z="0"/>
					<Vertex X="9802" Y="23501" Z="0"/>
					<Vertex X="10054" Y="22872" Z="0"/>
					<Vertex X="9802" Y="22621" Z="0"/>
					<Vertex X="10179" Y="21993" Z="0"/>
					<Vertex X="10179" Y="21490" Z="0"/>
					<Vertex X="10305" Y="20987" Z="0"/>
					<Vertex X="10305" Y="20485" Z="0"/>
					<Vertex X="10305" Y="20107" Z="0"/>
					<Vertex X="10431" Y="19730" Z="0"/>
					<Vertex X="10431" Y="19353" Z="0"/>
					<Vertex X="10431" Y="19228" Z="0"/>
					<Vertex X="10305" Y="18851" Z="0"/>
					<Vertex X="10305" Y="18474" Z="0"/>
					<Vertex X="10431" Y="18222" Z="0"/>
					<Vertex X="10808" Y="18222" Z="0"/>
					<Vertex X="10933" Y="18097" Z="0"/>
					<Vertex X="11059" Y="17720" Z="0"/>
					<Vertex X="11185" Y="17468" Z="0"/>
					<Vertex X="11310" Y="17217" Z="0"/>
					<Vertex X="11436" Y="16966" Z="0"/>
					<Vertex X="11185" Y="16589" Z="0"/>
					<Vertex X="11562" Y="16337" Z="0"/>
					<Vertex X="11687" Y="16086" Z="0"/>
					<Vertex X="11436" Y="15583" Z="0"/>
					<Vertex X="11687" Y="15583" Z="0"/>
					<Vertex X="11687" Y="15332" Z="0"/>
					<Vertex X="11687" Y="15206" Z="0"/>
					<Vertex X="11687" Y="14955" Z="0"/>
					<Vertex X="11687" Y="14829" Z="0"/>
					<Vertex X="11436" Y="14327" Z="0"/>
					<Vertex X="11687" Y="14327" Z="0"/>
					<Vertex X="11687" Y="14201" Z="0"/>
					<Vertex X="11436" Y="13824" Z="0"/>
					<Vertex X="11310" Y="13698" Z="0"/>
					<Vertex X="11310" Y="13573" Z="0"/>
					<Vertex X="11185" Y="13447" Z="0"/>
					<Vertex X="11059" Y="13321" Z="0"/>
					<Vertex X="11059" Y="13196" Z="0"/>
					<Vertex X="10682" Y="12819" Z="0"/>
					<Vertex X="10682" Y="12693" Z="0"/>
					<Vertex X="10556" Y="12567" Z="0"/>
					<Vertex X="10431" Y="12442" Z="0"/>
					<Vertex X="10305" Y="12316" Z="0"/>
					<Vertex X="10305" Y="12190" Z="0"/>
					<Vertex X="10179" Y="12065" Z="0"/>
					<Vertex X="10179" Y="11939" Z="0"/>
					<Vertex X="10179" Y="11813" Z="0"/>
					<Vertex X="10054" Y="11813" Z="0"/>
					<Vertex X="10054" Y="11688" Z="0"/>
					<Vertex X="10054" Y="11562" Z="0"/>
					<Vertex X="9802" Y="11311" Z="0"/>
					<Vertex X="10054" Y="11436" Z="0"/>
					<Vertex X="10054" Y="11436" Z="0"/>
					<Vertex X="9802" Y="11185" Z="0"/>
					<Vertex X="9802" Y="11185" Z="0"/>
					<Vertex X="10054" Y="10556" Z="0"/>
				</Vertices>
			</Region>
		</Regions>
		<Plots/>
	</Annotation>
</Annotations>
