<Annotations MicronsPerPixel="0.252700">
	<Annotation Id="1" Name="" ReadOnly="0" NameReadOnly="0" LineColorReadOnly="0" Incremental="0" Type="4" LineColor="65280" Visible="1" Selected="1" MarkupImagePath="" MacroName="">
		<Attributes/>
		<Regions>
			<RegionAttributeHeaders/>
			<Region Id="1" Type="0" Zoom="0.006279" Selected="0" ImageLocation="" ImageFocus="-1" Length="121759.8" Area="750114445.5" LengthMicrons="30768.7" AreaMicrons="47900276.1" Text="" NegativeROA="0" InputRegionId="0" Analyze="1" DisplayId="1">
				<Attributes/>
				<Vertices>
					<Vertex X="21901" Y="23634" Z="0"/>
					<Vertex X="22059" Y="23634" Z="0"/>
					<Vertex X="23004" Y="23634" Z="0"/>
					<Vertex X="23634" Y="23634" Z="0"/>
					<Vertex X="23949" Y="23319" Z="0"/>
					<Vertex X="24579" Y="23319" Z="0"/>
					<Vertex X="25525" Y="23634" Z="0"/>
					<Vertex X="25997" Y="23477" Z="0"/>
					<Vertex X="26313" Y="23319" Z="0"/>
					<Vertex X="26313" Y="22846" Z="0"/>
					<Vertex X="26628" Y="22689" Z="0"/>
					<Vertex X="27258" Y="22846" Z="0"/>
					<Vertex X="27573" Y="22531" Z="0"/>
					<Vertex X="28046" Y="22216" Z="0"/>
					<Vertex X="28203" Y="22216" Z="0"/>
					<Vertex X="28518" Y="22059" Z="0"/>
					<Vertex X="28676" Y="21901" Z="0"/>
					<Vertex X="28518" Y="21428" Z="0"/>
					<Vertex X="29149" Y="21586" Z="0"/>
					<Vertex X="29306" Y="21428" Z="0"/>
					<Vertex X="29149" Y="20956" Z="0"/>
					<Vertex X="29621" Y="21113" Z="0"/>
					<Vertex X="29464" Y="20798" Z="0"/>
					<Vertex X="29621" Y="20483" Z="0"/>
					<Vertex X="30094" Y="20798" Z="0"/>
					<Vertex X="30252" Y="20483" Z="0"/>
					<Vertex X="30409" Y="20325" Z="0"/>
					<Vertex X="30567" Y="20168" Z="0"/>
					<Vertex X="30724" Y="19853" Z="0"/>
					<Vertex X="31039" Y="19538" Z="0"/>
					<Vertex X="30882" Y="18907" Z="0"/>
					<Vertex X="31354" Y="19223" Z="0"/>
					<Vertex X="31512" Y="18907" Z="0"/>
					<Vertex X="31670" Y="18750" Z="0"/>
					<Vertex X="31670" Y="18592" Z="0"/>
					<Vertex X="31827" Y="18435" Z="0"/>
					<Vertex X="31985" Y="18277" Z="0"/>
					<Vertex X="32142" Y="18120" Z="0"/>
					<Vertex X="32300" Y="17962" Z="0"/>
					<Vertex X="32142" Y="17489" Z="0"/>
					<Vertex X="32615" Y="17805" Z="0"/>
					<Vertex X="32772" Y="17647" Z="0"/>
					<Vertex X="32930" Y="17489" Z="0"/>
					<Vertex X="33088" Y="17489" Z="0"/>
					<Vertex X="33088" Y="17017" Z="0"/>
					<Vertex X="33560" Y="17174" Z="0"/>
					<Vertex X="33403" Y="16859" Z="0"/>
					<Vertex X="33875" Y="17174" Z="0"/>
					<Vertex X="33875" Y="16702" Z="0"/>
					<Vertex X="34348" Y="17017" Z="0"/>
					<Vertex X="34663" Y="16859" Z="0"/>
					<Vertex X="35136" Y="16702" Z="0"/>
					<Vertex X="35293" Y="16386" Z="0"/>
					<Vertex X="35766" Y="16702" Z="0"/>
					<Vertex X="36239" Y="16544" Z="0"/>
					<Vertex X="36869" Y="16544" Z="0"/>
					<Vertex X="37184" Y="16544" Z="0"/>
					<Vertex X="37184" Y="16229" Z="0"/>
					<Vertex X="37814" Y="16229" Z="0"/>
					<Vertex X="37972" Y="16229" Z="0"/>
					<Vertex X="38917" Y="16544" Z="0"/>
					<Vertex X="39548" Y="16386" Z="0"/>
					<Vertex X="40020" Y="16544" Z="0"/>
					<Vertex X="40650" Y="16702" Z="0"/>
					<Vertex X="41753" Y="17174" Z="0"/>
					<Vertex X="42226" Y="17332" Z="0"/>
					<Vertex X="42699" Y="17489" Z="0"/>
					<Vertex X="42856" Y="17647" Z="0"/>
					<Vertex X="43329" Y="17805" Z="0"/>
					<Vertex X="43486" Y="17647" Z="0"/>
					<Vertex X="44274" Y="18120" Z="0"/>
					<Vertex X="44747" Y="18435" Z="0"/>
					<Vertex X="44904" Y="18592" Z="0"/>
					<Vertex X="45535" Y="19065" Z="0"/>
					<Vertex X="45692" Y="19065" Z="0"/>
					<Vertex X="46007" Y="19380" Z="0"/>
					<Vertex X="46165" Y="19538" Z="0"/>
					<Vertex X="46323" Y="19695" Z="0"/>
					<Vertex X="47110" Y="20325" Z="0"/>
					<Vertex X="47268" Y="20483" Z="0"/>
					<Vertex X="47268" Y="20956" Z="0"/>
					<Vertex X="47898" Y="21901" Z="0"/>
					<Vertex X="47898" Y="22374" Z="0"/>
					<Vertex X="48686" Y="23477" Z="0"/>
					<Vertex X="49001" Y="24264" Z="0"/>
					<Vertex X="49474" Y="25052" Z="0"/>
					<Vertex X="50104" Y="25840" Z="0"/>
					<Vertex X="50577" Y="26470" Z="0"/>
					<Vertex X="50892" Y="27100" Z="0"/>
					<Vertex X="51364" Y="27731" Z="0"/>
					<Vertex X="51522" Y="28046" Z="0"/>
					<Vertex X="51522" Y="28203" Z="0"/>
					<Vertex X="51995" Y="28834" Z="0"/>
					<Vertex X="52152" Y="28991" Z="0"/>
					<Vertex X="52625" Y="29464" Z="0"/>
					<Vertex X="52940" Y="29779" Z="0"/>
					<Vertex X="53098" Y="29937" Z="0"/>
					<Vertex X="53413" Y="30094" Z="0"/>
					<Vertex X="53413" Y="30094" Z="0"/>
					<Vertex X="54043" Y="30882" Z="0"/>
					<Vertex X="54200" Y="31039" Z="0"/>
					<Vertex X="54358" Y="31512" Z="0"/>
					<Vertex X="54358" Y="31827" Z="0"/>
					<Vertex X="54516" Y="31985" Z="0"/>
					<Vertex X="54673" Y="32615" Z="0"/>
					<Vertex X="54673" Y="32773" Z="0"/>
					<Vertex X="54358" Y="32773" Z="0"/>
					<Vertex X="54831" Y="33403" Z="0"/>
					<Vertex X="54831" Y="33718" Z="0"/>
					<Vertex X="54831" Y="34033" Z="0"/>
					<Vertex X="54831" Y="34348" Z="0"/>
					<Vertex X="54988" Y="34663" Z="0"/>
					<Vertex X="54673" Y="34663" Z="0"/>
					<Vertex X="54673" Y="34978" Z="0"/>
					<Vertex X="54988" Y="35609" Z="0"/>
					<Vertex X="54673" Y="35609" Z="0"/>
					<Vertex X="54988" Y="36081" Z="0"/>
					<Vertex X="54988" Y="36239" Z="0"/>
					<Vertex X="54988" Y="36396" Z="0"/>
					<Vertex X="54988" Y="36554" Z="0"/>
					<Vertex X="54673" Y="36554" Z="0"/>
					<Vertex X="54988" Y="37027" Z="0"/>
					<Vertex X="54831" Y="37027" Z="0"/>
					<Vertex X="55146" Y="37499" Z="0"/>
					<Vertex X="55146" Y="37814" Z="0"/>
					<Vertex X="54988" Y="38130" Z="0"/>
					<Vertex X="55303" Y="38917" Z="0"/>
					<Vertex X="55303" Y="39548" Z="0"/>
					<Vertex X="54988" Y="39705" Z="0"/>
					<Vertex X="55303" Y="40178" Z="0"/>
					<Vertex X="55303" Y="40650" Z="0"/>
					<Vertex X="54988" Y="40650" Z="0"/>
					<Vertex X="55303" Y="41123" Z="0"/>
					<Vertex X="55303" Y="41438" Z="0"/>
					<Vertex X="54673" Y="41596" Z="0"/>
					<Vertex X="54358" Y="42226" Z="0"/>
					<Vertex X="54200" Y="43487" Z="0"/>
					<Vertex X="53885" Y="43959" Z="0"/>
					<Vertex X="53098" Y="44432" Z="0"/>
					<Vertex X="53255" Y="44905" Z="0"/>
					<Vertex X="52940" Y="45377" Z="0"/>
					<Vertex X="52152" Y="45535" Z="0"/>
					<Vertex X="52310" Y="46165" Z="0"/>
					<Vertex X="52152" Y="46323" Z="0"/>
					<Vertex X="51837" Y="46638" Z="0"/>
					<Vertex X="51680" Y="46795" Z="0"/>
					<Vertex X="51522" Y="46953" Z="0"/>
					<Vertex X="51364" Y="47110" Z="0"/>
					<Vertex X="51207" Y="47268" Z="0"/>
					<Vertex X="50892" Y="47268" Z="0"/>
					<Vertex X="50577" Y="46953" Z="0"/>
					<Vertex X="50419" Y="47110" Z="0"/>
					<Vertex X="50577" Y="47425" Z="0"/>
					<Vertex X="50419" Y="47425" Z="0"/>
					<Vertex X="50104" Y="47583" Z="0"/>
					<Vertex X="49789" Y="47583" Z="0"/>
					<Vertex X="49474" Y="47583" Z="0"/>
					<Vertex X="49159" Y="47583" Z="0"/>
					<Vertex X="48843" Y="47583" Z="0"/>
					<Vertex X="48528" Y="47583" Z="0"/>
					<Vertex X="48371" Y="47583" Z="0"/>
					<Vertex X="48056" Y="47583" Z="0"/>
					<Vertex X="47741" Y="47583" Z="0"/>
					<Vertex X="47425" Y="47583" Z="0"/>
					<Vertex X="47110" Y="47583" Z="0"/>
					<Vertex X="46323" Y="47268" Z="0"/>
					<Vertex X="46165" Y="47583" Z="0"/>
					<Vertex X="45692" Y="47425" Z="0"/>
					<Vertex X="45377" Y="47425" Z="0"/>
					<Vertex X="44432" Y="47110" Z="0"/>
					<Vertex X="44117" Y="47425" Z="0"/>
					<Vertex X="43644" Y="47425" Z="0"/>
					<Vertex X="43014" Y="47110" Z="0"/>
					<Vertex X="42856" Y="47268" Z="0"/>
					<Vertex X="42384" Y="47268" Z="0"/>
					<Vertex X="42068" Y="47110" Z="0"/>
					<Vertex X="41596" Y="46953" Z="0"/>
					<Vertex X="41123" Y="46638" Z="0"/>
					<Vertex X="40808" Y="46638" Z="0"/>
					<Vertex X="40808" Y="46795" Z="0"/>
					<Vertex X="40650" Y="46638" Z="0"/>
					<Vertex X="40335" Y="46480" Z="0"/>
					<Vertex X="40020" Y="46323" Z="0"/>
					<Vertex X="39705" Y="46323" Z="0"/>
					<Vertex X="39390" Y="46165" Z="0"/>
					<Vertex X="39075" Y="46007" Z="0"/>
					<Vertex X="38760" Y="46007" Z="0"/>
					<Vertex X="38445" Y="45850" Z="0"/>
					<Vertex X="38287" Y="45692" Z="0"/>
					<Vertex X="38129" Y="45535" Z="0"/>
					<Vertex X="37814" Y="45377" Z="0"/>
					<Vertex X="37657" Y="45377" Z="0"/>
					<Vertex X="37499" Y="45220" Z="0"/>
					<Vertex X="37184" Y="45062" Z="0"/>
					<Vertex X="37027" Y="44747" Z="0"/>
					<Vertex X="36869" Y="44589" Z="0"/>
					<Vertex X="36554" Y="44589" Z="0"/>
					<Vertex X="36554" Y="44432" Z="0"/>
					<Vertex X="36239" Y="44274" Z="0"/>
					<Vertex X="35766" Y="44117" Z="0"/>
					<Vertex X="35609" Y="43959" Z="0"/>
					<Vertex X="35293" Y="43802" Z="0"/>
					<Vertex X="35136" Y="43644" Z="0"/>
					<Vertex X="34348" Y="43014" Z="0"/>
					<Vertex X="34191" Y="43014" Z="0"/>
					<Vertex X="33875" Y="42699" Z="0"/>
					<Vertex X="33718" Y="42541" Z="0"/>
					<Vertex X="33245" Y="42226" Z="0"/>
					<Vertex X="32930" Y="42068" Z="0"/>
					<Vertex X="32772" Y="41911" Z="0"/>
					<Vertex X="32457" Y="41753" Z="0"/>
					<Vertex X="32142" Y="41596" Z="0"/>
					<Vertex X="31512" Y="41281" Z="0"/>
					<Vertex X="31197" Y="41123" Z="0"/>
					<Vertex X="30724" Y="40966" Z="0"/>
					<Vertex X="30567" Y="40808" Z="0"/>
					<Vertex X="30094" Y="40650" Z="0"/>
					<Vertex X="29779" Y="40493" Z="0"/>
					<Vertex X="29621" Y="40493" Z="0"/>
					<Vertex X="29306" Y="40178" Z="0"/>
					<Vertex X="28991" Y="40020" Z="0"/>
					<Vertex X="28676" Y="39705" Z="0"/>
					<Vertex X="28518" Y="39705" Z="0"/>
					<Vertex X="28046" Y="39232" Z="0"/>
					<Vertex X="27731" Y="39232" Z="0"/>
					<Vertex X="27258" Y="39075" Z="0"/>
					<Vertex X="27100" Y="38917" Z="0"/>
					<Vertex X="26628" Y="38602" Z="0"/>
					<Vertex X="25997" Y="38602" Z="0"/>
					<Vertex X="25367" Y="38130" Z="0"/>
					<Vertex X="25210" Y="38287" Z="0"/>
					<Vertex X="25052" Y="38287" Z="0"/>
					<Vertex X="24422" Y="37972" Z="0"/>
					<Vertex X="24107" Y="37972" Z="0"/>
					<Vertex X="23949" Y="37814" Z="0"/>
					<Vertex X="23634" Y="37657" Z="0"/>
					<Vertex X="23004" Y="37027" Z="0"/>
					<Vertex X="22689" Y="36869" Z="0"/>
					<Vertex X="22531" Y="36869" Z="0"/>
					<Vertex X="22374" Y="36554" Z="0"/>
					<Vertex X="22216" Y="36396" Z="0"/>
					<Vertex X="22059" Y="36239" Z="0"/>
					<Vertex X="21743" Y="35766" Z="0"/>
					<Vertex X="21586" Y="35766" Z="0"/>
					<Vertex X="21586" Y="35293" Z="0"/>
					<Vertex X="21271" Y="34978" Z="0"/>
					<Vertex X="21428" Y="34821" Z="0"/>
					<Vertex X="21428" Y="34506" Z="0"/>
					<Vertex X="21428" Y="34348" Z="0"/>
					<Vertex X="21428" Y="34033" Z="0"/>
					<Vertex X="21428" Y="33560" Z="0"/>
					<Vertex X="21428" Y="33403" Z="0"/>
					<Vertex X="21586" Y="32930" Z="0"/>
					<Vertex X="21586" Y="32615" Z="0"/>
					<Vertex X="21586" Y="32300" Z="0"/>
					<Vertex X="21271" Y="31985" Z="0"/>
					<Vertex X="21743" Y="31827" Z="0"/>
					<Vertex X="21428" Y="31512" Z="0"/>
					<Vertex X="21428" Y="31197" Z="0"/>
					<Vertex X="21743" Y="31197" Z="0"/>
					<Vertex X="21743" Y="31039" Z="0"/>
					<Vertex X="21743" Y="30882" Z="0"/>
					<Vertex X="21743" Y="30567" Z="0"/>
					<Vertex X="21743" Y="30252" Z="0"/>
					<Vertex X="21743" Y="30094" Z="0"/>
					<Vertex X="21743" Y="29779" Z="0"/>
					<Vertex X="21743" Y="29464" Z="0"/>
					<Vertex X="21743" Y="29149" Z="0"/>
					<Vertex X="21743" Y="28834" Z="0"/>
					<Vertex X="21743" Y="28518" Z="0"/>
					<Vertex X="21428" Y="28046" Z="0"/>
					<Vertex X="21743" Y="28046" Z="0"/>
					<Vertex X="21743" Y="27731" Z="0"/>
					<Vertex X="21743" Y="27573" Z="0"/>
					<Vertex X="21743" Y="27416" Z="0"/>
					<Vertex X="21743" Y="26943" Z="0"/>
					<Vertex X="21743" Y="26785" Z="0"/>
					<Vertex X="21743" Y="26470" Z="0"/>
					<Vertex X="21743" Y="26155" Z="0"/>
					<Vertex X="21743" Y="25682" Z="0"/>
					<Vertex X="21428" Y="25210" Z="0"/>
					<Vertex X="21586" Y="25210" Z="0"/>
					<Vertex X="21586" Y="25052" Z="0"/>
					<Vertex X="21428" Y="24895" Z="0"/>
					<Vertex X="21113" Y="24422" Z="0"/>
					<Vertex X="21113" Y="24264" Z="0"/>
					<Vertex X="21428" Y="24580" Z="0"/>
					<Vertex X="21113" Y="24264" Z="0"/>
					<Vertex X="21428" Y="24895" Z="0"/>
					<Vertex X="21901" Y="23634" Z="0"/>
				</Vertices>
			</Region>
			<Region Id="2" Type="0" Zoom="0.006279" Selected="0" ImageLocation="" ImageFocus="-1" Length="97547.5" Area="395567170.5" LengthMicrons="24650.2" AreaMicrons="25259847.7" Text="" NegativeROA="0" InputRegionId="0" Analyze="1" DisplayId="2">
				<Attributes/>
				<Vertices>
					<Vertex X="49159" Y="56249" Z="0"/>
					<Vertex X="49474" Y="56721" Z="0"/>
					<Vertex X="49316" Y="56721" Z="0"/>
					<Vertex X="49001" Y="56406" Z="0"/>
					<Vertex X="49316" Y="56721" Z="0"/>
					<Vertex X="49316" Y="56879" Z="0"/>
					<Vertex X="49316" Y="57037" Z="0"/>
					<Vertex X="49159" Y="57194" Z="0"/>
					<Vertex X="48843" Y="56879" Z="0"/>
					<Vertex X="49159" Y="57352" Z="0"/>
					<Vertex X="49159" Y="57509" Z="0"/>
					<Vertex X="49159" Y="57667" Z="0"/>
					<Vertex X="49159" Y="57824" Z="0"/>
					<Vertex X="49159" Y="57982" Z="0"/>
					<Vertex X="49159" Y="58139" Z="0"/>
					<Vertex X="49159" Y="58297" Z="0"/>
					<Vertex X="49316" Y="58770" Z="0"/>
					<Vertex X="49001" Y="58770" Z="0"/>
					<Vertex X="49474" Y="59400" Z="0"/>
					<Vertex X="49316" Y="59557" Z="0"/>
					<Vertex X="49474" Y="60030" Z="0"/>
					<Vertex X="49631" Y="60345" Z="0"/>
					<Vertex X="49946" Y="60818" Z="0"/>
					<Vertex X="49946" Y="61133" Z="0"/>
					<Vertex X="50104" Y="61448" Z="0"/>
					<Vertex X="50577" Y="62078" Z="0"/>
					<Vertex X="50892" Y="62551" Z="0"/>
					<Vertex X="50892" Y="62709" Z="0"/>
					<Vertex X="51364" Y="63181" Z="0"/>
					<Vertex X="52152" Y="63969" Z="0"/>
					<Vertex X="52467" Y="64442" Z="0"/>
					<Vertex X="52940" Y="64757" Z="0"/>
					<Vertex X="53413" Y="65072" Z="0"/>
					<Vertex X="53728" Y="65230" Z="0"/>
					<Vertex X="54358" Y="65702" Z="0"/>
					<Vertex X="54673" Y="66017" Z="0"/>
					<Vertex X="54988" Y="66175" Z="0"/>
					<Vertex X="55461" Y="66490" Z="0"/>
					<Vertex X="55934" Y="66805" Z="0"/>
					<Vertex X="56249" Y="66963" Z="0"/>
					<Vertex X="56721" Y="67278" Z="0"/>
					<Vertex X="57036" Y="67435" Z="0"/>
					<Vertex X="57509" Y="67751" Z="0"/>
					<Vertex X="57982" Y="68066" Z="0"/>
					<Vertex X="58455" Y="68381" Z="0"/>
					<Vertex X="58927" Y="68853" Z="0"/>
					<Vertex X="59400" Y="69484" Z="0"/>
					<Vertex X="59557" Y="69799" Z="0"/>
					<Vertex X="59873" Y="70271" Z="0"/>
					<Vertex X="60030" Y="70587" Z="0"/>
					<Vertex X="60030" Y="70902" Z="0"/>
					<Vertex X="60188" Y="71217" Z="0"/>
					<Vertex X="60345" Y="71689" Z="0"/>
					<Vertex X="60345" Y="72162" Z="0"/>
					<Vertex X="60503" Y="72477" Z="0"/>
					<Vertex X="60503" Y="72950" Z="0"/>
					<Vertex X="60660" Y="73265" Z="0"/>
					<Vertex X="60818" Y="73580" Z="0"/>
					<Vertex X="60503" Y="73738" Z="0"/>
					<Vertex X="60975" Y="74368" Z="0"/>
					<Vertex X="60818" Y="74368" Z="0"/>
					<Vertex X="61133" Y="74841" Z="0"/>
					<Vertex X="61291" Y="75313" Z="0"/>
					<Vertex X="61291" Y="75471" Z="0"/>
					<Vertex X="61448" Y="75944" Z="0"/>
					<Vertex X="61291" Y="75944" Z="0"/>
					<Vertex X="61448" Y="76259" Z="0"/>
					<Vertex X="61763" Y="76889" Z="0"/>
					<Vertex X="61921" Y="77362" Z="0"/>
					<Vertex X="62236" Y="77834" Z="0"/>
					<Vertex X="62236" Y="78149" Z="0"/>
					<Vertex X="62551" Y="78464" Z="0"/>
					<Vertex X="62709" Y="78622" Z="0"/>
					<Vertex X="62866" Y="78937" Z="0"/>
					<Vertex X="63181" Y="79095" Z="0"/>
					<Vertex X="63339" Y="79252" Z="0"/>
					<Vertex X="63654" Y="79410" Z="0"/>
					<Vertex X="63811" Y="79567" Z="0"/>
					<Vertex X="64127" Y="79567" Z="0"/>
					<Vertex X="64127" Y="79725" Z="0"/>
					<Vertex X="64442" Y="79725" Z="0"/>
					<Vertex X="64914" Y="79883" Z="0"/>
					<Vertex X="65072" Y="79883" Z="0"/>
					<Vertex X="65230" Y="79883" Z="0"/>
					<Vertex X="65545" Y="79567" Z="0"/>
					<Vertex X="66175" Y="79883" Z="0"/>
					<Vertex X="66648" Y="79725" Z="0"/>
					<Vertex X="66805" Y="79725" Z="0"/>
					<Vertex X="67593" Y="79567" Z="0"/>
					<Vertex X="67750" Y="79567" Z="0"/>
					<Vertex X="68381" Y="79410" Z="0"/>
					<Vertex X="68223" Y="78937" Z="0"/>
					<Vertex X="68381" Y="78780" Z="0"/>
					<Vertex X="69011" Y="78937" Z="0"/>
					<Vertex X="69326" Y="78622" Z="0"/>
					<Vertex X="69326" Y="78464" Z="0"/>
					<Vertex X="69484" Y="78149" Z="0"/>
					<Vertex X="69641" Y="77992" Z="0"/>
					<Vertex X="69799" Y="77519" Z="0"/>
					<Vertex X="69799" Y="77362" Z="0"/>
					<Vertex X="69956" Y="77204" Z="0"/>
					<Vertex X="69799" Y="76416" Z="0"/>
					<Vertex X="70271" Y="76416" Z="0"/>
					<Vertex X="70271" Y="76259" Z="0"/>
					<Vertex X="70271" Y="75786" Z="0"/>
					<Vertex X="70271" Y="75471" Z="0"/>
					<Vertex X="70271" Y="75156" Z="0"/>
					<Vertex X="70271" Y="74526" Z="0"/>
					<Vertex X="69956" Y="73738" Z="0"/>
					<Vertex X="70271" Y="73738" Z="0"/>
					<Vertex X="70114" Y="72792" Z="0"/>
					<Vertex X="69641" Y="72162" Z="0"/>
					<Vertex X="69956" Y="71847" Z="0"/>
					<Vertex X="69799" Y="71059" Z="0"/>
					<Vertex X="69799" Y="70587" Z="0"/>
					<Vertex X="69641" Y="70114" Z="0"/>
					<Vertex X="69641" Y="69484" Z="0"/>
					<Vertex X="69641" Y="69169" Z="0"/>
					<Vertex X="69326" Y="68696" Z="0"/>
					<Vertex X="69641" Y="68538" Z="0"/>
					<Vertex X="69641" Y="68223" Z="0"/>
					<Vertex X="69641" Y="68066" Z="0"/>
					<Vertex X="69326" Y="67593" Z="0"/>
					<Vertex X="69641" Y="67593" Z="0"/>
					<Vertex X="69484" Y="67278" Z="0"/>
					<Vertex X="69326" Y="66963" Z="0"/>
					<Vertex X="69326" Y="66648" Z="0"/>
					<Vertex X="69168" Y="66332" Z="0"/>
					<Vertex X="68538" Y="65702" Z="0"/>
					<Vertex X="68381" Y="64914" Z="0"/>
					<Vertex X="68381" Y="64599" Z="0"/>
					<Vertex X="68223" Y="64127" Z="0"/>
					<Vertex X="68223" Y="63969" Z="0"/>
					<Vertex X="68223" Y="63654" Z="0"/>
					<Vertex X="67908" Y="63181" Z="0"/>
					<Vertex X="68223" Y="63181" Z="0"/>
					<Vertex X="68223" Y="63024" Z="0"/>
					<Vertex X="68223" Y="62866" Z="0"/>
					<Vertex X="68223" Y="62551" Z="0"/>
					<Vertex X="68223" Y="62394" Z="0"/>
					<Vertex X="68223" Y="62078" Z="0"/>
					<Vertex X="67908" Y="61606" Z="0"/>
					<Vertex X="68223" Y="61448" Z="0"/>
					<Vertex X="67750" Y="60818" Z="0"/>
					<Vertex X="68066" Y="60818" Z="0"/>
					<Vertex X="68066" Y="60345" Z="0"/>
					<Vertex X="67593" Y="59873" Z="0"/>
					<Vertex X="67435" Y="59242" Z="0"/>
					<Vertex X="67593" Y="59085" Z="0"/>
					<Vertex X="67120" Y="58612" Z="0"/>
					<Vertex X="66963" Y="58297" Z="0"/>
					<Vertex X="66963" Y="58139" Z="0"/>
					<Vertex X="66963" Y="57982" Z="0"/>
					<Vertex X="66805" Y="57824" Z="0"/>
					<Vertex X="66805" Y="57667" Z="0"/>
					<Vertex X="66490" Y="57194" Z="0"/>
					<Vertex X="66175" Y="56721" Z="0"/>
					<Vertex X="66017" Y="56564" Z="0"/>
					<Vertex X="65545" Y="55776" Z="0"/>
					<Vertex X="65545" Y="55461" Z="0"/>
					<Vertex X="65230" Y="55146" Z="0"/>
					<Vertex X="65230" Y="54988" Z="0"/>
					<Vertex X="64914" Y="54516" Z="0"/>
					<Vertex X="64442" Y="53885" Z="0"/>
					<Vertex X="64599" Y="53728" Z="0"/>
					<Vertex X="64127" Y="52940" Z="0"/>
					<Vertex X="63969" Y="52625" Z="0"/>
					<Vertex X="64127" Y="52467" Z="0"/>
					<Vertex X="63969" Y="51995" Z="0"/>
					<Vertex X="63811" Y="51522" Z="0"/>
					<Vertex X="63339" Y="51049" Z="0"/>
					<Vertex X="63496" Y="50892" Z="0"/>
					<Vertex X="63181" Y="50419" Z="0"/>
					<Vertex X="62551" Y="49631" Z="0"/>
					<Vertex X="62551" Y="49474" Z="0"/>
					<Vertex X="62236" Y="49159" Z="0"/>
					<Vertex X="61763" Y="48686" Z="0"/>
					<Vertex X="61133" Y="48056" Z="0"/>
					<Vertex X="60818" Y="47898" Z="0"/>
					<Vertex X="60660" Y="47583" Z="0"/>
					<Vertex X="60503" Y="47425" Z="0"/>
					<Vertex X="60345" Y="47425" Z="0"/>
					<Vertex X="59715" Y="47110" Z="0"/>
					<Vertex X="59557" Y="47110" Z="0"/>
					<Vertex X="59557" Y="47425" Z="0"/>
					<Vertex X="59242" Y="47425" Z="0"/>
					<Vertex X="58927" Y="47425" Z="0"/>
					<Vertex X="58770" Y="47583" Z="0"/>
					<Vertex X="58139" Y="47268" Z="0"/>
					<Vertex X="58139" Y="47583" Z="0"/>
					<Vertex X="57982" Y="47583" Z="0"/>
					<Vertex X="57667" Y="47741" Z="0"/>
					<Vertex X="57036" Y="47425" Z="0"/>
					<Vertex X="57036" Y="47741" Z="0"/>
					<Vertex X="56721" Y="47898" Z="0"/>
					<Vertex X="56564" Y="47898" Z="0"/>
					<Vertex X="56249" Y="47898" Z="0"/>
					<Vertex X="56091" Y="47898" Z="0"/>
					<Vertex X="55776" Y="47898" Z="0"/>
					<Vertex X="55618" Y="47898" Z="0"/>
					<Vertex X="55461" Y="48056" Z="0"/>
					<Vertex X="54673" Y="47741" Z="0"/>
					<Vertex X="54988" Y="48056" Z="0"/>
					<Vertex X="54673" Y="48213" Z="0"/>
					<Vertex X="54516" Y="48371" Z="0"/>
					<Vertex X="54358" Y="48371" Z="0"/>
					<Vertex X="54200" Y="48528" Z="0"/>
					<Vertex X="53570" Y="48371" Z="0"/>
					<Vertex X="53885" Y="48844" Z="0"/>
					<Vertex X="53728" Y="49001" Z="0"/>
					<Vertex X="53570" Y="49001" Z="0"/>
					<Vertex X="53413" Y="49316" Z="0"/>
					<Vertex X="53413" Y="49474" Z="0"/>
					<Vertex X="53255" Y="49631" Z="0"/>
					<Vertex X="53098" Y="49789" Z="0"/>
					<Vertex X="52940" Y="50104" Z="0"/>
					<Vertex X="52940" Y="50262" Z="0"/>
					<Vertex X="52782" Y="50577" Z="0"/>
					<Vertex X="52782" Y="50892" Z="0"/>
					<Vertex X="52310" Y="50892" Z="0"/>
					<Vertex X="52625" Y="51364" Z="0"/>
					<Vertex X="52467" Y="51680" Z="0"/>
					<Vertex X="52310" Y="52152" Z="0"/>
					<Vertex X="52152" Y="52625" Z="0"/>
					<Vertex X="51522" Y="52940" Z="0"/>
					<Vertex X="51207" Y="53413" Z="0"/>
					<Vertex X="50734" Y="54200" Z="0"/>
					<Vertex X="50734" Y="54988" Z="0"/>
					<Vertex X="50261" Y="55619" Z="0"/>
					<Vertex X="50261" Y="55776" Z="0"/>
					<Vertex X="49159" Y="56249" Z="0"/>
				</Vertices>
			</Region>
			<Region Id="3" Type="0" Zoom="0.006279" Selected="1" ImageLocation="" ImageFocus="-1" Length="61278.8" Area="151580384.0" LengthMicrons="15485.2" AreaMicrons="9679512.6" Text="" NegativeROA="0" InputRegionId="0" Analyze="1" DisplayId="3">
				<Attributes/>
				<Vertices>
					<Vertex X="15441" Y="67120" Z="0"/>
					<Vertex X="15126" Y="66805" Z="0"/>
					<Vertex X="14653" Y="64914" Z="0"/>
					<Vertex X="14811" Y="64599" Z="0"/>
					<Vertex X="14496" Y="62709" Z="0"/>
					<Vertex X="14338" Y="62236" Z="0"/>
					<Vertex X="14023" Y="60976" Z="0"/>
					<Vertex X="13393" Y="59557" Z="0"/>
					<Vertex X="13550" Y="59242" Z="0"/>
					<Vertex X="13393" Y="58297" Z="0"/>
					<Vertex X="13393" Y="57667" Z="0"/>
					<Vertex X="13078" Y="57037" Z="0"/>
					<Vertex X="13393" Y="56879" Z="0"/>
					<Vertex X="13393" Y="56564" Z="0"/>
					<Vertex X="13393" Y="56249" Z="0"/>
					<Vertex X="13393" Y="56091" Z="0"/>
					<Vertex X="13393" Y="55934" Z="0"/>
					<Vertex X="13550" Y="55776" Z="0"/>
					<Vertex X="13708" Y="55619" Z="0"/>
					<Vertex X="13865" Y="55461" Z="0"/>
					<Vertex X="13550" Y="54988" Z="0"/>
					<Vertex X="13708" Y="54831" Z="0"/>
					<Vertex X="14181" Y="54988" Z="0"/>
					<Vertex X="14338" Y="54988" Z="0"/>
					<Vertex X="14023" Y="54516" Z="0"/>
					<Vertex X="14496" Y="54831" Z="0"/>
					<Vertex X="14653" Y="54831" Z="0"/>
					<Vertex X="14811" Y="54831" Z="0"/>
					<Vertex X="14811" Y="54673" Z="0"/>
					<Vertex X="15126" Y="54673" Z="0"/>
					<Vertex X="15441" Y="54673" Z="0"/>
					<Vertex X="15599" Y="54673" Z="0"/>
					<Vertex X="15914" Y="54673" Z="0"/>
					<Vertex X="16071" Y="54673" Z="0"/>
					<Vertex X="16229" Y="54673" Z="0"/>
					<Vertex X="16071" Y="54358" Z="0"/>
					<Vertex X="16386" Y="54358" Z="0"/>
					<Vertex X="16544" Y="54358" Z="0"/>
					<Vertex X="17174" Y="54673" Z="0"/>
					<Vertex X="17332" Y="54673" Z="0"/>
					<Vertex X="17647" Y="54673" Z="0"/>
					<Vertex X="17962" Y="54831" Z="0"/>
					<Vertex X="18277" Y="54831" Z="0"/>
					<Vertex X="18435" Y="54831" Z="0"/>
					<Vertex X="18592" Y="54988" Z="0"/>
					<Vertex X="18907" Y="55146" Z="0"/>
					<Vertex X="19065" Y="55303" Z="0"/>
					<Vertex X="19380" Y="55303" Z="0"/>
					<Vertex X="19538" Y="55461" Z="0"/>
					<Vertex X="19695" Y="55619" Z="0"/>
					<Vertex X="20168" Y="56091" Z="0"/>
					<Vertex X="20325" Y="56249" Z="0"/>
					<Vertex X="20325" Y="56406" Z="0"/>
					<Vertex X="20798" Y="57037" Z="0"/>
					<Vertex X="20956" Y="57352" Z="0"/>
					<Vertex X="21428" Y="57982" Z="0"/>
					<Vertex X="21586" Y="58297" Z="0"/>
					<Vertex X="21743" Y="58612" Z="0"/>
					<Vertex X="21901" Y="59085" Z="0"/>
					<Vertex X="21743" Y="59085" Z="0"/>
					<Vertex X="22059" Y="59715" Z="0"/>
					<Vertex X="22216" Y="59873" Z="0"/>
					<Vertex X="22374" Y="60030" Z="0"/>
					<Vertex X="22059" Y="60030" Z="0"/>
					<Vertex X="22531" Y="60503" Z="0"/>
					<Vertex X="22689" Y="60818" Z="0"/>
					<Vertex X="22846" Y="60976" Z="0"/>
					<Vertex X="23004" Y="61133" Z="0"/>
					<Vertex X="23004" Y="61291" Z="0"/>
					<Vertex X="23161" Y="61448" Z="0"/>
					<Vertex X="23634" Y="61921" Z="0"/>
					<Vertex X="23634" Y="61921" Z="0"/>
					<Vertex X="23949" Y="62551" Z="0"/>
					<Vertex X="24107" Y="62866" Z="0"/>
					<Vertex X="24107" Y="63181" Z="0"/>
					<Vertex X="23792" Y="63181" Z="0"/>
					<Vertex X="24107" Y="63969" Z="0"/>
					<Vertex X="24107" Y="64284" Z="0"/>
					<Vertex X="24107" Y="64599" Z="0"/>
					<Vertex X="23792" Y="64757" Z="0"/>
					<Vertex X="24107" Y="65387" Z="0"/>
					<Vertex X="24107" Y="65860" Z="0"/>
					<Vertex X="24107" Y="66175" Z="0"/>
					<Vertex X="24107" Y="66805" Z="0"/>
					<Vertex X="24107" Y="67120" Z="0"/>
					<Vertex X="24107" Y="67435" Z="0"/>
					<Vertex X="24107" Y="67751" Z="0"/>
					<Vertex X="23949" Y="68223" Z="0"/>
					<Vertex X="23949" Y="68538" Z="0"/>
					<Vertex X="23634" Y="68538" Z="0"/>
					<Vertex X="23792" Y="69326" Z="0"/>
					<Vertex X="23792" Y="69641" Z="0"/>
					<Vertex X="23634" Y="70114" Z="0"/>
					<Vertex X="23634" Y="70271" Z="0"/>
					<Vertex X="23477" Y="70587" Z="0"/>
					<Vertex X="23477" Y="70902" Z="0"/>
					<Vertex X="23161" Y="70744" Z="0"/>
					<Vertex X="23319" Y="71374" Z="0"/>
					<Vertex X="23319" Y="71532" Z="0"/>
					<Vertex X="23161" Y="71689" Z="0"/>
					<Vertex X="23161" Y="71847" Z="0"/>
					<Vertex X="23004" Y="72005" Z="0"/>
					<Vertex X="22531" Y="71847" Z="0"/>
					<Vertex X="22846" Y="72477" Z="0"/>
					<Vertex X="22531" Y="72162" Z="0"/>
					<Vertex X="22689" Y="72792" Z="0"/>
					<Vertex X="22531" Y="73107" Z="0"/>
					<Vertex X="22374" Y="73265" Z="0"/>
					<Vertex X="22374" Y="73580" Z="0"/>
					<Vertex X="21901" Y="73423" Z="0"/>
					<Vertex X="21901" Y="73738" Z="0"/>
					<Vertex X="22059" Y="74210" Z="0"/>
					<Vertex X="21901" Y="74526" Z="0"/>
					<Vertex X="21743" Y="74683" Z="0"/>
					<Vertex X="21743" Y="74841" Z="0"/>
					<Vertex X="21271" Y="74683" Z="0"/>
					<Vertex X="21428" Y="75156" Z="0"/>
					<Vertex X="21271" Y="75313" Z="0"/>
					<Vertex X="20956" Y="74998" Z="0"/>
					<Vertex X="21113" Y="75471" Z="0"/>
					<Vertex X="20641" Y="75156" Z="0"/>
					<Vertex X="20483" Y="75156" Z="0"/>
					<Vertex X="20641" Y="75471" Z="0"/>
					<Vertex X="20325" Y="75471" Z="0"/>
					<Vertex X="20168" Y="75471" Z="0"/>
					<Vertex X="19695" Y="74998" Z="0"/>
					<Vertex X="19538" Y="74998" Z="0"/>
					<Vertex X="19222" Y="74841" Z="0"/>
					<Vertex X="18907" Y="74368" Z="0"/>
					<Vertex X="18750" Y="74053" Z="0"/>
					<Vertex X="18592" Y="74053" Z="0"/>
					<Vertex X="18435" Y="73738" Z="0"/>
					<Vertex X="18120" Y="73423" Z="0"/>
					<Vertex X="17962" Y="73107" Z="0"/>
					<Vertex X="17804" Y="72792" Z="0"/>
					<Vertex X="17647" Y="72477" Z="0"/>
					<Vertex X="17489" Y="72162" Z="0"/>
					<Vertex X="17332" Y="71689" Z="0"/>
					<Vertex X="17174" Y="71217" Z="0"/>
					<Vertex X="17017" Y="71059" Z="0"/>
					<Vertex X="16859" Y="70587" Z="0"/>
					<Vertex X="16702" Y="70429" Z="0"/>
					<Vertex X="16544" Y="69956" Z="0"/>
					<Vertex X="16386" Y="69484" Z="0"/>
					<Vertex X="16386" Y="69169" Z="0"/>
					<Vertex X="15914" Y="68696" Z="0"/>
					<Vertex X="16229" Y="68538" Z="0"/>
					<Vertex X="15756" Y="68066" Z="0"/>
					<Vertex X="15756" Y="67908" Z="0"/>
					<Vertex X="15914" Y="67751" Z="0"/>
					<Vertex X="15756" Y="67593" Z="0"/>
					<Vertex X="15756" Y="67435" Z="0"/>
					<Vertex X="15441" Y="67120" Z="0"/>
					<Vertex X="15441" Y="67120" Z="0"/>
				</Vertices>
			</Region>
		</Regions>
		<Plots/>
	</Annotation>
</Annotations>
