<Annotations MicronsPerPixel="0.252500">
	<Annotation Id="1" Name="" ReadOnly="0" NameReadOnly="0" LineColorReadOnly="0" Incremental="0" Type="4" LineColor="16711935" Visible="1" Selected="1" MarkupImagePath="" MacroName="">
		<Attributes/>
		<Regions>
			<RegionAttributeHeaders/>
			<Region Id="1" Type="0" Zoom="0.011940" Selected="0" ImageLocation="" ImageFocus="-1" Length="128068.6" Area="788729114.0" LengthMicrons="32337.3" AreaMicrons="50286409.6" Text="" NegativeROA="0" InputRegionId="0" Analyze="1" DisplayId="1">
				<Attributes/>
				<Vertices>
					<Vertex X="19902" Y="3897" Z="0"/>
					<Vertex X="20234" Y="3980" Z="0"/>
					<Vertex X="20317" Y="4146" Z="0"/>
					<Vertex X="20565" Y="4395" Z="0"/>
					<Vertex X="20980" Y="4892" Z="0"/>
					<Vertex X="21146" Y="5058" Z="0"/>
					<Vertex X="21395" Y="5307" Z="0"/>
					<Vertex X="21560" Y="5473" Z="0"/>
					<Vertex X="21643" Y="5556" Z="0"/>
					<Vertex X="21892" Y="5639" Z="0"/>
					<Vertex X="21975" Y="5639" Z="0"/>
					<Vertex X="22058" Y="5722" Z="0"/>
					<Vertex X="22390" Y="5722" Z="0"/>
					<Vertex X="22887" Y="5722" Z="0"/>
					<Vertex X="23219" Y="5722" Z="0"/>
					<Vertex X="23882" Y="5722" Z="0"/>
					<Vertex X="24463" Y="5722" Z="0"/>
					<Vertex X="24960" Y="5722" Z="0"/>
					<Vertex X="25624" Y="5722" Z="0"/>
					<Vertex X="26204" Y="5722" Z="0"/>
					<Vertex X="26619" Y="5722" Z="0"/>
					<Vertex X="27116" Y="5722" Z="0"/>
					<Vertex X="27365" Y="5722" Z="0"/>
					<Vertex X="27863" Y="5639" Z="0"/>
					<Vertex X="28360" Y="5556" Z="0"/>
					<Vertex X="28858" Y="5556" Z="0"/>
					<Vertex X="29438" Y="5556" Z="0"/>
					<Vertex X="29853" Y="5556" Z="0"/>
					<Vertex X="30185" Y="5556" Z="0"/>
					<Vertex X="30765" Y="5556" Z="0"/>
					<Vertex X="31511" Y="5556" Z="0"/>
					<Vertex X="32341" Y="5473" Z="0"/>
					<Vertex X="33087" Y="5473" Z="0"/>
					<Vertex X="33750" Y="5473" Z="0"/>
					<Vertex X="34497" Y="5473" Z="0"/>
					<Vertex X="35160" Y="5473" Z="0"/>
					<Vertex X="35989" Y="5473" Z="0"/>
					<Vertex X="36570" Y="5390" Z="0"/>
					<Vertex X="36984" Y="5390" Z="0"/>
					<Vertex X="37482" Y="5307" Z="0"/>
					<Vertex X="37897" Y="5224" Z="0"/>
					<Vertex X="38145" Y="5141" Z="0"/>
					<Vertex X="38477" Y="5141" Z="0"/>
					<Vertex X="38892" Y="5141" Z="0"/>
					<Vertex X="39140" Y="5141" Z="0"/>
					<Vertex X="39389" Y="5058" Z="0"/>
					<Vertex X="39555" Y="4975" Z="0"/>
					<Vertex X="39721" Y="4975" Z="0"/>
					<Vertex X="39887" Y="4892" Z="0"/>
					<Vertex X="39970" Y="4892" Z="0"/>
					<Vertex X="40053" Y="4892" Z="0"/>
					<Vertex X="40218" Y="4810" Z="0"/>
					<Vertex X="40550" Y="4727" Z="0"/>
					<Vertex X="40965" Y="4727" Z="0"/>
					<Vertex X="41794" Y="4644" Z="0"/>
					<Vertex X="42457" Y="4561" Z="0"/>
					<Vertex X="43121" Y="4561" Z="0"/>
					<Vertex X="43950" Y="4478" Z="0"/>
					<Vertex X="44696" Y="4478" Z="0"/>
					<Vertex X="45277" Y="4395" Z="0"/>
					<Vertex X="45691" Y="4395" Z="0"/>
					<Vertex X="45857" Y="4395" Z="0"/>
					<Vertex X="45940" Y="4395" Z="0"/>
					<Vertex X="46272" Y="4727" Z="0"/>
					<Vertex X="46604" Y="5224" Z="0"/>
					<Vertex X="46769" Y="5639" Z="0"/>
					<Vertex X="47018" Y="5971" Z="0"/>
					<Vertex X="47267" Y="6385" Z="0"/>
					<Vertex X="47433" Y="6634" Z="0"/>
					<Vertex X="47516" Y="6800" Z="0"/>
					<Vertex X="47516" Y="6966" Z="0"/>
					<Vertex X="47682" Y="7629" Z="0"/>
					<Vertex X="47765" Y="7878" Z="0"/>
					<Vertex X="47765" Y="8127" Z="0"/>
					<Vertex X="47847" Y="8375" Z="0"/>
					<Vertex X="47847" Y="8624" Z="0"/>
					<Vertex X="47847" Y="8790" Z="0"/>
					<Vertex X="47847" Y="8956" Z="0"/>
					<Vertex X="47847" Y="9122" Z="0"/>
					<Vertex X="47847" Y="9287" Z="0"/>
					<Vertex X="47847" Y="9453" Z="0"/>
					<Vertex X="47847" Y="9702" Z="0"/>
					<Vertex X="47847" Y="9868" Z="0"/>
					<Vertex X="47847" Y="10200" Z="0"/>
					<Vertex X="47847" Y="10448" Z="0"/>
					<Vertex X="47847" Y="10614" Z="0"/>
					<Vertex X="47847" Y="10697" Z="0"/>
					<Vertex X="47847" Y="10863" Z="0"/>
					<Vertex X="47847" Y="11029" Z="0"/>
					<Vertex X="47847" Y="11112" Z="0"/>
					<Vertex X="47847" Y="11195" Z="0"/>
					<Vertex X="47847" Y="11278" Z="0"/>
					<Vertex X="47765" Y="11278" Z="0"/>
					<Vertex X="47765" Y="11361" Z="0"/>
					<Vertex X="47765" Y="11526" Z="0"/>
					<Vertex X="47682" Y="11692" Z="0"/>
					<Vertex X="47516" Y="11858" Z="0"/>
					<Vertex X="47516" Y="12024" Z="0"/>
					<Vertex X="47350" Y="12190" Z="0"/>
					<Vertex X="47350" Y="12356" Z="0"/>
					<Vertex X="47184" Y="12439" Z="0"/>
					<Vertex X="47101" Y="12604" Z="0"/>
					<Vertex X="46935" Y="12687" Z="0"/>
					<Vertex X="46852" Y="12853" Z="0"/>
					<Vertex X="46687" Y="13019" Z="0"/>
					<Vertex X="46521" Y="13185" Z="0"/>
					<Vertex X="46355" Y="13351" Z="0"/>
					<Vertex X="46023" Y="13682" Z="0"/>
					<Vertex X="45940" Y="13765" Z="0"/>
					<Vertex X="45691" Y="13931" Z="0"/>
					<Vertex X="45609" Y="14097" Z="0"/>
					<Vertex X="45443" Y="14263" Z="0"/>
					<Vertex X="45194" Y="14429" Z="0"/>
					<Vertex X="45028" Y="14512" Z="0"/>
					<Vertex X="44945" Y="14678" Z="0"/>
					<Vertex X="44779" Y="14843" Z="0"/>
					<Vertex X="44696" Y="15009" Z="0"/>
					<Vertex X="44531" Y="15009" Z="0"/>
					<Vertex X="44365" Y="15175" Z="0"/>
					<Vertex X="44282" Y="15258" Z="0"/>
					<Vertex X="44199" Y="15424" Z="0"/>
					<Vertex X="44116" Y="15507" Z="0"/>
					<Vertex X="43867" Y="15590" Z="0"/>
					<Vertex X="43784" Y="15673" Z="0"/>
					<Vertex X="43701" Y="15839" Z="0"/>
					<Vertex X="43452" Y="16004" Z="0"/>
					<Vertex X="43287" Y="16087" Z="0"/>
					<Vertex X="43121" Y="16336" Z="0"/>
					<Vertex X="42706" Y="16502" Z="0"/>
					<Vertex X="42374" Y="16834" Z="0"/>
					<Vertex X="42043" Y="17165" Z="0"/>
					<Vertex X="41711" Y="17414" Z="0"/>
					<Vertex X="41379" Y="17580" Z="0"/>
					<Vertex X="41131" Y="17829" Z="0"/>
					<Vertex X="40882" Y="17995" Z="0"/>
					<Vertex X="40550" Y="18243" Z="0"/>
					<Vertex X="40135" Y="18575" Z="0"/>
					<Vertex X="39804" Y="18907" Z="0"/>
					<Vertex X="39472" Y="19073" Z="0"/>
					<Vertex X="38975" Y="19487" Z="0"/>
					<Vertex X="38228" Y="19985" Z="0"/>
					<Vertex X="37648" Y="20482" Z="0"/>
					<Vertex X="36901" Y="20897" Z="0"/>
					<Vertex X="36238" Y="21394" Z="0"/>
					<Vertex X="35492" Y="21809" Z="0"/>
					<Vertex X="34911" Y="22224" Z="0"/>
					<Vertex X="34414" Y="22555" Z="0"/>
					<Vertex X="33999" Y="22887" Z="0"/>
					<Vertex X="33502" Y="23219" Z="0"/>
					<Vertex X="33253" Y="23468" Z="0"/>
					<Vertex X="33004" Y="23633" Z="0"/>
					<Vertex X="32921" Y="23799" Z="0"/>
					<Vertex X="32755" Y="23799" Z="0"/>
					<Vertex X="32589" Y="23965" Z="0"/>
					<Vertex X="32506" Y="24048" Z="0"/>
					<Vertex X="32341" Y="24131" Z="0"/>
					<Vertex X="32258" Y="24214" Z="0"/>
					<Vertex X="32175" Y="24297" Z="0"/>
					<Vertex X="32092" Y="24463" Z="0"/>
					<Vertex X="31926" Y="24546" Z="0"/>
					<Vertex X="31843" Y="24629" Z="0"/>
					<Vertex X="31511" Y="24877" Z="0"/>
					<Vertex X="31345" Y="25043" Z="0"/>
					<Vertex X="31263" Y="25209" Z="0"/>
					<Vertex X="31014" Y="25375" Z="0"/>
					<Vertex X="30848" Y="25541" Z="0"/>
					<Vertex X="30682" Y="25789" Z="0"/>
					<Vertex X="30516" Y="25872" Z="0"/>
					<Vertex X="30433" Y="26038" Z="0"/>
					<Vertex X="30185" Y="26370" Z="0"/>
					<Vertex X="30019" Y="26536" Z="0"/>
					<Vertex X="29936" Y="26702" Z="0"/>
					<Vertex X="29604" Y="27033" Z="0"/>
					<Vertex X="29438" Y="27199" Z="0"/>
					<Vertex X="29272" Y="27365" Z="0"/>
					<Vertex X="29189" Y="27531" Z="0"/>
					<Vertex X="29024" Y="27780" Z="0"/>
					<Vertex X="28858" Y="27946" Z="0"/>
					<Vertex X="28692" Y="28194" Z="0"/>
					<Vertex X="28443" Y="28526" Z="0"/>
					<Vertex X="28194" Y="28858" Z="0"/>
					<Vertex X="28029" Y="29189" Z="0"/>
					<Vertex X="27780" Y="29438" Z="0"/>
					<Vertex X="27697" Y="29604" Z="0"/>
					<Vertex X="27531" Y="29770" Z="0"/>
					<Vertex X="27448" Y="29936" Z="0"/>
					<Vertex X="27282" Y="30102" Z="0"/>
					<Vertex X="27199" Y="30267" Z="0"/>
					<Vertex X="27199" Y="30350" Z="0"/>
					<Vertex X="27116" Y="30516" Z="0"/>
					<Vertex X="27033" Y="30516" Z="0"/>
					<Vertex X="27033" Y="30599" Z="0"/>
					<Vertex X="27033" Y="30682" Z="0"/>
					<Vertex X="26950" Y="30765" Z="0"/>
					<Vertex X="26868" Y="30848" Z="0"/>
					<Vertex X="26785" Y="31014" Z="0"/>
					<Vertex X="26785" Y="31180" Z="0"/>
					<Vertex X="26619" Y="31345" Z="0"/>
					<Vertex X="26536" Y="31511" Z="0"/>
					<Vertex X="26370" Y="31677" Z="0"/>
					<Vertex X="26287" Y="31760" Z="0"/>
					<Vertex X="26204" Y="31926" Z="0"/>
					<Vertex X="26121" Y="32092" Z="0"/>
					<Vertex X="26038" Y="32258" Z="0"/>
					<Vertex X="25872" Y="32341" Z="0"/>
					<Vertex X="25872" Y="32506" Z="0"/>
					<Vertex X="25790" Y="32589" Z="0"/>
					<Vertex X="25790" Y="32672" Z="0"/>
					<Vertex X="25790" Y="32755" Z="0"/>
					<Vertex X="25707" Y="32755" Z="0"/>
					<Vertex X="25624" Y="32921" Z="0"/>
					<Vertex X="25624" Y="33004" Z="0"/>
					<Vertex X="25624" Y="33087" Z="0"/>
					<Vertex X="25541" Y="33253" Z="0"/>
					<Vertex X="25541" Y="33336" Z="0"/>
					<Vertex X="25541" Y="33419" Z="0"/>
					<Vertex X="25541" Y="33584" Z="0"/>
					<Vertex X="25375" Y="33916" Z="0"/>
					<Vertex X="25292" Y="34082" Z="0"/>
					<Vertex X="25292" Y="34248" Z="0"/>
					<Vertex X="25209" Y="34331" Z="0"/>
					<Vertex X="25043" Y="34580" Z="0"/>
					<Vertex X="25043" Y="34662" Z="0"/>
					<Vertex X="24960" Y="34745" Z="0"/>
					<Vertex X="24960" Y="34911" Z="0"/>
					<Vertex X="24877" Y="34994" Z="0"/>
					<Vertex X="24877" Y="35077" Z="0"/>
					<Vertex X="24877" Y="35160" Z="0"/>
					<Vertex X="24712" Y="35243" Z="0"/>
					<Vertex X="24712" Y="35409" Z="0"/>
					<Vertex X="24546" Y="35575" Z="0"/>
					<Vertex X="24297" Y="35823" Z="0"/>
					<Vertex X="24214" Y="36072" Z="0"/>
					<Vertex X="23965" Y="36155" Z="0"/>
					<Vertex X="23716" Y="36487" Z="0"/>
					<Vertex X="23468" Y="36570" Z="0"/>
					<Vertex X="23302" Y="36736" Z="0"/>
					<Vertex X="23136" Y="36818" Z="0"/>
					<Vertex X="22887" Y="37067" Z="0"/>
					<Vertex X="22473" Y="37233" Z="0"/>
					<Vertex X="22224" Y="37316" Z="0"/>
					<Vertex X="21892" Y="37565" Z="0"/>
					<Vertex X="21560" Y="37731" Z="0"/>
					<Vertex X="20897" Y="37979" Z="0"/>
					<Vertex X="20731" Y="38062" Z="0"/>
					<Vertex X="20648" Y="38062" Z="0"/>
					<Vertex X="20399" Y="38145" Z="0"/>
					<Vertex X="20068" Y="38228" Z="0"/>
					<Vertex X="19902" Y="38311" Z="0"/>
					<Vertex X="19819" Y="38394" Z="0"/>
					<Vertex X="19570" Y="38394" Z="0"/>
					<Vertex X="19321" Y="38477" Z="0"/>
					<Vertex X="18990" Y="38560" Z="0"/>
					<Vertex X="18326" Y="38726" Z="0"/>
					<Vertex X="17912" Y="38809" Z="0"/>
					<Vertex X="17497" Y="38892" Z="0"/>
					<Vertex X="17082" Y="38975" Z="0"/>
					<Vertex X="16834" Y="39057" Z="0"/>
					<Vertex X="16585" Y="39140" Z="0"/>
					<Vertex X="16336" Y="39140" Z="0"/>
					<Vertex X="16253" Y="39223" Z="0"/>
					<Vertex X="16087" Y="39223" Z="0"/>
					<Vertex X="15922" Y="39306" Z="0"/>
					<Vertex X="15922" Y="39389" Z="0"/>
					<Vertex X="15839" Y="39389" Z="0"/>
					<Vertex X="15756" Y="39389" Z="0"/>
					<Vertex X="15590" Y="39472" Z="0"/>
					<Vertex X="15424" Y="39555" Z="0"/>
					<Vertex X="15258" Y="39638" Z="0"/>
					<Vertex X="15009" Y="39721" Z="0"/>
					<Vertex X="14595" Y="39970" Z="0"/>
					<Vertex X="14346" Y="40053" Z="0"/>
					<Vertex X="14097" Y="40135" Z="0"/>
					<Vertex X="13931" Y="40301" Z="0"/>
					<Vertex X="13600" Y="40384" Z="0"/>
					<Vertex X="13268" Y="40550" Z="0"/>
					<Vertex X="13185" Y="40633" Z="0"/>
					<Vertex X="13019" Y="40716" Z="0"/>
					<Vertex X="12936" Y="40716" Z="0"/>
					<Vertex X="12936" Y="40799" Z="0"/>
					<Vertex X="12853" Y="40799" Z="0"/>
					<Vertex X="12770" Y="40882" Z="0"/>
					<Vertex X="12687" Y="40965" Z="0"/>
					<Vertex X="12522" Y="41048" Z="0"/>
					<Vertex X="12273" Y="41131" Z="0"/>
					<Vertex X="12107" Y="41213" Z="0"/>
					<Vertex X="11941" Y="41296" Z="0"/>
					<Vertex X="11858" Y="41379" Z="0"/>
					<Vertex X="11775" Y="41379" Z="0"/>
					<Vertex X="11692" Y="41379" Z="0"/>
					<Vertex X="11609" Y="41462" Z="0"/>
					<Vertex X="11527" Y="41462" Z="0"/>
					<Vertex X="11361" Y="41545" Z="0"/>
					<Vertex X="11278" Y="41545" Z="0"/>
					<Vertex X="11195" Y="41545" Z="0"/>
					<Vertex X="11029" Y="41545" Z="0"/>
					<Vertex X="10780" Y="41545" Z="0"/>
					<Vertex X="10531" Y="41545" Z="0"/>
					<Vertex X="10117" Y="41545" Z="0"/>
					<Vertex X="9951" Y="41545" Z="0"/>
					<Vertex X="9868" Y="41462" Z="0"/>
					<Vertex X="9785" Y="41379" Z="0"/>
					<Vertex X="9536" Y="41131" Z="0"/>
					<Vertex X="9370" Y="40882" Z="0"/>
					<Vertex X="9039" Y="40550" Z="0"/>
					<Vertex X="8624" Y="39804" Z="0"/>
					<Vertex X="8624" Y="39721" Z="0"/>
					<Vertex X="8624" Y="39555" Z="0"/>
					<Vertex X="8624" Y="39389" Z="0"/>
					<Vertex X="8624" Y="39223" Z="0"/>
					<Vertex X="8624" Y="39057" Z="0"/>
					<Vertex X="8624" Y="38892" Z="0"/>
					<Vertex X="8624" Y="38726" Z="0"/>
					<Vertex X="8624" Y="38228" Z="0"/>
					<Vertex X="8624" Y="37979" Z="0"/>
					<Vertex X="8624" Y="37731" Z="0"/>
					<Vertex X="8707" Y="37482" Z="0"/>
					<Vertex X="8707" Y="37316" Z="0"/>
					<Vertex X="8707" Y="37067" Z="0"/>
					<Vertex X="8790" Y="36901" Z="0"/>
					<Vertex X="8790" Y="36818" Z="0"/>
					<Vertex X="8790" Y="36736" Z="0"/>
					<Vertex X="8790" Y="36487" Z="0"/>
					<Vertex X="8873" Y="36404" Z="0"/>
					<Vertex X="8956" Y="36238" Z="0"/>
					<Vertex X="9039" Y="36072" Z="0"/>
					<Vertex X="9205" Y="35575" Z="0"/>
					<Vertex X="9288" Y="35492" Z="0"/>
					<Vertex X="9288" Y="35409" Z="0"/>
					<Vertex X="9288" Y="35326" Z="0"/>
					<Vertex X="9370" Y="35243" Z="0"/>
					<Vertex X="9370" Y="35160" Z="0"/>
					<Vertex X="9453" Y="35160" Z="0"/>
					<Vertex X="9536" Y="35077" Z="0"/>
					<Vertex X="9536" Y="34911" Z="0"/>
					<Vertex X="9702" Y="34662" Z="0"/>
					<Vertex X="9785" Y="34580" Z="0"/>
					<Vertex X="9868" Y="34248" Z="0"/>
					<Vertex X="10117" Y="33999" Z="0"/>
					<Vertex X="10200" Y="33833" Z="0"/>
					<Vertex X="10366" Y="33584" Z="0"/>
					<Vertex X="10531" Y="33336" Z="0"/>
					<Vertex X="10697" Y="33004" Z="0"/>
					<Vertex X="10863" Y="32672" Z="0"/>
					<Vertex X="10946" Y="32506" Z="0"/>
					<Vertex X="11029" Y="32258" Z="0"/>
					<Vertex X="11112" Y="31843" Z="0"/>
					<Vertex X="11278" Y="31594" Z="0"/>
					<Vertex X="11361" Y="31180" Z="0"/>
					<Vertex X="11444" Y="30931" Z="0"/>
					<Vertex X="11444" Y="30599" Z="0"/>
					<Vertex X="11609" Y="29770" Z="0"/>
					<Vertex X="11609" Y="29272" Z="0"/>
					<Vertex X="11692" Y="29024" Z="0"/>
					<Vertex X="11775" Y="28692" Z="0"/>
					<Vertex X="11775" Y="28443" Z="0"/>
					<Vertex X="11775" Y="28360" Z="0"/>
					<Vertex X="11775" Y="28194" Z="0"/>
					<Vertex X="11775" Y="28028" Z="0"/>
					<Vertex X="11775" Y="27863" Z="0"/>
					<Vertex X="11775" Y="27780" Z="0"/>
					<Vertex X="11775" Y="27531" Z="0"/>
					<Vertex X="11775" Y="27282" Z="0"/>
					<Vertex X="11775" Y="27033" Z="0"/>
					<Vertex X="11775" Y="26785" Z="0"/>
					<Vertex X="11692" Y="26453" Z="0"/>
					<Vertex X="11692" Y="26287" Z="0"/>
					<Vertex X="11609" Y="26121" Z="0"/>
					<Vertex X="11527" Y="25955" Z="0"/>
					<Vertex X="11527" Y="25789" Z="0"/>
					<Vertex X="11527" Y="25707" Z="0"/>
					<Vertex X="11527" Y="25624" Z="0"/>
					<Vertex X="11444" Y="25458" Z="0"/>
					<Vertex X="11361" Y="25209" Z="0"/>
					<Vertex X="11361" Y="24960" Z="0"/>
					<Vertex X="11361" Y="24794" Z="0"/>
					<Vertex X="11278" Y="24711" Z="0"/>
					<Vertex X="11278" Y="24380" Z="0"/>
					<Vertex X="11278" Y="24297" Z="0"/>
					<Vertex X="11278" Y="24214" Z="0"/>
					<Vertex X="11195" Y="23965" Z="0"/>
					<Vertex X="11195" Y="23882" Z="0"/>
					<Vertex X="11195" Y="23716" Z="0"/>
					<Vertex X="11195" Y="23468" Z="0"/>
					<Vertex X="11195" Y="23385" Z="0"/>
					<Vertex X="11195" Y="23302" Z="0"/>
					<Vertex X="11195" Y="23219" Z="0"/>
					<Vertex X="11195" Y="23053" Z="0"/>
					<Vertex X="11195" Y="22970" Z="0"/>
					<Vertex X="11195" Y="22804" Z="0"/>
					<Vertex X="11195" Y="22638" Z="0"/>
					<Vertex X="11195" Y="22473" Z="0"/>
					<Vertex X="11195" Y="22390" Z="0"/>
					<Vertex X="11195" Y="22224" Z="0"/>
					<Vertex X="11278" Y="21975" Z="0"/>
					<Vertex X="11361" Y="21809" Z="0"/>
					<Vertex X="11444" Y="21726" Z="0"/>
					<Vertex X="11444" Y="21560" Z="0"/>
					<Vertex X="11527" Y="21312" Z="0"/>
					<Vertex X="11692" Y="21063" Z="0"/>
					<Vertex X="11692" Y="20980" Z="0"/>
					<Vertex X="11775" Y="20814" Z="0"/>
					<Vertex X="11858" Y="20648" Z="0"/>
					<Vertex X="11941" Y="20316" Z="0"/>
					<Vertex X="12107" Y="20068" Z="0"/>
					<Vertex X="12107" Y="19985" Z="0"/>
					<Vertex X="12190" Y="19819" Z="0"/>
					<Vertex X="12273" Y="19653" Z="0"/>
					<Vertex X="12273" Y="19570" Z="0"/>
					<Vertex X="12273" Y="19404" Z="0"/>
					<Vertex X="12356" Y="19238" Z="0"/>
					<Vertex X="12356" Y="18990" Z="0"/>
					<Vertex X="12439" Y="18741" Z="0"/>
					<Vertex X="12522" Y="18492" Z="0"/>
					<Vertex X="12522" Y="18326" Z="0"/>
					<Vertex X="12522" Y="18160" Z="0"/>
					<Vertex X="12522" Y="17912" Z="0"/>
					<Vertex X="12522" Y="17746" Z="0"/>
					<Vertex X="12522" Y="17580" Z="0"/>
					<Vertex X="12605" Y="17414" Z="0"/>
					<Vertex X="12605" Y="17248" Z="0"/>
					<Vertex X="12687" Y="17082" Z="0"/>
					<Vertex X="12687" Y="16999" Z="0"/>
					<Vertex X="12687" Y="16917" Z="0"/>
					<Vertex X="12687" Y="16834" Z="0"/>
					<Vertex X="12770" Y="16751" Z="0"/>
					<Vertex X="12936" Y="16585" Z="0"/>
					<Vertex X="13019" Y="16170" Z="0"/>
					<Vertex X="13185" Y="16004" Z="0"/>
					<Vertex X="13351" Y="15756" Z="0"/>
					<Vertex X="13517" Y="15507" Z="0"/>
					<Vertex X="13683" Y="15175" Z="0"/>
					<Vertex X="13765" Y="15092" Z="0"/>
					<Vertex X="13848" Y="14926" Z="0"/>
					<Vertex X="13931" Y="14843" Z="0"/>
					<Vertex X="14014" Y="14761" Z="0"/>
					<Vertex X="14014" Y="14678" Z="0"/>
					<Vertex X="14180" Y="14512" Z="0"/>
					<Vertex X="14263" Y="14346" Z="0"/>
					<Vertex X="14512" Y="14014" Z="0"/>
					<Vertex X="14678" Y="13848" Z="0"/>
					<Vertex X="14761" Y="13765" Z="0"/>
					<Vertex X="14843" Y="13517" Z="0"/>
					<Vertex X="14926" Y="13434" Z="0"/>
					<Vertex X="15009" Y="13268" Z="0"/>
					<Vertex X="15092" Y="13102" Z="0"/>
					<Vertex X="15341" Y="12687" Z="0"/>
					<Vertex X="15590" Y="12439" Z="0"/>
					<Vertex X="15756" Y="12024" Z="0"/>
					<Vertex X="15922" Y="11858" Z="0"/>
					<Vertex X="16004" Y="11692" Z="0"/>
					<Vertex X="16170" Y="11444" Z="0"/>
					<Vertex X="16170" Y="11278" Z="0"/>
					<Vertex X="16253" Y="11195" Z="0"/>
					<Vertex X="16336" Y="11112" Z="0"/>
					<Vertex X="16419" Y="10946" Z="0"/>
					<Vertex X="16502" Y="10780" Z="0"/>
					<Vertex X="16585" Y="10614" Z="0"/>
					<Vertex X="16834" Y="10366" Z="0"/>
					<Vertex X="16917" Y="10117" Z="0"/>
					<Vertex X="17082" Y="9951" Z="0"/>
					<Vertex X="17082" Y="9868" Z="0"/>
					<Vertex X="17082" Y="9785" Z="0"/>
					<Vertex X="17165" Y="9702" Z="0"/>
					<Vertex X="17248" Y="9619" Z="0"/>
					<Vertex X="17331" Y="9453" Z="0"/>
					<Vertex X="17414" Y="9205" Z="0"/>
					<Vertex X="17497" Y="9039" Z="0"/>
					<Vertex X="17663" Y="8873" Z="0"/>
					<Vertex X="17663" Y="8790" Z="0"/>
					<Vertex X="17663" Y="8707" Z="0"/>
					<Vertex X="17829" Y="8458" Z="0"/>
					<Vertex X="17829" Y="8375" Z="0"/>
					<Vertex X="17829" Y="8209" Z="0"/>
					<Vertex X="17912" Y="8127" Z="0"/>
					<Vertex X="18078" Y="7878" Z="0"/>
					<Vertex X="18160" Y="7463" Z="0"/>
					<Vertex X="18243" Y="7297" Z="0"/>
					<Vertex X="18326" Y="7049" Z="0"/>
					<Vertex X="18409" Y="6966" Z="0"/>
					<Vertex X="18409" Y="6800" Z="0"/>
					<Vertex X="18492" Y="6551" Z="0"/>
					<Vertex X="18492" Y="6385" Z="0"/>
					<Vertex X="18575" Y="6219" Z="0"/>
					<Vertex X="18658" Y="6136" Z="0"/>
					<Vertex X="18658" Y="6053" Z="0"/>
					<Vertex X="18658" Y="5888" Z="0"/>
					<Vertex X="18824" Y="5473" Z="0"/>
					<Vertex X="18907" Y="5224" Z="0"/>
					<Vertex X="18907" Y="5141" Z="0"/>
					<Vertex X="18990" Y="5141" Z="0"/>
					<Vertex X="18990" Y="4975" Z="0"/>
					<Vertex X="18990" Y="4892" Z="0"/>
					<Vertex X="18990" Y="4810" Z="0"/>
					<Vertex X="18990" Y="4727" Z="0"/>
					<Vertex X="19073" Y="4727" Z="0"/>
					<Vertex X="19902" Y="3897" Z="0"/>
				</Vertices>
			</Region>
			<Region Id="2" Type="0" Zoom="0.015057" Selected="1" ImageLocation="" ImageFocus="-1" Length="159895.0" Area="1880155891.0" LengthMicrons="40373.5" AreaMicrons="119871686.8" Text="" NegativeROA="0" InputRegionId="0" Analyze="1" DisplayId="2">
				<Attributes/>
				<Vertices>
					<Vertex X="42873" Y="28538" Z="0"/>
					<Vertex X="42282" Y="28538" Z="0"/>
					<Vertex X="41756" Y="28538" Z="0"/>
					<Vertex X="40769" Y="28538" Z="0"/>
					<Vertex X="40440" Y="28538" Z="0"/>
					<Vertex X="40309" Y="28538" Z="0"/>
					<Vertex X="40177" Y="28538" Z="0"/>
					<Vertex X="40046" Y="28604" Z="0"/>
					<Vertex X="39717" Y="28867" Z="0"/>
					<Vertex X="39323" Y="29196" Z="0"/>
					<Vertex X="39257" Y="29328" Z="0"/>
					<Vertex X="39191" Y="29328" Z="0"/>
					<Vertex X="39125" Y="29459" Z="0"/>
					<Vertex X="39060" Y="29459" Z="0"/>
					<Vertex X="39060" Y="29525" Z="0"/>
					<Vertex X="38994" Y="29525" Z="0"/>
					<Vertex X="38928" Y="29656" Z="0"/>
					<Vertex X="38796" Y="29722" Z="0"/>
					<Vertex X="38599" Y="29919" Z="0"/>
					<Vertex X="38270" Y="30051" Z="0"/>
					<Vertex X="38073" Y="30248" Z="0"/>
					<Vertex X="37876" Y="30380" Z="0"/>
					<Vertex X="37613" Y="30511" Z="0"/>
					<Vertex X="37416" Y="30643" Z="0"/>
					<Vertex X="37284" Y="30708" Z="0"/>
					<Vertex X="37153" Y="30774" Z="0"/>
					<Vertex X="37087" Y="30840" Z="0"/>
					<Vertex X="37021" Y="30906" Z="0"/>
					<Vertex X="36890" Y="31037" Z="0"/>
					<Vertex X="36758" Y="31103" Z="0"/>
					<Vertex X="36692" Y="31169" Z="0"/>
					<Vertex X="36495" Y="31235" Z="0"/>
					<Vertex X="36298" Y="31432" Z="0"/>
					<Vertex X="36100" Y="31498" Z="0"/>
					<Vertex X="35903" Y="31629" Z="0"/>
					<Vertex X="35772" Y="31761" Z="0"/>
					<Vertex X="35509" Y="31892" Z="0"/>
					<Vertex X="35246" Y="32089" Z="0"/>
					<Vertex X="35180" Y="32089" Z="0"/>
					<Vertex X="35048" Y="32221" Z="0"/>
					<Vertex X="34917" Y="32221" Z="0"/>
					<Vertex X="34785" Y="32352" Z="0"/>
					<Vertex X="34720" Y="32352" Z="0"/>
					<Vertex X="34720" Y="32418" Z="0"/>
					<Vertex X="34654" Y="32484" Z="0"/>
					<Vertex X="34588" Y="32615" Z="0"/>
					<Vertex X="34456" Y="32681" Z="0"/>
					<Vertex X="34391" Y="32813" Z="0"/>
					<Vertex X="34259" Y="32944" Z="0"/>
					<Vertex X="34062" Y="33076" Z="0"/>
					<Vertex X="33865" Y="33273" Z="0"/>
					<Vertex X="33667" Y="33405" Z="0"/>
					<Vertex X="33470" Y="33602" Z="0"/>
					<Vertex X="33207" Y="33733" Z="0"/>
					<Vertex X="33010" Y="33865" Z="0"/>
					<Vertex X="32878" Y="33996" Z="0"/>
					<Vertex X="32615" Y="34194" Z="0"/>
					<Vertex X="32484" Y="34325" Z="0"/>
					<Vertex X="32418" Y="34457" Z="0"/>
					<Vertex X="32286" Y="34588" Z="0"/>
					<Vertex X="32155" Y="34654" Z="0"/>
					<Vertex X="32089" Y="34785" Z="0"/>
					<Vertex X="31892" Y="34917" Z="0"/>
					<Vertex X="31892" Y="34983" Z="0"/>
					<Vertex X="31760" Y="35114" Z="0"/>
					<Vertex X="31629" Y="35312" Z="0"/>
					<Vertex X="31563" Y="35377" Z="0"/>
					<Vertex X="31432" Y="35509" Z="0"/>
					<Vertex X="31169" Y="35903" Z="0"/>
					<Vertex X="31037" Y="36035" Z="0"/>
					<Vertex X="30708" Y="36364" Z="0"/>
					<Vertex X="30643" Y="36495" Z="0"/>
					<Vertex X="30380" Y="36890" Z="0"/>
					<Vertex X="30248" Y="37021" Z="0"/>
					<Vertex X="30116" Y="37218" Z="0"/>
					<Vertex X="30051" Y="37482" Z="0"/>
					<Vertex X="29919" Y="37613" Z="0"/>
					<Vertex X="29722" Y="37942" Z="0"/>
					<Vertex X="29525" Y="38402" Z="0"/>
					<Vertex X="29459" Y="38665" Z="0"/>
					<Vertex X="29262" Y="38928" Z="0"/>
					<Vertex X="29130" Y="39125" Z="0"/>
					<Vertex X="29064" Y="39257" Z="0"/>
					<Vertex X="28933" Y="39454" Z="0"/>
					<Vertex X="28933" Y="39586" Z="0"/>
					<Vertex X="28801" Y="39783" Z="0"/>
					<Vertex X="28736" Y="39980" Z="0"/>
					<Vertex X="28736" Y="40112" Z="0"/>
					<Vertex X="28604" Y="40309" Z="0"/>
					<Vertex X="28538" Y="40506" Z="0"/>
					<Vertex X="28473" Y="40704" Z="0"/>
					<Vertex X="28473" Y="40769" Z="0"/>
					<Vertex X="28407" Y="40835" Z="0"/>
					<Vertex X="28407" Y="40967" Z="0"/>
					<Vertex X="28341" Y="41032" Z="0"/>
					<Vertex X="28341" Y="41098" Z="0"/>
					<Vertex X="28341" Y="41164" Z="0"/>
					<Vertex X="28341" Y="41295" Z="0"/>
					<Vertex X="28275" Y="41361" Z="0"/>
					<Vertex X="28275" Y="41493" Z="0"/>
					<Vertex X="28210" Y="41624" Z="0"/>
					<Vertex X="28210" Y="41822" Z="0"/>
					<Vertex X="28144" Y="42019" Z="0"/>
					<Vertex X="28078" Y="42282" Z="0"/>
					<Vertex X="28012" Y="42479" Z="0"/>
					<Vertex X="27946" Y="42676" Z="0"/>
					<Vertex X="27946" Y="42874" Z="0"/>
					<Vertex X="27881" Y="42939" Z="0"/>
					<Vertex X="27815" Y="43137" Z="0"/>
					<Vertex X="27815" Y="43268" Z="0"/>
					<Vertex X="27749" Y="43531" Z="0"/>
					<Vertex X="27683" Y="43728" Z="0"/>
					<Vertex X="27618" Y="43926" Z="0"/>
					<Vertex X="27552" Y="44189" Z="0"/>
					<Vertex X="27552" Y="44386" Z="0"/>
					<Vertex X="27486" Y="44583" Z="0"/>
					<Vertex X="27486" Y="44781" Z="0"/>
					<Vertex X="27420" Y="44912" Z="0"/>
					<Vertex X="27355" Y="45109" Z="0"/>
					<Vertex X="27355" Y="45307" Z="0"/>
					<Vertex X="27355" Y="45767" Z="0"/>
					<Vertex X="27355" Y="45964" Z="0"/>
					<Vertex X="27355" Y="46227" Z="0"/>
					<Vertex X="27355" Y="46293" Z="0"/>
					<Vertex X="27355" Y="46425" Z="0"/>
					<Vertex X="27355" Y="46622" Z="0"/>
					<Vertex X="27355" Y="46688" Z="0"/>
					<Vertex X="27355" Y="46885" Z="0"/>
					<Vertex X="27355" Y="47016" Z="0"/>
					<Vertex X="27355" Y="47214" Z="0"/>
					<Vertex X="27355" Y="47411" Z="0"/>
					<Vertex X="27420" Y="47542" Z="0"/>
					<Vertex X="27420" Y="47608" Z="0"/>
					<Vertex X="27486" Y="47805" Z="0"/>
					<Vertex X="27486" Y="47871" Z="0"/>
					<Vertex X="27486" Y="48068" Z="0"/>
					<Vertex X="27486" Y="48200" Z="0"/>
					<Vertex X="27552" Y="48331" Z="0"/>
					<Vertex X="27618" Y="48397" Z="0"/>
					<Vertex X="27618" Y="48595" Z="0"/>
					<Vertex X="27618" Y="48660" Z="0"/>
					<Vertex X="27618" Y="48726" Z="0"/>
					<Vertex X="27683" Y="48858" Z="0"/>
					<Vertex X="27683" Y="48923" Z="0"/>
					<Vertex X="27749" Y="49055" Z="0"/>
					<Vertex X="27749" Y="49121" Z="0"/>
					<Vertex X="27815" Y="49252" Z="0"/>
					<Vertex X="27946" Y="49449" Z="0"/>
					<Vertex X="27946" Y="49647" Z="0"/>
					<Vertex X="28078" Y="49910" Z="0"/>
					<Vertex X="28144" Y="50041" Z="0"/>
					<Vertex X="28210" Y="50173" Z="0"/>
					<Vertex X="28210" Y="50304" Z="0"/>
					<Vertex X="28341" Y="50436" Z="0"/>
					<Vertex X="28341" Y="50567" Z="0"/>
					<Vertex X="28407" Y="50699" Z="0"/>
					<Vertex X="28538" Y="50896" Z="0"/>
					<Vertex X="28604" Y="51093" Z="0"/>
					<Vertex X="28670" Y="51356" Z="0"/>
					<Vertex X="28801" Y="51619" Z="0"/>
					<Vertex X="28867" Y="51817" Z="0"/>
					<Vertex X="28933" Y="52080" Z="0"/>
					<Vertex X="28999" Y="52211" Z="0"/>
					<Vertex X="29064" Y="52277" Z="0"/>
					<Vertex X="29130" Y="52408" Z="0"/>
					<Vertex X="29130" Y="52474" Z="0"/>
					<Vertex X="29130" Y="52540" Z="0"/>
					<Vertex X="29130" Y="52606" Z="0"/>
					<Vertex X="29196" Y="52606" Z="0"/>
					<Vertex X="29196" Y="52671" Z="0"/>
					<Vertex X="29327" Y="52935" Z="0"/>
					<Vertex X="29985" Y="54447" Z="0"/>
					<Vertex X="30643" Y="55565" Z="0"/>
					<Vertex X="31234" Y="56617" Z="0"/>
					<Vertex X="31497" Y="57011" Z="0"/>
					<Vertex X="31760" Y="57406" Z="0"/>
					<Vertex X="31958" Y="57603" Z="0"/>
					<Vertex X="32155" Y="57866" Z="0"/>
					<Vertex X="32221" Y="57998" Z="0"/>
					<Vertex X="32286" Y="58129" Z="0"/>
					<Vertex X="32352" Y="58129" Z="0"/>
					<Vertex X="32418" Y="58195" Z="0"/>
					<Vertex X="32418" Y="58261" Z="0"/>
					<Vertex X="32484" Y="58261" Z="0"/>
					<Vertex X="32484" Y="58327" Z="0"/>
					<Vertex X="32615" Y="58458" Z="0"/>
					<Vertex X="32681" Y="58655" Z="0"/>
					<Vertex X="32878" Y="58918" Z="0"/>
					<Vertex X="32944" Y="59050" Z="0"/>
					<Vertex X="33076" Y="59181" Z="0"/>
					<Vertex X="33404" Y="59642" Z="0"/>
					<Vertex X="33602" Y="59971" Z="0"/>
					<Vertex X="33799" Y="60234" Z="0"/>
					<Vertex X="33930" Y="60497" Z="0"/>
					<Vertex X="34193" Y="60825" Z="0"/>
					<Vertex X="34391" Y="61220" Z="0"/>
					<Vertex X="34654" Y="61483" Z="0"/>
					<Vertex X="34851" Y="61746" Z="0"/>
					<Vertex X="34983" Y="61943" Z="0"/>
					<Vertex X="35180" Y="62206" Z="0"/>
					<Vertex X="35377" Y="62469" Z="0"/>
					<Vertex X="35509" Y="62732" Z="0"/>
					<Vertex X="35706" Y="62930" Z="0"/>
					<Vertex X="35772" Y="63061" Z="0"/>
					<Vertex X="35903" Y="63193" Z="0"/>
					<Vertex X="36100" Y="63456" Z="0"/>
					<Vertex X="36298" Y="63653" Z="0"/>
					<Vertex X="36495" Y="63850" Z="0"/>
					<Vertex X="36758" Y="64179" Z="0"/>
					<Vertex X="36890" Y="64311" Z="0"/>
					<Vertex X="37218" Y="64574" Z="0"/>
					<Vertex X="37481" Y="64705" Z="0"/>
					<Vertex X="37679" Y="64902" Z="0"/>
					<Vertex X="37942" Y="65100" Z="0"/>
					<Vertex X="38468" Y="65428" Z="0"/>
					<Vertex X="38665" Y="65691" Z="0"/>
					<Vertex X="39191" Y="65954" Z="0"/>
					<Vertex X="39454" Y="66152" Z="0"/>
					<Vertex X="39980" Y="66481" Z="0"/>
					<Vertex X="40375" Y="66744" Z="0"/>
					<Vertex X="40638" Y="67007" Z="0"/>
					<Vertex X="41164" Y="67270" Z="0"/>
					<Vertex X="41558" Y="67467" Z="0"/>
					<Vertex X="41821" Y="67730" Z="0"/>
					<Vertex X="42282" Y="67927" Z="0"/>
					<Vertex X="42610" Y="67993" Z="0"/>
					<Vertex X="42873" Y="68124" Z="0"/>
					<Vertex X="43136" Y="68256" Z="0"/>
					<Vertex X="43399" Y="68322" Z="0"/>
					<Vertex X="43531" Y="68322" Z="0"/>
					<Vertex X="43663" Y="68388" Z="0"/>
					<Vertex X="43728" Y="68388" Z="0"/>
					<Vertex X="43794" Y="68453" Z="0"/>
					<Vertex X="43860" Y="68453" Z="0"/>
					<Vertex X="44123" Y="68519" Z="0"/>
					<Vertex X="44320" Y="68585" Z="0"/>
					<Vertex X="44780" Y="68651" Z="0"/>
					<Vertex X="45043" Y="68716" Z="0"/>
					<Vertex X="45306" Y="68716" Z="0"/>
					<Vertex X="45504" Y="68782" Z="0"/>
					<Vertex X="45701" Y="68848" Z="0"/>
					<Vertex X="45767" Y="68848" Z="0"/>
					<Vertex X="45833" Y="68914" Z="0"/>
					<Vertex X="46030" Y="68914" Z="0"/>
					<Vertex X="46096" Y="68979" Z="0"/>
					<Vertex X="46227" Y="68979" Z="0"/>
					<Vertex X="46490" Y="69045" Z="0"/>
					<Vertex X="46753" Y="69045" Z="0"/>
					<Vertex X="47082" Y="69111" Z="0"/>
					<Vertex X="47411" Y="69177" Z="0"/>
					<Vertex X="47674" Y="69177" Z="0"/>
					<Vertex X="47871" Y="69177" Z="0"/>
					<Vertex X="48134" Y="69242" Z="0"/>
					<Vertex X="48463" Y="69242" Z="0"/>
					<Vertex X="48726" Y="69308" Z="0"/>
					<Vertex X="48989" Y="69308" Z="0"/>
					<Vertex X="49252" Y="69308" Z="0"/>
					<Vertex X="49581" Y="69308" Z="0"/>
					<Vertex X="49844" Y="69308" Z="0"/>
					<Vertex X="50107" Y="69308" Z="0"/>
					<Vertex X="50633" Y="69308" Z="0"/>
					<Vertex X="50830" Y="69308" Z="0"/>
					<Vertex X="51027" Y="69308" Z="0"/>
					<Vertex X="51225" Y="69308" Z="0"/>
					<Vertex X="51422" Y="69308" Z="0"/>
					<Vertex X="51685" Y="69308" Z="0"/>
					<Vertex X="52014" Y="69242" Z="0"/>
					<Vertex X="52408" Y="69177" Z="0"/>
					<Vertex X="53000" Y="69177" Z="0"/>
					<Vertex X="53395" Y="69111" Z="0"/>
					<Vertex X="53986" Y="68979" Z="0"/>
					<Vertex X="54447" Y="68914" Z="0"/>
					<Vertex X="54776" Y="68848" Z="0"/>
					<Vertex X="54973" Y="68782" Z="0"/>
					<Vertex X="55367" Y="68716" Z="0"/>
					<Vertex X="55565" Y="68651" Z="0"/>
					<Vertex X="55828" Y="68585" Z="0"/>
					<Vertex X="56156" Y="68519" Z="0"/>
					<Vertex X="56419" Y="68388" Z="0"/>
					<Vertex X="56748" Y="68322" Z="0"/>
					<Vertex X="56946" Y="68256" Z="0"/>
					<Vertex X="57143" Y="68256" Z="0"/>
					<Vertex X="57340" Y="68256" Z="0"/>
					<Vertex X="57603" Y="68190" Z="0"/>
					<Vertex X="57800" Y="68190" Z="0"/>
					<Vertex X="58063" Y="68124" Z="0"/>
					<Vertex X="59116" Y="68124" Z="0"/>
					<Vertex X="59707" Y="68124" Z="0"/>
					<Vertex X="60233" Y="68124" Z="0"/>
					<Vertex X="60759" Y="68124" Z="0"/>
					<Vertex X="61351" Y="68124" Z="0"/>
					<Vertex X="61746" Y="68059" Z="0"/>
					<Vertex X="62206" Y="68059" Z="0"/>
					<Vertex X="62469" Y="68059" Z="0"/>
					<Vertex X="62798" Y="67993" Z="0"/>
					<Vertex X="62995" Y="67927" Z="0"/>
					<Vertex X="63258" Y="67796" Z="0"/>
					<Vertex X="63456" Y="67730" Z="0"/>
					<Vertex X="63653" Y="67598" Z="0"/>
					<Vertex X="63916" Y="67467" Z="0"/>
					<Vertex X="64179" Y="67270" Z="0"/>
					<Vertex X="64376" Y="67138" Z="0"/>
					<Vertex X="64508" Y="67007" Z="0"/>
					<Vertex X="64705" Y="66875" Z="0"/>
					<Vertex X="64968" Y="66809" Z="0"/>
					<Vertex X="65165" Y="66546" Z="0"/>
					<Vertex X="65428" Y="66415" Z="0"/>
					<Vertex X="65626" Y="66218" Z="0"/>
					<Vertex X="66349" Y="65626" Z="0"/>
					<Vertex X="66612" Y="65428" Z="0"/>
					<Vertex X="66941" Y="65231" Z="0"/>
					<Vertex X="67138" Y="64968" Z="0"/>
					<Vertex X="67401" Y="64705" Z="0"/>
					<Vertex X="67532" Y="64508" Z="0"/>
					<Vertex X="67796" Y="64311" Z="0"/>
					<Vertex X="67927" Y="64179" Z="0"/>
					<Vertex X="68059" Y="64048" Z="0"/>
					<Vertex X="68190" Y="63850" Z="0"/>
					<Vertex X="68322" Y="63719" Z="0"/>
					<Vertex X="68453" Y="63587" Z="0"/>
					<Vertex X="68519" Y="63456" Z="0"/>
					<Vertex X="68716" Y="63258" Z="0"/>
					<Vertex X="68782" Y="63193" Z="0"/>
					<Vertex X="68848" Y="63127" Z="0"/>
					<Vertex X="68913" Y="62995" Z="0"/>
					<Vertex X="68979" Y="62930" Z="0"/>
					<Vertex X="69045" Y="62864" Z="0"/>
					<Vertex X="69111" Y="62864" Z="0"/>
					<Vertex X="69111" Y="62798" Z="0"/>
					<Vertex X="69111" Y="62732" Z="0"/>
					<Vertex X="69834" Y="62141" Z="0"/>
					<Vertex X="70952" Y="61417" Z="0"/>
					<Vertex X="71412" Y="61023" Z="0"/>
					<Vertex X="72530" Y="60102" Z="0"/>
					<Vertex X="72990" Y="59576" Z="0"/>
					<Vertex X="73319" Y="59247" Z="0"/>
					<Vertex X="73582" Y="58918" Z="0"/>
					<Vertex X="73845" Y="58524" Z="0"/>
					<Vertex X="74108" Y="58261" Z="0"/>
					<Vertex X="74306" Y="57932" Z="0"/>
					<Vertex X="74371" Y="57801" Z="0"/>
					<Vertex X="74503" Y="57603" Z="0"/>
					<Vertex X="74503" Y="57472" Z="0"/>
					<Vertex X="74569" Y="57406" Z="0"/>
					<Vertex X="74634" Y="57340" Z="0"/>
					<Vertex X="74634" Y="57275" Z="0"/>
					<Vertex X="74634" Y="57209" Z="0"/>
					<Vertex X="74634" Y="57143" Z="0"/>
					<Vertex X="74700" Y="57011" Z="0"/>
					<Vertex X="74766" Y="56946" Z="0"/>
					<Vertex X="74766" Y="56880" Z="0"/>
					<Vertex X="74766" Y="56748" Z="0"/>
					<Vertex X="74766" Y="56683" Z="0"/>
					<Vertex X="74897" Y="56420" Z="0"/>
					<Vertex X="74897" Y="56222" Z="0"/>
					<Vertex X="74963" Y="56025" Z="0"/>
					<Vertex X="75029" Y="55894" Z="0"/>
					<Vertex X="75095" Y="55762" Z="0"/>
					<Vertex X="75095" Y="55631" Z="0"/>
					<Vertex X="75160" Y="55433" Z="0"/>
					<Vertex X="75226" Y="55236" Z="0"/>
					<Vertex X="75226" Y="55039" Z="0"/>
					<Vertex X="75292" Y="54841" Z="0"/>
					<Vertex X="75292" Y="54644" Z="0"/>
					<Vertex X="75358" Y="54315" Z="0"/>
					<Vertex X="75423" Y="54118" Z="0"/>
					<Vertex X="75489" Y="53855" Z="0"/>
					<Vertex X="75555" Y="53526" Z="0"/>
					<Vertex X="75621" Y="53329" Z="0"/>
					<Vertex X="75686" Y="52869" Z="0"/>
					<Vertex X="75686" Y="52606" Z="0"/>
					<Vertex X="75752" Y="52277" Z="0"/>
					<Vertex X="75752" Y="52014" Z="0"/>
					<Vertex X="75818" Y="51685" Z="0"/>
					<Vertex X="75818" Y="51488" Z="0"/>
					<Vertex X="75884" Y="51291" Z="0"/>
					<Vertex X="75949" Y="50962" Z="0"/>
					<Vertex X="75949" Y="50765" Z="0"/>
					<Vertex X="75949" Y="50567" Z="0"/>
					<Vertex X="76015" Y="50304" Z="0"/>
					<Vertex X="76015" Y="50107" Z="0"/>
					<Vertex X="76081" Y="49975" Z="0"/>
					<Vertex X="76081" Y="49778" Z="0"/>
					<Vertex X="76147" Y="49581" Z="0"/>
					<Vertex X="76212" Y="49384" Z="0"/>
					<Vertex X="76212" Y="49055" Z="0"/>
					<Vertex X="76278" Y="48660" Z="0"/>
					<Vertex X="76278" Y="48331" Z="0"/>
					<Vertex X="76344" Y="48134" Z="0"/>
					<Vertex X="76344" Y="47871" Z="0"/>
					<Vertex X="76410" Y="47542" Z="0"/>
					<Vertex X="76410" Y="47345" Z="0"/>
					<Vertex X="76410" Y="47148" Z="0"/>
					<Vertex X="76410" Y="46951" Z="0"/>
					<Vertex X="76410" Y="46688" Z="0"/>
					<Vertex X="76410" Y="46556" Z="0"/>
					<Vertex X="76410" Y="46425" Z="0"/>
					<Vertex X="76410" Y="46359" Z="0"/>
					<Vertex X="76410" Y="46161" Z="0"/>
					<Vertex X="76410" Y="46096" Z="0"/>
					<Vertex X="76410" Y="46030" Z="0"/>
					<Vertex X="76410" Y="45964" Z="0"/>
					<Vertex X="76476" Y="45044" Z="0"/>
					<Vertex X="76739" Y="43860" Z="0"/>
					<Vertex X="76804" Y="43334" Z="0"/>
					<Vertex X="76870" Y="42808" Z="0"/>
					<Vertex X="76936" Y="42348" Z="0"/>
					<Vertex X="76936" Y="41822" Z="0"/>
					<Vertex X="77067" Y="41230" Z="0"/>
					<Vertex X="77067" Y="41032" Z="0"/>
					<Vertex X="77067" Y="40901" Z="0"/>
					<Vertex X="77067" Y="40835" Z="0"/>
					<Vertex X="77067" Y="40638" Z="0"/>
					<Vertex X="77067" Y="40572" Z="0"/>
					<Vertex X="77067" Y="40375" Z="0"/>
					<Vertex X="77067" Y="40309" Z="0"/>
					<Vertex X="77067" Y="40243" Z="0"/>
					<Vertex X="77067" Y="39849" Z="0"/>
					<Vertex X="77067" Y="39652" Z="0"/>
					<Vertex X="77067" Y="39388" Z="0"/>
					<Vertex X="77067" Y="39125" Z="0"/>
					<Vertex X="77067" Y="38862" Z="0"/>
					<Vertex X="77067" Y="38534" Z="0"/>
					<Vertex X="77067" Y="38336" Z="0"/>
					<Vertex X="77067" Y="38205" Z="0"/>
					<Vertex X="77067" Y="37810" Z="0"/>
					<Vertex X="77067" Y="37613" Z="0"/>
					<Vertex X="77067" Y="37416" Z="0"/>
					<Vertex X="77067" Y="37284" Z="0"/>
					<Vertex X="77067" Y="37153" Z="0"/>
					<Vertex X="77067" Y="37021" Z="0"/>
					<Vertex X="77067" Y="36955" Z="0"/>
					<Vertex X="77067" Y="36824" Z="0"/>
					<Vertex X="77067" Y="36692" Z="0"/>
					<Vertex X="77002" Y="36495" Z="0"/>
					<Vertex X="77002" Y="36429" Z="0"/>
					<Vertex X="76936" Y="36232" Z="0"/>
					<Vertex X="76870" Y="36166" Z="0"/>
					<Vertex X="76870" Y="36035" Z="0"/>
					<Vertex X="76739" Y="35903" Z="0"/>
					<Vertex X="76673" Y="35706" Z="0"/>
					<Vertex X="76673" Y="35575" Z="0"/>
					<Vertex X="76541" Y="35377" Z="0"/>
					<Vertex X="76541" Y="35246" Z="0"/>
					<Vertex X="76476" Y="35180" Z="0"/>
					<Vertex X="76344" Y="34983" Z="0"/>
					<Vertex X="76278" Y="34720" Z="0"/>
					<Vertex X="76212" Y="34588" Z="0"/>
					<Vertex X="76081" Y="34391" Z="0"/>
					<Vertex X="75949" Y="34194" Z="0"/>
					<Vertex X="75884" Y="34062" Z="0"/>
					<Vertex X="75818" Y="33996" Z="0"/>
					<Vertex X="75752" Y="33865" Z="0"/>
					<Vertex X="75752" Y="33799" Z="0"/>
					<Vertex X="75621" Y="33668" Z="0"/>
					<Vertex X="75489" Y="33405" Z="0"/>
					<Vertex X="75423" Y="33273" Z="0"/>
					<Vertex X="75358" Y="33142" Z="0"/>
					<Vertex X="75292" Y="33010" Z="0"/>
					<Vertex X="75292" Y="32878" Z="0"/>
					<Vertex X="75160" Y="32615" Z="0"/>
					<Vertex X="75095" Y="32418" Z="0"/>
					<Vertex X="74963" Y="32089" Z="0"/>
					<Vertex X="74832" Y="31695" Z="0"/>
					<Vertex X="74766" Y="31498" Z="0"/>
					<Vertex X="74569" Y="31169" Z="0"/>
					<Vertex X="74569" Y="30972" Z="0"/>
					<Vertex X="74437" Y="30840" Z="0"/>
					<Vertex X="74371" Y="30643" Z="0"/>
					<Vertex X="74371" Y="30577" Z="0"/>
					<Vertex X="74306" Y="30445" Z="0"/>
					<Vertex X="74174" Y="30117" Z="0"/>
					<Vertex X="74108" Y="29919" Z="0"/>
					<Vertex X="74042" Y="29854" Z="0"/>
					<Vertex X="73977" Y="29591" Z="0"/>
					<Vertex X="73845" Y="29393" Z="0"/>
					<Vertex X="73714" Y="29196" Z="0"/>
					<Vertex X="73648" Y="29065" Z="0"/>
					<Vertex X="73582" Y="28802" Z="0"/>
					<Vertex X="73451" Y="28736" Z="0"/>
					<Vertex X="73451" Y="28604" Z="0"/>
					<Vertex X="73253" Y="28275" Z="0"/>
					<Vertex X="73122" Y="28210" Z="0"/>
					<Vertex X="73056" Y="28078" Z="0"/>
					<Vertex X="72925" Y="27749" Z="0"/>
					<Vertex X="72530" Y="27223" Z="0"/>
					<Vertex X="72333" Y="27026" Z="0"/>
					<Vertex X="72070" Y="26829" Z="0"/>
					<Vertex X="71938" Y="26632" Z="0"/>
					<Vertex X="71609" Y="26303" Z="0"/>
					<Vertex X="71346" Y="25974" Z="0"/>
					<Vertex X="71083" Y="25711" Z="0"/>
					<Vertex X="70886" Y="25579" Z="0"/>
					<Vertex X="70426" Y="25119" Z="0"/>
					<Vertex X="70031" Y="24856" Z="0"/>
					<Vertex X="69637" Y="24527" Z="0"/>
					<Vertex X="69242" Y="24264" Z="0"/>
					<Vertex X="68979" Y="24067" Z="0"/>
					<Vertex X="68585" Y="23804" Z="0"/>
					<Vertex X="68519" Y="23738" Z="0"/>
					<Vertex X="68453" Y="23672" Z="0"/>
					<Vertex X="68387" Y="23672" Z="0"/>
					<Vertex X="68322" Y="23672" Z="0"/>
					<Vertex X="68256" Y="23607" Z="0"/>
					<Vertex X="68124" Y="23475" Z="0"/>
					<Vertex X="67598" Y="23278" Z="0"/>
					<Vertex X="67138" Y="23015" Z="0"/>
					<Vertex X="66612" Y="22752" Z="0"/>
					<Vertex X="65494" Y="22160" Z="0"/>
					<Vertex X="64968" Y="21897" Z="0"/>
					<Vertex X="64705" Y="21700" Z="0"/>
					<Vertex X="64376" Y="21502" Z="0"/>
					<Vertex X="64179" Y="21371" Z="0"/>
					<Vertex X="64047" Y="21305" Z="0"/>
					<Vertex X="64047" Y="21239" Z="0"/>
					<Vertex X="63982" Y="21239" Z="0"/>
					<Vertex X="63850" Y="21174" Z="0"/>
					<Vertex X="63192" Y="20713" Z="0"/>
					<Vertex X="62601" Y="20319" Z="0"/>
					<Vertex X="62272" Y="20187" Z="0"/>
					<Vertex X="62075" Y="20056" Z="0"/>
					<Vertex X="61877" Y="19924" Z="0"/>
					<Vertex X="61746" Y="19859" Z="0"/>
					<Vertex X="61680" Y="19859" Z="0"/>
					<Vertex X="61680" Y="19793" Z="0"/>
					<Vertex X="61286" Y="19595" Z="0"/>
					<Vertex X="61154" Y="19530" Z="0"/>
					<Vertex X="61088" Y="19398" Z="0"/>
					<Vertex X="60891" Y="19332" Z="0"/>
					<Vertex X="60694" Y="19201" Z="0"/>
					<Vertex X="60562" Y="19135" Z="0"/>
					<Vertex X="60365" Y="19004" Z="0"/>
					<Vertex X="60036" Y="18872" Z="0"/>
					<Vertex X="59773" Y="18675" Z="0"/>
					<Vertex X="59576" Y="18675" Z="0"/>
					<Vertex X="59379" Y="18543" Z="0"/>
					<Vertex X="59181" Y="18478" Z="0"/>
					<Vertex X="59116" Y="18478" Z="0"/>
					<Vertex X="58721" Y="18346" Z="0"/>
					<Vertex X="57932" Y="18346" Z="0"/>
					<Vertex X="57669" Y="18346" Z="0"/>
					<Vertex X="57340" Y="18346" Z="0"/>
					<Vertex X="57274" Y="18346" Z="0"/>
					<Vertex X="57209" Y="18346" Z="0"/>
					<Vertex X="57143" Y="18346" Z="0"/>
					<Vertex X="57077" Y="18346" Z="0"/>
					<Vertex X="57011" Y="18346" Z="0"/>
					<Vertex X="56880" Y="18346" Z="0"/>
					<Vertex X="56419" Y="18543" Z="0"/>
					<Vertex X="56156" Y="18543" Z="0"/>
					<Vertex X="55696" Y="18675" Z="0"/>
					<Vertex X="55565" Y="18675" Z="0"/>
					<Vertex X="55499" Y="18741" Z="0"/>
					<Vertex X="55302" Y="18741" Z="0"/>
					<Vertex X="55236" Y="18741" Z="0"/>
					<Vertex X="55039" Y="18741" Z="0"/>
					<Vertex X="54973" Y="18806" Z="0"/>
					<Vertex X="54776" Y="18872" Z="0"/>
					<Vertex X="54710" Y="18872" Z="0"/>
					<Vertex X="54644" Y="18872" Z="0"/>
					<Vertex X="54513" Y="19004" Z="0"/>
					<Vertex X="54315" Y="19069" Z="0"/>
					<Vertex X="53986" Y="19135" Z="0"/>
					<Vertex X="53921" Y="19201" Z="0"/>
					<Vertex X="53723" Y="19267" Z="0"/>
					<Vertex X="53395" Y="19332" Z="0"/>
					<Vertex X="53329" Y="19332" Z="0"/>
					<Vertex X="53197" Y="19398" Z="0"/>
					<Vertex X="52869" Y="19464" Z="0"/>
					<Vertex X="52803" Y="19530" Z="0"/>
					<Vertex X="52737" Y="19595" Z="0"/>
					<Vertex X="52408" Y="19727" Z="0"/>
					<Vertex X="52211" Y="19793" Z="0"/>
					<Vertex X="51948" Y="19924" Z="0"/>
					<Vertex X="51882" Y="19924" Z="0"/>
					<Vertex X="51816" Y="19990" Z="0"/>
					<Vertex X="51685" Y="20056" Z="0"/>
					<Vertex X="51619" Y="20056" Z="0"/>
					<Vertex X="51488" Y="20122" Z="0"/>
					<Vertex X="51290" Y="20253" Z="0"/>
					<Vertex X="51159" Y="20385" Z="0"/>
					<Vertex X="51093" Y="20385" Z="0"/>
					<Vertex X="50962" Y="20516" Z="0"/>
					<Vertex X="50896" Y="20516" Z="0"/>
					<Vertex X="50699" Y="20713" Z="0"/>
					<Vertex X="50567" Y="20779" Z="0"/>
					<Vertex X="50304" Y="20976" Z="0"/>
					<Vertex X="50173" Y="21042" Z="0"/>
					<Vertex X="49975" Y="21108" Z="0"/>
					<Vertex X="49712" Y="21239" Z="0"/>
					<Vertex X="49646" Y="21305" Z="0"/>
					<Vertex X="49515" Y="21371" Z="0"/>
					<Vertex X="49318" Y="21502" Z="0"/>
					<Vertex X="49186" Y="21568" Z="0"/>
					<Vertex X="48989" Y="21700" Z="0"/>
					<Vertex X="48923" Y="21700" Z="0"/>
					<Vertex X="48857" Y="21765" Z="0"/>
					<Vertex X="48726" Y="21897" Z="0"/>
					<Vertex X="48594" Y="21963" Z="0"/>
					<Vertex X="48463" Y="22094" Z="0"/>
					<Vertex X="48331" Y="22160" Z="0"/>
					<Vertex X="48266" Y="22292" Z="0"/>
					<Vertex X="48068" Y="22423" Z="0"/>
					<Vertex X="48003" Y="22489" Z="0"/>
					<Vertex X="47805" Y="22620" Z="0"/>
					<Vertex X="47674" Y="22752" Z="0"/>
					<Vertex X="47411" Y="22949" Z="0"/>
					<Vertex X="47279" Y="23081" Z="0"/>
					<Vertex X="47213" Y="23081" Z="0"/>
					<Vertex X="47082" Y="23212" Z="0"/>
					<Vertex X="47082" Y="23278" Z="0"/>
					<Vertex X="46950" Y="23344" Z="0"/>
					<Vertex X="46753" Y="23541" Z="0"/>
					<Vertex X="46687" Y="23607" Z="0"/>
					<Vertex X="46227" Y="24067" Z="0"/>
					<Vertex X="46030" Y="24264" Z="0"/>
					<Vertex X="45767" Y="24396" Z="0"/>
					<Vertex X="45504" Y="24659" Z="0"/>
					<Vertex X="45306" Y="24725" Z="0"/>
					<Vertex X="45175" Y="24856" Z="0"/>
					<Vertex X="45175" Y="24922" Z="0"/>
					<Vertex X="45109" Y="25053" Z="0"/>
					<Vertex X="45043" Y="25053" Z="0"/>
					<Vertex X="44978" Y="25119" Z="0"/>
					<Vertex X="44912" Y="25251" Z="0"/>
					<Vertex X="44846" Y="25382" Z="0"/>
					<Vertex X="44780" Y="25382" Z="0"/>
					<Vertex X="44780" Y="25448" Z="0"/>
					<Vertex X="44649" Y="25579" Z="0"/>
					<Vertex X="44517" Y="25777" Z="0"/>
					<Vertex X="44452" Y="25842" Z="0"/>
					<Vertex X="44386" Y="25908" Z="0"/>
					<Vertex X="44320" Y="25974" Z="0"/>
					<Vertex X="44189" Y="26105" Z="0"/>
					<Vertex X="44189" Y="26171" Z="0"/>
					<Vertex X="44123" Y="26237" Z="0"/>
					<Vertex X="44123" Y="26303" Z="0"/>
					<Vertex X="44057" Y="26368" Z="0"/>
					<Vertex X="44057" Y="26434" Z="0"/>
					<Vertex X="43991" Y="26500" Z="0"/>
					<Vertex X="43926" Y="26566" Z="0"/>
					<Vertex X="43926" Y="26632" Z="0"/>
					<Vertex X="43860" Y="26697" Z="0"/>
					<Vertex X="43860" Y="26763" Z="0"/>
					<Vertex X="43860" Y="26829" Z="0"/>
					<Vertex X="43794" Y="26829" Z="0"/>
					<Vertex X="43728" Y="26960" Z="0"/>
					<Vertex X="43728" Y="27026" Z="0"/>
					<Vertex X="43663" Y="27092" Z="0"/>
					<Vertex X="43663" Y="27223" Z="0"/>
					<Vertex X="43531" Y="27421" Z="0"/>
					<Vertex X="43465" Y="27552" Z="0"/>
					<Vertex X="43399" Y="27618" Z="0"/>
					<Vertex X="43334" Y="27684" Z="0"/>
					<Vertex X="43334" Y="27749" Z="0"/>
					<Vertex X="42873" Y="28538" Z="0"/>
				</Vertices>
			</Region>
		</Regions>
		<Plots/>
	</Annotation>
</Annotations>
