<Annotations MicronsPerPixel="0.252700">
	<Annotation Id="1" Name="" ReadOnly="0" NameReadOnly="0" LineColorReadOnly="0" Incremental="0" Type="4" LineColor="65535" Visible="1" Selected="1" MarkupImagePath="" MacroName="">
		<Attributes/>
		<Regions>
			<RegionAttributeHeaders/>
			<Region Id="1" Type="0" Zoom="0.007905" Selected="0" ImageLocation="" ImageFocus="-1" Length="108855.4" Area="618469248.0" LengthMicrons="27507.8" AreaMicrons="39493770.4" Text="" NegativeROA="0" InputRegionId="0" Analyze="1" DisplayId="1">
				<Attributes/>
				<Vertices>
					<Vertex X="35667" Y="36043" Z="0"/>
					<Vertex X="35917" Y="35041" Z="0"/>
					<Vertex X="35917" Y="34541" Z="0"/>
					<Vertex X="35917" Y="33790" Z="0"/>
					<Vertex X="35917" Y="33164" Z="0"/>
					<Vertex X="35917" Y="32664" Z="0"/>
					<Vertex X="35917" Y="32163" Z="0"/>
					<Vertex X="35917" Y="31537" Z="0"/>
					<Vertex X="35917" Y="31287" Z="0"/>
					<Vertex X="35917" Y="30912" Z="0"/>
					<Vertex X="36042" Y="30536" Z="0"/>
					<Vertex X="36167" Y="30286" Z="0"/>
					<Vertex X="36293" Y="29910" Z="0"/>
					<Vertex X="36418" Y="29660" Z="0"/>
					<Vertex X="36543" Y="29285" Z="0"/>
					<Vertex X="36543" Y="29034" Z="0"/>
					<Vertex X="36668" Y="28909" Z="0"/>
					<Vertex X="36543" Y="28158" Z="0"/>
					<Vertex X="36918" Y="28158" Z="0"/>
					<Vertex X="37043" Y="27908" Z="0"/>
					<Vertex X="37169" Y="27658" Z="0"/>
					<Vertex X="37294" Y="27407" Z="0"/>
					<Vertex X="37419" Y="27032" Z="0"/>
					<Vertex X="37669" Y="26782" Z="0"/>
					<Vertex X="37794" Y="26406" Z="0"/>
					<Vertex X="38045" Y="26156" Z="0"/>
					<Vertex X="37919" Y="25655" Z="0"/>
					<Vertex X="38420" Y="25655" Z="0"/>
					<Vertex X="38545" Y="25405" Z="0"/>
					<Vertex X="38796" Y="25155" Z="0"/>
					<Vertex X="39046" Y="25030" Z="0"/>
					<Vertex X="39296" Y="24779" Z="0"/>
					<Vertex X="39546" Y="24529" Z="0"/>
					<Vertex X="39797" Y="24404" Z="0"/>
					<Vertex X="40047" Y="24154" Z="0"/>
					<Vertex X="40422" Y="23903" Z="0"/>
					<Vertex X="41048" Y="23528" Z="0"/>
					<Vertex X="41299" Y="23278" Z="0"/>
					<Vertex X="41674" Y="23152" Z="0"/>
					<Vertex X="41674" Y="22777" Z="0"/>
					<Vertex X="42175" Y="22777" Z="0"/>
					<Vertex X="42550" Y="22652" Z="0"/>
					<Vertex X="42425" Y="22276" Z="0"/>
					<Vertex X="42925" Y="22402" Z="0"/>
					<Vertex X="43051" Y="21901" Z="0"/>
					<Vertex X="43551" Y="22026" Z="0"/>
					<Vertex X="43801" Y="21776" Z="0"/>
					<Vertex X="43801" Y="21400" Z="0"/>
					<Vertex X="44427" Y="21400" Z="0"/>
					<Vertex X="44678" Y="21275" Z="0"/>
					<Vertex X="44928" Y="20775" Z="0"/>
					<Vertex X="45053" Y="20649" Z="0"/>
					<Vertex X="45554" Y="20399" Z="0"/>
					<Vertex X="46179" Y="20399" Z="0"/>
					<Vertex X="46680" Y="20149" Z="0"/>
					<Vertex X="47180" Y="19899" Z="0"/>
					<Vertex X="47556" Y="19648" Z="0"/>
					<Vertex X="47806" Y="19148" Z="0"/>
					<Vertex X="48432" Y="19148" Z="0"/>
					<Vertex X="48807" Y="19022" Z="0"/>
					<Vertex X="48933" Y="19022" Z="0"/>
					<Vertex X="49433" Y="18897" Z="0"/>
					<Vertex X="49809" Y="19273" Z="0"/>
					<Vertex X="50059" Y="19273" Z="0"/>
					<Vertex X="50184" Y="19273" Z="0"/>
					<Vertex X="50309" Y="19273" Z="0"/>
					<Vertex X="50434" Y="19273" Z="0"/>
					<Vertex X="50434" Y="19022" Z="0"/>
					<Vertex X="50935" Y="19148" Z="0"/>
					<Vertex X="51060" Y="19022" Z="0"/>
					<Vertex X="51436" Y="18897" Z="0"/>
					<Vertex X="51310" Y="18522" Z="0"/>
					<Vertex X="51686" Y="18272" Z="0"/>
					<Vertex X="52061" Y="18522" Z="0"/>
					<Vertex X="52186" Y="18146" Z="0"/>
					<Vertex X="52687" Y="18272" Z="0"/>
					<Vertex X="52937" Y="18146" Z="0"/>
					<Vertex X="53188" Y="18021" Z="0"/>
					<Vertex X="53313" Y="18021" Z="0"/>
					<Vertex X="53563" Y="17896" Z="0"/>
					<Vertex X="53688" Y="17896" Z="0"/>
					<Vertex X="53813" Y="17896" Z="0"/>
					<Vertex X="53938" Y="17896" Z="0"/>
					<Vertex X="54189" Y="17896" Z="0"/>
					<Vertex X="54314" Y="17896" Z="0"/>
					<Vertex X="54439" Y="17646" Z="0"/>
					<Vertex X="54689" Y="17646" Z="0"/>
					<Vertex X="55065" Y="17896" Z="0"/>
					<Vertex X="55315" Y="17896" Z="0"/>
					<Vertex X="55440" Y="17896" Z="0"/>
					<Vertex X="55565" Y="17896" Z="0"/>
					<Vertex X="55816" Y="17896" Z="0"/>
					<Vertex X="56066" Y="17896" Z="0"/>
					<Vertex X="56567" Y="18021" Z="0"/>
					<Vertex X="56817" Y="18146" Z="0"/>
					<Vertex X="57192" Y="18146" Z="0"/>
					<Vertex X="57443" Y="18272" Z="0"/>
					<Vertex X="57568" Y="18272" Z="0"/>
					<Vertex X="57818" Y="18397" Z="0"/>
					<Vertex X="57943" Y="18522" Z="0"/>
					<Vertex X="58068" Y="18522" Z="0"/>
					<Vertex X="58444" Y="18647" Z="0"/>
					<Vertex X="58569" Y="18647" Z="0"/>
					<Vertex X="58694" Y="18647" Z="0"/>
					<Vertex X="58944" Y="18772" Z="0"/>
					<Vertex X="59070" Y="18772" Z="0"/>
					<Vertex X="59195" Y="18897" Z="0"/>
					<Vertex X="59195" Y="18647" Z="0"/>
					<Vertex X="59570" Y="18897" Z="0"/>
					<Vertex X="59695" Y="19022" Z="0"/>
					<Vertex X="59946" Y="19148" Z="0"/>
					<Vertex X="60196" Y="19273" Z="0"/>
					<Vertex X="60321" Y="19273" Z="0"/>
					<Vertex X="60321" Y="19148" Z="0"/>
					<Vertex X="60822" Y="19398" Z="0"/>
					<Vertex X="60947" Y="19523" Z="0"/>
					<Vertex X="61197" Y="19648" Z="0"/>
					<Vertex X="61322" Y="19773" Z="0"/>
					<Vertex X="61447" Y="19899" Z="0"/>
					<Vertex X="61573" Y="20024" Z="0"/>
					<Vertex X="61573" Y="20024" Z="0"/>
					<Vertex X="61948" Y="20524" Z="0"/>
					<Vertex X="62073" Y="20775" Z="0"/>
					<Vertex X="62198" Y="21150" Z="0"/>
					<Vertex X="62198" Y="21275" Z="0"/>
					<Vertex X="62574" Y="21901" Z="0"/>
					<Vertex X="62699" Y="22151" Z="0"/>
					<Vertex X="62449" Y="22151" Z="0"/>
					<Vertex X="62824" Y="22777" Z="0"/>
					<Vertex X="62949" Y="23027" Z="0"/>
					<Vertex X="62949" Y="23278" Z="0"/>
					<Vertex X="63074" Y="23403" Z="0"/>
					<Vertex X="62824" Y="23403" Z="0"/>
					<Vertex X="63074" Y="23903" Z="0"/>
					<Vertex X="63199" Y="24154" Z="0"/>
					<Vertex X="63199" Y="24279" Z="0"/>
					<Vertex X="63199" Y="24404" Z="0"/>
					<Vertex X="63199" Y="24654" Z="0"/>
					<Vertex X="62949" Y="24654" Z="0"/>
					<Vertex X="62949" Y="24904" Z="0"/>
					<Vertex X="63199" Y="25155" Z="0"/>
					<Vertex X="63074" Y="25280" Z="0"/>
					<Vertex X="62949" Y="25405" Z="0"/>
					<Vertex X="62699" Y="25280" Z="0"/>
					<Vertex X="62574" Y="25781" Z="0"/>
					<Vertex X="62824" Y="26156" Z="0"/>
					<Vertex X="62449" Y="26156" Z="0"/>
					<Vertex X="62699" Y="26657" Z="0"/>
					<Vertex X="62574" Y="27533" Z="0"/>
					<Vertex X="62574" Y="27658" Z="0"/>
					<Vertex X="62323" Y="27783" Z="0"/>
					<Vertex X="62574" Y="28409" Z="0"/>
					<Vertex X="62574" Y="28659" Z="0"/>
					<Vertex X="62574" Y="29160" Z="0"/>
					<Vertex X="62574" Y="29410" Z="0"/>
					<Vertex X="62574" Y="29785" Z="0"/>
					<Vertex X="62574" Y="30161" Z="0"/>
					<Vertex X="62574" Y="30286" Z="0"/>
					<Vertex X="62574" Y="30536" Z="0"/>
					<Vertex X="62198" Y="30912" Z="0"/>
					<Vertex X="62449" Y="31287" Z="0"/>
					<Vertex X="62449" Y="31412" Z="0"/>
					<Vertex X="62449" Y="31913" Z="0"/>
					<Vertex X="62449" Y="32288" Z="0"/>
					<Vertex X="62449" Y="33289" Z="0"/>
					<Vertex X="62449" Y="33915" Z="0"/>
					<Vertex X="62449" Y="34416" Z="0"/>
					<Vertex X="62449" Y="35041" Z="0"/>
					<Vertex X="62323" Y="35292" Z="0"/>
					<Vertex X="62699" Y="36418" Z="0"/>
					<Vertex X="62699" Y="36794" Z="0"/>
					<Vertex X="62699" Y="37044" Z="0"/>
					<Vertex X="62824" Y="37294" Z="0"/>
					<Vertex X="62574" Y="37419" Z="0"/>
					<Vertex X="62574" Y="37920" Z="0"/>
					<Vertex X="62824" Y="38420" Z="0"/>
					<Vertex X="62824" Y="38796" Z="0"/>
					<Vertex X="62824" Y="39046" Z="0"/>
					<Vertex X="62449" Y="39171" Z="0"/>
					<Vertex X="62574" Y="39797" Z="0"/>
					<Vertex X="62449" Y="40173" Z="0"/>
					<Vertex X="62198" Y="40548" Z="0"/>
					<Vertex X="62073" Y="40798" Z="0"/>
					<Vertex X="61948" Y="41049" Z="0"/>
					<Vertex X="61823" Y="41299" Z="0"/>
					<Vertex X="61447" Y="41424" Z="0"/>
					<Vertex X="61573" Y="41799" Z="0"/>
					<Vertex X="61447" Y="42050" Z="0"/>
					<Vertex X="61322" Y="42175" Z="0"/>
					<Vertex X="61072" Y="42425" Z="0"/>
					<Vertex X="60947" Y="42550" Z="0"/>
					<Vertex X="60571" Y="42550" Z="0"/>
					<Vertex X="60446" Y="43176" Z="0"/>
					<Vertex X="60071" Y="43051" Z="0"/>
					<Vertex X="60071" Y="43552" Z="0"/>
					<Vertex X="59946" Y="43677" Z="0"/>
					<Vertex X="59570" Y="43552" Z="0"/>
					<Vertex X="59695" Y="43927" Z="0"/>
					<Vertex X="59570" Y="44052" Z="0"/>
					<Vertex X="59445" Y="44177" Z="0"/>
					<Vertex X="59445" Y="44302" Z="0"/>
					<Vertex X="59320" Y="44428" Z="0"/>
					<Vertex X="59195" Y="44553" Z="0"/>
					<Vertex X="58944" Y="44803" Z="0"/>
					<Vertex X="58694" Y="44928" Z="0"/>
					<Vertex X="58319" Y="44803" Z="0"/>
					<Vertex X="58444" Y="45053" Z="0"/>
					<Vertex X="58068" Y="44928" Z="0"/>
					<Vertex X="58068" Y="45304" Z="0"/>
					<Vertex X="57943" Y="45304" Z="0"/>
					<Vertex X="57818" Y="45429" Z="0"/>
					<Vertex X="57568" Y="45429" Z="0"/>
					<Vertex X="57192" Y="45304" Z="0"/>
					<Vertex X="57317" Y="45554" Z="0"/>
					<Vertex X="57192" Y="45554" Z="0"/>
					<Vertex X="57067" Y="45679" Z="0"/>
					<Vertex X="56942" Y="45679" Z="0"/>
					<Vertex X="56692" Y="45804" Z="0"/>
					<Vertex X="56567" Y="45804" Z="0"/>
					<Vertex X="56441" Y="45804" Z="0"/>
					<Vertex X="56316" Y="45929" Z="0"/>
					<Vertex X="56191" Y="45929" Z="0"/>
					<Vertex X="56066" Y="46055" Z="0"/>
					<Vertex X="55941" Y="46055" Z="0"/>
					<Vertex X="55816" Y="46180" Z="0"/>
					<Vertex X="55691" Y="46180" Z="0"/>
					<Vertex X="55565" Y="46305" Z="0"/>
					<Vertex X="55190" Y="46055" Z="0"/>
					<Vertex X="55065" Y="46180" Z="0"/>
					<Vertex X="55065" Y="46555" Z="0"/>
					<Vertex X="54815" Y="46680" Z="0"/>
					<Vertex X="54689" Y="46805" Z="0"/>
					<Vertex X="54564" Y="46805" Z="0"/>
					<Vertex X="54314" Y="46931" Z="0"/>
					<Vertex X="54064" Y="46931" Z="0"/>
					<Vertex X="53813" Y="47056" Z="0"/>
					<Vertex X="53563" Y="47181" Z="0"/>
					<Vertex X="52937" Y="46931" Z="0"/>
					<Vertex X="52937" Y="47306" Z="0"/>
					<Vertex X="52812" Y="47306" Z="0"/>
					<Vertex X="52562" Y="47306" Z="0"/>
					<Vertex X="52186" Y="47306" Z="0"/>
					<Vertex X="51936" Y="47306" Z="0"/>
					<Vertex X="51561" Y="47306" Z="0"/>
					<Vertex X="51310" Y="47431" Z="0"/>
					<Vertex X="50935" Y="47431" Z="0"/>
					<Vertex X="50685" Y="47431" Z="0"/>
					<Vertex X="50059" Y="47181" Z="0"/>
					<Vertex X="49934" Y="47181" Z="0"/>
					<Vertex X="49934" Y="47556" Z="0"/>
					<Vertex X="49433" Y="47306" Z="0"/>
					<Vertex X="49308" Y="47556" Z="0"/>
					<Vertex X="48933" Y="47681" Z="0"/>
					<Vertex X="48682" Y="47681" Z="0"/>
					<Vertex X="47931" Y="47807" Z="0"/>
					<Vertex X="47681" Y="47807" Z="0"/>
					<Vertex X="47431" Y="47807" Z="0"/>
					<Vertex X="47306" Y="47807" Z="0"/>
					<Vertex X="46930" Y="47556" Z="0"/>
					<Vertex X="46930" Y="47807" Z="0"/>
					<Vertex X="46805" Y="47807" Z="0"/>
					<Vertex X="46680" Y="47807" Z="0"/>
					<Vertex X="46555" Y="47932" Z="0"/>
					<Vertex X="46304" Y="47932" Z="0"/>
					<Vertex X="46179" Y="47932" Z="0"/>
					<Vertex X="45929" Y="47932" Z="0"/>
					<Vertex X="45679" Y="47932" Z="0"/>
					<Vertex X="45428" Y="47932" Z="0"/>
					<Vertex X="45303" Y="47932" Z="0"/>
					<Vertex X="44928" Y="47681" Z="0"/>
					<Vertex X="44678" Y="47681" Z="0"/>
					<Vertex X="44552" Y="47556" Z="0"/>
					<Vertex X="44427" Y="47431" Z="0"/>
					<Vertex X="44427" Y="47306" Z="0"/>
					<Vertex X="44427" Y="47181" Z="0"/>
					<Vertex X="44427" Y="47056" Z="0"/>
					<Vertex X="44302" Y="46931" Z="0"/>
					<Vertex X="44302" Y="46805" Z="0"/>
					<Vertex X="44302" Y="46680" Z="0"/>
					<Vertex X="44177" Y="46555" Z="0"/>
					<Vertex X="44177" Y="46305" Z="0"/>
					<Vertex X="44177" Y="46180" Z="0"/>
					<Vertex X="43927" Y="45804" Z="0"/>
					<Vertex X="44177" Y="45679" Z="0"/>
					<Vertex X="44177" Y="45304" Z="0"/>
					<Vertex X="44177" Y="45179" Z="0"/>
					<Vertex X="44177" Y="45053" Z="0"/>
					<Vertex X="44177" Y="44928" Z="0"/>
					<Vertex X="44177" Y="44803" Z="0"/>
					<Vertex X="44177" Y="44553" Z="0"/>
					<Vertex X="44177" Y="44428" Z="0"/>
					<Vertex X="44052" Y="44428" Z="0"/>
					<Vertex X="44052" Y="44302" Z="0"/>
					<Vertex X="44052" Y="44177" Z="0"/>
					<Vertex X="43927" Y="43802" Z="0"/>
					<Vertex X="43927" Y="43677" Z="0"/>
					<Vertex X="43551" Y="43176" Z="0"/>
					<Vertex X="43551" Y="43051" Z="0"/>
					<Vertex X="43426" Y="42801" Z="0"/>
					<Vertex X="43301" Y="42550" Z="0"/>
					<Vertex X="43176" Y="42425" Z="0"/>
					<Vertex X="42925" Y="42050" Z="0"/>
					<Vertex X="42925" Y="41799" Z="0"/>
					<Vertex X="42800" Y="41674" Z="0"/>
					<Vertex X="42675" Y="41549" Z="0"/>
					<Vertex X="42675" Y="41424" Z="0"/>
					<Vertex X="42550" Y="41299" Z="0"/>
					<Vertex X="42550" Y="41174" Z="0"/>
					<Vertex X="42425" Y="41174" Z="0"/>
					<Vertex X="42300" Y="40923" Z="0"/>
					<Vertex X="42300" Y="40798" Z="0"/>
					<Vertex X="42175" Y="40673" Z="0"/>
					<Vertex X="42049" Y="40298" Z="0"/>
					<Vertex X="41674" Y="40047" Z="0"/>
					<Vertex X="41799" Y="39922" Z="0"/>
					<Vertex X="41674" Y="39797" Z="0"/>
					<Vertex X="41674" Y="39672" Z="0"/>
					<Vertex X="41424" Y="39422" Z="0"/>
					<Vertex X="41299" Y="39171" Z="0"/>
					<Vertex X="41299" Y="39046" Z="0"/>
					<Vertex X="41173" Y="39046" Z="0"/>
					<Vertex X="41048" Y="38921" Z="0"/>
					<Vertex X="40923" Y="38921" Z="0"/>
					<Vertex X="40923" Y="38796" Z="0"/>
					<Vertex X="40798" Y="38796" Z="0"/>
					<Vertex X="40673" Y="38671" Z="0"/>
					<Vertex X="40548" Y="38671" Z="0"/>
					<Vertex X="40422" Y="38671" Z="0"/>
					<Vertex X="40172" Y="38671" Z="0"/>
					<Vertex X="39922" Y="38546" Z="0"/>
					<Vertex X="39797" Y="38546" Z="0"/>
					<Vertex X="39421" Y="38295" Z="0"/>
					<Vertex X="39171" Y="38170" Z="0"/>
					<Vertex X="39171" Y="38420" Z="0"/>
					<Vertex X="39046" Y="38420" Z="0"/>
					<Vertex X="38921" Y="38295" Z="0"/>
					<Vertex X="38670" Y="38295" Z="0"/>
					<Vertex X="38670" Y="38170" Z="0"/>
					<Vertex X="38545" Y="38170" Z="0"/>
					<Vertex X="38170" Y="37920" Z="0"/>
					<Vertex X="38045" Y="37795" Z="0"/>
					<Vertex X="38045" Y="37920" Z="0"/>
					<Vertex X="37794" Y="37795" Z="0"/>
					<Vertex X="37669" Y="37670" Z="0"/>
					<Vertex X="37544" Y="37670" Z="0"/>
					<Vertex X="37419" Y="37544" Z="0"/>
					<Vertex X="37294" Y="37544" Z="0"/>
					<Vertex X="37169" Y="37419" Z="0"/>
					<Vertex X="37043" Y="37419" Z="0"/>
					<Vertex X="36918" Y="37294" Z="0"/>
					<Vertex X="36793" Y="37294" Z="0"/>
					<Vertex X="36668" Y="37169" Z="0"/>
					<Vertex X="36543" Y="37044" Z="0"/>
					<Vertex X="36543" Y="36919" Z="0"/>
					<Vertex X="36167" Y="36543" Z="0"/>
					<Vertex X="36293" Y="36668" Z="0"/>
					<Vertex X="36167" Y="36543" Z="0"/>
					<Vertex X="36042" Y="36418" Z="0"/>
					<Vertex X="35917" Y="36418" Z="0"/>
					<Vertex X="35917" Y="36293" Z="0"/>
					<Vertex X="35667" Y="36043" Z="0"/>
					<Vertex X="35667" Y="36043" Z="0"/>
				</Vertices>
			</Region>
			<Region Id="2" Type="0" Zoom="0.007905" Selected="0" ImageLocation="" ImageFocus="-1" Length="70607.1" Area="147349144.5" LengthMicrons="17842.4" AreaMicrons="9409317.1" Text="" NegativeROA="0" InputRegionId="0" Analyze="1" DisplayId="2">
				<Attributes/>
				<Vertices>
					<Vertex X="12264" Y="52687" Z="0"/>
					<Vertex X="12390" Y="52687" Z="0"/>
					<Vertex X="12390" Y="52437" Z="0"/>
					<Vertex X="12640" Y="52437" Z="0"/>
					<Vertex X="13140" Y="52687" Z="0"/>
					<Vertex X="13391" Y="52687" Z="0"/>
					<Vertex X="13641" Y="52687" Z="0"/>
					<Vertex X="13891" Y="52687" Z="0"/>
					<Vertex X="14017" Y="52437" Z="0"/>
					<Vertex X="14642" Y="52687" Z="0"/>
					<Vertex X="14767" Y="52437" Z="0"/>
					<Vertex X="15268" Y="52687" Z="0"/>
					<Vertex X="15143" Y="52437" Z="0"/>
					<Vertex X="15894" Y="52687" Z="0"/>
					<Vertex X="16144" Y="52687" Z="0"/>
					<Vertex X="16520" Y="52687" Z="0"/>
					<Vertex X="16770" Y="52562" Z="0"/>
					<Vertex X="17020" Y="52562" Z="0"/>
					<Vertex X="17270" Y="52437" Z="0"/>
					<Vertex X="17270" Y="52187" Z="0"/>
					<Vertex X="17521" Y="52062" Z="0"/>
					<Vertex X="18021" Y="52062" Z="0"/>
					<Vertex X="18272" Y="51937" Z="0"/>
					<Vertex X="18397" Y="51937" Z="0"/>
					<Vertex X="18522" Y="51436" Z="0"/>
					<Vertex X="18897" Y="51561" Z="0"/>
					<Vertex X="19273" Y="51311" Z="0"/>
					<Vertex X="19523" Y="51061" Z="0"/>
					<Vertex X="19773" Y="50810" Z="0"/>
					<Vertex X="20024" Y="50560" Z="0"/>
					<Vertex X="20274" Y="50435" Z="0"/>
					<Vertex X="20524" Y="50184" Z="0"/>
					<Vertex X="20274" Y="49809" Z="0"/>
					<Vertex X="20524" Y="49559" Z="0"/>
					<Vertex X="21025" Y="49559" Z="0"/>
					<Vertex X="21150" Y="49308" Z="0"/>
					<Vertex X="20900" Y="49058" Z="0"/>
					<Vertex X="21275" Y="49058" Z="0"/>
					<Vertex X="21400" Y="48933" Z="0"/>
					<Vertex X="21525" Y="48683" Z="0"/>
					<Vertex X="21400" Y="48307" Z="0"/>
					<Vertex X="21776" Y="48307" Z="0"/>
					<Vertex X="21901" Y="48182" Z="0"/>
					<Vertex X="21901" Y="47932" Z="0"/>
					<Vertex X="21776" Y="47682" Z="0"/>
					<Vertex X="22151" Y="47807" Z="0"/>
					<Vertex X="22151" Y="47556" Z="0"/>
					<Vertex X="22276" Y="47431" Z="0"/>
					<Vertex X="22401" Y="47306" Z="0"/>
					<Vertex X="22527" Y="47056" Z="0"/>
					<Vertex X="22652" Y="46931" Z="0"/>
					<Vertex X="22777" Y="46805" Z="0"/>
					<Vertex X="22777" Y="46680" Z="0"/>
					<Vertex X="22652" Y="46305" Z="0"/>
					<Vertex X="22777" Y="46180" Z="0"/>
					<Vertex X="23027" Y="46305" Z="0"/>
					<Vertex X="23152" Y="46180" Z="0"/>
					<Vertex X="23278" Y="45929" Z="0"/>
					<Vertex X="23278" Y="45804" Z="0"/>
					<Vertex X="23152" Y="45429" Z="0"/>
					<Vertex X="23528" Y="45554" Z="0"/>
					<Vertex X="23653" Y="45304" Z="0"/>
					<Vertex X="23653" Y="45179" Z="0"/>
					<Vertex X="23778" Y="45053" Z="0"/>
					<Vertex X="23903" Y="44803" Z="0"/>
					<Vertex X="23778" Y="44303" Z="0"/>
					<Vertex X="24154" Y="44428" Z="0"/>
					<Vertex X="24279" Y="44303" Z="0"/>
					<Vertex X="24404" Y="44177" Z="0"/>
					<Vertex X="24529" Y="44052" Z="0"/>
					<Vertex X="24654" Y="43927" Z="0"/>
					<Vertex X="24779" Y="43802" Z="0"/>
					<Vertex X="24904" Y="43677" Z="0"/>
					<Vertex X="24654" Y="43426" Z="0"/>
					<Vertex X="25030" Y="43552" Z="0"/>
					<Vertex X="25155" Y="43426" Z="0"/>
					<Vertex X="25155" Y="43301" Z="0"/>
					<Vertex X="25280" Y="43176" Z="0"/>
					<Vertex X="25405" Y="43051" Z="0"/>
					<Vertex X="25530" Y="42926" Z="0"/>
					<Vertex X="25655" Y="42926" Z="0"/>
					<Vertex X="25780" Y="42801" Z="0"/>
					<Vertex X="25780" Y="42676" Z="0"/>
					<Vertex X="25655" Y="42425" Z="0"/>
					<Vertex X="25906" Y="42676" Z="0"/>
					<Vertex X="25780" Y="42425" Z="0"/>
					<Vertex X="26031" Y="42676" Z="0"/>
					<Vertex X="25906" Y="42425" Z="0"/>
					<Vertex X="26156" Y="42676" Z="0"/>
					<Vertex X="26281" Y="42676" Z="0"/>
					<Vertex X="26406" Y="42676" Z="0"/>
					<Vertex X="26406" Y="42550" Z="0"/>
					<Vertex X="26657" Y="42676" Z="0"/>
					<Vertex X="27157" Y="43051" Z="0"/>
					<Vertex X="27157" Y="43051" Z="0"/>
					<Vertex X="27282" Y="43301" Z="0"/>
					<Vertex X="27407" Y="43426" Z="0"/>
					<Vertex X="27783" Y="43927" Z="0"/>
					<Vertex X="27908" Y="44177" Z="0"/>
					<Vertex X="28033" Y="44303" Z="0"/>
					<Vertex X="28158" Y="44428" Z="0"/>
					<Vertex X="28158" Y="44553" Z="0"/>
					<Vertex X="28033" Y="44678" Z="0"/>
					<Vertex X="28158" Y="44803" Z="0"/>
					<Vertex X="28534" Y="45304" Z="0"/>
					<Vertex X="28534" Y="45429" Z="0"/>
					<Vertex X="28659" Y="45554" Z="0"/>
					<Vertex X="28784" Y="45554" Z="0"/>
					<Vertex X="28909" Y="45804" Z="0"/>
					<Vertex X="29034" Y="45929" Z="0"/>
					<Vertex X="29034" Y="46180" Z="0"/>
					<Vertex X="29159" Y="46305" Z="0"/>
					<Vertex X="29285" Y="46305" Z="0"/>
					<Vertex X="29285" Y="46555" Z="0"/>
					<Vertex X="29410" Y="46555" Z="0"/>
					<Vertex X="29410" Y="46680" Z="0"/>
					<Vertex X="29535" Y="46805" Z="0"/>
					<Vertex X="29660" Y="47056" Z="0"/>
					<Vertex X="29660" Y="47181" Z="0"/>
					<Vertex X="29785" Y="47431" Z="0"/>
					<Vertex X="29910" Y="47556" Z="0"/>
					<Vertex X="29785" Y="47556" Z="0"/>
					<Vertex X="30036" Y="47932" Z="0"/>
					<Vertex X="30036" Y="48057" Z="0"/>
					<Vertex X="30036" Y="48307" Z="0"/>
					<Vertex X="29910" Y="48307" Z="0"/>
					<Vertex X="30161" Y="48808" Z="0"/>
					<Vertex X="30161" Y="49058" Z="0"/>
					<Vertex X="30161" Y="49308" Z="0"/>
					<Vertex X="29910" Y="49308" Z="0"/>
					<Vertex X="30161" Y="49559" Z="0"/>
					<Vertex X="30161" Y="49809" Z="0"/>
					<Vertex X="30161" Y="50059" Z="0"/>
					<Vertex X="30161" Y="50310" Z="0"/>
					<Vertex X="30161" Y="50560" Z="0"/>
					<Vertex X="29910" Y="50560" Z="0"/>
					<Vertex X="30161" Y="51311" Z="0"/>
					<Vertex X="30161" Y="51561" Z="0"/>
					<Vertex X="29910" Y="51436" Z="0"/>
					<Vertex X="29910" Y="51686" Z="0"/>
					<Vertex X="30161" Y="51937" Z="0"/>
					<Vertex X="30161" Y="52062" Z="0"/>
					<Vertex X="30036" Y="52187" Z="0"/>
					<Vertex X="30036" Y="52312" Z="0"/>
					<Vertex X="29785" Y="52187" Z="0"/>
					<Vertex X="30036" Y="52562" Z="0"/>
					<Vertex X="29910" Y="52813" Z="0"/>
					<Vertex X="29910" Y="53063" Z="0"/>
					<Vertex X="29785" Y="53313" Z="0"/>
					<Vertex X="29535" Y="53188" Z="0"/>
					<Vertex X="29410" Y="53438" Z="0"/>
					<Vertex X="29535" Y="53939" Z="0"/>
					<Vertex X="29159" Y="53814" Z="0"/>
					<Vertex X="29159" Y="53939" Z="0"/>
					<Vertex X="29285" Y="54314" Z="0"/>
					<Vertex X="29159" Y="54565" Z="0"/>
					<Vertex X="29159" Y="54690" Z="0"/>
					<Vertex X="29034" Y="54815" Z="0"/>
					<Vertex X="28909" Y="54940" Z="0"/>
					<Vertex X="28784" Y="55065" Z="0"/>
					<Vertex X="28784" Y="55190" Z="0"/>
					<Vertex X="28409" Y="55065" Z="0"/>
					<Vertex X="28534" Y="55441" Z="0"/>
					<Vertex X="28409" Y="55691" Z="0"/>
					<Vertex X="28283" Y="55816" Z="0"/>
					<Vertex X="27908" Y="55566" Z="0"/>
					<Vertex X="28033" Y="55941" Z="0"/>
					<Vertex X="27908" Y="56066" Z="0"/>
					<Vertex X="27658" Y="55941" Z="0"/>
					<Vertex X="27407" Y="56066" Z="0"/>
					<Vertex X="27157" Y="56192" Z="0"/>
					<Vertex X="27282" Y="56442" Z="0"/>
					<Vertex X="27157" Y="56567" Z="0"/>
					<Vertex X="26782" Y="56442" Z="0"/>
					<Vertex X="26782" Y="56692" Z="0"/>
					<Vertex X="26657" Y="56817" Z="0"/>
					<Vertex X="26531" Y="56817" Z="0"/>
					<Vertex X="26156" Y="56692" Z="0"/>
					<Vertex X="26281" Y="56943" Z="0"/>
					<Vertex X="25906" Y="56817" Z="0"/>
					<Vertex X="26031" Y="57193" Z="0"/>
					<Vertex X="25906" Y="57193" Z="0"/>
					<Vertex X="25780" Y="57193" Z="0"/>
					<Vertex X="25530" Y="56943" Z="0"/>
					<Vertex X="25405" Y="57068" Z="0"/>
					<Vertex X="25405" Y="57318" Z="0"/>
					<Vertex X="25280" Y="57443" Z="0"/>
					<Vertex X="25030" Y="57443" Z="0"/>
					<Vertex X="24904" Y="57443" Z="0"/>
					<Vertex X="24654" Y="57568" Z="0"/>
					<Vertex X="24279" Y="57568" Z="0"/>
					<Vertex X="24028" Y="57568" Z="0"/>
					<Vertex X="23653" Y="57568" Z="0"/>
					<Vertex X="23403" Y="57568" Z="0"/>
					<Vertex X="23152" Y="57568" Z="0"/>
					<Vertex X="22902" Y="57568" Z="0"/>
					<Vertex X="22777" Y="57568" Z="0"/>
					<Vertex X="22401" Y="57318" Z="0"/>
					<Vertex X="22401" Y="57568" Z="0"/>
					<Vertex X="22151" Y="57568" Z="0"/>
					<Vertex X="22026" Y="57568" Z="0"/>
					<Vertex X="21901" Y="57568" Z="0"/>
					<Vertex X="21651" Y="57568" Z="0"/>
					<Vertex X="21525" Y="57568" Z="0"/>
					<Vertex X="21400" Y="57568" Z="0"/>
					<Vertex X="21275" Y="57568" Z="0"/>
					<Vertex X="21150" Y="57568" Z="0"/>
					<Vertex X="21025" Y="57568" Z="0"/>
					<Vertex X="20649" Y="57318" Z="0"/>
					<Vertex X="20524" Y="57318" Z="0"/>
					<Vertex X="20524" Y="57568" Z="0"/>
					<Vertex X="20149" Y="57568" Z="0"/>
					<Vertex X="20024" Y="57568" Z="0"/>
					<Vertex X="19398" Y="57568" Z="0"/>
					<Vertex X="19148" Y="57568" Z="0"/>
					<Vertex X="18897" Y="57568" Z="0"/>
					<Vertex X="18522" Y="57318" Z="0"/>
					<Vertex X="18272" Y="57568" Z="0"/>
					<Vertex X="17896" Y="57568" Z="0"/>
					<Vertex X="17270" Y="57318" Z="0"/>
					<Vertex X="17145" Y="57443" Z="0"/>
					<Vertex X="16895" Y="57443" Z="0"/>
					<Vertex X="16269" Y="57193" Z="0"/>
					<Vertex X="15894" Y="57068" Z="0"/>
					<Vertex X="15518" Y="56692" Z="0"/>
					<Vertex X="15518" Y="56817" Z="0"/>
					<Vertex X="14893" Y="56567" Z="0"/>
					<Vertex X="14893" Y="56692" Z="0"/>
					<Vertex X="14392" Y="56317" Z="0"/>
					<Vertex X="14392" Y="56567" Z="0"/>
					<Vertex X="14017" Y="56192" Z="0"/>
					<Vertex X="13891" Y="56317" Z="0"/>
					<Vertex X="13391" Y="55941" Z="0"/>
					<Vertex X="13391" Y="55941" Z="0"/>
					<Vertex X="13140" Y="55816" Z="0"/>
					<Vertex X="13015" Y="55691" Z="0"/>
					<Vertex X="12890" Y="55566" Z="0"/>
					<Vertex X="12515" Y="55190" Z="0"/>
					<Vertex X="12515" Y="55190" Z="0"/>
					<Vertex X="12390" Y="55065" Z="0"/>
					<Vertex X="12264" Y="54815" Z="0"/>
					<Vertex X="12139" Y="54690" Z="0"/>
					<Vertex X="12014" Y="54565" Z="0"/>
					<Vertex X="11889" Y="54314" Z="0"/>
					<Vertex X="11889" Y="54189" Z="0"/>
					<Vertex X="11639" Y="53814" Z="0"/>
					<Vertex X="11889" Y="53939" Z="0"/>
					<Vertex X="11889" Y="53814" Z="0"/>
					<Vertex X="11889" Y="53689" Z="0"/>
					<Vertex X="11889" Y="53563" Z="0"/>
					<Vertex X="11889" Y="53438" Z="0"/>
					<Vertex X="11889" Y="53313" Z="0"/>
					<Vertex X="11889" Y="53188" Z="0"/>
					<Vertex X="11889" Y="53063" Z="0"/>
					<Vertex X="11639" Y="52813" Z="0"/>
					<Vertex X="11889" Y="52938" Z="0"/>
					<Vertex X="11639" Y="52687" Z="0"/>
					<Vertex X="12264" Y="52687" Z="0"/>
				</Vertices>
			</Region>
			<Region Id="3" Type="0" Zoom="0.007905" Selected="0" ImageLocation="" ImageFocus="-1" Length="103891.9" Area="381278034.5" LengthMicrons="26253.5" AreaMicrons="24347382.2" Text="" NegativeROA="0" InputRegionId="0" Analyze="1" DisplayId="3">
				<Attributes/>
				<Vertices>
					<Vertex X="60572" Y="54940" Z="0"/>
					<Vertex X="60572" Y="54815" Z="0"/>
					<Vertex X="60572" Y="54690" Z="0"/>
					<Vertex X="60823" Y="54815" Z="0"/>
					<Vertex X="60572" Y="54189" Z="0"/>
					<Vertex X="60823" Y="54189" Z="0"/>
					<Vertex X="60572" Y="53438" Z="0"/>
					<Vertex X="60823" Y="53063" Z="0"/>
					<Vertex X="60823" Y="52687" Z="0"/>
					<Vertex X="60823" Y="52312" Z="0"/>
					<Vertex X="60572" Y="51811" Z="0"/>
					<Vertex X="60823" Y="51686" Z="0"/>
					<Vertex X="60823" Y="51561" Z="0"/>
					<Vertex X="60823" Y="51436" Z="0"/>
					<Vertex X="60823" Y="51186" Z="0"/>
					<Vertex X="60823" Y="51060" Z="0"/>
					<Vertex X="60823" Y="50935" Z="0"/>
					<Vertex X="60948" Y="50685" Z="0"/>
					<Vertex X="61073" Y="50560" Z="0"/>
					<Vertex X="60823" Y="50310" Z="0"/>
					<Vertex X="61198" Y="50435" Z="0"/>
					<Vertex X="61323" Y="50310" Z="0"/>
					<Vertex X="61448" Y="50310" Z="0"/>
					<Vertex X="61573" Y="50184" Z="0"/>
					<Vertex X="61699" Y="50184" Z="0"/>
					<Vertex X="61824" Y="50059" Z="0"/>
					<Vertex X="61949" Y="50059" Z="0"/>
					<Vertex X="62074" Y="50059" Z="0"/>
					<Vertex X="62199" Y="49934" Z="0"/>
					<Vertex X="62324" Y="49934" Z="0"/>
					<Vertex X="62449" Y="49934" Z="0"/>
					<Vertex X="62575" Y="49934" Z="0"/>
					<Vertex X="62700" Y="49934" Z="0"/>
					<Vertex X="62950" Y="49809" Z="0"/>
					<Vertex X="62825" Y="49559" Z="0"/>
					<Vertex X="63200" Y="49809" Z="0"/>
					<Vertex X="63325" Y="49684" Z="0"/>
					<Vertex X="63451" Y="49684" Z="0"/>
					<Vertex X="63325" Y="49434" Z="0"/>
					<Vertex X="63451" Y="49434" Z="0"/>
					<Vertex X="63826" Y="49559" Z="0"/>
					<Vertex X="63951" Y="49559" Z="0"/>
					<Vertex X="64076" Y="49559" Z="0"/>
					<Vertex X="64202" Y="49559" Z="0"/>
					<Vertex X="64327" Y="49559" Z="0"/>
					<Vertex X="64452" Y="49559" Z="0"/>
					<Vertex X="64702" Y="49559" Z="0"/>
					<Vertex X="64827" Y="49559" Z="0"/>
					<Vertex X="65078" Y="49559" Z="0"/>
					<Vertex X="65203" Y="49559" Z="0"/>
					<Vertex X="65203" Y="49308" Z="0"/>
					<Vertex X="65453" Y="49308" Z="0"/>
					<Vertex X="65954" Y="49684" Z="0"/>
					<Vertex X="66079" Y="49684" Z="0"/>
					<Vertex X="66204" Y="49684" Z="0"/>
					<Vertex X="66329" Y="49809" Z="0"/>
					<Vertex X="66579" Y="50059" Z="0"/>
					<Vertex X="66830" Y="50310" Z="0"/>
					<Vertex X="66955" Y="50310" Z="0"/>
					<Vertex X="67205" Y="50560" Z="0"/>
					<Vertex X="67455" Y="50810" Z="0"/>
					<Vertex X="67581" Y="51060" Z="0"/>
					<Vertex X="67831" Y="51311" Z="0"/>
					<Vertex X="68206" Y="51561" Z="0"/>
					<Vertex X="68457" Y="51811" Z="0"/>
					<Vertex X="68707" Y="52062" Z="0"/>
					<Vertex X="68707" Y="52062" Z="0"/>
					<Vertex X="68957" Y="52437" Z="0"/>
					<Vertex X="68957" Y="52813" Z="0"/>
					<Vertex X="69082" Y="53063" Z="0"/>
					<Vertex X="69458" Y="53689" Z="0"/>
					<Vertex X="70084" Y="54439" Z="0"/>
					<Vertex X="70209" Y="54690" Z="0"/>
					<Vertex X="70584" Y="55315" Z="0"/>
					<Vertex X="70709" Y="55441" Z="0"/>
					<Vertex X="70960" Y="55816" Z="0"/>
					<Vertex X="71085" Y="56192" Z="0"/>
					<Vertex X="71335" Y="56442" Z="0"/>
					<Vertex X="71460" Y="56692" Z="0"/>
					<Vertex X="71710" Y="56942" Z="0"/>
					<Vertex X="71836" Y="57068" Z="0"/>
					<Vertex X="71961" Y="57318" Z="0"/>
					<Vertex X="72211" Y="57818" Z="0"/>
					<Vertex X="72336" Y="58069" Z="0"/>
					<Vertex X="72837" Y="58569" Z="0"/>
					<Vertex X="72962" Y="58695" Z="0"/>
					<Vertex X="73087" Y="58945" Z="0"/>
					<Vertex X="73337" Y="59195" Z="0"/>
					<Vertex X="73463" Y="59320" Z="0"/>
					<Vertex X="73838" Y="59821" Z="0"/>
					<Vertex X="74088" Y="60196" Z="0"/>
					<Vertex X="74213" Y="60447" Z="0"/>
					<Vertex X="74589" Y="60947" Z="0"/>
					<Vertex X="74714" Y="61072" Z="0"/>
					<Vertex X="74714" Y="61197" Z="0"/>
					<Vertex X="74714" Y="61323" Z="0"/>
					<Vertex X="75089" Y="61698" Z="0"/>
					<Vertex X="75089" Y="61823" Z="0"/>
					<Vertex X="75215" Y="61948" Z="0"/>
					<Vertex X="75215" Y="62074" Z="0"/>
					<Vertex X="75340" Y="62199" Z="0"/>
					<Vertex X="75465" Y="62574" Z="0"/>
					<Vertex X="75840" Y="62950" Z="0"/>
					<Vertex X="75840" Y="63075" Z="0"/>
					<Vertex X="75840" Y="63325" Z="0"/>
					<Vertex X="75840" Y="63700" Z="0"/>
					<Vertex X="75840" Y="63951" Z="0"/>
					<Vertex X="75715" Y="64076" Z="0"/>
					<Vertex X="75840" Y="64576" Z="0"/>
					<Vertex X="76216" Y="65453" Z="0"/>
					<Vertex X="76216" Y="65953" Z="0"/>
					<Vertex X="76466" Y="66579" Z="0"/>
					<Vertex X="76466" Y="66704" Z="0"/>
					<Vertex X="76341" Y="66829" Z="0"/>
					<Vertex X="76716" Y="67330" Z="0"/>
					<Vertex X="76716" Y="67580" Z="0"/>
					<Vertex X="76842" Y="67830" Z="0"/>
					<Vertex X="76842" Y="67955" Z="0"/>
					<Vertex X="76716" Y="68081" Z="0"/>
					<Vertex X="76967" Y="68456" Z="0"/>
					<Vertex X="77092" Y="68706" Z="0"/>
					<Vertex X="77217" Y="68957" Z="0"/>
					<Vertex X="76967" Y="69082" Z="0"/>
					<Vertex X="77342" Y="69457" Z="0"/>
					<Vertex X="77342" Y="69708" Z="0"/>
					<Vertex X="77342" Y="69833" Z="0"/>
					<Vertex X="77092" Y="69833" Z="0"/>
					<Vertex X="77342" Y="70208" Z="0"/>
					<Vertex X="76967" Y="70208" Z="0"/>
					<Vertex X="77217" Y="70709" Z="0"/>
					<Vertex X="76842" Y="70709" Z="0"/>
					<Vertex X="76967" Y="71209" Z="0"/>
					<Vertex X="76842" Y="71334" Z="0"/>
					<Vertex X="76842" Y="71460" Z="0"/>
					<Vertex X="76466" Y="71334" Z="0"/>
					<Vertex X="76466" Y="71460" Z="0"/>
					<Vertex X="76341" Y="71585" Z="0"/>
					<Vertex X="76591" Y="71960" Z="0"/>
					<Vertex X="76216" Y="71710" Z="0"/>
					<Vertex X="76466" Y="72085" Z="0"/>
					<Vertex X="76091" Y="71960" Z="0"/>
					<Vertex X="76341" Y="72211" Z="0"/>
					<Vertex X="76341" Y="72336" Z="0"/>
					<Vertex X="76216" Y="72461" Z="0"/>
					<Vertex X="76091" Y="72711" Z="0"/>
					<Vertex X="76091" Y="72836" Z="0"/>
					<Vertex X="76091" Y="72961" Z="0"/>
					<Vertex X="75965" Y="73337" Z="0"/>
					<Vertex X="75840" Y="73462" Z="0"/>
					<Vertex X="75715" Y="73837" Z="0"/>
					<Vertex X="75465" Y="73963" Z="0"/>
					<Vertex X="75590" Y="74588" Z="0"/>
					<Vertex X="75465" Y="74964" Z="0"/>
					<Vertex X="75340" Y="75089" Z="0"/>
					<Vertex X="75215" Y="75339" Z="0"/>
					<Vertex X="74964" Y="75214" Z="0"/>
					<Vertex X="75089" Y="75965" Z="0"/>
					<Vertex X="74839" Y="76340" Z="0"/>
					<Vertex X="74839" Y="76591" Z="0"/>
					<Vertex X="74088" Y="77216" Z="0"/>
					<Vertex X="74213" Y="77717" Z="0"/>
					<Vertex X="73963" Y="78218" Z="0"/>
					<Vertex X="73713" Y="78718" Z="0"/>
					<Vertex X="73212" Y="78718" Z="0"/>
					<Vertex X="73337" Y="79469" Z="0"/>
					<Vertex X="73087" Y="79845" Z="0"/>
					<Vertex X="72962" Y="80095" Z="0"/>
					<Vertex X="72837" Y="80345" Z="0"/>
					<Vertex X="72461" Y="80220" Z="0"/>
					<Vertex X="72586" Y="80721" Z="0"/>
					<Vertex X="72461" Y="80971" Z="0"/>
					<Vertex X="72211" Y="81221" Z="0"/>
					<Vertex X="72211" Y="81346" Z="0"/>
					<Vertex X="72086" Y="81472" Z="0"/>
					<Vertex X="71710" Y="81346" Z="0"/>
					<Vertex X="71961" Y="81722" Z="0"/>
					<Vertex X="71710" Y="81472" Z="0"/>
					<Vertex X="71836" Y="81972" Z="0"/>
					<Vertex X="71710" Y="82097" Z="0"/>
					<Vertex X="71710" Y="82222" Z="0"/>
					<Vertex X="71585" Y="82473" Z="0"/>
					<Vertex X="71335" Y="82598" Z="0"/>
					<Vertex X="71210" Y="82848" Z="0"/>
					<Vertex X="71085" Y="82973" Z="0"/>
					<Vertex X="70960" Y="83224" Z="0"/>
					<Vertex X="70709" Y="83349" Z="0"/>
					<Vertex X="70584" Y="83474" Z="0"/>
					<Vertex X="70459" Y="83599" Z="0"/>
					<Vertex X="70334" Y="83724" Z="0"/>
					<Vertex X="70209" Y="83849" Z="0"/>
					<Vertex X="69958" Y="83974" Z="0"/>
					<Vertex X="69708" Y="84225" Z="0"/>
					<Vertex X="69583" Y="84350" Z="0"/>
					<Vertex X="69458" Y="84475" Z="0"/>
					<Vertex X="69333" Y="84600" Z="0"/>
					<Vertex X="69207" Y="84725" Z="0"/>
					<Vertex X="69082" Y="84851" Z="0"/>
					<Vertex X="68957" Y="84976" Z="0"/>
					<Vertex X="68832" Y="85101" Z="0"/>
					<Vertex X="68707" Y="85226" Z="0"/>
					<Vertex X="68582" Y="85226" Z="0"/>
					<Vertex X="68457" Y="85351" Z="0"/>
					<Vertex X="68081" Y="85101" Z="0"/>
					<Vertex X="68206" Y="85476" Z="0"/>
					<Vertex X="67831" Y="85226" Z="0"/>
					<Vertex X="67956" Y="85476" Z="0"/>
					<Vertex X="67831" Y="85601" Z="0"/>
					<Vertex X="67706" Y="85601" Z="0"/>
					<Vertex X="67581" Y="85601" Z="0"/>
					<Vertex X="67455" Y="85601" Z="0"/>
					<Vertex X="67330" Y="85601" Z="0"/>
					<Vertex X="67205" Y="85601" Z="0"/>
					<Vertex X="66955" Y="85601" Z="0"/>
					<Vertex X="66704" Y="85601" Z="0"/>
					<Vertex X="66579" Y="85476" Z="0"/>
					<Vertex X="66329" Y="85476" Z="0"/>
					<Vertex X="66204" Y="85351" Z="0"/>
					<Vertex X="66079" Y="85351" Z="0"/>
					<Vertex X="65954" Y="85351" Z="0"/>
					<Vertex X="65828" Y="85101" Z="0"/>
					<Vertex X="65703" Y="85101" Z="0"/>
					<Vertex X="65578" Y="84976" Z="0"/>
					<Vertex X="65328" Y="84600" Z="0"/>
					<Vertex X="65328" Y="84725" Z="0"/>
					<Vertex X="65328" Y="84600" Z="0"/>
					<Vertex X="65203" Y="84475" Z="0"/>
					<Vertex X="65203" Y="84350" Z="0"/>
					<Vertex X="64827" Y="83974" Z="0"/>
					<Vertex X="64952" Y="83974" Z="0"/>
					<Vertex X="64827" Y="83849" Z="0"/>
					<Vertex X="64577" Y="83474" Z="0"/>
					<Vertex X="64702" Y="83474" Z="0"/>
					<Vertex X="64702" Y="83349" Z="0"/>
					<Vertex X="64577" Y="83224" Z="0"/>
					<Vertex X="64577" Y="83098" Z="0"/>
					<Vertex X="64577" Y="82973" Z="0"/>
					<Vertex X="64452" Y="82723" Z="0"/>
					<Vertex X="64452" Y="82598" Z="0"/>
					<Vertex X="64202" Y="82097" Z="0"/>
					<Vertex X="64327" Y="82097" Z="0"/>
					<Vertex X="64327" Y="81972" Z="0"/>
					<Vertex X="64202" Y="81597" Z="0"/>
					<Vertex X="64202" Y="81346" Z="0"/>
					<Vertex X="64076" Y="81096" Z="0"/>
					<Vertex X="63951" Y="80595" Z="0"/>
					<Vertex X="63826" Y="80345" Z="0"/>
					<Vertex X="63826" Y="80095" Z="0"/>
					<Vertex X="63701" Y="79845" Z="0"/>
					<Vertex X="63701" Y="79594" Z="0"/>
					<Vertex X="63701" Y="79469" Z="0"/>
					<Vertex X="63576" Y="79344" Z="0"/>
					<Vertex X="63325" Y="78969" Z="0"/>
					<Vertex X="63576" Y="78969" Z="0"/>
					<Vertex X="63451" Y="78843" Z="0"/>
					<Vertex X="63451" Y="78593" Z="0"/>
					<Vertex X="63200" Y="78343" Z="0"/>
					<Vertex X="63451" Y="78343" Z="0"/>
					<Vertex X="63200" Y="77967" Z="0"/>
					<Vertex X="63075" Y="77717" Z="0"/>
					<Vertex X="63325" Y="77592" Z="0"/>
					<Vertex X="63325" Y="77216" Z="0"/>
					<Vertex X="63325" Y="77091" Z="0"/>
					<Vertex X="63325" Y="76841" Z="0"/>
					<Vertex X="63325" Y="76466" Z="0"/>
					<Vertex X="63075" Y="75965" Z="0"/>
					<Vertex X="63200" Y="75965" Z="0"/>
					<Vertex X="62950" Y="75464" Z="0"/>
					<Vertex X="63075" Y="75464" Z="0"/>
					<Vertex X="63075" Y="75214" Z="0"/>
					<Vertex X="62825" Y="74839" Z="0"/>
					<Vertex X="62825" Y="74588" Z="0"/>
					<Vertex X="63075" Y="74588" Z="0"/>
					<Vertex X="63075" Y="74338" Z="0"/>
					<Vertex X="63075" Y="74088" Z="0"/>
					<Vertex X="63075" Y="73963" Z="0"/>
					<Vertex X="63075" Y="73712" Z="0"/>
					<Vertex X="63075" Y="73587" Z="0"/>
					<Vertex X="63075" Y="73337" Z="0"/>
					<Vertex X="63075" Y="72961" Z="0"/>
					<Vertex X="63075" Y="72836" Z="0"/>
					<Vertex X="63075" Y="72711" Z="0"/>
					<Vertex X="63075" Y="72461" Z="0"/>
					<Vertex X="63075" Y="72336" Z="0"/>
					<Vertex X="63075" Y="72085" Z="0"/>
					<Vertex X="62825" Y="71460" Z="0"/>
					<Vertex X="63075" Y="71460" Z="0"/>
					<Vertex X="63075" Y="71209" Z="0"/>
					<Vertex X="63075" Y="71084" Z="0"/>
					<Vertex X="62825" Y="70709" Z="0"/>
					<Vertex X="63075" Y="70709" Z="0"/>
					<Vertex X="63075" Y="70584" Z="0"/>
					<Vertex X="63075" Y="70458" Z="0"/>
					<Vertex X="63075" Y="70208" Z="0"/>
					<Vertex X="62825" Y="69833" Z="0"/>
					<Vertex X="63075" Y="69833" Z="0"/>
					<Vertex X="63075" Y="69708" Z="0"/>
					<Vertex X="63075" Y="69457" Z="0"/>
					<Vertex X="63075" Y="69207" Z="0"/>
					<Vertex X="63075" Y="68957" Z="0"/>
					<Vertex X="63075" Y="68832" Z="0"/>
					<Vertex X="63075" Y="68706" Z="0"/>
					<Vertex X="63075" Y="68456" Z="0"/>
					<Vertex X="63075" Y="68206" Z="0"/>
					<Vertex X="63075" Y="67955" Z="0"/>
					<Vertex X="63075" Y="67705" Z="0"/>
					<Vertex X="63075" Y="67455" Z="0"/>
					<Vertex X="63075" Y="67330" Z="0"/>
					<Vertex X="63075" Y="67205" Z="0"/>
					<Vertex X="63075" Y="67079" Z="0"/>
					<Vertex X="63075" Y="66954" Z="0"/>
					<Vertex X="63075" Y="66829" Z="0"/>
					<Vertex X="63075" Y="66329" Z="0"/>
					<Vertex X="63200" Y="66078" Z="0"/>
					<Vertex X="63200" Y="65828" Z="0"/>
					<Vertex X="63200" Y="65578" Z="0"/>
					<Vertex X="63200" Y="65453" Z="0"/>
					<Vertex X="63200" Y="65327" Z="0"/>
					<Vertex X="63200" Y="65202" Z="0"/>
					<Vertex X="63200" Y="65077" Z="0"/>
					<Vertex X="63200" Y="64952" Z="0"/>
					<Vertex X="63200" Y="64827" Z="0"/>
					<Vertex X="63200" Y="64702" Z="0"/>
					<Vertex X="63200" Y="64576" Z="0"/>
					<Vertex X="63200" Y="64451" Z="0"/>
					<Vertex X="63075" Y="64326" Z="0"/>
					<Vertex X="63075" Y="64201" Z="0"/>
					<Vertex X="62950" Y="63826" Z="0"/>
					<Vertex X="62950" Y="63700" Z="0"/>
					<Vertex X="62950" Y="63575" Z="0"/>
					<Vertex X="62825" Y="63200" Z="0"/>
					<Vertex X="62825" Y="62950" Z="0"/>
					<Vertex X="62449" Y="62574" Z="0"/>
					<Vertex X="62700" Y="62574" Z="0"/>
					<Vertex X="62700" Y="62324" Z="0"/>
					<Vertex X="62575" Y="62074" Z="0"/>
					<Vertex X="62575" Y="61948" Z="0"/>
					<Vertex X="62449" Y="61448" Z="0"/>
					<Vertex X="62324" Y="61072" Z="0"/>
					<Vertex X="62324" Y="60822" Z="0"/>
					<Vertex X="62324" Y="60447" Z="0"/>
					<Vertex X="61949" Y="60071" Z="0"/>
					<Vertex X="62199" Y="60071" Z="0"/>
					<Vertex X="62199" Y="59946" Z="0"/>
					<Vertex X="62074" Y="59696" Z="0"/>
					<Vertex X="62074" Y="59445" Z="0"/>
					<Vertex X="62074" Y="59320" Z="0"/>
					<Vertex X="62074" Y="59070" Z="0"/>
					<Vertex X="61949" Y="58945" Z="0"/>
					<Vertex X="61949" Y="58820" Z="0"/>
					<Vertex X="61824" Y="58695" Z="0"/>
					<Vertex X="61824" Y="58569" Z="0"/>
					<Vertex X="61699" Y="58444" Z="0"/>
					<Vertex X="61699" Y="58319" Z="0"/>
					<Vertex X="61573" Y="58194" Z="0"/>
					<Vertex X="61448" Y="58069" Z="0"/>
					<Vertex X="61448" Y="57944" Z="0"/>
					<Vertex X="61073" Y="57568" Z="0"/>
					<Vertex X="61198" Y="57568" Z="0"/>
					<Vertex X="61073" Y="57443" Z="0"/>
					<Vertex X="61073" Y="56942" Z="0"/>
					<Vertex X="60948" Y="56942" Z="0"/>
					<Vertex X="60948" Y="56692" Z="0"/>
					<Vertex X="60823" Y="56442" Z="0"/>
					<Vertex X="60823" Y="56317" Z="0"/>
					<Vertex X="60823" Y="56192" Z="0"/>
					<Vertex X="60823" Y="56066" Z="0"/>
					<Vertex X="60823" Y="55941" Z="0"/>
					<Vertex X="60697" Y="55941" Z="0"/>
					<Vertex X="60697" Y="55816" Z="0"/>
					<Vertex X="60447" Y="55566" Z="0"/>
					<Vertex X="60447" Y="55566" Z="0"/>
					<Vertex X="60572" Y="55816" Z="0"/>
					<Vertex X="60697" Y="56442" Z="0"/>
					<Vertex X="60572" Y="54940" Z="0"/>
				</Vertices>
			</Region>
			<Region Id="4" Type="0" Zoom="0.007905" Selected="1" ImageLocation="" ImageFocus="-1" Length="72055.8" Area="121285354.5" LengthMicrons="18208.5" AreaMicrons="7744954.1" Text="" NegativeROA="0" InputRegionId="0" Analyze="1" DisplayId="4">
				<Attributes/>
				<Vertices>
					<Vertex X="39297" Y="73211" Z="0"/>
					<Vertex X="39297" Y="72961" Z="0"/>
					<Vertex X="39297" Y="72836" Z="0"/>
					<Vertex X="39297" Y="72586" Z="0"/>
					<Vertex X="39047" Y="72085" Z="0"/>
					<Vertex X="39297" Y="71960" Z="0"/>
					<Vertex X="39297" Y="71835" Z="0"/>
					<Vertex X="39047" Y="71084" Z="0"/>
					<Vertex X="39297" Y="70583" Z="0"/>
					<Vertex X="39297" Y="70333" Z="0"/>
					<Vertex X="39297" Y="69958" Z="0"/>
					<Vertex X="39297" Y="69457" Z="0"/>
					<Vertex X="39422" Y="69082" Z="0"/>
					<Vertex X="39422" Y="68331" Z="0"/>
					<Vertex X="39547" Y="68080" Z="0"/>
					<Vertex X="39672" Y="67580" Z="0"/>
					<Vertex X="39672" Y="67455" Z="0"/>
					<Vertex X="39797" Y="67079" Z="0"/>
					<Vertex X="39797" Y="66954" Z="0"/>
					<Vertex X="39923" Y="66579" Z="0"/>
					<Vertex X="39923" Y="66328" Z="0"/>
					<Vertex X="40048" Y="66078" Z="0"/>
					<Vertex X="40173" Y="65828" Z="0"/>
					<Vertex X="40173" Y="65577" Z="0"/>
					<Vertex X="40298" Y="65452" Z="0"/>
					<Vertex X="40048" Y="65077" Z="0"/>
					<Vertex X="40423" Y="65077" Z="0"/>
					<Vertex X="40173" Y="64826" Z="0"/>
					<Vertex X="40298" Y="64701" Z="0"/>
					<Vertex X="40298" Y="64576" Z="0"/>
					<Vertex X="40673" Y="64701" Z="0"/>
					<Vertex X="40673" Y="64701" Z="0"/>
					<Vertex X="40799" Y="64451" Z="0"/>
					<Vertex X="40673" Y="64201" Z="0"/>
					<Vertex X="40673" Y="64076" Z="0"/>
					<Vertex X="41049" Y="64201" Z="0"/>
					<Vertex X="40924" Y="63950" Z="0"/>
					<Vertex X="41049" Y="63825" Z="0"/>
					<Vertex X="41174" Y="63825" Z="0"/>
					<Vertex X="41424" Y="63700" Z="0"/>
					<Vertex X="41550" Y="63575" Z="0"/>
					<Vertex X="41925" Y="63825" Z="0"/>
					<Vertex X="41925" Y="63575" Z="0"/>
					<Vertex X="42300" Y="63825" Z="0"/>
					<Vertex X="42426" Y="63825" Z="0"/>
					<Vertex X="42551" Y="63825" Z="0"/>
					<Vertex X="42551" Y="63575" Z="0"/>
					<Vertex X="42801" Y="63575" Z="0"/>
					<Vertex X="42926" Y="63700" Z="0"/>
					<Vertex X="43302" Y="64076" Z="0"/>
					<Vertex X="43427" Y="64201" Z="0"/>
					<Vertex X="43677" Y="64326" Z="0"/>
					<Vertex X="43677" Y="64451" Z="0"/>
					<Vertex X="43927" Y="64826" Z="0"/>
					<Vertex X="44052" Y="64952" Z="0"/>
					<Vertex X="44052" Y="65077" Z="0"/>
					<Vertex X="44052" Y="65202" Z="0"/>
					<Vertex X="44178" Y="65327" Z="0"/>
					<Vertex X="44178" Y="65452" Z="0"/>
					<Vertex X="44303" Y="65577" Z="0"/>
					<Vertex X="44303" Y="65702" Z="0"/>
					<Vertex X="44428" Y="65953" Z="0"/>
					<Vertex X="44428" Y="66078" Z="0"/>
					<Vertex X="44428" Y="66203" Z="0"/>
					<Vertex X="44553" Y="66453" Z="0"/>
					<Vertex X="44553" Y="66704" Z="0"/>
					<Vertex X="44553" Y="66954" Z="0"/>
					<Vertex X="44553" Y="67204" Z="0"/>
					<Vertex X="44678" Y="67580" Z="0"/>
					<Vertex X="44678" Y="67705" Z="0"/>
					<Vertex X="44428" Y="67830" Z="0"/>
					<Vertex X="44428" Y="68205" Z="0"/>
					<Vertex X="44678" Y="68706" Z="0"/>
					<Vertex X="44678" Y="69082" Z="0"/>
					<Vertex X="44553" Y="69332" Z="0"/>
					<Vertex X="44178" Y="69332" Z="0"/>
					<Vertex X="44428" Y="69832" Z="0"/>
					<Vertex X="44303" Y="70083" Z="0"/>
					<Vertex X="43927" Y="69958" Z="0"/>
					<Vertex X="43927" Y="70208" Z="0"/>
					<Vertex X="44052" Y="70708" Z="0"/>
					<Vertex X="43802" Y="70583" Z="0"/>
					<Vertex X="43802" Y="70834" Z="0"/>
					<Vertex X="43927" Y="71209" Z="0"/>
					<Vertex X="43927" Y="71459" Z="0"/>
					<Vertex X="43552" Y="71459" Z="0"/>
					<Vertex X="43552" Y="71710" Z="0"/>
					<Vertex X="43802" Y="71960" Z="0"/>
					<Vertex X="43427" Y="71960" Z="0"/>
					<Vertex X="43677" Y="72335" Z="0"/>
					<Vertex X="43677" Y="72586" Z="0"/>
					<Vertex X="43552" Y="72836" Z="0"/>
					<Vertex X="43552" Y="73086" Z="0"/>
					<Vertex X="43552" Y="73462" Z="0"/>
					<Vertex X="43427" Y="73712" Z="0"/>
					<Vertex X="43427" Y="73962" Z="0"/>
					<Vertex X="43176" Y="73962" Z="0"/>
					<Vertex X="43176" Y="74213" Z="0"/>
					<Vertex X="43176" Y="74588" Z="0"/>
					<Vertex X="43302" Y="75089" Z="0"/>
					<Vertex X="43051" Y="74963" Z="0"/>
					<Vertex X="43051" Y="75214" Z="0"/>
					<Vertex X="43302" Y="75464" Z="0"/>
					<Vertex X="43302" Y="75840" Z="0"/>
					<Vertex X="43302" Y="75965" Z="0"/>
					<Vertex X="43302" Y="76215" Z="0"/>
					<Vertex X="43302" Y="76590" Z="0"/>
					<Vertex X="43176" Y="76841" Z="0"/>
					<Vertex X="43427" Y="77592" Z="0"/>
					<Vertex X="43552" Y="78092" Z="0"/>
					<Vertex X="43677" Y="78593" Z="0"/>
					<Vertex X="43552" Y="78718" Z="0"/>
					<Vertex X="43927" Y="79344" Z="0"/>
					<Vertex X="43927" Y="79594" Z="0"/>
					<Vertex X="44052" Y="79719" Z="0"/>
					<Vertex X="44178" Y="79969" Z="0"/>
					<Vertex X="44178" Y="80220" Z="0"/>
					<Vertex X="44052" Y="80345" Z="0"/>
					<Vertex X="44052" Y="80470" Z="0"/>
					<Vertex X="44428" Y="80971" Z="0"/>
					<Vertex X="44553" Y="81221" Z="0"/>
					<Vertex X="44428" Y="81346" Z="0"/>
					<Vertex X="44678" Y="81847" Z="0"/>
					<Vertex X="44803" Y="81972" Z="0"/>
					<Vertex X="44678" Y="81972" Z="0"/>
					<Vertex X="44678" Y="82222" Z="0"/>
					<Vertex X="45054" Y="82598" Z="0"/>
					<Vertex X="45179" Y="82723" Z="0"/>
					<Vertex X="45179" Y="82848" Z="0"/>
					<Vertex X="45179" Y="82973" Z="0"/>
					<Vertex X="45179" Y="82973" Z="0"/>
					<Vertex X="45554" Y="83348" Z="0"/>
					<Vertex X="45679" Y="83474" Z="0"/>
					<Vertex X="45805" Y="83599" Z="0"/>
					<Vertex X="45930" Y="83724" Z="0"/>
					<Vertex X="46055" Y="83849" Z="0"/>
					<Vertex X="46305" Y="84099" Z="0"/>
					<Vertex X="46305" Y="84099" Z="0"/>
					<Vertex X="46555" Y="84224" Z="0"/>
					<Vertex X="46931" Y="84600" Z="0"/>
					<Vertex X="47181" Y="84850" Z="0"/>
					<Vertex X="47306" Y="84975" Z="0"/>
					<Vertex X="47557" Y="85226" Z="0"/>
					<Vertex X="47682" Y="85351" Z="0"/>
					<Vertex X="47682" Y="85476" Z="0"/>
					<Vertex X="47807" Y="85476" Z="0"/>
					<Vertex X="47807" Y="85601" Z="0"/>
					<Vertex X="47682" Y="85726" Z="0"/>
					<Vertex X="47932" Y="86227" Z="0"/>
					<Vertex X="47807" Y="86227" Z="0"/>
					<Vertex X="48057" Y="86727" Z="0"/>
					<Vertex X="48057" Y="86853" Z="0"/>
					<Vertex X="47807" Y="86853" Z="0"/>
					<Vertex X="48057" Y="87228" Z="0"/>
					<Vertex X="48057" Y="87353" Z="0"/>
					<Vertex X="48057" Y="87478" Z="0"/>
					<Vertex X="47807" Y="87478" Z="0"/>
					<Vertex X="48057" Y="87854" Z="0"/>
					<Vertex X="48057" Y="87979" Z="0"/>
					<Vertex X="48057" Y="88104" Z="0"/>
					<Vertex X="47682" Y="87979" Z="0"/>
					<Vertex X="47682" Y="88104" Z="0"/>
					<Vertex X="47932" Y="88479" Z="0"/>
					<Vertex X="47807" Y="88605" Z="0"/>
					<Vertex X="47682" Y="88605" Z="0"/>
					<Vertex X="47557" Y="88730" Z="0"/>
					<Vertex X="47432" Y="88855" Z="0"/>
					<Vertex X="47306" Y="88980" Z="0"/>
					<Vertex X="47056" Y="88980" Z="0"/>
					<Vertex X="46931" Y="88980" Z="0"/>
					<Vertex X="46806" Y="89105" Z="0"/>
					<Vertex X="46681" Y="89105" Z="0"/>
					<Vertex X="46430" Y="89105" Z="0"/>
					<Vertex X="46305" Y="89105" Z="0"/>
					<Vertex X="46180" Y="89105" Z="0"/>
					<Vertex X="45930" Y="89105" Z="0"/>
					<Vertex X="45554" Y="88855" Z="0"/>
					<Vertex X="45429" Y="89105" Z="0"/>
					<Vertex X="45179" Y="89105" Z="0"/>
					<Vertex X="44929" Y="89105" Z="0"/>
					<Vertex X="44678" Y="89105" Z="0"/>
					<Vertex X="44303" Y="89105" Z="0"/>
					<Vertex X="43927" Y="88855" Z="0"/>
					<Vertex X="43927" Y="89105" Z="0"/>
					<Vertex X="43677" Y="88980" Z="0"/>
					<Vertex X="43427" Y="88855" Z="0"/>
					<Vertex X="43302" Y="88730" Z="0"/>
					<Vertex X="42926" Y="88354" Z="0"/>
					<Vertex X="42926" Y="88354" Z="0"/>
					<Vertex X="42551" Y="87979" Z="0"/>
					<Vertex X="42551" Y="87729" Z="0"/>
					<Vertex X="42426" Y="87478" Z="0"/>
					<Vertex X="42300" Y="87228" Z="0"/>
					<Vertex X="42175" Y="87103" Z="0"/>
					<Vertex X="41925" Y="86727" Z="0"/>
					<Vertex X="41925" Y="86602" Z="0"/>
					<Vertex X="41800" Y="86477" Z="0"/>
					<Vertex X="41675" Y="86227" Z="0"/>
					<Vertex X="41550" Y="85977" Z="0"/>
					<Vertex X="41174" Y="85601" Z="0"/>
					<Vertex X="41299" Y="85476" Z="0"/>
					<Vertex X="41174" Y="85351" Z="0"/>
					<Vertex X="41174" Y="85226" Z="0"/>
					<Vertex X="41049" Y="85100" Z="0"/>
					<Vertex X="40924" Y="84725" Z="0"/>
					<Vertex X="40799" Y="84475" Z="0"/>
					<Vertex X="40673" Y="84224" Z="0"/>
					<Vertex X="40548" Y="83974" Z="0"/>
					<Vertex X="40423" Y="83724" Z="0"/>
					<Vertex X="40423" Y="83599" Z="0"/>
					<Vertex X="39923" Y="82848" Z="0"/>
					<Vertex X="40173" Y="82848" Z="0"/>
					<Vertex X="40048" Y="82598" Z="0"/>
					<Vertex X="39672" Y="81847" Z="0"/>
					<Vertex X="39672" Y="81721" Z="0"/>
					<Vertex X="39797" Y="81596" Z="0"/>
					<Vertex X="39672" Y="81221" Z="0"/>
					<Vertex X="39672" Y="81096" Z="0"/>
					<Vertex X="39547" Y="80470" Z="0"/>
					<Vertex X="39422" Y="80220" Z="0"/>
					<Vertex X="39422" Y="79844" Z="0"/>
					<Vertex X="39297" Y="79719" Z="0"/>
					<Vertex X="39297" Y="79344" Z="0"/>
					<Vertex X="39047" Y="78843" Z="0"/>
					<Vertex X="39172" Y="78718" Z="0"/>
					<Vertex X="38921" Y="78092" Z="0"/>
					<Vertex X="39172" Y="77842" Z="0"/>
					<Vertex X="39047" Y="77466" Z="0"/>
					<Vertex X="39047" Y="77091" Z="0"/>
					<Vertex X="39047" Y="76841" Z="0"/>
					<Vertex X="38921" Y="76465" Z="0"/>
					<Vertex X="38671" Y="75965" Z="0"/>
					<Vertex X="38796" Y="75840" Z="0"/>
					<Vertex X="38546" Y="75464" Z="0"/>
					<Vertex X="38796" Y="75464" Z="0"/>
					<Vertex X="38796" Y="75214" Z="0"/>
					<Vertex X="38796" Y="74838" Z="0"/>
					<Vertex X="38546" Y="74588" Z="0"/>
					<Vertex X="38796" Y="74588" Z="0"/>
					<Vertex X="38796" Y="74463" Z="0"/>
					<Vertex X="38546" Y="74213" Z="0"/>
					<Vertex X="38796" Y="74213" Z="0"/>
					<Vertex X="38796" Y="74087" Z="0"/>
					<Vertex X="38796" Y="73962" Z="0"/>
					<Vertex X="38671" Y="73837" Z="0"/>
					<Vertex X="38421" Y="73587" Z="0"/>
					<Vertex X="38546" Y="73587" Z="0"/>
					<Vertex X="39297" Y="73211" Z="0"/>
				</Vertices>
			</Region>
		</Regions>
		<Plots/>
	</Annotation>
</Annotations>
