<Annotations MicronsPerPixel="0.248500">
	<Annotation Id="1" Name="" ReadOnly="0" NameReadOnly="0" LineColorReadOnly="0" Incremental="0" Type="4" LineColor="255" Visible="1" Selected="1" MarkupImagePath="" MacroName="">
		<Attributes/>
		<Regions>
			<RegionAttributeHeaders/>
			<Region Id="1" Type="0" Zoom="0.011261" Selected="0" ImageLocation="" ImageFocus="-1" Length="154267.6" Area="1181739970.0" LengthMicrons="38335.5" AreaMicrons="72975104.7" Text="" NegativeROA="0" InputRegionId="0" Analyze="1" DisplayId="1">
				<Attributes/>
				<Vertices>
					<Vertex X="31178" Y="2502" Z="0"/>
					<Vertex X="31088" Y="2502" Z="0"/>
					<Vertex X="30820" Y="2502" Z="0"/>
					<Vertex X="30374" Y="2323" Z="0"/>
					<Vertex X="30284" Y="2502" Z="0"/>
					<Vertex X="29927" Y="2502" Z="0"/>
					<Vertex X="29570" Y="2502" Z="0"/>
					<Vertex X="29302" Y="2502" Z="0"/>
					<Vertex X="28855" Y="2323" Z="0"/>
					<Vertex X="28766" Y="2591" Z="0"/>
					<Vertex X="28408" Y="2770" Z="0"/>
					<Vertex X="27872" Y="2680" Z="0"/>
					<Vertex X="27783" Y="2948" Z="0"/>
					<Vertex X="27604" Y="3038" Z="0"/>
					<Vertex X="27426" Y="3127" Z="0"/>
					<Vertex X="26979" Y="3306" Z="0"/>
					<Vertex X="26711" Y="3395" Z="0"/>
					<Vertex X="26443" Y="3484" Z="0"/>
					<Vertex X="26264" Y="3484" Z="0"/>
					<Vertex X="25907" Y="3395" Z="0"/>
					<Vertex X="25818" Y="3663" Z="0"/>
					<Vertex X="25371" Y="3574" Z="0"/>
					<Vertex X="25282" Y="3931" Z="0"/>
					<Vertex X="25014" Y="3752" Z="0"/>
					<Vertex X="24924" Y="4110" Z="0"/>
					<Vertex X="24567" Y="4288" Z="0"/>
					<Vertex X="24299" Y="4378" Z="0"/>
					<Vertex X="24210" Y="4467" Z="0"/>
					<Vertex X="23942" Y="4556" Z="0"/>
					<Vertex X="23763" Y="4735" Z="0"/>
					<Vertex X="23674" Y="4735" Z="0"/>
					<Vertex X="23138" Y="4735" Z="0"/>
					<Vertex X="22870" Y="4824" Z="0"/>
					<Vertex X="22780" Y="5182" Z="0"/>
					<Vertex X="22512" Y="5360" Z="0"/>
					<Vertex X="22244" Y="5539" Z="0"/>
					<Vertex X="21976" Y="5718" Z="0"/>
					<Vertex X="21708" Y="5807" Z="0"/>
					<Vertex X="21440" Y="5986" Z="0"/>
					<Vertex X="21083" Y="6164" Z="0"/>
					<Vertex X="20904" Y="6343" Z="0"/>
					<Vertex X="20368" Y="6790" Z="0"/>
					<Vertex X="20100" Y="6968" Z="0"/>
					<Vertex X="19922" Y="7058" Z="0"/>
					<Vertex X="19564" Y="7326" Z="0"/>
					<Vertex X="19386" Y="7505" Z="0"/>
					<Vertex X="18939" Y="7594" Z="0"/>
					<Vertex X="18939" Y="7862" Z="0"/>
					<Vertex X="18760" Y="8041" Z="0"/>
					<Vertex X="18582" Y="8130" Z="0"/>
					<Vertex X="18224" Y="8130" Z="0"/>
					<Vertex X="18314" Y="8398" Z="0"/>
					<Vertex X="17956" Y="8309" Z="0"/>
					<Vertex X="18046" Y="8577" Z="0"/>
					<Vertex X="17867" Y="8577" Z="0"/>
					<Vertex X="17510" Y="8755" Z="0"/>
					<Vertex X="17331" Y="8755" Z="0"/>
					<Vertex X="17152" Y="8845" Z="0"/>
					<Vertex X="16884" Y="8934" Z="0"/>
					<Vertex X="16706" Y="9023" Z="0"/>
					<Vertex X="16616" Y="9023" Z="0"/>
					<Vertex X="16527" Y="9023" Z="0"/>
					<Vertex X="16438" Y="9113" Z="0"/>
					<Vertex X="16259" Y="9202" Z="0"/>
					<Vertex X="16170" Y="9202" Z="0"/>
					<Vertex X="15902" Y="9202" Z="0"/>
					<Vertex X="15634" Y="9291" Z="0"/>
					<Vertex X="15097" Y="9381" Z="0"/>
					<Vertex X="14651" Y="9470" Z="0"/>
					<Vertex X="13936" Y="9470" Z="0"/>
					<Vertex X="13579" Y="9559" Z="0"/>
					<Vertex X="12953" Y="9470" Z="0"/>
					<Vertex X="12864" Y="9649" Z="0"/>
					<Vertex X="12417" Y="9738" Z="0"/>
					<Vertex X="11881" Y="9649" Z="0"/>
					<Vertex X="11971" Y="9827" Z="0"/>
					<Vertex X="11703" Y="9827" Z="0"/>
					<Vertex X="11345" Y="9917" Z="0"/>
					<Vertex X="11077" Y="10006" Z="0"/>
					<Vertex X="10899" Y="10095" Z="0"/>
					<Vertex X="10809" Y="10095" Z="0"/>
					<Vertex X="10631" Y="10274" Z="0"/>
					<Vertex X="10541" Y="10274" Z="0"/>
					<Vertex X="10363" Y="10453" Z="0"/>
					<Vertex X="10184" Y="10542" Z="0"/>
					<Vertex X="10005" Y="10721" Z="0"/>
					<Vertex X="9827" Y="10810" Z="0"/>
					<Vertex X="9737" Y="10899" Z="0"/>
					<Vertex X="9559" Y="10989" Z="0"/>
					<Vertex X="9559" Y="11078" Z="0"/>
					<Vertex X="9380" Y="11257" Z="0"/>
					<Vertex X="9291" Y="11435" Z="0"/>
					<Vertex X="9201" Y="11614" Z="0"/>
					<Vertex X="9112" Y="11793" Z="0"/>
					<Vertex X="8933" Y="11882" Z="0"/>
					<Vertex X="8844" Y="12061" Z="0"/>
					<Vertex X="8665" Y="12239" Z="0"/>
					<Vertex X="8487" Y="12418" Z="0"/>
					<Vertex X="8129" Y="12507" Z="0"/>
					<Vertex X="8219" Y="12686" Z="0"/>
					<Vertex X="8040" Y="12954" Z="0"/>
					<Vertex X="7951" Y="13043" Z="0"/>
					<Vertex X="7772" Y="13222" Z="0"/>
					<Vertex X="7683" Y="13311" Z="0"/>
					<Vertex X="7683" Y="13490" Z="0"/>
					<Vertex X="7593" Y="13579" Z="0"/>
					<Vertex X="7325" Y="13669" Z="0"/>
					<Vertex X="7236" Y="13937" Z="0"/>
					<Vertex X="7236" Y="14294" Z="0"/>
					<Vertex X="7147" Y="14473" Z="0"/>
					<Vertex X="7057" Y="14651" Z="0"/>
					<Vertex X="6789" Y="14473" Z="0"/>
					<Vertex X="6879" Y="14741" Z="0"/>
					<Vertex X="6879" Y="14830" Z="0"/>
					<Vertex X="6879" Y="14919" Z="0"/>
					<Vertex X="6879" Y="15009" Z="0"/>
					<Vertex X="6879" Y="15098" Z="0"/>
					<Vertex X="6789" Y="15277" Z="0"/>
					<Vertex X="6611" Y="15187" Z="0"/>
					<Vertex X="6521" Y="15366" Z="0"/>
					<Vertex X="6700" Y="15634" Z="0"/>
					<Vertex X="6432" Y="15634" Z="0"/>
					<Vertex X="6611" Y="15991" Z="0"/>
					<Vertex X="6521" Y="16170" Z="0"/>
					<Vertex X="6432" Y="16349" Z="0"/>
					<Vertex X="6164" Y="16438" Z="0"/>
					<Vertex X="6164" Y="16527" Z="0"/>
					<Vertex X="6253" Y="17063" Z="0"/>
					<Vertex X="6253" Y="17153" Z="0"/>
					<Vertex X="6164" Y="17331" Z="0"/>
					<Vertex X="6164" Y="17510" Z="0"/>
					<Vertex X="6164" Y="17599" Z="0"/>
					<Vertex X="6253" Y="17689" Z="0"/>
					<Vertex X="6253" Y="17778" Z="0"/>
					<Vertex X="6343" Y="17957" Z="0"/>
					<Vertex X="6343" Y="17957" Z="0"/>
					<Vertex X="6343" Y="18225" Z="0"/>
					<Vertex X="6521" Y="18493" Z="0"/>
					<Vertex X="6521" Y="18761" Z="0"/>
					<Vertex X="6521" Y="19029" Z="0"/>
					<Vertex X="6611" Y="19654" Z="0"/>
					<Vertex X="6611" Y="20011" Z="0"/>
					<Vertex X="6700" Y="20190" Z="0"/>
					<Vertex X="6789" Y="20369" Z="0"/>
					<Vertex X="6879" Y="20547" Z="0"/>
					<Vertex X="6968" Y="20726" Z="0"/>
					<Vertex X="7057" Y="20815" Z="0"/>
					<Vertex X="7147" Y="20994" Z="0"/>
					<Vertex X="7236" Y="21173" Z="0"/>
					<Vertex X="7325" Y="21351" Z="0"/>
					<Vertex X="7415" Y="21441" Z="0"/>
					<Vertex X="7504" Y="21619" Z="0"/>
					<Vertex X="7683" Y="21798" Z="0"/>
					<Vertex X="7772" Y="21977" Z="0"/>
					<Vertex X="7951" Y="22155" Z="0"/>
					<Vertex X="8129" Y="22423" Z="0"/>
					<Vertex X="8308" Y="22602" Z="0"/>
					<Vertex X="8487" Y="22781" Z="0"/>
					<Vertex X="8755" Y="23138" Z="0"/>
					<Vertex X="8844" Y="23227" Z="0"/>
					<Vertex X="9023" Y="23406" Z="0"/>
					<Vertex X="9201" Y="23496" Z="0"/>
					<Vertex X="9291" Y="23585" Z="0"/>
					<Vertex X="9559" Y="23853" Z="0"/>
					<Vertex X="9737" Y="23942" Z="0"/>
					<Vertex X="9827" Y="24032" Z="0"/>
					<Vertex X="10005" Y="24121" Z="0"/>
					<Vertex X="10184" Y="24210" Z="0"/>
					<Vertex X="10273" Y="24121" Z="0"/>
					<Vertex X="10631" Y="24478" Z="0"/>
					<Vertex X="10809" Y="24568" Z="0"/>
					<Vertex X="10899" Y="24568" Z="0"/>
					<Vertex X="10988" Y="24568" Z="0"/>
					<Vertex X="11256" Y="24746" Z="0"/>
					<Vertex X="11524" Y="24925" Z="0"/>
					<Vertex X="11613" Y="25014" Z="0"/>
					<Vertex X="11703" Y="25014" Z="0"/>
					<Vertex X="11881" Y="25104" Z="0"/>
					<Vertex X="12060" Y="25104" Z="0"/>
					<Vertex X="12149" Y="25193" Z="0"/>
					<Vertex X="12239" Y="25193" Z="0"/>
					<Vertex X="12417" Y="25282" Z="0"/>
					<Vertex X="12596" Y="25282" Z="0"/>
					<Vertex X="12685" Y="25372" Z="0"/>
					<Vertex X="12864" Y="25372" Z="0"/>
					<Vertex X="12953" Y="25461" Z="0"/>
					<Vertex X="13043" Y="25461" Z="0"/>
					<Vertex X="13400" Y="25729" Z="0"/>
					<Vertex X="13579" Y="25818" Z="0"/>
					<Vertex X="13757" Y="25818" Z="0"/>
					<Vertex X="14025" Y="25908" Z="0"/>
					<Vertex X="14204" Y="25908" Z="0"/>
					<Vertex X="14293" Y="25997" Z="0"/>
					<Vertex X="14472" Y="25997" Z="0"/>
					<Vertex X="14472" Y="25908" Z="0"/>
					<Vertex X="14919" Y="26176" Z="0"/>
					<Vertex X="15097" Y="26176" Z="0"/>
					<Vertex X="15097" Y="26086" Z="0"/>
					<Vertex X="15455" Y="26265" Z="0"/>
					<Vertex X="15634" Y="26265" Z="0"/>
					<Vertex X="15902" Y="26354" Z="0"/>
					<Vertex X="15902" Y="26176" Z="0"/>
					<Vertex X="16259" Y="26444" Z="0"/>
					<Vertex X="16527" Y="26444" Z="0"/>
					<Vertex X="16795" Y="26533" Z="0"/>
					<Vertex X="17063" Y="26622" Z="0"/>
					<Vertex X="17420" Y="26712" Z="0"/>
					<Vertex X="17778" Y="26801" Z="0"/>
					<Vertex X="18046" Y="26980" Z="0"/>
					<Vertex X="18492" Y="27069" Z="0"/>
					<Vertex X="18671" Y="27158" Z="0"/>
					<Vertex X="19028" Y="27158" Z="0"/>
					<Vertex X="19296" Y="27426" Z="0"/>
					<Vertex X="19832" Y="27694" Z="0"/>
					<Vertex X="19922" Y="27784" Z="0"/>
					<Vertex X="20190" Y="27873" Z="0"/>
					<Vertex X="20458" Y="28052" Z="0"/>
					<Vertex X="20636" Y="28141" Z="0"/>
					<Vertex X="20904" Y="28409" Z="0"/>
					<Vertex X="20994" Y="28498" Z="0"/>
					<Vertex X="20994" Y="28588" Z="0"/>
					<Vertex X="21351" Y="29034" Z="0"/>
					<Vertex X="21440" Y="29124" Z="0"/>
					<Vertex X="21530" Y="29302" Z="0"/>
					<Vertex X="21530" Y="29481" Z="0"/>
					<Vertex X="21440" Y="29481" Z="0"/>
					<Vertex X="21708" Y="29838" Z="0"/>
					<Vertex X="21619" Y="29838" Z="0"/>
					<Vertex X="21798" Y="30106" Z="0"/>
					<Vertex X="21887" Y="30285" Z="0"/>
					<Vertex X="21976" Y="30464" Z="0"/>
					<Vertex X="21976" Y="30553" Z="0"/>
					<Vertex X="22066" Y="30642" Z="0"/>
					<Vertex X="22066" Y="30732" Z="0"/>
					<Vertex X="22155" Y="30910" Z="0"/>
					<Vertex X="22244" Y="31000" Z="0"/>
					<Vertex X="22155" Y="31089" Z="0"/>
					<Vertex X="22423" Y="31446" Z="0"/>
					<Vertex X="22512" Y="31625" Z="0"/>
					<Vertex X="22512" Y="31714" Z="0"/>
					<Vertex X="22602" Y="31982" Z="0"/>
					<Vertex X="22602" Y="32250" Z="0"/>
					<Vertex X="22512" Y="32250" Z="0"/>
					<Vertex X="22691" Y="32697" Z="0"/>
					<Vertex X="22691" Y="32786" Z="0"/>
					<Vertex X="22691" Y="33054" Z="0"/>
					<Vertex X="22691" Y="33144" Z="0"/>
					<Vertex X="22512" Y="33233" Z="0"/>
					<Vertex X="22602" Y="33590" Z="0"/>
					<Vertex X="22512" Y="33948" Z="0"/>
					<Vertex X="22334" Y="34126" Z="0"/>
					<Vertex X="22423" Y="34573" Z="0"/>
					<Vertex X="22244" Y="34484" Z="0"/>
					<Vertex X="22244" Y="34841" Z="0"/>
					<Vertex X="22244" Y="35020" Z="0"/>
					<Vertex X="22244" Y="35288" Z="0"/>
					<Vertex X="22423" Y="35466" Z="0"/>
					<Vertex X="22423" Y="35645" Z="0"/>
					<Vertex X="22423" Y="35824" Z="0"/>
					<Vertex X="22423" Y="36002" Z="0"/>
					<Vertex X="22423" Y="36181" Z="0"/>
					<Vertex X="22423" Y="36360" Z="0"/>
					<Vertex X="22423" Y="36628" Z="0"/>
					<Vertex X="22423" Y="36806" Z="0"/>
					<Vertex X="22244" Y="36896" Z="0"/>
					<Vertex X="22423" Y="37074" Z="0"/>
					<Vertex X="22602" Y="37432" Z="0"/>
					<Vertex X="22602" Y="37521" Z="0"/>
					<Vertex X="22691" Y="37789" Z="0"/>
					<Vertex X="23048" Y="38236" Z="0"/>
					<Vertex X="23406" Y="38593" Z="0"/>
					<Vertex X="23584" Y="38772" Z="0"/>
					<Vertex X="23763" Y="39040" Z="0"/>
					<Vertex X="23852" Y="39040" Z="0"/>
					<Vertex X="24031" Y="39308" Z="0"/>
					<Vertex X="24120" Y="39397" Z="0"/>
					<Vertex X="24299" Y="39486" Z="0"/>
					<Vertex X="24656" Y="39844" Z="0"/>
					<Vertex X="24746" Y="39933" Z="0"/>
					<Vertex X="25103" Y="40291" Z="0"/>
					<Vertex X="25103" Y="40291" Z="0"/>
					<Vertex X="25371" Y="40648" Z="0"/>
					<Vertex X="25460" Y="40648" Z="0"/>
					<Vertex X="25550" Y="40737" Z="0"/>
					<Vertex X="25639" Y="40737" Z="0"/>
					<Vertex X="25907" Y="41005" Z="0"/>
					<Vertex X="25996" Y="41095" Z="0"/>
					<Vertex X="26264" Y="41095" Z="0"/>
					<Vertex X="26354" Y="41184" Z="0"/>
					<Vertex X="26532" Y="41273" Z="0"/>
					<Vertex X="26711" Y="41273" Z="0"/>
					<Vertex X="26979" Y="41452" Z="0"/>
					<Vertex X="27068" Y="41541" Z="0"/>
					<Vertex X="27158" Y="41541" Z="0"/>
					<Vertex X="27247" Y="41541" Z="0"/>
					<Vertex X="27336" Y="41541" Z="0"/>
					<Vertex X="27515" Y="41541" Z="0"/>
					<Vertex X="27694" Y="41452" Z="0"/>
					<Vertex X="27872" Y="41363" Z="0"/>
					<Vertex X="27872" Y="41095" Z="0"/>
					<Vertex X="28140" Y="41184" Z="0"/>
					<Vertex X="28319" Y="41095" Z="0"/>
					<Vertex X="28498" Y="41005" Z="0"/>
					<Vertex X="28676" Y="40916" Z="0"/>
					<Vertex X="28855" Y="40737" Z="0"/>
					<Vertex X="28766" Y="40469" Z="0"/>
					<Vertex X="29123" Y="40469" Z="0"/>
					<Vertex X="29302" Y="40291" Z="0"/>
					<Vertex X="29480" Y="40201" Z="0"/>
					<Vertex X="29659" Y="40023" Z="0"/>
					<Vertex X="29748" Y="39933" Z="0"/>
					<Vertex X="29838" Y="39844" Z="0"/>
					<Vertex X="30016" Y="39665" Z="0"/>
					<Vertex X="30284" Y="39576" Z="0"/>
					<Vertex X="30463" Y="39397" Z="0"/>
					<Vertex X="30642" Y="39308" Z="0"/>
					<Vertex X="30820" Y="39218" Z="0"/>
					<Vertex X="30910" Y="39218" Z="0"/>
					<Vertex X="31178" Y="39129" Z="0"/>
					<Vertex X="31267" Y="39040" Z="0"/>
					<Vertex X="31356" Y="39040" Z="0"/>
					<Vertex X="31356" Y="38772" Z="0"/>
					<Vertex X="31624" Y="38861" Z="0"/>
					<Vertex X="31535" Y="38682" Z="0"/>
					<Vertex X="31893" Y="38772" Z="0"/>
					<Vertex X="32071" Y="38772" Z="0"/>
					<Vertex X="32071" Y="38593" Z="0"/>
					<Vertex X="32429" Y="38682" Z="0"/>
					<Vertex X="32518" Y="38682" Z="0"/>
					<Vertex X="32697" Y="38593" Z="0"/>
					<Vertex X="32965" Y="38593" Z="0"/>
					<Vertex X="33143" Y="38593" Z="0"/>
					<Vertex X="33233" Y="38414" Z="0"/>
					<Vertex X="33679" Y="38593" Z="0"/>
					<Vertex X="33947" Y="38593" Z="0"/>
					<Vertex X="34215" Y="38593" Z="0"/>
					<Vertex X="34573" Y="38593" Z="0"/>
					<Vertex X="34662" Y="38593" Z="0"/>
					<Vertex X="35019" Y="38593" Z="0"/>
					<Vertex X="35287" Y="38593" Z="0"/>
					<Vertex X="35376" Y="41094" Z="0"/>
					<Vertex X="35019" Y="41183" Z="0"/>
					<Vertex X="35287" Y="41362" Z="0"/>
					<Vertex X="35376" Y="41362" Z="0"/>
					<Vertex X="35466" Y="41362" Z="0"/>
					<Vertex X="35734" Y="41273" Z="0"/>
					<Vertex X="35823" Y="41273" Z="0"/>
					<Vertex X="36002" Y="41273" Z="0"/>
					<Vertex X="36180" Y="41183" Z="0"/>
					<Vertex X="36359" Y="41183" Z="0"/>
					<Vertex X="36448" Y="41183" Z="0"/>
					<Vertex X="36448" Y="41005" Z="0"/>
					<Vertex X="36627" Y="40915" Z="0"/>
					<Vertex X="36895" Y="41094" Z="0"/>
					<Vertex X="37074" Y="41094" Z="0"/>
					<Vertex X="37252" Y="41005" Z="0"/>
					<Vertex X="37252" Y="40826" Z="0"/>
					<Vertex X="37699" Y="41005" Z="0"/>
					<Vertex X="37878" Y="41005" Z="0"/>
					<Vertex X="38146" Y="40915" Z="0"/>
					<Vertex X="38324" Y="40826" Z="0"/>
					<Vertex X="38682" Y="40737" Z="0"/>
					<Vertex X="38860" Y="40737" Z="0"/>
					<Vertex X="39128" Y="40647" Z="0"/>
					<Vertex X="39307" Y="40647" Z="0"/>
					<Vertex X="39486" Y="40558" Z="0"/>
					<Vertex X="39664" Y="40468" Z="0"/>
					<Vertex X="39932" Y="40468" Z="0"/>
					<Vertex X="40111" Y="40379" Z="0"/>
					<Vertex X="40379" Y="40290" Z="0"/>
					<Vertex X="40736" Y="40290" Z="0"/>
					<Vertex X="41004" Y="40200" Z="0"/>
					<Vertex X="41272" Y="40200" Z="0"/>
					<Vertex X="41630" Y="40111" Z="0"/>
					<Vertex X="41630" Y="39932" Z="0"/>
					<Vertex X="42166" Y="39932" Z="0"/>
					<Vertex X="42434" Y="40022" Z="0"/>
					<Vertex X="42523" Y="39843" Z="0"/>
					<Vertex X="42880" Y="40022" Z="0"/>
					<Vertex X="43148" Y="40022" Z="0"/>
					<Vertex X="42881" Y="38325" Z="0"/>
					<Vertex X="43059" Y="38057" Z="0"/>
					<Vertex X="43506" Y="38146" Z="0"/>
					<Vertex X="43685" Y="38146" Z="0"/>
					<Vertex X="44042" Y="37968" Z="0"/>
					<Vertex X="44221" Y="37968" Z="0"/>
					<Vertex X="44489" Y="37789" Z="0"/>
					<Vertex X="44757" Y="37700" Z="0"/>
					<Vertex X="45025" Y="37521" Z="0"/>
					<Vertex X="45293" Y="37432" Z="0"/>
					<Vertex X="45561" Y="37253" Z="0"/>
					<Vertex X="45829" Y="37164" Z="0"/>
					<Vertex X="45918" Y="37074" Z="0"/>
					<Vertex X="46365" Y="36806" Z="0"/>
					<Vertex X="46275" Y="36628" Z="0"/>
					<Vertex X="46722" Y="36628" Z="0"/>
					<Vertex X="47079" Y="36449" Z="0"/>
					<Vertex X="47258" Y="36181" Z="0"/>
					<Vertex X="47705" Y="36181" Z="0"/>
					<Vertex X="48152" Y="36002" Z="0"/>
					<Vertex X="48241" Y="36002" Z="0"/>
					<Vertex X="48866" Y="35734" Z="0"/>
					<Vertex X="49313" Y="35645" Z="0"/>
					<Vertex X="49492" Y="35556" Z="0"/>
					<Vertex X="49849" Y="35466" Z="0"/>
					<Vertex X="50206" Y="35288" Z="0"/>
					<Vertex X="50474" Y="35198" Z="0"/>
					<Vertex X="50832" Y="35109" Z="0"/>
					<Vertex X="50832" Y="34841" Z="0"/>
					<Vertex X="51368" Y="34841" Z="0"/>
					<Vertex X="51636" Y="34662" Z="0"/>
					<Vertex X="51725" Y="34573" Z="0"/>
					<Vertex X="52261" Y="34305" Z="0"/>
					<Vertex X="52529" Y="34126" Z="0"/>
					<Vertex X="53154" Y="33680" Z="0"/>
					<Vertex X="53512" Y="32876" Z="0"/>
					<Vertex X="54048" Y="32786" Z="0"/>
					<Vertex X="54226" Y="32518" Z="0"/>
					<Vertex X="54673" Y="31893" Z="0"/>
					<Vertex X="54852" Y="31536" Z="0"/>
					<Vertex X="54941" Y="31178" Z="0"/>
					<Vertex X="55030" Y="31000" Z="0"/>
					<Vertex X="54941" Y="30464" Z="0"/>
					<Vertex X="55120" Y="30374" Z="0"/>
					<Vertex X="55120" Y="30106" Z="0"/>
					<Vertex X="55120" Y="29838" Z="0"/>
					<Vertex X="54941" Y="29481" Z="0"/>
					<Vertex X="55030" Y="29481" Z="0"/>
					<Vertex X="54941" Y="29124" Z="0"/>
					<Vertex X="54852" Y="28856" Z="0"/>
					<Vertex X="54762" Y="28588" Z="0"/>
					<Vertex X="54584" Y="28141" Z="0"/>
					<Vertex X="54494" Y="27694" Z="0"/>
					<Vertex X="54405" Y="27158" Z="0"/>
					<Vertex X="54316" Y="26712" Z="0"/>
					<Vertex X="54226" Y="26444" Z="0"/>
					<Vertex X="54137" Y="25729" Z="0"/>
					<Vertex X="54048" Y="25282" Z="0"/>
					<Vertex X="53958" Y="24836" Z="0"/>
					<Vertex X="53869" Y="24300" Z="0"/>
					<Vertex X="53780" Y="24032" Z="0"/>
					<Vertex X="53690" Y="23674" Z="0"/>
					<Vertex X="53601" Y="23406" Z="0"/>
					<Vertex X="53422" Y="23138" Z="0"/>
					<Vertex X="53333" Y="22959" Z="0"/>
					<Vertex X="53065" Y="22781" Z="0"/>
					<Vertex X="52708" Y="22423" Z="0"/>
					<Vertex X="52708" Y="22334" Z="0"/>
					<Vertex X="52618" Y="22245" Z="0"/>
					<Vertex X="52172" Y="21798" Z="0"/>
					<Vertex X="51904" Y="21619" Z="0"/>
					<Vertex X="51457" Y="21262" Z="0"/>
					<Vertex X="51368" Y="21262" Z="0"/>
					<Vertex X="51100" Y="21083" Z="0"/>
					<Vertex X="50742" Y="20815" Z="0"/>
					<Vertex X="50474" Y="20637" Z="0"/>
					<Vertex X="50296" Y="20458" Z="0"/>
					<Vertex X="50206" Y="20458" Z="0"/>
					<Vertex X="50028" Y="20279" Z="0"/>
					<Vertex X="49938" Y="20190" Z="0"/>
					<Vertex X="49938" Y="20190" Z="0"/>
					<Vertex X="49849" Y="20101" Z="0"/>
					<Vertex X="49670" Y="19922" Z="0"/>
					<Vertex X="49581" Y="19743" Z="0"/>
					<Vertex X="49224" Y="19386" Z="0"/>
					<Vertex X="49224" Y="19297" Z="0"/>
					<Vertex X="49134" Y="19207" Z="0"/>
					<Vertex X="49134" Y="19118" Z="0"/>
					<Vertex X="49045" Y="19029" Z="0"/>
					<Vertex X="48956" Y="18850" Z="0"/>
					<Vertex X="48866" Y="18671" Z="0"/>
					<Vertex X="48688" Y="18493" Z="0"/>
					<Vertex X="48598" Y="18314" Z="0"/>
					<Vertex X="48420" Y="18135" Z="0"/>
					<Vertex X="48330" Y="17957" Z="0"/>
					<Vertex X="48152" Y="17778" Z="0"/>
					<Vertex X="47973" Y="17599" Z="0"/>
					<Vertex X="47615" Y="17242" Z="0"/>
					<Vertex X="47526" Y="17153" Z="0"/>
					<Vertex X="47347" Y="16974" Z="0"/>
					<Vertex X="47169" Y="16706" Z="0"/>
					<Vertex X="46722" Y="16259" Z="0"/>
					<Vertex X="46722" Y="16170" Z="0"/>
					<Vertex X="46543" Y="15813" Z="0"/>
					<Vertex X="46097" Y="15366" Z="0"/>
					<Vertex X="46007" Y="15187" Z="0"/>
					<Vertex X="45829" Y="14830" Z="0"/>
					<Vertex X="45739" Y="14741" Z="0"/>
					<Vertex X="45471" Y="14383" Z="0"/>
					<Vertex X="45025" Y="13847" Z="0"/>
					<Vertex X="45025" Y="13669" Z="0"/>
					<Vertex X="44757" Y="13401" Z="0"/>
					<Vertex X="44578" Y="13043" Z="0"/>
					<Vertex X="44221" Y="12597" Z="0"/>
					<Vertex X="44131" Y="12418" Z="0"/>
					<Vertex X="43774" Y="12150" Z="0"/>
					<Vertex X="43774" Y="11971" Z="0"/>
					<Vertex X="43506" Y="11703" Z="0"/>
					<Vertex X="43149" Y="11257" Z="0"/>
					<Vertex X="42970" Y="10989" Z="0"/>
					<Vertex X="42613" Y="10631" Z="0"/>
					<Vertex X="42077" Y="10006" Z="0"/>
					<Vertex X="41898" Y="9738" Z="0"/>
					<Vertex X="41362" Y="9202" Z="0"/>
					<Vertex X="41183" Y="9023" Z="0"/>
					<Vertex X="41094" Y="8845" Z="0"/>
					<Vertex X="40647" Y="8309" Z="0"/>
					<Vertex X="40290" Y="8041" Z="0"/>
					<Vertex X="40201" Y="7862" Z="0"/>
					<Vertex X="39843" Y="7594" Z="0"/>
					<Vertex X="39397" Y="7147" Z="0"/>
					<Vertex X="39129" Y="6879" Z="0"/>
					<Vertex X="38950" Y="6879" Z="0"/>
					<Vertex X="38682" Y="6700" Z="0"/>
					<Vertex X="38325" Y="6432" Z="0"/>
					<Vertex X="37967" Y="6164" Z="0"/>
					<Vertex X="37789" Y="6164" Z="0"/>
					<Vertex X="37521" Y="5986" Z="0"/>
					<Vertex X="37163" Y="5807" Z="0"/>
					<Vertex X="36717" Y="5539" Z="0"/>
					<Vertex X="36627" Y="5539" Z="0"/>
					<Vertex X="36359" Y="5450" Z="0"/>
					<Vertex X="35913" Y="5182" Z="0"/>
					<Vertex X="35913" Y="5271" Z="0"/>
					<Vertex X="35823" Y="5182" Z="0"/>
					<Vertex X="35466" Y="5092" Z="0"/>
					<Vertex X="35287" Y="4914" Z="0"/>
					<Vertex X="35109" Y="4824" Z="0"/>
					<Vertex X="35019" Y="4735" Z="0"/>
					<Vertex X="34930" Y="4735" Z="0"/>
					<Vertex X="34841" Y="4646" Z="0"/>
					<Vertex X="34751" Y="4556" Z="0"/>
					<Vertex X="34662" Y="4467" Z="0"/>
					<Vertex X="34573" Y="4378" Z="0"/>
					<Vertex X="34483" Y="4199" Z="0"/>
					<Vertex X="34305" Y="4110" Z="0"/>
					<Vertex X="34305" Y="4020" Z="0"/>
					<Vertex X="34215" Y="4020" Z="0"/>
					<Vertex X="34037" Y="3842" Z="0"/>
					<Vertex X="33947" Y="3752" Z="0"/>
					<Vertex X="33858" Y="3752" Z="0"/>
					<Vertex X="33858" Y="3663" Z="0"/>
					<Vertex X="33769" Y="3663" Z="0"/>
					<Vertex X="33679" Y="3574" Z="0"/>
					<Vertex X="33590" Y="3574" Z="0"/>
					<Vertex X="33590" Y="3484" Z="0"/>
					<Vertex X="33501" Y="3395" Z="0"/>
					<Vertex X="33411" Y="3395" Z="0"/>
					<Vertex X="33233" Y="3306" Z="0"/>
					<Vertex X="33143" Y="3306" Z="0"/>
					<Vertex X="33054" Y="3216" Z="0"/>
					<Vertex X="32965" Y="3216" Z="0"/>
					<Vertex X="32965" Y="3127" Z="0"/>
					<Vertex X="32875" Y="3127" Z="0"/>
					<Vertex X="32786" Y="3127" Z="0"/>
					<Vertex X="32697" Y="3038" Z="0"/>
					<Vertex X="32607" Y="2948" Z="0"/>
					<Vertex X="32429" Y="2948" Z="0"/>
					<Vertex X="32339" Y="2859" Z="0"/>
					<Vertex X="32250" Y="2770" Z="0"/>
					<Vertex X="32161" Y="2770" Z="0"/>
					<Vertex X="32071" Y="2770" Z="0"/>
					<Vertex X="31982" Y="2680" Z="0"/>
					<Vertex X="31893" Y="2591" Z="0"/>
					<Vertex X="31714" Y="2502" Z="0"/>
					<Vertex X="31624" Y="2502" Z="0"/>
					<Vertex X="31446" Y="2323" Z="0"/>
					<Vertex X="31624" Y="2412" Z="0"/>
					<Vertex X="31178" Y="2502" Z="0"/>
				</Vertices>
			</Region>
			<Region Id="2" Type="0" Zoom="0.011261" Selected="0" ImageLocation="" ImageFocus="-1" Length="91151.1" Area="289784128.5" LengthMicrons="22651.1" AreaMicrons="17894822.6" Text="" NegativeROA="0" InputRegionId="0" Analyze="1" DisplayId="2">
				<Attributes/>
				<Vertices>
					<Vertex X="60658" Y="35376" Z="0"/>
					<Vertex X="60569" Y="35376" Z="0"/>
					<Vertex X="60480" Y="35376" Z="0"/>
					<Vertex X="60390" Y="35376" Z="0"/>
					<Vertex X="60301" Y="35376" Z="0"/>
					<Vertex X="60033" Y="35376" Z="0"/>
					<Vertex X="59854" Y="35376" Z="0"/>
					<Vertex X="59765" Y="35466" Z="0"/>
					<Vertex X="59497" Y="35644" Z="0"/>
					<Vertex X="59229" Y="35734" Z="0"/>
					<Vertex X="58693" Y="35823" Z="0"/>
					<Vertex X="58603" Y="36091" Z="0"/>
					<Vertex X="58425" Y="36270" Z="0"/>
					<Vertex X="58157" Y="36359" Z="0"/>
					<Vertex X="57889" Y="36538" Z="0"/>
					<Vertex X="57621" Y="36716" Z="0"/>
					<Vertex X="57531" Y="36806" Z="0"/>
					<Vertex X="57263" Y="37074" Z="0"/>
					<Vertex X="57085" Y="37163" Z="0"/>
					<Vertex X="56727" Y="37163" Z="0"/>
					<Vertex X="56727" Y="37520" Z="0"/>
					<Vertex X="56549" Y="37610" Z="0"/>
					<Vertex X="56370" Y="37788" Z="0"/>
					<Vertex X="56281" Y="37967" Z="0"/>
					<Vertex X="56102" Y="38146" Z="0"/>
					<Vertex X="55923" Y="38235" Z="0"/>
					<Vertex X="55745" Y="38414" Z="0"/>
					<Vertex X="55655" Y="38592" Z="0"/>
					<Vertex X="55566" Y="38682" Z="0"/>
					<Vertex X="55387" Y="38771" Z="0"/>
					<Vertex X="55209" Y="38950" Z="0"/>
					<Vertex X="55030" Y="39218" Z="0"/>
					<Vertex X="54851" Y="39396" Z="0"/>
					<Vertex X="54673" Y="39575" Z="0"/>
					<Vertex X="54583" Y="39664" Z="0"/>
					<Vertex X="54226" Y="39664" Z="0"/>
					<Vertex X="54137" Y="40022" Z="0"/>
					<Vertex X="53869" Y="40200" Z="0"/>
					<Vertex X="53690" Y="40290" Z="0"/>
					<Vertex X="53601" Y="40379" Z="0"/>
					<Vertex X="53422" Y="40468" Z="0"/>
					<Vertex X="53243" Y="40558" Z="0"/>
					<Vertex X="52975" Y="40379" Z="0"/>
					<Vertex X="52975" Y="40558" Z="0"/>
					<Vertex X="52797" Y="40647" Z="0"/>
					<Vertex X="52707" Y="40647" Z="0"/>
					<Vertex X="52529" Y="40647" Z="0"/>
					<Vertex X="52439" Y="40647" Z="0"/>
					<Vertex X="52082" Y="40468" Z="0"/>
					<Vertex X="51814" Y="40647" Z="0"/>
					<Vertex X="51546" Y="40647" Z="0"/>
					<Vertex X="51278" Y="40468" Z="0"/>
					<Vertex X="51189" Y="40468" Z="0"/>
					<Vertex X="51099" Y="40647" Z="0"/>
					<Vertex X="51010" Y="40647" Z="0"/>
					<Vertex X="50653" Y="40468" Z="0"/>
					<Vertex X="50653" Y="40647" Z="0"/>
					<Vertex X="50563" Y="40647" Z="0"/>
					<Vertex X="50206" Y="40468" Z="0"/>
					<Vertex X="50117" Y="40468" Z="0"/>
					<Vertex X="49938" Y="40468" Z="0"/>
					<Vertex X="49938" Y="40737" Z="0"/>
					<Vertex X="49670" Y="40737" Z="0"/>
					<Vertex X="49491" Y="40558" Z="0"/>
					<Vertex X="49491" Y="40826" Z="0"/>
					<Vertex X="49313" Y="40826" Z="0"/>
					<Vertex X="48955" Y="40647" Z="0"/>
					<Vertex X="48955" Y="40915" Z="0"/>
					<Vertex X="48866" Y="40915" Z="0"/>
					<Vertex X="48687" Y="40915" Z="0"/>
					<Vertex X="48509" Y="40915" Z="0"/>
					<Vertex X="48330" Y="41005" Z="0"/>
					<Vertex X="48062" Y="41005" Z="0"/>
					<Vertex X="47973" Y="41094" Z="0"/>
					<Vertex X="47883" Y="41094" Z="0"/>
					<Vertex X="47705" Y="41094" Z="0"/>
					<Vertex X="47437" Y="41005" Z="0"/>
					<Vertex X="47526" Y="41183" Z="0"/>
					<Vertex X="47437" Y="41183" Z="0"/>
					<Vertex X="47347" Y="41183" Z="0"/>
					<Vertex X="47258" Y="41273" Z="0"/>
					<Vertex X="47169" Y="41273" Z="0"/>
					<Vertex X="47079" Y="41273" Z="0"/>
					<Vertex X="46901" Y="41362" Z="0"/>
					<Vertex X="46722" Y="41183" Z="0"/>
					<Vertex X="46633" Y="41273" Z="0"/>
					<Vertex X="46275" Y="41451" Z="0"/>
					<Vertex X="46275" Y="41719" Z="0"/>
					<Vertex X="46097" Y="41898" Z="0"/>
					<Vertex X="45829" Y="42166" Z="0"/>
					<Vertex X="45739" Y="42255" Z="0"/>
					<Vertex X="45471" Y="42523" Z="0"/>
					<Vertex X="45203" Y="42523" Z="0"/>
					<Vertex X="45203" Y="42881" Z="0"/>
					<Vertex X="45114" Y="42881" Z="0"/>
					<Vertex X="45025" Y="43059" Z="0"/>
					<Vertex X="44935" Y="43149" Z="0"/>
					<Vertex X="44667" Y="43059" Z="0"/>
					<Vertex X="44757" Y="43327" Z="0"/>
					<Vertex X="44578" Y="43238" Z="0"/>
					<Vertex X="44757" Y="43506" Z="0"/>
					<Vertex X="44578" Y="43327" Z="0"/>
					<Vertex X="44757" Y="43595" Z="0"/>
					<Vertex X="44757" Y="43685" Z="0"/>
					<Vertex X="44757" Y="43863" Z="0"/>
					<Vertex X="44578" Y="43863" Z="0"/>
					<Vertex X="44667" Y="44042" Z="0"/>
					<Vertex X="44935" Y="44489" Z="0"/>
					<Vertex X="44846" Y="44489" Z="0"/>
					<Vertex X="45114" Y="44935" Z="0"/>
					<Vertex X="45114" Y="45025" Z="0"/>
					<Vertex X="45293" Y="45203" Z="0"/>
					<Vertex X="45471" Y="45561" Z="0"/>
					<Vertex X="45561" Y="45650" Z="0"/>
					<Vertex X="45739" Y="45918" Z="0"/>
					<Vertex X="45918" Y="46097" Z="0"/>
					<Vertex X="46007" Y="46186" Z="0"/>
					<Vertex X="46186" Y="46365" Z="0"/>
					<Vertex X="46365" Y="46454" Z="0"/>
					<Vertex X="46454" Y="46543" Z="0"/>
					<Vertex X="46454" Y="46543" Z="0"/>
					<Vertex X="46543" Y="46722" Z="0"/>
					<Vertex X="46722" Y="46901" Z="0"/>
					<Vertex X="46722" Y="46990" Z="0"/>
					<Vertex X="46990" Y="47258" Z="0"/>
					<Vertex X="47079" Y="47347" Z="0"/>
					<Vertex X="47169" Y="47437" Z="0"/>
					<Vertex X="47079" Y="47437" Z="0"/>
					<Vertex X="47347" Y="47705" Z="0"/>
					<Vertex X="47437" Y="47794" Z="0"/>
					<Vertex X="47437" Y="47883" Z="0"/>
					<Vertex X="47526" Y="47973" Z="0"/>
					<Vertex X="47526" Y="48062" Z="0"/>
					<Vertex X="47347" Y="48151" Z="0"/>
					<Vertex X="47347" Y="48419" Z="0"/>
					<Vertex X="47526" Y="48777" Z="0"/>
					<Vertex X="47526" Y="48955" Z="0"/>
					<Vertex X="47347" Y="48955" Z="0"/>
					<Vertex X="47526" Y="49313" Z="0"/>
					<Vertex X="47347" Y="49313" Z="0"/>
					<Vertex X="47526" Y="49581" Z="0"/>
					<Vertex X="47437" Y="49670" Z="0"/>
					<Vertex X="47347" Y="49759" Z="0"/>
					<Vertex X="47347" Y="49849" Z="0"/>
					<Vertex X="47258" Y="49849" Z="0"/>
					<Vertex X="47258" Y="49938" Z="0"/>
					<Vertex X="46990" Y="50027" Z="0"/>
					<Vertex X="46901" Y="50206" Z="0"/>
					<Vertex X="46722" Y="50295" Z="0"/>
					<Vertex X="46543" Y="50385" Z="0"/>
					<Vertex X="46365" Y="50474" Z="0"/>
					<Vertex X="46275" Y="50563" Z="0"/>
					<Vertex X="45918" Y="50653" Z="0"/>
					<Vertex X="45739" Y="50742" Z="0"/>
					<Vertex X="45561" Y="50742" Z="0"/>
					<Vertex X="45382" Y="50831" Z="0"/>
					<Vertex X="45203" Y="50921" Z="0"/>
					<Vertex X="44935" Y="50742" Z="0"/>
					<Vertex X="44935" Y="51010" Z="0"/>
					<Vertex X="44489" Y="51010" Z="0"/>
					<Vertex X="44310" Y="51099" Z="0"/>
					<Vertex X="44042" Y="51099" Z="0"/>
					<Vertex X="43953" Y="51099" Z="0"/>
					<Vertex X="43684" Y="51189" Z="0"/>
					<Vertex X="43506" Y="51189" Z="0"/>
					<Vertex X="43238" Y="51278" Z="0"/>
					<Vertex X="43059" Y="51367" Z="0"/>
					<Vertex X="42880" Y="51367" Z="0"/>
					<Vertex X="42702" Y="51546" Z="0"/>
					<Vertex X="42612" Y="51546" Z="0"/>
					<Vertex X="42255" Y="51814" Z="0"/>
					<Vertex X="42076" Y="51993" Z="0"/>
					<Vertex X="41719" Y="51993" Z="0"/>
					<Vertex X="41808" Y="52261" Z="0"/>
					<Vertex X="41451" Y="52618" Z="0"/>
					<Vertex X="41272" Y="52797" Z="0"/>
					<Vertex X="41094" Y="52975" Z="0"/>
					<Vertex X="41094" Y="53154" Z="0"/>
					<Vertex X="40915" Y="53333" Z="0"/>
					<Vertex X="40826" Y="53511" Z="0"/>
					<Vertex X="40736" Y="53779" Z="0"/>
					<Vertex X="40558" Y="53690" Z="0"/>
					<Vertex X="40647" Y="54226" Z="0"/>
					<Vertex X="40379" Y="54315" Z="0"/>
					<Vertex X="40290" Y="54494" Z="0"/>
					<Vertex X="40379" Y="55030" Z="0"/>
					<Vertex X="40379" Y="55298" Z="0"/>
					<Vertex X="40379" Y="55477" Z="0"/>
					<Vertex X="40111" Y="55387" Z="0"/>
					<Vertex X="40290" Y="55745" Z="0"/>
					<Vertex X="40290" Y="56013" Z="0"/>
					<Vertex X="40290" Y="56191" Z="0"/>
					<Vertex X="40290" Y="56281" Z="0"/>
					<Vertex X="40290" Y="56370" Z="0"/>
					<Vertex X="40290" Y="56459" Z="0"/>
					<Vertex X="40111" Y="56370" Z="0"/>
					<Vertex X="40290" Y="56638" Z="0"/>
					<Vertex X="40200" Y="56638" Z="0"/>
					<Vertex X="40379" Y="56906" Z="0"/>
					<Vertex X="40468" Y="56996" Z="0"/>
					<Vertex X="40558" Y="56996" Z="0"/>
					<Vertex X="40558" Y="56906" Z="0"/>
					<Vertex X="40826" Y="57174" Z="0"/>
					<Vertex X="40915" Y="57174" Z="0"/>
					<Vertex X="41094" Y="57174" Z="0"/>
					<Vertex X="41272" Y="57174" Z="0"/>
					<Vertex X="41540" Y="57174" Z="0"/>
					<Vertex X="41719" Y="57174" Z="0"/>
					<Vertex X="41987" Y="57085" Z="0"/>
					<Vertex X="42344" Y="57264" Z="0"/>
					<Vertex X="42434" Y="57264" Z="0"/>
					<Vertex X="42612" Y="57264" Z="0"/>
					<Vertex X="42702" Y="57264" Z="0"/>
					<Vertex X="42702" Y="57085" Z="0"/>
					<Vertex X="42880" Y="57264" Z="0"/>
					<Vertex X="42970" Y="57353" Z="0"/>
					<Vertex X="43059" Y="57442" Z="0"/>
					<Vertex X="43148" Y="57532" Z="0"/>
					<Vertex X="43148" Y="57621" Z="0"/>
					<Vertex X="43327" Y="57710" Z="0"/>
					<Vertex X="43416" Y="57800" Z="0"/>
					<Vertex X="43595" Y="57889" Z="0"/>
					<Vertex X="43595" Y="57800" Z="0"/>
					<Vertex X="43863" Y="57978" Z="0"/>
					<Vertex X="43953" Y="58068" Z="0"/>
					<Vertex X="44042" Y="58068" Z="0"/>
					<Vertex X="44221" Y="58157" Z="0"/>
					<Vertex X="44310" Y="58246" Z="0"/>
					<Vertex X="44399" Y="58246" Z="0"/>
					<Vertex X="44667" Y="58336" Z="0"/>
					<Vertex X="44667" Y="58157" Z="0"/>
					<Vertex X="44935" Y="58425" Z="0"/>
					<Vertex X="44935" Y="58246" Z="0"/>
					<Vertex X="45382" Y="58425" Z="0"/>
					<Vertex X="45471" Y="58425" Z="0"/>
					<Vertex X="45561" Y="58246" Z="0"/>
					<Vertex X="45918" Y="58425" Z="0"/>
					<Vertex X="46186" Y="58425" Z="0"/>
					<Vertex X="46454" Y="58425" Z="0"/>
					<Vertex X="46722" Y="58336" Z="0"/>
					<Vertex X="47079" Y="58157" Z="0"/>
					<Vertex X="47437" Y="58068" Z="0"/>
					<Vertex X="47794" Y="57978" Z="0"/>
					<Vertex X="48151" Y="57800" Z="0"/>
					<Vertex X="48687" Y="57710" Z="0"/>
					<Vertex X="49223" Y="57532" Z="0"/>
					<Vertex X="49313" Y="57532" Z="0"/>
					<Vertex X="49849" Y="57353" Z="0"/>
					<Vertex X="50206" Y="57264" Z="0"/>
					<Vertex X="50653" Y="57174" Z="0"/>
					<Vertex X="50653" Y="56996" Z="0"/>
					<Vertex X="51367" Y="57085" Z="0"/>
					<Vertex X="51635" Y="56996" Z="0"/>
					<Vertex X="51725" Y="56727" Z="0"/>
					<Vertex X="52171" Y="56817" Z="0"/>
					<Vertex X="52171" Y="56549" Z="0"/>
					<Vertex X="52529" Y="56638" Z="0"/>
					<Vertex X="52707" Y="56549" Z="0"/>
					<Vertex X="52975" Y="56459" Z="0"/>
					<Vertex X="53065" Y="56191" Z="0"/>
					<Vertex X="53511" Y="56281" Z="0"/>
					<Vertex X="53511" Y="55923" Z="0"/>
					<Vertex X="53958" Y="56013" Z="0"/>
					<Vertex X="53958" Y="55834" Z="0"/>
					<Vertex X="54315" Y="55923" Z="0"/>
					<Vertex X="54315" Y="55655" Z="0"/>
					<Vertex X="54762" Y="55655" Z="0"/>
					<Vertex X="55119" Y="55477" Z="0"/>
					<Vertex X="55209" Y="55477" Z="0"/>
					<Vertex X="55477" Y="55387" Z="0"/>
					<Vertex X="55566" Y="55298" Z="0"/>
					<Vertex X="55655" Y="55298" Z="0"/>
					<Vertex X="55923" Y="55119" Z="0"/>
					<Vertex X="56102" Y="55030" Z="0"/>
					<Vertex X="56459" Y="54851" Z="0"/>
					<Vertex X="56459" Y="54583" Z="0"/>
					<Vertex X="56906" Y="54673" Z="0"/>
					<Vertex X="57174" Y="54405" Z="0"/>
					<Vertex X="57442" Y="54226" Z="0"/>
					<Vertex X="57799" Y="53958" Z="0"/>
					<Vertex X="58067" Y="53779" Z="0"/>
					<Vertex X="58157" Y="53601" Z="0"/>
					<Vertex X="58514" Y="52886" Z="0"/>
					<Vertex X="58871" Y="52707" Z="0"/>
					<Vertex X="58961" Y="52529" Z="0"/>
					<Vertex X="59139" Y="52171" Z="0"/>
					<Vertex X="59229" Y="51903" Z="0"/>
					<Vertex X="59318" Y="51725" Z="0"/>
					<Vertex X="59139" Y="51457" Z="0"/>
					<Vertex X="59318" Y="51367" Z="0"/>
					<Vertex X="59318" Y="51189" Z="0"/>
					<Vertex X="59407" Y="50921" Z="0"/>
					<Vertex X="59407" Y="50742" Z="0"/>
					<Vertex X="59407" Y="50474" Z="0"/>
					<Vertex X="59407" Y="50295" Z="0"/>
					<Vertex X="59229" Y="49938" Z="0"/>
					<Vertex X="59407" Y="49938" Z="0"/>
					<Vertex X="59497" Y="49759" Z="0"/>
					<Vertex X="59497" Y="49670" Z="0"/>
					<Vertex X="59497" Y="49223" Z="0"/>
					<Vertex X="59497" Y="49134" Z="0"/>
					<Vertex X="59497" Y="48866" Z="0"/>
					<Vertex X="59497" Y="48687" Z="0"/>
					<Vertex X="59497" Y="48419" Z="0"/>
					<Vertex X="59586" Y="48151" Z="0"/>
					<Vertex X="59586" Y="47883" Z="0"/>
					<Vertex X="59675" Y="47705" Z="0"/>
					<Vertex X="59675" Y="47437" Z="0"/>
					<Vertex X="59765" Y="47169" Z="0"/>
					<Vertex X="59765" Y="47079" Z="0"/>
					<Vertex X="59765" Y="46990" Z="0"/>
					<Vertex X="59943" Y="46543" Z="0"/>
					<Vertex X="60033" Y="46454" Z="0"/>
					<Vertex X="60212" Y="46097" Z="0"/>
					<Vertex X="60301" Y="45829" Z="0"/>
					<Vertex X="60480" Y="45650" Z="0"/>
					<Vertex X="60569" Y="45471" Z="0"/>
					<Vertex X="60658" Y="45382" Z="0"/>
					<Vertex X="60837" Y="45293" Z="0"/>
					<Vertex X="60926" Y="45114" Z="0"/>
					<Vertex X="61105" Y="45025" Z="0"/>
					<Vertex X="61194" Y="44935" Z="0"/>
					<Vertex X="61373" Y="44846" Z="0"/>
					<Vertex X="61462" Y="44757" Z="0"/>
					<Vertex X="61552" Y="44667" Z="0"/>
					<Vertex X="61641" Y="44578" Z="0"/>
					<Vertex X="61552" Y="44310" Z="0"/>
					<Vertex X="61730" Y="44131" Z="0"/>
					<Vertex X="61998" Y="44131" Z="0"/>
					<Vertex X="62088" Y="43953" Z="0"/>
					<Vertex X="62266" Y="43863" Z="0"/>
					<Vertex X="62356" Y="43774" Z="0"/>
					<Vertex X="62266" Y="43417" Z="0"/>
					<Vertex X="62534" Y="43417" Z="0"/>
					<Vertex X="62624" Y="43238" Z="0"/>
					<Vertex X="62802" Y="43059" Z="0"/>
					<Vertex X="62892" Y="42791" Z="0"/>
					<Vertex X="62981" Y="42613" Z="0"/>
					<Vertex X="63070" Y="42523" Z="0"/>
					<Vertex X="62981" Y="42166" Z="0"/>
					<Vertex X="63249" Y="42077" Z="0"/>
					<Vertex X="63249" Y="41898" Z="0"/>
					<Vertex X="63338" Y="41898" Z="0"/>
					<Vertex X="63338" Y="41719" Z="0"/>
					<Vertex X="63160" Y="41362" Z="0"/>
					<Vertex X="63338" Y="41362" Z="0"/>
					<Vertex X="63338" Y="41183" Z="0"/>
					<Vertex X="63338" Y="41005" Z="0"/>
					<Vertex X="63338" Y="40647" Z="0"/>
					<Vertex X="63338" Y="40379" Z="0"/>
					<Vertex X="63249" Y="40200" Z="0"/>
					<Vertex X="63249" Y="39754" Z="0"/>
					<Vertex X="62981" Y="39396" Z="0"/>
					<Vertex X="63160" Y="39307" Z="0"/>
					<Vertex X="63070" Y="39039" Z="0"/>
					<Vertex X="63070" Y="38771" Z="0"/>
					<Vertex X="62892" Y="38324" Z="0"/>
					<Vertex X="63070" Y="38235" Z="0"/>
					<Vertex X="63070" Y="37967" Z="0"/>
					<Vertex X="62981" Y="37699" Z="0"/>
					<Vertex X="62981" Y="37520" Z="0"/>
					<Vertex X="62981" Y="37252" Z="0"/>
					<Vertex X="62981" Y="37074" Z="0"/>
					<Vertex X="62892" Y="36895" Z="0"/>
					<Vertex X="62802" Y="36627" Z="0"/>
					<Vertex X="62713" Y="36448" Z="0"/>
					<Vertex X="62713" Y="36270" Z="0"/>
					<Vertex X="62713" Y="36270" Z="0"/>
					<Vertex X="61284" Y="35287" Z="0"/>
					<Vertex X="61284" Y="35287" Z="0"/>
					<Vertex X="61016" Y="35108" Z="0"/>
					<Vertex X="61105" Y="35198" Z="0"/>
					<Vertex X="61194" Y="35198" Z="0"/>
					<Vertex X="60658" Y="35376" Z="0"/>
				</Vertices>
			</Region>
			<Region Id="3" Type="0" Zoom="0.011261" Selected="1" ImageLocation="" ImageFocus="-1" Length="55138.2" Area="131898997.0" LengthMicrons="13701.9" AreaMicrons="8145060.1" Text="" NegativeROA="0" InputRegionId="0" Analyze="1" DisplayId="3">
				<Attributes/>
				<Vertices>
					<Vertex X="37431" Y="43059" Z="0"/>
					<Vertex X="37342" Y="43059" Z="0"/>
					<Vertex X="37163" Y="43238" Z="0"/>
					<Vertex X="36895" Y="43238" Z="0"/>
					<Vertex X="36627" Y="43238" Z="0"/>
					<Vertex X="36359" Y="43238" Z="0"/>
					<Vertex X="36180" Y="43238" Z="0"/>
					<Vertex X="35912" Y="43238" Z="0"/>
					<Vertex X="35823" Y="43238" Z="0"/>
					<Vertex X="35734" Y="43238" Z="0"/>
					<Vertex X="35466" Y="43238" Z="0"/>
					<Vertex X="35287" Y="43238" Z="0"/>
					<Vertex X="35198" Y="43238" Z="0"/>
					<Vertex X="35108" Y="43238" Z="0"/>
					<Vertex X="34840" Y="43238" Z="0"/>
					<Vertex X="34572" Y="43059" Z="0"/>
					<Vertex X="34483" Y="42970" Z="0"/>
					<Vertex X="34483" Y="43149" Z="0"/>
					<Vertex X="34394" Y="43149" Z="0"/>
					<Vertex X="34304" Y="43149" Z="0"/>
					<Vertex X="34215" Y="43149" Z="0"/>
					<Vertex X="34036" Y="43059" Z="0"/>
					<Vertex X="33947" Y="43059" Z="0"/>
					<Vertex X="33858" Y="43059" Z="0"/>
					<Vertex X="33679" Y="42970" Z="0"/>
					<Vertex X="33500" Y="42881" Z="0"/>
					<Vertex X="33322" Y="42791" Z="0"/>
					<Vertex X="33143" Y="42702" Z="0"/>
					<Vertex X="33054" Y="42613" Z="0"/>
					<Vertex X="32875" Y="42613" Z="0"/>
					<Vertex X="32696" Y="42523" Z="0"/>
					<Vertex X="32518" Y="42434" Z="0"/>
					<Vertex X="32428" Y="42434" Z="0"/>
					<Vertex X="32250" Y="42434" Z="0"/>
					<Vertex X="32071" Y="42434" Z="0"/>
					<Vertex X="31892" Y="42434" Z="0"/>
					<Vertex X="31714" Y="42434" Z="0"/>
					<Vertex X="31446" Y="42434" Z="0"/>
					<Vertex X="31178" Y="42434" Z="0"/>
					<Vertex X="30910" Y="42434" Z="0"/>
					<Vertex X="30642" Y="42434" Z="0"/>
					<Vertex X="30374" Y="42434" Z="0"/>
					<Vertex X="30195" Y="42434" Z="0"/>
					<Vertex X="29927" Y="42345" Z="0"/>
					<Vertex X="29927" Y="42523" Z="0"/>
					<Vertex X="29748" Y="42523" Z="0"/>
					<Vertex X="29391" Y="42434" Z="0"/>
					<Vertex X="29302" Y="42434" Z="0"/>
					<Vertex X="29034" Y="42523" Z="0"/>
					<Vertex X="29034" Y="42702" Z="0"/>
					<Vertex X="28766" Y="42881" Z="0"/>
					<Vertex X="28676" Y="42881" Z="0"/>
					<Vertex X="28408" Y="43059" Z="0"/>
					<Vertex X="27962" Y="43149" Z="0"/>
					<Vertex X="28051" Y="43417" Z="0"/>
					<Vertex X="27783" Y="43327" Z="0"/>
					<Vertex X="27515" Y="43685" Z="0"/>
					<Vertex X="27515" Y="44042" Z="0"/>
					<Vertex X="27425" Y="44221" Z="0"/>
					<Vertex X="27425" Y="44310" Z="0"/>
					<Vertex X="27157" Y="44399" Z="0"/>
					<Vertex X="27336" Y="44578" Z="0"/>
					<Vertex X="27336" Y="44667" Z="0"/>
					<Vertex X="27336" Y="44935" Z="0"/>
					<Vertex X="27336" Y="45114" Z="0"/>
					<Vertex X="27336" Y="45293" Z="0"/>
					<Vertex X="27247" Y="45471" Z="0"/>
					<Vertex X="27515" Y="45739" Z="0"/>
					<Vertex X="27604" Y="45829" Z="0"/>
					<Vertex X="27515" Y="45829" Z="0"/>
					<Vertex X="27604" Y="45829" Z="0"/>
					<Vertex X="27783" Y="46007" Z="0"/>
					<Vertex X="27872" Y="46007" Z="0"/>
					<Vertex X="27962" Y="46097" Z="0"/>
					<Vertex X="28230" Y="46365" Z="0"/>
					<Vertex X="28319" Y="46365" Z="0"/>
					<Vertex X="28408" Y="46454" Z="0"/>
					<Vertex X="28408" Y="46365" Z="0"/>
					<Vertex X="28498" Y="46365" Z="0"/>
					<Vertex X="28587" Y="46365" Z="0"/>
					<Vertex X="28855" Y="46633" Z="0"/>
					<Vertex X="28944" Y="46633" Z="0"/>
					<Vertex X="29212" Y="46811" Z="0"/>
					<Vertex X="29391" Y="46901" Z="0"/>
					<Vertex X="29480" Y="46990" Z="0"/>
					<Vertex X="29570" Y="46901" Z="0"/>
					<Vertex X="29838" Y="47079" Z="0"/>
					<Vertex X="29927" Y="47079" Z="0"/>
					<Vertex X="30016" Y="47079" Z="0"/>
					<Vertex X="30284" Y="47258" Z="0"/>
					<Vertex X="30284" Y="47437" Z="0"/>
					<Vertex X="30374" Y="47615" Z="0"/>
					<Vertex X="30552" Y="47794" Z="0"/>
					<Vertex X="30642" Y="47973" Z="0"/>
					<Vertex X="30731" Y="48151" Z="0"/>
					<Vertex X="30731" Y="48241" Z="0"/>
					<Vertex X="30999" Y="48598" Z="0"/>
					<Vertex X="31088" Y="48777" Z="0"/>
					<Vertex X="31178" Y="48866" Z="0"/>
					<Vertex X="31267" Y="48955" Z="0"/>
					<Vertex X="31267" Y="48955" Z="0"/>
					<Vertex X="31446" Y="49134" Z="0"/>
					<Vertex X="31714" Y="49402" Z="0"/>
					<Vertex X="31803" Y="49402" Z="0"/>
					<Vertex X="31803" Y="49491" Z="0"/>
					<Vertex X="32071" Y="49759" Z="0"/>
					<Vertex X="32160" Y="49938" Z="0"/>
					<Vertex X="32250" Y="50027" Z="0"/>
					<Vertex X="32339" Y="50117" Z="0"/>
					<Vertex X="32428" Y="50117" Z="0"/>
					<Vertex X="32518" Y="50295" Z="0"/>
					<Vertex X="32607" Y="50385" Z="0"/>
					<Vertex X="32607" Y="50474" Z="0"/>
					<Vertex X="32696" Y="50563" Z="0"/>
					<Vertex X="32786" Y="50742" Z="0"/>
					<Vertex X="32875" Y="50831" Z="0"/>
					<Vertex X="32964" Y="50921" Z="0"/>
					<Vertex X="33054" Y="51099" Z="0"/>
					<Vertex X="33054" Y="51189" Z="0"/>
					<Vertex X="33143" Y="51278" Z="0"/>
					<Vertex X="33232" Y="51367" Z="0"/>
					<Vertex X="33322" Y="51457" Z="0"/>
					<Vertex X="33411" Y="51457" Z="0"/>
					<Vertex X="33679" Y="51725" Z="0"/>
					<Vertex X="33768" Y="51814" Z="0"/>
					<Vertex X="33947" Y="51903" Z="0"/>
					<Vertex X="34036" Y="51993" Z="0"/>
					<Vertex X="34215" Y="52171" Z="0"/>
					<Vertex X="34394" Y="52171" Z="0"/>
					<Vertex X="34751" Y="52261" Z="0"/>
					<Vertex X="35108" Y="52529" Z="0"/>
					<Vertex X="35376" Y="52529" Z="0"/>
					<Vertex X="35466" Y="52529" Z="0"/>
					<Vertex X="35555" Y="52439" Z="0"/>
					<Vertex X="35734" Y="52439" Z="0"/>
					<Vertex X="36002" Y="52707" Z="0"/>
					<Vertex X="36091" Y="52707" Z="0"/>
					<Vertex X="36091" Y="52797" Z="0"/>
					<Vertex X="36180" Y="52797" Z="0"/>
					<Vertex X="36180" Y="52886" Z="0"/>
					<Vertex X="36270" Y="52886" Z="0"/>
					<Vertex X="36359" Y="52975" Z="0"/>
					<Vertex X="36359" Y="53065" Z="0"/>
					<Vertex X="36448" Y="53065" Z="0"/>
					<Vertex X="36448" Y="53154" Z="0"/>
					<Vertex X="36538" Y="53243" Z="0"/>
					<Vertex X="36627" Y="53333" Z="0"/>
					<Vertex X="36806" Y="53422" Z="0"/>
					<Vertex X="36984" Y="53511" Z="0"/>
					<Vertex X="37074" Y="53333" Z="0"/>
					<Vertex X="37431" Y="53333" Z="0"/>
					<Vertex X="37878" Y="53511" Z="0"/>
					<Vertex X="37967" Y="53333" Z="0"/>
					<Vertex X="38146" Y="53333" Z="0"/>
					<Vertex X="38682" Y="53333" Z="0"/>
					<Vertex X="38771" Y="53333" Z="0"/>
					<Vertex X="38950" Y="53243" Z="0"/>
					<Vertex X="39039" Y="52975" Z="0"/>
					<Vertex X="39307" Y="52975" Z="0"/>
					<Vertex X="39575" Y="52886" Z="0"/>
					<Vertex X="39575" Y="52529" Z="0"/>
					<Vertex X="39932" Y="52618" Z="0"/>
					<Vertex X="40022" Y="52529" Z="0"/>
					<Vertex X="40200" Y="52350" Z="0"/>
					<Vertex X="40200" Y="52261" Z="0"/>
					<Vertex X="40379" Y="52171" Z="0"/>
					<Vertex X="40379" Y="52082" Z="0"/>
					<Vertex X="40558" Y="51993" Z="0"/>
					<Vertex X="40647" Y="51903" Z="0"/>
					<Vertex X="40826" Y="51725" Z="0"/>
					<Vertex X="41004" Y="51546" Z="0"/>
					<Vertex X="41094" Y="51457" Z="0"/>
					<Vertex X="41183" Y="51367" Z="0"/>
					<Vertex X="41362" Y="51278" Z="0"/>
					<Vertex X="41451" Y="51189" Z="0"/>
					<Vertex X="41630" Y="51099" Z="0"/>
					<Vertex X="41630" Y="51010" Z="0"/>
					<Vertex X="41719" Y="51010" Z="0"/>
					<Vertex X="41898" Y="50831" Z="0"/>
					<Vertex X="42166" Y="50742" Z="0"/>
					<Vertex X="42076" Y="50474" Z="0"/>
					<Vertex X="42434" Y="50563" Z="0"/>
					<Vertex X="42612" Y="50474" Z="0"/>
					<Vertex X="42702" Y="50385" Z="0"/>
					<Vertex X="42791" Y="50295" Z="0"/>
					<Vertex X="42970" Y="50206" Z="0"/>
					<Vertex X="43059" Y="50117" Z="0"/>
					<Vertex X="43059" Y="50027" Z="0"/>
					<Vertex X="43148" Y="49938" Z="0"/>
					<Vertex X="43148" Y="49759" Z="0"/>
					<Vertex X="43059" Y="49491" Z="0"/>
					<Vertex X="43327" Y="49491" Z="0"/>
					<Vertex X="43327" Y="49313" Z="0"/>
					<Vertex X="43416" Y="49045" Z="0"/>
					<Vertex X="43416" Y="48955" Z="0"/>
					<Vertex X="43506" Y="48777" Z="0"/>
					<Vertex X="43506" Y="48509" Z="0"/>
					<Vertex X="43416" Y="48151" Z="0"/>
					<Vertex X="43506" Y="47794" Z="0"/>
					<Vertex X="43684" Y="47705" Z="0"/>
					<Vertex X="43774" Y="47437" Z="0"/>
					<Vertex X="43774" Y="47169" Z="0"/>
					<Vertex X="43774" Y="46990" Z="0"/>
					<Vertex X="43774" Y="46811" Z="0"/>
					<Vertex X="43774" Y="46722" Z="0"/>
					<Vertex X="43774" Y="46543" Z="0"/>
					<Vertex X="43595" Y="46186" Z="0"/>
					<Vertex X="43774" Y="46186" Z="0"/>
					<Vertex X="43774" Y="46007" Z="0"/>
					<Vertex X="43595" Y="45650" Z="0"/>
					<Vertex X="43774" Y="45650" Z="0"/>
					<Vertex X="43595" Y="45471" Z="0"/>
					<Vertex X="43595" Y="45203" Z="0"/>
					<Vertex X="43774" Y="45203" Z="0"/>
					<Vertex X="43774" Y="45025" Z="0"/>
					<Vertex X="43774" Y="44846" Z="0"/>
					<Vertex X="43774" Y="44489" Z="0"/>
					<Vertex X="43863" Y="44221" Z="0"/>
					<Vertex X="43863" Y="43953" Z="0"/>
					<Vertex X="43863" Y="43685" Z="0"/>
					<Vertex X="43863" Y="43506" Z="0"/>
					<Vertex X="43863" Y="43417" Z="0"/>
					<Vertex X="43863" Y="43238" Z="0"/>
					<Vertex X="43863" Y="43059" Z="0"/>
					<Vertex X="43863" Y="42970" Z="0"/>
					<Vertex X="43863" Y="42881" Z="0"/>
					<Vertex X="43863" Y="42791" Z="0"/>
					<Vertex X="43863" Y="42613" Z="0"/>
					<Vertex X="43863" Y="42523" Z="0"/>
					<Vertex X="43863" Y="42434" Z="0"/>
					<Vertex X="43684" Y="42255" Z="0"/>
					<Vertex X="43595" Y="42166" Z="0"/>
					<Vertex X="43506" Y="42166" Z="0"/>
					<Vertex X="43416" Y="42166" Z="0"/>
					<Vertex X="43238" Y="41987" Z="0"/>
					<Vertex X="43148" Y="41987" Z="0"/>
					<Vertex X="42970" Y="41987" Z="0"/>
					<Vertex X="42970" Y="41898" Z="0"/>
					<Vertex X="42702" Y="41898" Z="0"/>
					<Vertex X="42434" Y="41719" Z="0"/>
					<Vertex X="42434" Y="41898" Z="0"/>
					<Vertex X="42344" Y="41809" Z="0"/>
					<Vertex X="42166" Y="41809" Z="0"/>
					<Vertex X="42076" Y="41809" Z="0"/>
					<Vertex X="41987" Y="41809" Z="0"/>
					<Vertex X="41808" Y="41809" Z="0"/>
					<Vertex X="41540" Y="41719" Z="0"/>
					<Vertex X="41451" Y="41719" Z="0"/>
					<Vertex X="41362" Y="41719" Z="0"/>
					<Vertex X="41183" Y="41719" Z="0"/>
					<Vertex X="41094" Y="41719" Z="0"/>
					<Vertex X="40915" Y="41719" Z="0"/>
					<Vertex X="40736" Y="41719" Z="0"/>
					<Vertex X="40558" Y="41719" Z="0"/>
					<Vertex X="40468" Y="41719" Z="0"/>
					<Vertex X="40379" Y="41719" Z="0"/>
					<Vertex X="40290" Y="41719" Z="0"/>
					<Vertex X="40111" Y="41719" Z="0"/>
					<Vertex X="40022" Y="41719" Z="0"/>
					<Vertex X="39932" Y="41809" Z="0"/>
					<Vertex X="39843" Y="41809" Z="0"/>
					<Vertex X="39575" Y="41630" Z="0"/>
					<Vertex X="39664" Y="41898" Z="0"/>
					<Vertex X="39575" Y="41987" Z="0"/>
					<Vertex X="39486" Y="41987" Z="0"/>
					<Vertex X="39307" Y="41809" Z="0"/>
					<Vertex X="39307" Y="42077" Z="0"/>
					<Vertex X="39218" Y="42166" Z="0"/>
					<Vertex X="39128" Y="42166" Z="0"/>
					<Vertex X="39039" Y="42255" Z="0"/>
					<Vertex X="38950" Y="42345" Z="0"/>
					<Vertex X="38860" Y="42345" Z="0"/>
					<Vertex X="38682" Y="42166" Z="0"/>
					<Vertex X="38771" Y="42434" Z="0"/>
					<Vertex X="38682" Y="42434" Z="0"/>
					<Vertex X="38682" Y="42523" Z="0"/>
					<Vertex X="38414" Y="42345" Z="0"/>
					<Vertex X="38503" Y="42523" Z="0"/>
					<Vertex X="38503" Y="42613" Z="0"/>
					<Vertex X="38414" Y="42613" Z="0"/>
					<Vertex X="38324" Y="42702" Z="0"/>
					<Vertex X="38146" Y="42523" Z="0"/>
					<Vertex X="38235" Y="42702" Z="0"/>
					<Vertex X="38056" Y="42523" Z="0"/>
					<Vertex X="38235" Y="42791" Z="0"/>
					<Vertex X="38146" Y="42791" Z="0"/>
					<Vertex X="37967" Y="42613" Z="0"/>
					<Vertex X="37431" Y="43059" Z="0"/>
				</Vertices>
			</Region>
		</Regions>
		<Plots/>
	</Annotation>
</Annotations>
