<Annotations MicronsPerPixel="0.252500">
	<Annotation Id="1" Name="" ReadOnly="0" NameReadOnly="0" LineColorReadOnly="0" Incremental="0" Type="4" LineColor="65280" Visible="1" Selected="1" MarkupImagePath="" MacroName="">
		<Attributes/>
		<Regions>
			<RegionAttributeHeaders/>
			<Region Id="1" Type="0" Zoom="0.008541" Selected="0" ImageLocation="" ImageFocus="-1" Length="161307.1" Area="1683908902.0" LengthMicrons="40730.0" AreaMicrons="107359714.9" Text="" NegativeROA="0" InputRegionId="0" Analyze="1" DisplayId="1">
				<Attributes/>
				<Vertices>
					<Vertex X="17621" Y="20867" Z="0"/>
					<Vertex X="17737" Y="20751" Z="0"/>
					<Vertex X="17969" Y="20520" Z="0"/>
					<Vertex X="18085" Y="20520" Z="0"/>
					<Vertex X="18433" Y="20288" Z="0"/>
					<Vertex X="18780" Y="20056" Z="0"/>
					<Vertex X="19128" Y="19824" Z="0"/>
					<Vertex X="19940" Y="19244" Z="0"/>
					<Vertex X="20519" Y="18897" Z="0"/>
					<Vertex X="20867" Y="18781" Z="0"/>
					<Vertex X="21447" Y="18549" Z="0"/>
					<Vertex X="22026" Y="18201" Z="0"/>
					<Vertex X="22722" Y="17969" Z="0"/>
					<Vertex X="23186" Y="17853" Z="0"/>
					<Vertex X="23649" Y="17621" Z="0"/>
					<Vertex X="24113" Y="17389" Z="0"/>
					<Vertex X="24577" Y="17389" Z="0"/>
					<Vertex X="24925" Y="17274" Z="0"/>
					<Vertex X="25156" Y="17274" Z="0"/>
					<Vertex X="25504" Y="17274" Z="0"/>
					<Vertex X="25620" Y="17274" Z="0"/>
					<Vertex X="25736" Y="17042" Z="0"/>
					<Vertex X="26200" Y="17274" Z="0"/>
					<Vertex X="26432" Y="17274" Z="0"/>
					<Vertex X="26548" Y="17274" Z="0"/>
					<Vertex X="26779" Y="17274" Z="0"/>
					<Vertex X="27011" Y="17274" Z="0"/>
					<Vertex X="27243" Y="17274" Z="0"/>
					<Vertex X="27127" Y="17042" Z="0"/>
					<Vertex X="27591" Y="17274" Z="0"/>
					<Vertex X="27939" Y="17274" Z="0"/>
					<Vertex X="28286" Y="17274" Z="0"/>
					<Vertex X="28634" Y="17274" Z="0"/>
					<Vertex X="28982" Y="17274" Z="0"/>
					<Vertex X="28982" Y="17042" Z="0"/>
					<Vertex X="29678" Y="17274" Z="0"/>
					<Vertex X="30141" Y="17274" Z="0"/>
					<Vertex X="30489" Y="17274" Z="0"/>
					<Vertex X="30721" Y="17274" Z="0"/>
					<Vertex X="31417" Y="17274" Z="0"/>
					<Vertex X="31648" Y="17274" Z="0"/>
					<Vertex X="31996" Y="16926" Z="0"/>
					<Vertex X="32808" Y="17158" Z="0"/>
					<Vertex X="33503" Y="17042" Z="0"/>
					<Vertex X="34315" Y="17042" Z="0"/>
					<Vertex X="35126" Y="17042" Z="0"/>
					<Vertex X="35822" Y="16810" Z="0"/>
					<Vertex X="36517" Y="17042" Z="0"/>
					<Vertex X="37445" Y="17042" Z="0"/>
					<Vertex X="38488" Y="17158" Z="0"/>
					<Vertex X="39532" Y="17389" Z="0"/>
					<Vertex X="40691" Y="17505" Z="0"/>
					<Vertex X="41734" Y="17737" Z="0"/>
					<Vertex X="42778" Y="17853" Z="0"/>
					<Vertex X="43589" Y="17969" Z="0"/>
					<Vertex X="44169" Y="18085" Z="0"/>
					<Vertex X="44748" Y="18085" Z="0"/>
					<Vertex X="45444" Y="18085" Z="0"/>
					<Vertex X="45676" Y="18085" Z="0"/>
					<Vertex X="46255" Y="18085" Z="0"/>
					<Vertex X="46487" Y="18085" Z="0"/>
					<Vertex X="46719" Y="18085" Z="0"/>
					<Vertex X="46835" Y="18085" Z="0"/>
					<Vertex X="46719" Y="17853" Z="0"/>
					<Vertex X="47067" Y="18085" Z="0"/>
					<Vertex X="47183" Y="18085" Z="0"/>
					<Vertex X="47647" Y="18085" Z="0"/>
					<Vertex X="48226" Y="18201" Z="0"/>
					<Vertex X="49038" Y="18317" Z="0"/>
					<Vertex X="49038" Y="18085" Z="0"/>
					<Vertex X="49965" Y="18433" Z="0"/>
					<Vertex X="50197" Y="18433" Z="0"/>
					<Vertex X="50893" Y="18665" Z="0"/>
					<Vertex X="51008" Y="18549" Z="0"/>
					<Vertex X="51472" Y="18897" Z="0"/>
					<Vertex X="51820" Y="19244" Z="0"/>
					<Vertex X="52052" Y="19476" Z="0"/>
					<Vertex X="52284" Y="19708" Z="0"/>
					<Vertex X="52516" Y="19940" Z="0"/>
					<Vertex X="52863" Y="20288" Z="0"/>
					<Vertex X="53211" Y="20751" Z="0"/>
					<Vertex X="53327" Y="20867" Z="0"/>
					<Vertex X="53443" Y="21099" Z="0"/>
					<Vertex X="53559" Y="21331" Z="0"/>
					<Vertex X="54023" Y="21795" Z="0"/>
					<Vertex X="54254" Y="22027" Z="0"/>
					<Vertex X="54370" Y="22374" Z="0"/>
					<Vertex X="54602" Y="22490" Z="0"/>
					<Vertex X="54718" Y="22722" Z="0"/>
					<Vertex X="54602" Y="22838" Z="0"/>
					<Vertex X="54950" Y="23302" Z="0"/>
					<Vertex X="54950" Y="23418" Z="0"/>
					<Vertex X="55066" Y="23650" Z="0"/>
					<Vertex X="55066" Y="23881" Z="0"/>
					<Vertex X="54950" Y="24113" Z="0"/>
					<Vertex X="55298" Y="24809" Z="0"/>
					<Vertex X="55414" Y="25273" Z="0"/>
					<Vertex X="55530" Y="25620" Z="0"/>
					<Vertex X="55646" Y="26200" Z="0"/>
					<Vertex X="55877" Y="26664" Z="0"/>
					<Vertex X="55762" Y="27243" Z="0"/>
					<Vertex X="56225" Y="28055" Z="0"/>
					<Vertex X="56341" Y="28635" Z="0"/>
					<Vertex X="56457" Y="29098" Z="0"/>
					<Vertex X="56457" Y="29330" Z="0"/>
					<Vertex X="56457" Y="29446" Z="0"/>
					<Vertex X="56457" Y="29678" Z="0"/>
					<Vertex X="56457" Y="30142" Z="0"/>
					<Vertex X="56457" Y="30837" Z="0"/>
					<Vertex X="56341" Y="31533" Z="0"/>
					<Vertex X="56341" Y="31881" Z="0"/>
					<Vertex X="56341" Y="33040" Z="0"/>
					<Vertex X="56341" Y="33735" Z="0"/>
					<Vertex X="56341" Y="34547" Z="0"/>
					<Vertex X="56457" Y="35242" Z="0"/>
					<Vertex X="56225" Y="35474" Z="0"/>
					<Vertex X="56225" Y="35822" Z="0"/>
					<Vertex X="56805" Y="37213" Z="0"/>
					<Vertex X="56805" Y="37677" Z="0"/>
					<Vertex X="57037" Y="38257" Z="0"/>
					<Vertex X="57037" Y="38720" Z="0"/>
					<Vertex X="57153" Y="39184" Z="0"/>
					<Vertex X="57153" Y="39416" Z="0"/>
					<Vertex X="57269" Y="39880" Z="0"/>
					<Vertex X="57385" Y="40343" Z="0"/>
					<Vertex X="57385" Y="40459" Z="0"/>
					<Vertex X="57269" Y="40459" Z="0"/>
					<Vertex X="57500" Y="41039" Z="0"/>
					<Vertex X="57500" Y="41387" Z="0"/>
					<Vertex X="57500" Y="41850" Z="0"/>
					<Vertex X="57500" Y="42198" Z="0"/>
					<Vertex X="57500" Y="42778" Z="0"/>
					<Vertex X="57500" Y="43242" Z="0"/>
					<Vertex X="57500" Y="43705" Z="0"/>
					<Vertex X="57500" Y="43821" Z="0"/>
					<Vertex X="57500" Y="44401" Z="0"/>
					<Vertex X="57500" Y="44633" Z="0"/>
					<Vertex X="57500" Y="45328" Z="0"/>
					<Vertex X="57500" Y="45676" Z="0"/>
					<Vertex X="57500" Y="46140" Z="0"/>
					<Vertex X="57500" Y="46719" Z="0"/>
					<Vertex X="57500" Y="47183" Z="0"/>
					<Vertex X="57500" Y="47647" Z="0"/>
					<Vertex X="57385" Y="47879" Z="0"/>
					<Vertex X="57269" Y="48342" Z="0"/>
					<Vertex X="57037" Y="48806" Z="0"/>
					<Vertex X="56805" Y="49154" Z="0"/>
					<Vertex X="56573" Y="49618" Z="0"/>
					<Vertex X="56341" Y="49965" Z="0"/>
					<Vertex X="56109" Y="50313" Z="0"/>
					<Vertex X="55762" Y="50661" Z="0"/>
					<Vertex X="55530" Y="51125" Z="0"/>
					<Vertex X="55066" Y="51241" Z="0"/>
					<Vertex X="55182" Y="51588" Z="0"/>
					<Vertex X="54950" Y="51936" Z="0"/>
					<Vertex X="54834" Y="52284" Z="0"/>
					<Vertex X="54718" Y="52516" Z="0"/>
					<Vertex X="54254" Y="52632" Z="0"/>
					<Vertex X="54254" Y="53211" Z="0"/>
					<Vertex X="54023" Y="53559" Z="0"/>
					<Vertex X="53791" Y="54023" Z="0"/>
					<Vertex X="53559" Y="54371" Z="0"/>
					<Vertex X="53443" Y="54603" Z="0"/>
					<Vertex X="53211" Y="55066" Z="0"/>
					<Vertex X="52631" Y="55646" Z="0"/>
					<Vertex X="52516" Y="55878" Z="0"/>
					<Vertex X="52168" Y="56110" Z="0"/>
					<Vertex X="51704" Y="56457" Z="0"/>
					<Vertex X="51240" Y="56805" Z="0"/>
					<Vertex X="50545" Y="57037" Z="0"/>
					<Vertex X="49849" Y="57269" Z="0"/>
					<Vertex X="49501" Y="57501" Z="0"/>
					<Vertex X="48226" Y="57733" Z="0"/>
					<Vertex X="47994" Y="57849" Z="0"/>
					<Vertex X="47183" Y="57964" Z="0"/>
					<Vertex X="46603" Y="58080" Z="0"/>
					<Vertex X="45908" Y="58196" Z="0"/>
					<Vertex X="45444" Y="57964" Z="0"/>
					<Vertex X="44864" Y="58196" Z="0"/>
					<Vertex X="44401" Y="58196" Z="0"/>
					<Vertex X="44053" Y="57964" Z="0"/>
					<Vertex X="43821" Y="58196" Z="0"/>
					<Vertex X="43473" Y="58196" Z="0"/>
					<Vertex X="43125" Y="58196" Z="0"/>
					<Vertex X="42778" Y="58196" Z="0"/>
					<Vertex X="42430" Y="58196" Z="0"/>
					<Vertex X="42198" Y="58196" Z="0"/>
					<Vertex X="41618" Y="57849" Z="0"/>
					<Vertex X="41618" Y="57964" Z="0"/>
					<Vertex X="41386" Y="57964" Z="0"/>
					<Vertex X="41155" Y="57849" Z="0"/>
					<Vertex X="40923" Y="57849" Z="0"/>
					<Vertex X="40691" Y="57733" Z="0"/>
					<Vertex X="40575" Y="57733" Z="0"/>
					<Vertex X="40343" Y="57733" Z="0"/>
					<Vertex X="40111" Y="57733" Z="0"/>
					<Vertex X="39647" Y="57501" Z="0"/>
					<Vertex X="39647" Y="57733" Z="0"/>
					<Vertex X="39416" Y="57733" Z="0"/>
					<Vertex X="39068" Y="57501" Z="0"/>
					<Vertex X="39068" Y="57733" Z="0"/>
					<Vertex X="38952" Y="57733" Z="0"/>
					<Vertex X="38836" Y="57733" Z="0"/>
					<Vertex X="38720" Y="57501" Z="0"/>
					<Vertex X="38720" Y="57501" Z="0"/>
					<Vertex X="38372" Y="57501" Z="0"/>
					<Vertex X="38024" Y="57501" Z="0"/>
					<Vertex X="37561" Y="57617" Z="0"/>
					<Vertex X="37097" Y="57733" Z="0"/>
					<Vertex X="36865" Y="57849" Z="0"/>
					<Vertex X="36286" Y="57849" Z="0"/>
					<Vertex X="35590" Y="57849" Z="0"/>
					<Vertex X="35126" Y="57849" Z="0"/>
					<Vertex X="34431" Y="57849" Z="0"/>
					<Vertex X="33967" Y="57849" Z="0"/>
					<Vertex X="33503" Y="57733" Z="0"/>
					<Vertex X="32924" Y="57385" Z="0"/>
					<Vertex X="32576" Y="57501" Z="0"/>
					<Vertex X="31996" Y="57153" Z="0"/>
					<Vertex X="31764" Y="57269" Z="0"/>
					<Vertex X="31648" Y="57269" Z="0"/>
					<Vertex X="31185" Y="57153" Z="0"/>
					<Vertex X="30605" Y="56921" Z="0"/>
					<Vertex X="30373" Y="56689" Z="0"/>
					<Vertex X="30141" Y="56689" Z="0"/>
					<Vertex X="29562" Y="56341" Z="0"/>
					<Vertex X="29446" Y="56457" Z="0"/>
					<Vertex X="29098" Y="56226" Z="0"/>
					<Vertex X="28866" Y="56110" Z="0"/>
					<Vertex X="28518" Y="55994" Z="0"/>
					<Vertex X="28402" Y="55878" Z="0"/>
					<Vertex X="28055" Y="55762" Z="0"/>
					<Vertex X="27823" Y="55646" Z="0"/>
					<Vertex X="27591" Y="55530" Z="0"/>
					<Vertex X="27359" Y="55530" Z="0"/>
					<Vertex X="27127" Y="55414" Z="0"/>
					<Vertex X="26895" Y="55298" Z="0"/>
					<Vertex X="26779" Y="55298" Z="0"/>
					<Vertex X="26316" Y="55182" Z="0"/>
					<Vertex X="25852" Y="54834" Z="0"/>
					<Vertex X="25736" Y="54718" Z="0"/>
					<Vertex X="25736" Y="54834" Z="0"/>
					<Vertex X="25504" Y="54718" Z="0"/>
					<Vertex X="25040" Y="54487" Z="0"/>
					<Vertex X="25040" Y="54603" Z="0"/>
					<Vertex X="24577" Y="54371" Z="0"/>
					<Vertex X="24577" Y="54603" Z="0"/>
					<Vertex X="24345" Y="54371" Z="0"/>
					<Vertex X="24113" Y="54487" Z="0"/>
					<Vertex X="23997" Y="54487" Z="0"/>
					<Vertex X="23765" Y="54487" Z="0"/>
					<Vertex X="23533" Y="54487" Z="0"/>
					<Vertex X="23070" Y="54255" Z="0"/>
					<Vertex X="23070" Y="54487" Z="0"/>
					<Vertex X="22838" Y="54487" Z="0"/>
					<Vertex X="22606" Y="54487" Z="0"/>
					<Vertex X="22374" Y="54487" Z="0"/>
					<Vertex X="22026" Y="54487" Z="0"/>
					<Vertex X="21447" Y="54487" Z="0"/>
					<Vertex X="21331" Y="54487" Z="0"/>
					<Vertex X="20867" Y="54255" Z="0"/>
					<Vertex X="20519" Y="54023" Z="0"/>
					<Vertex X="19940" Y="53675" Z="0"/>
					<Vertex X="19592" Y="53211" Z="0"/>
					<Vertex X="19360" Y="53443" Z="0"/>
					<Vertex X="18896" Y="53443" Z="0"/>
					<Vertex X="18664" Y="53443" Z="0"/>
					<Vertex X="17737" Y="53327" Z="0"/>
					<Vertex X="16578" Y="53211" Z="0"/>
					<Vertex X="15418" Y="52980" Z="0"/>
					<Vertex X="14839" Y="52864" Z="0"/>
					<Vertex X="13332" Y="52400" Z="0"/>
					<Vertex X="12404" Y="51820" Z="0"/>
					<Vertex X="11825" Y="51472" Z="0"/>
					<Vertex X="11129" Y="50777" Z="0"/>
					<Vertex X="11013" Y="50661" Z="0"/>
					<Vertex X="10665" Y="50197" Z="0"/>
					<Vertex X="10318" Y="49618" Z="0"/>
					<Vertex X="9970" Y="49154" Z="0"/>
					<Vertex X="9738" Y="48806" Z="0"/>
					<Vertex X="9506" Y="48342" Z="0"/>
					<Vertex X="9274" Y="47995" Z="0"/>
					<Vertex X="9042" Y="47647" Z="0"/>
					<Vertex X="8695" Y="47183" Z="0"/>
					<Vertex X="8463" Y="46719" Z="0"/>
					<Vertex X="8347" Y="46256" Z="0"/>
					<Vertex X="8115" Y="45908" Z="0"/>
					<Vertex X="8115" Y="45676" Z="0"/>
					<Vertex X="7767" Y="44980" Z="0"/>
					<Vertex X="7883" Y="44749" Z="0"/>
					<Vertex X="7767" Y="44285" Z="0"/>
					<Vertex X="7767" Y="43821" Z="0"/>
					<Vertex X="7651" Y="43357" Z="0"/>
					<Vertex X="7651" Y="42894" Z="0"/>
					<Vertex X="7419" Y="42314" Z="0"/>
					<Vertex X="7419" Y="41966" Z="0"/>
					<Vertex X="7651" Y="41734" Z="0"/>
					<Vertex X="7651" Y="41387" Z="0"/>
					<Vertex X="7767" Y="40923" Z="0"/>
					<Vertex X="7999" Y="40459" Z="0"/>
					<Vertex X="7883" Y="39996" Z="0"/>
					<Vertex X="8347" Y="39532" Z="0"/>
					<Vertex X="8463" Y="39300" Z="0"/>
					<Vertex X="8579" Y="38720" Z="0"/>
					<Vertex X="8463" Y="38373" Z="0"/>
					<Vertex X="8926" Y="37909" Z="0"/>
					<Vertex X="9042" Y="37793" Z="0"/>
					<Vertex X="9158" Y="37329" Z="0"/>
					<Vertex X="9390" Y="36865" Z="0"/>
					<Vertex X="9506" Y="36402" Z="0"/>
					<Vertex X="9738" Y="35938" Z="0"/>
					<Vertex X="9970" Y="35590" Z="0"/>
					<Vertex X="10202" Y="35242" Z="0"/>
					<Vertex X="9970" Y="34895" Z="0"/>
					<Vertex X="10433" Y="34779" Z="0"/>
					<Vertex X="10549" Y="34663" Z="0"/>
					<Vertex X="10665" Y="34547" Z="0"/>
					<Vertex X="10665" Y="34431" Z="0"/>
					<Vertex X="10781" Y="34315" Z="0"/>
					<Vertex X="10897" Y="34199" Z="0"/>
					<Vertex X="10897" Y="34083" Z="0"/>
					<Vertex X="10897" Y="34083" Z="0"/>
					<Vertex X="10897" Y="33619" Z="0"/>
					<Vertex X="11129" Y="33272" Z="0"/>
					<Vertex X="11361" Y="32692" Z="0"/>
					<Vertex X="11709" Y="31996" Z="0"/>
					<Vertex X="11941" Y="31301" Z="0"/>
					<Vertex X="12172" Y="30721" Z="0"/>
					<Vertex X="12172" Y="30489" Z="0"/>
					<Vertex X="12520" Y="29678" Z="0"/>
					<Vertex X="12636" Y="29562" Z="0"/>
					<Vertex X="12868" Y="29098" Z="0"/>
					<Vertex X="12984" Y="28750" Z="0"/>
					<Vertex X="13216" Y="28403" Z="0"/>
					<Vertex X="13448" Y="28055" Z="0"/>
					<Vertex X="13679" Y="27823" Z="0"/>
					<Vertex X="13911" Y="27475" Z="0"/>
					<Vertex X="14143" Y="27127" Z="0"/>
					<Vertex X="14259" Y="26896" Z="0"/>
					<Vertex X="14375" Y="26548" Z="0"/>
					<Vertex X="14607" Y="26200" Z="0"/>
					<Vertex X="14723" Y="25968" Z="0"/>
					<Vertex X="14839" Y="25620" Z="0"/>
					<Vertex X="15071" Y="25273" Z="0"/>
					<Vertex X="15187" Y="25041" Z="0"/>
					<Vertex X="15302" Y="24809" Z="0"/>
					<Vertex X="15534" Y="24577" Z="0"/>
					<Vertex X="15650" Y="24345" Z="0"/>
					<Vertex X="15650" Y="24229" Z="0"/>
					<Vertex X="15534" Y="23881" Z="0"/>
					<Vertex X="15882" Y="23997" Z="0"/>
					<Vertex X="15998" Y="23881" Z="0"/>
					<Vertex X="16114" Y="23766" Z="0"/>
					<Vertex X="16230" Y="23650" Z="0"/>
					<Vertex X="16230" Y="23534" Z="0"/>
					<Vertex X="16346" Y="23418" Z="0"/>
					<Vertex X="16462" Y="23418" Z="0"/>
					<Vertex X="16230" Y="23070" Z="0"/>
					<Vertex X="16462" Y="23186" Z="0"/>
					<Vertex X="16578" Y="23186" Z="0"/>
					<Vertex X="16578" Y="23070" Z="0"/>
					<Vertex X="16578" Y="22954" Z="0"/>
					<Vertex X="16694" Y="22838" Z="0"/>
					<Vertex X="16694" Y="22722" Z="0"/>
					<Vertex X="16694" Y="22606" Z="0"/>
					<Vertex X="16694" Y="22490" Z="0"/>
					<Vertex X="16694" Y="22374" Z="0"/>
					<Vertex X="16810" Y="22374" Z="0"/>
					<Vertex X="16810" Y="22258" Z="0"/>
					<Vertex X="16925" Y="22143" Z="0"/>
					<Vertex X="16694" Y="21911" Z="0"/>
					<Vertex X="16810" Y="21795" Z="0"/>
					<Vertex X="17041" Y="21911" Z="0"/>
					<Vertex X="17157" Y="21911" Z="0"/>
					<Vertex X="17157" Y="21795" Z="0"/>
					<Vertex X="17273" Y="21795" Z="0"/>
					<Vertex X="17273" Y="21679" Z="0"/>
					<Vertex X="17389" Y="21679" Z="0"/>
					<Vertex X="17157" Y="21447" Z="0"/>
					<Vertex X="17621" Y="20867" Z="0"/>
				</Vertices>
			</Region>
			<Region Id="2" Type="0" Zoom="0.008541" Selected="1" ImageLocation="" ImageFocus="-1" Length="256479.6" Area="2022051000.0" LengthMicrons="64761.1" AreaMicrons="128918386.6" Text="" NegativeROA="0" InputRegionId="0" Analyze="1" DisplayId="2">
				<Attributes/>
				<Vertices>
					<Vertex X="64805" Y="22258" Z="0"/>
					<Vertex X="65036" Y="22374" Z="0"/>
					<Vertex X="65036" Y="22258" Z="0"/>
					<Vertex X="65036" Y="21911" Z="0"/>
					<Vertex X="65036" Y="21447" Z="0"/>
					<Vertex X="65152" Y="20751" Z="0"/>
					<Vertex X="65268" Y="20404" Z="0"/>
					<Vertex X="65384" Y="18781" Z="0"/>
					<Vertex X="65732" Y="18549" Z="0"/>
					<Vertex X="66080" Y="17389" Z="0"/>
					<Vertex X="66428" Y="16346" Z="0"/>
					<Vertex X="66775" Y="15303" Z="0"/>
					<Vertex X="67007" Y="14723" Z="0"/>
					<Vertex X="67239" Y="14028" Z="0"/>
					<Vertex X="67587" Y="13564" Z="0"/>
					<Vertex X="67819" Y="12984" Z="0"/>
					<Vertex X="68051" Y="12520" Z="0"/>
					<Vertex X="68166" Y="11593" Z="0"/>
					<Vertex X="68630" Y="11477" Z="0"/>
					<Vertex X="68514" Y="11013" Z="0"/>
					<Vertex X="68978" Y="10782" Z="0"/>
					<Vertex X="69210" Y="10550" Z="0"/>
					<Vertex X="69442" Y="10434" Z="0"/>
					<Vertex X="69326" Y="10086" Z="0"/>
					<Vertex X="69905" Y="10086" Z="0"/>
					<Vertex X="69789" Y="9738" Z="0"/>
					<Vertex X="70137" Y="9854" Z="0"/>
					<Vertex X="70253" Y="9738" Z="0"/>
					<Vertex X="70369" Y="9738" Z="0"/>
					<Vertex X="70369" Y="9622" Z="0"/>
					<Vertex X="70253" Y="9390" Z="0"/>
					<Vertex X="70485" Y="9274" Z="0"/>
					<Vertex X="70717" Y="9043" Z="0"/>
					<Vertex X="70833" Y="8811" Z="0"/>
					<Vertex X="71181" Y="8463" Z="0"/>
					<Vertex X="71412" Y="8115" Z="0"/>
					<Vertex X="71760" Y="7767" Z="0"/>
					<Vertex X="71992" Y="7420" Z="0"/>
					<Vertex X="72340" Y="7072" Z="0"/>
					<Vertex X="72456" Y="6956" Z="0"/>
					<Vertex X="72572" Y="6840" Z="0"/>
					<Vertex X="72804" Y="6260" Z="0"/>
					<Vertex X="73151" Y="6260" Z="0"/>
					<Vertex X="73383" Y="6144" Z="0"/>
					<Vertex X="73499" Y="6028" Z="0"/>
					<Vertex X="73731" Y="5913" Z="0"/>
					<Vertex X="73963" Y="5797" Z="0"/>
					<Vertex X="73963" Y="5449" Z="0"/>
					<Vertex X="74195" Y="5449" Z="0"/>
					<Vertex X="74658" Y="5681" Z="0"/>
					<Vertex X="74774" Y="5681" Z="0"/>
					<Vertex X="75006" Y="5681" Z="0"/>
					<Vertex X="75238" Y="5681" Z="0"/>
					<Vertex X="75354" Y="5681" Z="0"/>
					<Vertex X="75470" Y="5681" Z="0"/>
					<Vertex X="75702" Y="5681" Z="0"/>
					<Vertex X="75818" Y="5681" Z="0"/>
					<Vertex X="75702" Y="5449" Z="0"/>
					<Vertex X="76166" Y="5681" Z="0"/>
					<Vertex X="76166" Y="5449" Z="0"/>
					<Vertex X="76629" Y="5797" Z="0"/>
					<Vertex X="76861" Y="5913" Z="0"/>
					<Vertex X="76861" Y="5797" Z="0"/>
					<Vertex X="77209" Y="6144" Z="0"/>
					<Vertex X="77325" Y="6144" Z="0"/>
					<Vertex X="77557" Y="6260" Z="0"/>
					<Vertex X="77673" Y="6260" Z="0"/>
					<Vertex X="78020" Y="6492" Z="0"/>
					<Vertex X="78368" Y="6840" Z="0"/>
					<Vertex X="78484" Y="6956" Z="0"/>
					<Vertex X="78600" Y="7072" Z="0"/>
					<Vertex X="78716" Y="7188" Z="0"/>
					<Vertex X="78948" Y="7420" Z="0"/>
					<Vertex X="78948" Y="7536" Z="0"/>
					<Vertex X="79180" Y="7767" Z="0"/>
					<Vertex X="79412" Y="8115" Z="0"/>
					<Vertex X="79643" Y="8463" Z="0"/>
					<Vertex X="79875" Y="8811" Z="0"/>
					<Vertex X="79991" Y="9043" Z="0"/>
					<Vertex X="79991" Y="9159" Z="0"/>
					<Vertex X="80107" Y="9390" Z="0"/>
					<Vertex X="79875" Y="9506" Z="0"/>
					<Vertex X="80107" Y="9738" Z="0"/>
					<Vertex X="80107" Y="10086" Z="0"/>
					<Vertex X="79875" Y="10550" Z="0"/>
					<Vertex X="80107" Y="12057" Z="0"/>
					<Vertex X="80107" Y="12520" Z="0"/>
					<Vertex X="79991" Y="13332" Z="0"/>
					<Vertex X="80339" Y="14143" Z="0"/>
					<Vertex X="80223" Y="14723" Z="0"/>
					<Vertex X="80455" Y="15651" Z="0"/>
					<Vertex X="80571" Y="16462" Z="0"/>
					<Vertex X="80687" Y="17158" Z="0"/>
					<Vertex X="80803" Y="17853" Z="0"/>
					<Vertex X="80919" Y="18433" Z="0"/>
					<Vertex X="81035" Y="19012" Z="0"/>
					<Vertex X="80803" Y="19012" Z="0"/>
					<Vertex X="81035" Y="19824" Z="0"/>
					<Vertex X="81150" Y="20404" Z="0"/>
					<Vertex X="81266" Y="20867" Z="0"/>
					<Vertex X="81266" Y="21331" Z="0"/>
					<Vertex X="81382" Y="21795" Z="0"/>
					<Vertex X="81382" Y="22143" Z="0"/>
					<Vertex X="81498" Y="22490" Z="0"/>
					<Vertex X="81498" Y="22606" Z="0"/>
					<Vertex X="81614" Y="23070" Z="0"/>
					<Vertex X="81730" Y="23302" Z="0"/>
					<Vertex X="81730" Y="23534" Z="0"/>
					<Vertex X="81614" Y="23766" Z="0"/>
					<Vertex X="81962" Y="24345" Z="0"/>
					<Vertex X="82078" Y="24577" Z="0"/>
					<Vertex X="82194" Y="24809" Z="0"/>
					<Vertex X="82310" Y="25157" Z="0"/>
					<Vertex X="82542" Y="25389" Z="0"/>
					<Vertex X="82542" Y="25620" Z="0"/>
					<Vertex X="82773" Y="25852" Z="0"/>
					<Vertex X="83005" Y="26200" Z="0"/>
					<Vertex X="83353" Y="26664" Z="0"/>
					<Vertex X="83585" Y="26780" Z="0"/>
					<Vertex X="83585" Y="26896" Z="0"/>
					<Vertex X="83817" Y="27127" Z="0"/>
					<Vertex X="83933" Y="27243" Z="0"/>
					<Vertex X="84165" Y="27475" Z="0"/>
					<Vertex X="84165" Y="27475" Z="0"/>
					<Vertex X="84628" Y="27823" Z="0"/>
					<Vertex X="84744" Y="27939" Z="0"/>
					<Vertex X="84976" Y="28055" Z="0"/>
					<Vertex X="85092" Y="28055" Z="0"/>
					<Vertex X="85324" Y="28171" Z="0"/>
					<Vertex X="85440" Y="28287" Z="0"/>
					<Vertex X="85556" Y="28287" Z="0"/>
					<Vertex X="85904" Y="28287" Z="0"/>
					<Vertex X="86019" Y="28287" Z="0"/>
					<Vertex X="86135" Y="28287" Z="0"/>
					<Vertex X="86367" Y="28287" Z="0"/>
					<Vertex X="86367" Y="28055" Z="0"/>
					<Vertex X="86831" Y="28171" Z="0"/>
					<Vertex X="87179" Y="27939" Z="0"/>
					<Vertex X="87527" Y="27707" Z="0"/>
					<Vertex X="87642" Y="27591" Z="0"/>
					<Vertex X="87874" Y="27359" Z="0"/>
					<Vertex X="87874" Y="27243" Z="0"/>
					<Vertex X="88106" Y="27012" Z="0"/>
					<Vertex X="88338" Y="26664" Z="0"/>
					<Vertex X="88454" Y="26432" Z="0"/>
					<Vertex X="88570" Y="26200" Z="0"/>
					<Vertex X="88686" Y="25968" Z="0"/>
					<Vertex X="88570" Y="25504" Z="0"/>
					<Vertex X="88918" Y="25504" Z="0"/>
					<Vertex X="89034" Y="25389" Z="0"/>
					<Vertex X="89034" Y="25273" Z="0"/>
					<Vertex X="89034" Y="25041" Z="0"/>
					<Vertex X="89150" Y="24809" Z="0"/>
					<Vertex X="89150" Y="24577" Z="0"/>
					<Vertex X="89150" Y="24229" Z="0"/>
					<Vertex X="89150" Y="23881" Z="0"/>
					<Vertex X="89150" Y="23418" Z="0"/>
					<Vertex X="89150" Y="23070" Z="0"/>
					<Vertex X="89150" Y="22490" Z="0"/>
					<Vertex X="89150" Y="22027" Z="0"/>
					<Vertex X="89150" Y="21795" Z="0"/>
					<Vertex X="89150" Y="21447" Z="0"/>
					<Vertex X="88918" Y="20867" Z="0"/>
					<Vertex X="89150" Y="20867" Z="0"/>
					<Vertex X="89034" Y="20520" Z="0"/>
					<Vertex X="88802" Y="19940" Z="0"/>
					<Vertex X="88802" Y="19824" Z="0"/>
					<Vertex X="88918" Y="19708" Z="0"/>
					<Vertex X="88918" Y="19244" Z="0"/>
					<Vertex X="88918" Y="19012" Z="0"/>
					<Vertex X="88918" Y="18665" Z="0"/>
					<Vertex X="88918" Y="18201" Z="0"/>
					<Vertex X="88802" Y="17853" Z="0"/>
					<Vertex X="88802" Y="17389" Z="0"/>
					<Vertex X="88802" Y="17042" Z="0"/>
					<Vertex X="88802" Y="16694" Z="0"/>
					<Vertex X="88802" Y="16346" Z="0"/>
					<Vertex X="88802" Y="15998" Z="0"/>
					<Vertex X="88570" Y="15651" Z="0"/>
					<Vertex X="88802" Y="15535" Z="0"/>
					<Vertex X="88802" Y="15419" Z="0"/>
					<Vertex X="88802" Y="15187" Z="0"/>
					<Vertex X="88918" Y="14839" Z="0"/>
					<Vertex X="88918" Y="14723" Z="0"/>
					<Vertex X="89034" Y="14491" Z="0"/>
					<Vertex X="89034" Y="14259" Z="0"/>
					<Vertex X="89150" Y="14028" Z="0"/>
					<Vertex X="89265" Y="13912" Z="0"/>
					<Vertex X="89381" Y="13564" Z="0"/>
					<Vertex X="89497" Y="13332" Z="0"/>
					<Vertex X="89613" Y="13100" Z="0"/>
					<Vertex X="89845" Y="12868" Z="0"/>
					<Vertex X="89961" Y="12636" Z="0"/>
					<Vertex X="90077" Y="12405" Z="0"/>
					<Vertex X="90193" Y="12289" Z="0"/>
					<Vertex X="90309" Y="12173" Z="0"/>
					<Vertex X="90309" Y="12057" Z="0"/>
					<Vertex X="90425" Y="11941" Z="0"/>
					<Vertex X="90193" Y="11593" Z="0"/>
					<Vertex X="90425" Y="11709" Z="0"/>
					<Vertex X="90541" Y="11477" Z="0"/>
					<Vertex X="90657" Y="11245" Z="0"/>
					<Vertex X="90773" Y="10782" Z="0"/>
					<Vertex X="90657" Y="10202" Z="0"/>
					<Vertex X="91004" Y="9622" Z="0"/>
					<Vertex X="91468" Y="9159" Z="0"/>
					<Vertex X="91584" Y="8579" Z="0"/>
					<Vertex X="91816" Y="8115" Z="0"/>
					<Vertex X="91816" Y="7420" Z="0"/>
					<Vertex X="92164" Y="7420" Z="0"/>
					<Vertex X="92280" Y="7072" Z="0"/>
					<Vertex X="92164" Y="6724" Z="0"/>
					<Vertex X="92743" Y="6608" Z="0"/>
					<Vertex X="92859" Y="6376" Z="0"/>
					<Vertex X="93091" Y="6144" Z="0"/>
					<Vertex X="93207" Y="6028" Z="0"/>
					<Vertex X="93439" Y="5913" Z="0"/>
					<Vertex X="93555" Y="5797" Z="0"/>
					<Vertex X="93671" Y="5681" Z="0"/>
					<Vertex X="93787" Y="5565" Z="0"/>
					<Vertex X="94019" Y="5449" Z="0"/>
					<Vertex X="94134" Y="5333" Z="0"/>
					<Vertex X="94250" Y="5217" Z="0"/>
					<Vertex X="94482" Y="5101" Z="0"/>
					<Vertex X="94598" Y="5101" Z="0"/>
					<Vertex X="94830" Y="4869" Z="0"/>
					<Vertex X="94946" Y="4869" Z="0"/>
					<Vertex X="95178" Y="4637" Z="0"/>
					<Vertex X="95294" Y="4521" Z="0"/>
					<Vertex X="95526" Y="4405" Z="0"/>
					<Vertex X="95642" Y="4290" Z="0"/>
					<Vertex X="95989" Y="4174" Z="0"/>
					<Vertex X="95989" Y="3826" Z="0"/>
					<Vertex X="96453" Y="3942" Z="0"/>
					<Vertex X="96569" Y="3826" Z="0"/>
					<Vertex X="96917" Y="3710" Z="0"/>
					<Vertex X="97149" Y="3594" Z="0"/>
					<Vertex X="97380" Y="3478" Z="0"/>
					<Vertex X="97496" Y="3478" Z="0"/>
					<Vertex X="97612" Y="3362" Z="0"/>
					<Vertex X="97844" Y="3246" Z="0"/>
					<Vertex X="98076" Y="3246" Z="0"/>
					<Vertex X="98308" Y="3130" Z="0"/>
					<Vertex X="98540" Y="3130" Z="0"/>
					<Vertex X="98772" Y="3014" Z="0"/>
					<Vertex X="98888" Y="3014" Z="0"/>
					<Vertex X="99235" Y="3014" Z="0"/>
					<Vertex X="99351" Y="3014" Z="0"/>
					<Vertex X="99467" Y="3014" Z="0"/>
					<Vertex X="99699" Y="3014" Z="0"/>
					<Vertex X="99815" Y="3014" Z="0"/>
					<Vertex X="100047" Y="3014" Z="0"/>
					<Vertex X="100163" Y="3014" Z="0"/>
					<Vertex X="100395" Y="3014" Z="0"/>
					<Vertex X="100626" Y="3014" Z="0"/>
					<Vertex X="100742" Y="3014" Z="0"/>
					<Vertex X="100974" Y="3014" Z="0"/>
					<Vertex X="101090" Y="3014" Z="0"/>
					<Vertex X="101322" Y="3014" Z="0"/>
					<Vertex X="101554" Y="3130" Z="0"/>
					<Vertex X="101786" Y="2898" Z="0"/>
					<Vertex X="102481" Y="3246" Z="0"/>
					<Vertex X="102713" Y="3478" Z="0"/>
					<Vertex X="103061" Y="3594" Z="0"/>
					<Vertex X="103409" Y="3826" Z="0"/>
					<Vertex X="103641" Y="3942" Z="0"/>
					<Vertex X="103757" Y="4058" Z="0"/>
					<Vertex X="103757" Y="4058" Z="0"/>
					<Vertex X="104104" Y="4405" Z="0"/>
					<Vertex X="104800" Y="5217" Z="0"/>
					<Vertex X="104916" Y="5449" Z="0"/>
					<Vertex X="105380" Y="6144" Z="0"/>
					<Vertex X="105380" Y="6260" Z="0"/>
					<Vertex X="105611" Y="6608" Z="0"/>
					<Vertex X="105727" Y="7072" Z="0"/>
					<Vertex X="105727" Y="7188" Z="0"/>
					<Vertex X="106075" Y="7883" Z="0"/>
					<Vertex X="106191" Y="8231" Z="0"/>
					<Vertex X="106307" Y="8579" Z="0"/>
					<Vertex X="106423" Y="8811" Z="0"/>
					<Vertex X="106191" Y="8811" Z="0"/>
					<Vertex X="106539" Y="9274" Z="0"/>
					<Vertex X="106539" Y="9622" Z="0"/>
					<Vertex X="106307" Y="9622" Z="0"/>
					<Vertex X="106655" Y="10086" Z="0"/>
					<Vertex X="106423" Y="10086" Z="0"/>
					<Vertex X="106655" Y="10666" Z="0"/>
					<Vertex X="106423" Y="10666" Z="0"/>
					<Vertex X="106655" Y="11245" Z="0"/>
					<Vertex X="106423" Y="11245" Z="0"/>
					<Vertex X="106655" Y="11709" Z="0"/>
					<Vertex X="106423" Y="11825" Z="0"/>
					<Vertex X="106655" Y="12405" Z="0"/>
					<Vertex X="106423" Y="12405" Z="0"/>
					<Vertex X="106655" Y="13216" Z="0"/>
					<Vertex X="106655" Y="13564" Z="0"/>
					<Vertex X="106655" Y="13796" Z="0"/>
					<Vertex X="106423" Y="13680" Z="0"/>
					<Vertex X="106655" Y="14143" Z="0"/>
					<Vertex X="106539" Y="14259" Z="0"/>
					<Vertex X="106539" Y="14375" Z="0"/>
					<Vertex X="106539" Y="14491" Z="0"/>
					<Vertex X="106423" Y="14607" Z="0"/>
					<Vertex X="106307" Y="14723" Z="0"/>
					<Vertex X="106191" Y="15071" Z="0"/>
					<Vertex X="105843" Y="14955" Z="0"/>
					<Vertex X="105959" Y="15651" Z="0"/>
					<Vertex X="105611" Y="15535" Z="0"/>
					<Vertex X="105727" Y="15998" Z="0"/>
					<Vertex X="105495" Y="16346" Z="0"/>
					<Vertex X="105148" Y="16810" Z="0"/>
					<Vertex X="104800" Y="16694" Z="0"/>
					<Vertex X="104568" Y="17505" Z="0"/>
					<Vertex X="104220" Y="17853" Z="0"/>
					<Vertex X="103872" Y="18085" Z="0"/>
					<Vertex X="103641" Y="18433" Z="0"/>
					<Vertex X="103525" Y="18665" Z="0"/>
					<Vertex X="103177" Y="19128" Z="0"/>
					<Vertex X="103061" Y="19360" Z="0"/>
					<Vertex X="102713" Y="19708" Z="0"/>
					<Vertex X="102597" Y="20056" Z="0"/>
					<Vertex X="102365" Y="20404" Z="0"/>
					<Vertex X="102249" Y="20751" Z="0"/>
					<Vertex X="102018" Y="20983" Z="0"/>
					<Vertex X="101902" Y="21215" Z="0"/>
					<Vertex X="101786" Y="21795" Z="0"/>
					<Vertex X="101438" Y="21679" Z="0"/>
					<Vertex X="101554" Y="22258" Z="0"/>
					<Vertex X="101438" Y="22374" Z="0"/>
					<Vertex X="101322" Y="22722" Z="0"/>
					<Vertex X="101206" Y="23070" Z="0"/>
					<Vertex X="100742" Y="23302" Z="0"/>
					<Vertex X="100858" Y="23997" Z="0"/>
					<Vertex X="100742" Y="24229" Z="0"/>
					<Vertex X="100511" Y="24577" Z="0"/>
					<Vertex X="100395" Y="25041" Z="0"/>
					<Vertex X="100163" Y="25620" Z="0"/>
					<Vertex X="100047" Y="26200" Z="0"/>
					<Vertex X="99931" Y="26548" Z="0"/>
					<Vertex X="99699" Y="27012" Z="0"/>
					<Vertex X="99351" Y="27127" Z="0"/>
					<Vertex X="99467" Y="27707" Z="0"/>
					<Vertex X="99351" Y="28055" Z="0"/>
					<Vertex X="99235" Y="28403" Z="0"/>
					<Vertex X="99235" Y="28750" Z="0"/>
					<Vertex X="99003" Y="28982" Z="0"/>
					<Vertex X="99235" Y="29446" Z="0"/>
					<Vertex X="99119" Y="29678" Z="0"/>
					<Vertex X="99119" Y="29794" Z="0"/>
					<Vertex X="99003" Y="30489" Z="0"/>
					<Vertex X="98888" Y="31301" Z="0"/>
					<Vertex X="98888" Y="32112" Z="0"/>
					<Vertex X="98772" Y="34547" Z="0"/>
					<Vertex X="98772" Y="36054" Z="0"/>
					<Vertex X="98656" Y="36981" Z="0"/>
					<Vertex X="98308" Y="37561" Z="0"/>
					<Vertex X="98424" Y="39996" Z="0"/>
					<Vertex X="98192" Y="41387" Z="0"/>
					<Vertex X="98076" Y="42546" Z="0"/>
					<Vertex X="97728" Y="43937" Z="0"/>
					<Vertex X="97265" Y="44865" Z="0"/>
					<Vertex X="97265" Y="46372" Z="0"/>
					<Vertex X="97033" Y="47415" Z="0"/>
					<Vertex X="96917" Y="48111" Z="0"/>
					<Vertex X="96685" Y="48690" Z="0"/>
					<Vertex X="96569" Y="49386" Z="0"/>
					<Vertex X="96337" Y="50313" Z="0"/>
					<Vertex X="96221" Y="50661" Z="0"/>
					<Vertex X="96105" Y="51357" Z="0"/>
					<Vertex X="95757" Y="52284" Z="0"/>
					<Vertex X="95526" Y="53095" Z="0"/>
					<Vertex X="95062" Y="53559" Z="0"/>
					<Vertex X="94946" Y="54487" Z="0"/>
					<Vertex X="94598" Y="55182" Z="0"/>
					<Vertex X="94250" Y="55762" Z="0"/>
					<Vertex X="94250" Y="55994" Z="0"/>
					<Vertex X="94019" Y="56573" Z="0"/>
					<Vertex X="93787" Y="57037" Z="0"/>
					<Vertex X="93555" Y="57617" Z="0"/>
					<Vertex X="93439" Y="57964" Z="0"/>
					<Vertex X="93323" Y="58312" Z="0"/>
					<Vertex X="93207" Y="58660" Z="0"/>
					<Vertex X="93091" Y="58892" Z="0"/>
					<Vertex X="92975" Y="59124" Z="0"/>
					<Vertex X="92859" Y="59356" Z="0"/>
					<Vertex X="92859" Y="59587" Z="0"/>
					<Vertex X="92743" Y="59703" Z="0"/>
					<Vertex X="92743" Y="59935" Z="0"/>
					<Vertex X="92511" Y="59819" Z="0"/>
					<Vertex X="92743" Y="60051" Z="0"/>
					<Vertex X="92627" Y="60979" Z="0"/>
					<Vertex X="92048" Y="61558" Z="0"/>
					<Vertex X="92048" Y="62718" Z="0"/>
					<Vertex X="91584" Y="64109" Z="0"/>
					<Vertex X="91004" Y="65500" Z="0"/>
					<Vertex X="90657" Y="66775" Z="0"/>
					<Vertex X="90309" Y="67355" Z="0"/>
					<Vertex X="89961" Y="68166" Z="0"/>
					<Vertex X="89729" Y="68746" Z="0"/>
					<Vertex X="89497" Y="68978" Z="0"/>
					<Vertex X="89381" Y="69325" Z="0"/>
					<Vertex X="89150" Y="69789" Z="0"/>
					<Vertex X="88918" Y="70137" Z="0"/>
					<Vertex X="88802" Y="70369" Z="0"/>
					<Vertex X="88686" Y="70601" Z="0"/>
					<Vertex X="88454" Y="70833" Z="0"/>
					<Vertex X="88338" Y="71064" Z="0"/>
					<Vertex X="88222" Y="71180" Z="0"/>
					<Vertex X="87990" Y="71296" Z="0"/>
					<Vertex X="87990" Y="71412" Z="0"/>
					<Vertex X="87758" Y="71528" Z="0"/>
					<Vertex X="87527" Y="71760" Z="0"/>
					<Vertex X="87295" Y="71876" Z="0"/>
					<Vertex X="87063" Y="72108" Z="0"/>
					<Vertex X="86947" Y="72340" Z="0"/>
					<Vertex X="86715" Y="72456" Z="0"/>
					<Vertex X="86367" Y="72687" Z="0"/>
					<Vertex X="86019" Y="73035" Z="0"/>
					<Vertex X="85788" Y="73151" Z="0"/>
					<Vertex X="85556" Y="73383" Z="0"/>
					<Vertex X="85440" Y="73383" Z="0"/>
					<Vertex X="85092" Y="73615" Z="0"/>
					<Vertex X="84976" Y="73731" Z="0"/>
					<Vertex X="84744" Y="73731" Z="0"/>
					<Vertex X="84512" Y="73847" Z="0"/>
					<Vertex X="84396" Y="73963" Z="0"/>
					<Vertex X="84165" Y="74079" Z="0"/>
					<Vertex X="84049" Y="74194" Z="0"/>
					<Vertex X="83933" Y="74310" Z="0"/>
					<Vertex X="83817" Y="74426" Z="0"/>
					<Vertex X="83585" Y="74658" Z="0"/>
					<Vertex X="83469" Y="74774" Z="0"/>
					<Vertex X="83237" Y="75006" Z="0"/>
					<Vertex X="82889" Y="74890" Z="0"/>
					<Vertex X="82889" Y="75354" Z="0"/>
					<Vertex X="82426" Y="75702" Z="0"/>
					<Vertex X="82194" Y="75817" Z="0"/>
					<Vertex X="81962" Y="75933" Z="0"/>
					<Vertex X="81614" Y="76049" Z="0"/>
					<Vertex X="81498" Y="76049" Z="0"/>
					<Vertex X="81266" Y="76165" Z="0"/>
					<Vertex X="80919" Y="76165" Z="0"/>
					<Vertex X="80687" Y="76165" Z="0"/>
					<Vertex X="80339" Y="76281" Z="0"/>
					<Vertex X="80107" Y="76281" Z="0"/>
					<Vertex X="79875" Y="76281" Z="0"/>
					<Vertex X="79412" Y="76397" Z="0"/>
					<Vertex X="79296" Y="76397" Z="0"/>
					<Vertex X="78948" Y="76513" Z="0"/>
					<Vertex X="78600" Y="76513" Z="0"/>
					<Vertex X="78252" Y="76629" Z="0"/>
					<Vertex X="77789" Y="76513" Z="0"/>
					<Vertex X="77441" Y="76861" Z="0"/>
					<Vertex X="77093" Y="76977" Z="0"/>
					<Vertex X="76629" Y="77093" Z="0"/>
					<Vertex X="76397" Y="77209" Z="0"/>
					<Vertex X="76050" Y="77209" Z="0"/>
					<Vertex X="75818" Y="77209" Z="0"/>
					<Vertex X="75470" Y="77325" Z="0"/>
					<Vertex X="75354" Y="77325" Z="0"/>
					<Vertex X="75238" Y="77325" Z="0"/>
					<Vertex X="75006" Y="77325" Z="0"/>
					<Vertex X="74543" Y="77440" Z="0"/>
					<Vertex X="74311" Y="77440" Z="0"/>
					<Vertex X="73963" Y="77556" Z="0"/>
					<Vertex X="73731" Y="77556" Z="0"/>
					<Vertex X="73267" Y="77440" Z="0"/>
					<Vertex X="73151" Y="77672" Z="0"/>
					<Vertex X="73035" Y="77788" Z="0"/>
					<Vertex X="72804" Y="77788" Z="0"/>
					<Vertex X="72572" Y="77788" Z="0"/>
					<Vertex X="72340" Y="77788" Z="0"/>
					<Vertex X="72108" Y="77788" Z="0"/>
					<Vertex X="71644" Y="77788" Z="0"/>
					<Vertex X="71297" Y="77556" Z="0"/>
					<Vertex X="70949" Y="77788" Z="0"/>
					<Vertex X="70833" Y="77788" Z="0"/>
					<Vertex X="70485" Y="77788" Z="0"/>
					<Vertex X="70137" Y="77788" Z="0"/>
					<Vertex X="69674" Y="77788" Z="0"/>
					<Vertex X="69442" Y="77788" Z="0"/>
					<Vertex X="68862" Y="77556" Z="0"/>
					<Vertex X="68862" Y="77672" Z="0"/>
					<Vertex X="68514" Y="77556" Z="0"/>
					<Vertex X="68282" Y="77556" Z="0"/>
					<Vertex X="67819" Y="77440" Z="0"/>
					<Vertex X="67703" Y="77325" Z="0"/>
					<Vertex X="67355" Y="77209" Z="0"/>
					<Vertex X="67123" Y="77093" Z="0"/>
					<Vertex X="66891" Y="76977" Z="0"/>
					<Vertex X="66543" Y="76745" Z="0"/>
					<Vertex X="66312" Y="76513" Z="0"/>
					<Vertex X="65964" Y="76165" Z="0"/>
					<Vertex X="65616" Y="75933" Z="0"/>
					<Vertex X="65268" Y="75702" Z="0"/>
					<Vertex X="65036" Y="75470" Z="0"/>
					<Vertex X="64920" Y="75238" Z="0"/>
					<Vertex X="64805" Y="75006" Z="0"/>
					<Vertex X="64805" Y="74194" Z="0"/>
					<Vertex X="64573" Y="73383" Z="0"/>
					<Vertex X="64805" Y="72687" Z="0"/>
					<Vertex X="64805" Y="71992" Z="0"/>
					<Vertex X="64573" Y="71412" Z="0"/>
					<Vertex X="64805" Y="70485" Z="0"/>
					<Vertex X="64689" Y="70021" Z="0"/>
					<Vertex X="64689" Y="69210" Z="0"/>
					<Vertex X="64341" Y="68630" Z="0"/>
					<Vertex X="64225" Y="67818" Z="0"/>
					<Vertex X="64457" Y="67239" Z="0"/>
					<Vertex X="64341" Y="66775" Z="0"/>
					<Vertex X="64341" Y="66195" Z="0"/>
					<Vertex X="64341" Y="66079" Z="0"/>
					<Vertex X="64109" Y="65384" Z="0"/>
					<Vertex X="64341" Y="65268" Z="0"/>
					<Vertex X="64341" Y="64688" Z="0"/>
					<Vertex X="64341" Y="64572" Z="0"/>
					<Vertex X="64341" Y="64109" Z="0"/>
					<Vertex X="64341" Y="63761" Z="0"/>
					<Vertex X="64457" Y="63297" Z="0"/>
					<Vertex X="64457" Y="63065" Z="0"/>
					<Vertex X="64457" Y="62833" Z="0"/>
					<Vertex X="64573" Y="61790" Z="0"/>
					<Vertex X="64573" Y="61095" Z="0"/>
					<Vertex X="64573" Y="60515" Z="0"/>
					<Vertex X="64573" Y="60167" Z="0"/>
					<Vertex X="64573" Y="59472" Z="0"/>
					<Vertex X="64689" Y="58660" Z="0"/>
					<Vertex X="64805" Y="57849" Z="0"/>
					<Vertex X="64805" Y="57617" Z="0"/>
					<Vertex X="64920" Y="56573" Z="0"/>
					<Vertex X="64920" Y="56341" Z="0"/>
					<Vertex X="65036" Y="55762" Z="0"/>
					<Vertex X="65152" Y="55298" Z="0"/>
					<Vertex X="65036" Y="54603" Z="0"/>
					<Vertex X="65500" Y="54371" Z="0"/>
					<Vertex X="65616" Y="53907" Z="0"/>
					<Vertex X="65732" Y="53443" Z="0"/>
					<Vertex X="65732" Y="53211" Z="0"/>
					<Vertex X="65848" Y="52980" Z="0"/>
					<Vertex X="65848" Y="52864" Z="0"/>
					<Vertex X="65848" Y="52748" Z="0"/>
					<Vertex X="65848" Y="52400" Z="0"/>
					<Vertex X="66080" Y="51704" Z="0"/>
					<Vertex X="66080" Y="51472" Z="0"/>
					<Vertex X="65964" Y="50545" Z="0"/>
					<Vertex X="66428" Y="49965" Z="0"/>
					<Vertex X="66428" Y="49386" Z="0"/>
					<Vertex X="66428" Y="48458" Z="0"/>
					<Vertex X="66775" Y="48111" Z="0"/>
					<Vertex X="66891" Y="47647" Z="0"/>
					<Vertex X="67007" Y="47183" Z="0"/>
					<Vertex X="66891" Y="46719" Z="0"/>
					<Vertex X="67355" Y="46488" Z="0"/>
					<Vertex X="67123" Y="46024" Z="0"/>
					<Vertex X="67471" Y="46024" Z="0"/>
					<Vertex X="67703" Y="45560" Z="0"/>
					<Vertex X="67587" Y="44865" Z="0"/>
					<Vertex X="67935" Y="44865" Z="0"/>
					<Vertex X="68051" Y="44517" Z="0"/>
					<Vertex X="67819" Y="44053" Z="0"/>
					<Vertex X="68051" Y="43937" Z="0"/>
					<Vertex X="68051" Y="43821" Z="0"/>
					<Vertex X="67935" Y="43357" Z="0"/>
					<Vertex X="68166" Y="43357" Z="0"/>
					<Vertex X="68166" Y="43242" Z="0"/>
					<Vertex X="68166" Y="43126" Z="0"/>
					<Vertex X="68166" Y="42894" Z="0"/>
					<Vertex X="67935" Y="42198" Z="0"/>
					<Vertex X="68166" Y="41734" Z="0"/>
					<Vertex X="68166" Y="40575" Z="0"/>
					<Vertex X="68166" Y="39068" Z="0"/>
					<Vertex X="68166" Y="37561" Z="0"/>
					<Vertex X="68051" Y="36402" Z="0"/>
					<Vertex X="67819" Y="35358" Z="0"/>
					<Vertex X="67703" Y="34779" Z="0"/>
					<Vertex X="67471" Y="33967" Z="0"/>
					<Vertex X="67355" Y="33272" Z="0"/>
					<Vertex X="67123" Y="32460" Z="0"/>
					<Vertex X="66891" Y="31765" Z="0"/>
					<Vertex X="66543" Y="31069" Z="0"/>
					<Vertex X="66543" Y="30953" Z="0"/>
					<Vertex X="66428" Y="30489" Z="0"/>
					<Vertex X="66196" Y="30026" Z="0"/>
					<Vertex X="66080" Y="29794" Z="0"/>
					<Vertex X="66080" Y="29562" Z="0"/>
					<Vertex X="65616" Y="28866" Z="0"/>
					<Vertex X="65848" Y="28635" Z="0"/>
					<Vertex X="65732" Y="28403" Z="0"/>
					<Vertex X="65616" Y="28171" Z="0"/>
					<Vertex X="65616" Y="27823" Z="0"/>
					<Vertex X="65500" Y="27359" Z="0"/>
					<Vertex X="65384" Y="27127" Z="0"/>
					<Vertex X="65152" Y="26548" Z="0"/>
					<Vertex X="65268" Y="26432" Z="0"/>
					<Vertex X="65152" Y="26200" Z="0"/>
					<Vertex X="65152" Y="25968" Z="0"/>
					<Vertex X="64920" Y="25504" Z="0"/>
					<Vertex X="65036" Y="25504" Z="0"/>
					<Vertex X="65036" Y="25389" Z="0"/>
					<Vertex X="65036" Y="25273" Z="0"/>
					<Vertex X="65036" Y="25157" Z="0"/>
					<Vertex X="65036" Y="25041" Z="0"/>
					<Vertex X="65036" Y="24925" Z="0"/>
					<Vertex X="65036" Y="24693" Z="0"/>
					<Vertex X="65036" Y="24577" Z="0"/>
					<Vertex X="65036" Y="24461" Z="0"/>
					<Vertex X="65036" Y="24345" Z="0"/>
					<Vertex X="65036" Y="24229" Z="0"/>
					<Vertex X="65036" Y="24113" Z="0"/>
					<Vertex X="65036" Y="23997" Z="0"/>
					<Vertex X="65036" Y="23881" Z="0"/>
					<Vertex X="65036" Y="23766" Z="0"/>
					<Vertex X="65036" Y="23650" Z="0"/>
					<Vertex X="65036" Y="23534" Z="0"/>
					<Vertex X="65036" Y="23418" Z="0"/>
					<Vertex X="64805" Y="23186" Z="0"/>
					<Vertex X="65036" Y="23302" Z="0"/>
					<Vertex X="64805" Y="23070" Z="0"/>
					<Vertex X="64805" Y="23766" Z="0"/>
					<Vertex X="64805" Y="23881" Z="0"/>
					<Vertex X="64805" Y="22258" Z="0"/>
				</Vertices>
			</Region>
		</Regions>
		<Plots/>
	</Annotation>
</Annotations>
