<Annotations MicronsPerPixel="0.252500">
	<Annotation Id="1" Name="" ReadOnly="0" NameReadOnly="0" LineColorReadOnly="0" Incremental="0" Type="4" LineColor="255" Visible="1" Selected="1" MarkupImagePath="" MacroName="">
		<Attributes/>
		<Regions>
			<RegionAttributeHeaders/>
			<Region Id="1" Type="0" Zoom="0.026739" Selected="0" ImageLocation="" ImageFocus="-1" Length="74460.8" Area="309912277.0" LengthMicrons="18801.3" AreaMicrons="19758844.2" Text="" NegativeROA="0" InputRegionId="0" Analyze="1" DisplayId="1">
				<Attributes/>
				<Vertices>
					<Vertex X="20291" Y="15885" Z="0"/>
					<Vertex X="21920" Y="14737" Z="0"/>
					<Vertex X="22217" Y="14589" Z="0"/>
					<Vertex X="22402" Y="14552" Z="0"/>
					<Vertex X="22550" Y="14478" Z="0"/>
					<Vertex X="22883" Y="14404" Z="0"/>
					<Vertex X="23031" Y="14404" Z="0"/>
					<Vertex X="23142" Y="14367" Z="0"/>
					<Vertex X="23291" Y="14367" Z="0"/>
					<Vertex X="23476" Y="14330" Z="0"/>
					<Vertex X="23624" Y="14330" Z="0"/>
					<Vertex X="23809" Y="14330" Z="0"/>
					<Vertex X="23920" Y="14293" Z="0"/>
					<Vertex X="24105" Y="14293" Z="0"/>
					<Vertex X="24216" Y="14293" Z="0"/>
					<Vertex X="24327" Y="14293" Z="0"/>
					<Vertex X="24401" Y="14293" Z="0"/>
					<Vertex X="24438" Y="14293" Z="0"/>
					<Vertex X="24661" Y="14293" Z="0"/>
					<Vertex X="24698" Y="14293" Z="0"/>
					<Vertex X="24809" Y="14293" Z="0"/>
					<Vertex X="24920" Y="14293" Z="0"/>
					<Vertex X="25068" Y="14293" Z="0"/>
					<Vertex X="25216" Y="14293" Z="0"/>
					<Vertex X="25401" Y="14293" Z="0"/>
					<Vertex X="25623" Y="14293" Z="0"/>
					<Vertex X="25808" Y="14293" Z="0"/>
					<Vertex X="26031" Y="14293" Z="0"/>
					<Vertex X="26216" Y="14293" Z="0"/>
					<Vertex X="26586" Y="14293" Z="0"/>
					<Vertex X="26734" Y="14293" Z="0"/>
					<Vertex X="26882" Y="14293" Z="0"/>
					<Vertex X="26956" Y="14293" Z="0"/>
					<Vertex X="26993" Y="14293" Z="0"/>
					<Vertex X="27030" Y="14293" Z="0"/>
					<Vertex X="27104" Y="14293" Z="0"/>
					<Vertex X="27216" Y="14330" Z="0"/>
					<Vertex X="27512" Y="14478" Z="0"/>
					<Vertex X="27771" Y="14552" Z="0"/>
					<Vertex X="28030" Y="14626" Z="0"/>
					<Vertex X="28289" Y="14737" Z="0"/>
					<Vertex X="28512" Y="14811" Z="0"/>
					<Vertex X="28734" Y="14886" Z="0"/>
					<Vertex X="28956" Y="14960" Z="0"/>
					<Vertex X="29104" Y="15034" Z="0"/>
					<Vertex X="29252" Y="15108" Z="0"/>
					<Vertex X="29363" Y="15182" Z="0"/>
					<Vertex X="29437" Y="15219" Z="0"/>
					<Vertex X="29511" Y="15256" Z="0"/>
					<Vertex X="29585" Y="15293" Z="0"/>
					<Vertex X="29659" Y="15367" Z="0"/>
					<Vertex X="29770" Y="15404" Z="0"/>
					<Vertex X="29845" Y="15478" Z="0"/>
					<Vertex X="29919" Y="15515" Z="0"/>
					<Vertex X="29993" Y="15589" Z="0"/>
					<Vertex X="30067" Y="15589" Z="0"/>
					<Vertex X="30104" Y="15663" Z="0"/>
					<Vertex X="30141" Y="15700" Z="0"/>
					<Vertex X="30252" Y="15774" Z="0"/>
					<Vertex X="30289" Y="15848" Z="0"/>
					<Vertex X="30363" Y="15885" Z="0"/>
					<Vertex X="30437" Y="15959" Z="0"/>
					<Vertex X="30474" Y="15996" Z="0"/>
					<Vertex X="30548" Y="16107" Z="0"/>
					<Vertex X="30622" Y="16144" Z="0"/>
					<Vertex X="30659" Y="16182" Z="0"/>
					<Vertex X="30733" Y="16256" Z="0"/>
					<Vertex X="30770" Y="16330" Z="0"/>
					<Vertex X="30807" Y="16404" Z="0"/>
					<Vertex X="30918" Y="16552" Z="0"/>
					<Vertex X="31066" Y="16700" Z="0"/>
					<Vertex X="31215" Y="16811" Z="0"/>
					<Vertex X="31289" Y="16885" Z="0"/>
					<Vertex X="31400" Y="16996" Z="0"/>
					<Vertex X="31548" Y="17144" Z="0"/>
					<Vertex X="31696" Y="17218" Z="0"/>
					<Vertex X="31770" Y="17329" Z="0"/>
					<Vertex X="31844" Y="17366" Z="0"/>
					<Vertex X="31955" Y="17478" Z="0"/>
					<Vertex X="32103" Y="17552" Z="0"/>
					<Vertex X="32177" Y="17700" Z="0"/>
					<Vertex X="32362" Y="17774" Z="0"/>
					<Vertex X="32548" Y="17959" Z="0"/>
					<Vertex X="32696" Y="18070" Z="0"/>
					<Vertex X="32844" Y="18218" Z="0"/>
					<Vertex X="33029" Y="18366" Z="0"/>
					<Vertex X="33214" Y="18477" Z="0"/>
					<Vertex X="33325" Y="18588" Z="0"/>
					<Vertex X="33473" Y="18699" Z="0"/>
					<Vertex X="33510" Y="18736" Z="0"/>
					<Vertex X="33584" Y="18773" Z="0"/>
					<Vertex X="33621" Y="18811" Z="0"/>
					<Vertex X="33621" Y="18885" Z="0"/>
					<Vertex X="33732" Y="18922" Z="0"/>
					<Vertex X="33770" Y="19070" Z="0"/>
					<Vertex X="33881" Y="19144" Z="0"/>
					<Vertex X="33955" Y="19218" Z="0"/>
					<Vertex X="34140" Y="19366" Z="0"/>
					<Vertex X="34288" Y="19551" Z="0"/>
					<Vertex X="34399" Y="19625" Z="0"/>
					<Vertex X="34547" Y="19736" Z="0"/>
					<Vertex X="34584" Y="19773" Z="0"/>
					<Vertex X="34658" Y="19884" Z="0"/>
					<Vertex X="34732" Y="19884" Z="0"/>
					<Vertex X="34732" Y="19921" Z="0"/>
					<Vertex X="34769" Y="19958" Z="0"/>
					<Vertex X="34917" Y="20107" Z="0"/>
					<Vertex X="35140" Y="20255" Z="0"/>
					<Vertex X="35325" Y="20366" Z="0"/>
					<Vertex X="35510" Y="20514" Z="0"/>
					<Vertex X="35732" Y="20625" Z="0"/>
					<Vertex X="35880" Y="20773" Z="0"/>
					<Vertex X="36028" Y="20810" Z="0"/>
					<Vertex X="36139" Y="20921" Z="0"/>
					<Vertex X="36213" Y="20958" Z="0"/>
					<Vertex X="36287" Y="21032" Z="0"/>
					<Vertex X="36362" Y="21106" Z="0"/>
					<Vertex X="36436" Y="21143" Z="0"/>
					<Vertex X="36473" Y="21217" Z="0"/>
					<Vertex X="36547" Y="21254" Z="0"/>
					<Vertex X="36621" Y="21328" Z="0"/>
					<Vertex X="36695" Y="21365" Z="0"/>
					<Vertex X="36732" Y="21440" Z="0"/>
					<Vertex X="36806" Y="21477" Z="0"/>
					<Vertex X="36806" Y="21514" Z="0"/>
					<Vertex X="36843" Y="21514" Z="0"/>
					<Vertex X="36843" Y="21551" Z="0"/>
					<Vertex X="36880" Y="21625" Z="0"/>
					<Vertex X="36954" Y="21699" Z="0"/>
					<Vertex X="37065" Y="21773" Z="0"/>
					<Vertex X="37176" Y="21921" Z="0"/>
					<Vertex X="37361" Y="22106" Z="0"/>
					<Vertex X="37509" Y="22217" Z="0"/>
					<Vertex X="37620" Y="22328" Z="0"/>
					<Vertex X="37769" Y="22439" Z="0"/>
					<Vertex X="37806" Y="22476" Z="0"/>
					<Vertex X="37880" Y="22550" Z="0"/>
					<Vertex X="37954" Y="22587" Z="0"/>
					<Vertex X="37991" Y="22624" Z="0"/>
					<Vertex X="38028" Y="22624" Z="0"/>
					<Vertex X="38028" Y="22661" Z="0"/>
					<Vertex X="38139" Y="22736" Z="0"/>
					<Vertex X="38176" Y="22773" Z="0"/>
					<Vertex X="38250" Y="22884" Z="0"/>
					<Vertex X="38361" Y="22958" Z="0"/>
					<Vertex X="38435" Y="23069" Z="0"/>
					<Vertex X="38509" Y="23180" Z="0"/>
					<Vertex X="38583" Y="23254" Z="0"/>
					<Vertex X="38657" Y="23291" Z="0"/>
					<Vertex X="38694" Y="23365" Z="0"/>
					<Vertex X="38731" Y="23402" Z="0"/>
					<Vertex X="38731" Y="23476" Z="0"/>
					<Vertex X="38768" Y="23476" Z="0"/>
					<Vertex X="38805" Y="23550" Z="0"/>
					<Vertex X="38842" Y="23624" Z="0"/>
					<Vertex X="38879" Y="23661" Z="0"/>
					<Vertex X="38879" Y="23698" Z="0"/>
					<Vertex X="38916" Y="23772" Z="0"/>
					<Vertex X="38953" Y="23809" Z="0"/>
					<Vertex X="38953" Y="23846" Z="0"/>
					<Vertex X="38953" Y="23883" Z="0"/>
					<Vertex X="38991" Y="23920" Z="0"/>
					<Vertex X="39028" Y="23957" Z="0"/>
					<Vertex X="39028" Y="23994" Z="0"/>
					<Vertex X="39065" Y="24069" Z="0"/>
					<Vertex X="39139" Y="24180" Z="0"/>
					<Vertex X="39139" Y="24291" Z="0"/>
					<Vertex X="39213" Y="24439" Z="0"/>
					<Vertex X="39287" Y="24587" Z="0"/>
					<Vertex X="39361" Y="24735" Z="0"/>
					<Vertex X="39398" Y="24809" Z="0"/>
					<Vertex X="39472" Y="24920" Z="0"/>
					<Vertex X="39509" Y="25105" Z="0"/>
					<Vertex X="39583" Y="25216" Z="0"/>
					<Vertex X="39657" Y="25365" Z="0"/>
					<Vertex X="39731" Y="25550" Z="0"/>
					<Vertex X="39805" Y="25772" Z="0"/>
					<Vertex X="39842" Y="25920" Z="0"/>
					<Vertex X="39916" Y="26105" Z="0"/>
					<Vertex X="40027" Y="26253" Z="0"/>
					<Vertex X="40101" Y="26401" Z="0"/>
					<Vertex X="40101" Y="26512" Z="0"/>
					<Vertex X="40175" Y="26623" Z="0"/>
					<Vertex X="40212" Y="26735" Z="0"/>
					<Vertex X="40287" Y="26920" Z="0"/>
					<Vertex X="40287" Y="27031" Z="0"/>
					<Vertex X="40324" Y="27179" Z="0"/>
					<Vertex X="40361" Y="27401" Z="0"/>
					<Vertex X="40398" Y="27512" Z="0"/>
					<Vertex X="40435" Y="27623" Z="0"/>
					<Vertex X="40435" Y="27771" Z="0"/>
					<Vertex X="40435" Y="27808" Z="0"/>
					<Vertex X="40435" Y="27919" Z="0"/>
					<Vertex X="40435" Y="27994" Z="0"/>
					<Vertex X="40435" Y="28142" Z="0"/>
					<Vertex X="40435" Y="28253" Z="0"/>
					<Vertex X="40435" Y="28364" Z="0"/>
					<Vertex X="40435" Y="28475" Z="0"/>
					<Vertex X="40435" Y="28586" Z="0"/>
					<Vertex X="40435" Y="28734" Z="0"/>
					<Vertex X="40435" Y="28882" Z="0"/>
					<Vertex X="40435" Y="29030" Z="0"/>
					<Vertex X="40435" Y="29215" Z="0"/>
					<Vertex X="40435" Y="29475" Z="0"/>
					<Vertex X="40435" Y="29623" Z="0"/>
					<Vertex X="40435" Y="29845" Z="0"/>
					<Vertex X="40398" Y="29993" Z="0"/>
					<Vertex X="40398" Y="30141" Z="0"/>
					<Vertex X="40398" Y="30252" Z="0"/>
					<Vertex X="40398" Y="30400" Z="0"/>
					<Vertex X="40398" Y="30474" Z="0"/>
					<Vertex X="40361" Y="30808" Z="0"/>
					<Vertex X="40324" Y="30956" Z="0"/>
					<Vertex X="40287" Y="31104" Z="0"/>
					<Vertex X="40249" Y="31326" Z="0"/>
					<Vertex X="40249" Y="31474" Z="0"/>
					<Vertex X="40249" Y="31585" Z="0"/>
					<Vertex X="40212" Y="31733" Z="0"/>
					<Vertex X="40138" Y="31919" Z="0"/>
					<Vertex X="40101" Y="32030" Z="0"/>
					<Vertex X="40064" Y="32141" Z="0"/>
					<Vertex X="40027" Y="32215" Z="0"/>
					<Vertex X="39953" Y="32363" Z="0"/>
					<Vertex X="39916" Y="32511" Z="0"/>
					<Vertex X="39842" Y="32622" Z="0"/>
					<Vertex X="39768" Y="32696" Z="0"/>
					<Vertex X="39731" Y="32807" Z="0"/>
					<Vertex X="39657" Y="32992" Z="0"/>
					<Vertex X="39546" Y="33103" Z="0"/>
					<Vertex X="39472" Y="33289" Z="0"/>
					<Vertex X="39398" Y="33400" Z="0"/>
					<Vertex X="39324" Y="33474" Z="0"/>
					<Vertex X="39287" Y="33548" Z="0"/>
					<Vertex X="39250" Y="33622" Z="0"/>
					<Vertex X="39213" Y="33696" Z="0"/>
					<Vertex X="39139" Y="33770" Z="0"/>
					<Vertex X="39102" Y="33844" Z="0"/>
					<Vertex X="39028" Y="33918" Z="0"/>
					<Vertex X="38953" Y="34066" Z="0"/>
					<Vertex X="38879" Y="34140" Z="0"/>
					<Vertex X="38842" Y="34214" Z="0"/>
					<Vertex X="38768" Y="34288" Z="0"/>
					<Vertex X="38731" Y="34325" Z="0"/>
					<Vertex X="38694" Y="34399" Z="0"/>
					<Vertex X="38620" Y="34511" Z="0"/>
					<Vertex X="38583" Y="34585" Z="0"/>
					<Vertex X="38509" Y="34659" Z="0"/>
					<Vertex X="38324" Y="34881" Z="0"/>
					<Vertex X="38250" Y="34955" Z="0"/>
					<Vertex X="38176" Y="35029" Z="0"/>
					<Vertex X="38139" Y="35103" Z="0"/>
					<Vertex X="38102" Y="35140" Z="0"/>
					<Vertex X="38028" Y="35177" Z="0"/>
					<Vertex X="37991" Y="35288" Z="0"/>
					<Vertex X="37917" Y="35362" Z="0"/>
					<Vertex X="37843" Y="35473" Z="0"/>
					<Vertex X="37732" Y="35621" Z="0"/>
					<Vertex X="37583" Y="35732" Z="0"/>
					<Vertex X="37509" Y="35881" Z="0"/>
					<Vertex X="37361" Y="35955" Z="0"/>
					<Vertex X="37287" Y="36103" Z="0"/>
					<Vertex X="37176" Y="36140" Z="0"/>
					<Vertex X="37102" Y="36251" Z="0"/>
					<Vertex X="37065" Y="36288" Z="0"/>
					<Vertex X="36991" Y="36362" Z="0"/>
					<Vertex X="36917" Y="36436" Z="0"/>
					<Vertex X="36880" Y="36473" Z="0"/>
					<Vertex X="36806" Y="36510" Z="0"/>
					<Vertex X="36769" Y="36547" Z="0"/>
					<Vertex X="36732" Y="36547" Z="0"/>
					<Vertex X="36732" Y="36584" Z="0"/>
					<Vertex X="36695" Y="36621" Z="0"/>
					<Vertex X="36658" Y="36621" Z="0"/>
					<Vertex X="36621" Y="36658" Z="0"/>
					<Vertex X="36547" Y="36658" Z="0"/>
					<Vertex X="36473" Y="36695" Z="0"/>
					<Vertex X="36399" Y="36732" Z="0"/>
					<Vertex X="36362" Y="36769" Z="0"/>
					<Vertex X="36250" Y="36769" Z="0"/>
					<Vertex X="36250" Y="36806" Z="0"/>
					<Vertex X="36213" Y="36806" Z="0"/>
					<Vertex X="36176" Y="36806" Z="0"/>
					<Vertex X="36139" Y="36806" Z="0"/>
					<Vertex X="36102" Y="36806" Z="0"/>
					<Vertex X="35917" Y="36769" Z="0"/>
					<Vertex X="35584" Y="36584" Z="0"/>
					<Vertex X="35436" Y="36547" Z="0"/>
					<Vertex X="35362" Y="36473" Z="0"/>
					<Vertex X="35288" Y="36436" Z="0"/>
					<Vertex X="35214" Y="36399" Z="0"/>
					<Vertex X="35177" Y="36362" Z="0"/>
					<Vertex X="35103" Y="36288" Z="0"/>
					<Vertex X="35028" Y="36214" Z="0"/>
					<Vertex X="34954" Y="36177" Z="0"/>
					<Vertex X="34954" Y="36140" Z="0"/>
					<Vertex X="34917" Y="36066" Z="0"/>
					<Vertex X="34880" Y="35992" Z="0"/>
					<Vertex X="34843" Y="35955" Z="0"/>
					<Vertex X="34769" Y="35918" Z="0"/>
					<Vertex X="34769" Y="35844" Z="0"/>
					<Vertex X="34732" Y="35807" Z="0"/>
					<Vertex X="34732" Y="35769" Z="0"/>
					<Vertex X="34695" Y="35695" Z="0"/>
					<Vertex X="34695" Y="35658" Z="0"/>
					<Vertex X="34695" Y="35621" Z="0"/>
					<Vertex X="34658" Y="35510" Z="0"/>
					<Vertex X="34621" Y="35473" Z="0"/>
					<Vertex X="34621" Y="35399" Z="0"/>
					<Vertex X="34621" Y="35325" Z="0"/>
					<Vertex X="34584" Y="35251" Z="0"/>
					<Vertex X="34547" Y="35140" Z="0"/>
					<Vertex X="34510" Y="35029" Z="0"/>
					<Vertex X="34510" Y="34992" Z="0"/>
					<Vertex X="34510" Y="34918" Z="0"/>
					<Vertex X="34510" Y="34844" Z="0"/>
					<Vertex X="34510" Y="34807" Z="0"/>
					<Vertex X="34510" Y="34733" Z="0"/>
					<Vertex X="34510" Y="34659" Z="0"/>
					<Vertex X="34510" Y="34622" Z="0"/>
					<Vertex X="34510" Y="34585" Z="0"/>
					<Vertex X="34510" Y="34548" Z="0"/>
					<Vertex X="34510" Y="34473" Z="0"/>
					<Vertex X="34510" Y="34325" Z="0"/>
					<Vertex X="34510" Y="34214" Z="0"/>
					<Vertex X="34510" Y="34140" Z="0"/>
					<Vertex X="34510" Y="34103" Z="0"/>
					<Vertex X="34473" Y="34029" Z="0"/>
					<Vertex X="34436" Y="33918" Z="0"/>
					<Vertex X="34436" Y="33881" Z="0"/>
					<Vertex X="34436" Y="33807" Z="0"/>
					<Vertex X="34399" Y="33733" Z="0"/>
					<Vertex X="34362" Y="33696" Z="0"/>
					<Vertex X="34362" Y="33659" Z="0"/>
					<Vertex X="34362" Y="33622" Z="0"/>
					<Vertex X="34325" Y="33622" Z="0"/>
					<Vertex X="34325" Y="33585" Z="0"/>
					<Vertex X="34288" Y="33585" Z="0"/>
					<Vertex X="34288" Y="33548" Z="0"/>
					<Vertex X="34251" Y="33511" Z="0"/>
					<Vertex X="34214" Y="33474" Z="0"/>
					<Vertex X="34177" Y="33437" Z="0"/>
					<Vertex X="34177" Y="33400" Z="0"/>
					<Vertex X="34140" Y="33363" Z="0"/>
					<Vertex X="34029" Y="33215" Z="0"/>
					<Vertex X="33918" Y="33140" Z="0"/>
					<Vertex X="33844" Y="33066" Z="0"/>
					<Vertex X="33732" Y="33029" Z="0"/>
					<Vertex X="33658" Y="32955" Z="0"/>
					<Vertex X="33584" Y="32918" Z="0"/>
					<Vertex X="33473" Y="32807" Z="0"/>
					<Vertex X="33325" Y="32770" Z="0"/>
					<Vertex X="33214" Y="32696" Z="0"/>
					<Vertex X="33103" Y="32585" Z="0"/>
					<Vertex X="32918" Y="32474" Z="0"/>
					<Vertex X="32807" Y="32437" Z="0"/>
					<Vertex X="32659" Y="32326" Z="0"/>
					<Vertex X="32548" Y="32289" Z="0"/>
					<Vertex X="32511" Y="32252" Z="0"/>
					<Vertex X="32399" Y="32215" Z="0"/>
					<Vertex X="32362" Y="32178" Z="0"/>
					<Vertex X="32325" Y="32141" Z="0"/>
					<Vertex X="32251" Y="32104" Z="0"/>
					<Vertex X="32177" Y="32067" Z="0"/>
					<Vertex X="32140" Y="32067" Z="0"/>
					<Vertex X="32066" Y="32030" Z="0"/>
					<Vertex X="31992" Y="31956" Z="0"/>
					<Vertex X="31807" Y="31956" Z="0"/>
					<Vertex X="31696" Y="31882" Z="0"/>
					<Vertex X="31548" Y="31807" Z="0"/>
					<Vertex X="31363" Y="31696" Z="0"/>
					<Vertex X="31215" Y="31659" Z="0"/>
					<Vertex X="31029" Y="31622" Z="0"/>
					<Vertex X="30918" Y="31548" Z="0"/>
					<Vertex X="30807" Y="31474" Z="0"/>
					<Vertex X="30696" Y="31400" Z="0"/>
					<Vertex X="30622" Y="31400" Z="0"/>
					<Vertex X="30585" Y="31363" Z="0"/>
					<Vertex X="30511" Y="31326" Z="0"/>
					<Vertex X="30437" Y="31289" Z="0"/>
					<Vertex X="30289" Y="31252" Z="0"/>
					<Vertex X="30178" Y="31215" Z="0"/>
					<Vertex X="30104" Y="31178" Z="0"/>
					<Vertex X="29993" Y="31178" Z="0"/>
					<Vertex X="29882" Y="31141" Z="0"/>
					<Vertex X="29770" Y="31104" Z="0"/>
					<Vertex X="29696" Y="31067" Z="0"/>
					<Vertex X="29659" Y="31067" Z="0"/>
					<Vertex X="29548" Y="31067" Z="0"/>
					<Vertex X="29474" Y="31030" Z="0"/>
					<Vertex X="29363" Y="30993" Z="0"/>
					<Vertex X="29252" Y="30993" Z="0"/>
					<Vertex X="29141" Y="30956" Z="0"/>
					<Vertex X="28993" Y="30956" Z="0"/>
					<Vertex X="28771" Y="30919" Z="0"/>
					<Vertex X="28586" Y="30882" Z="0"/>
					<Vertex X="28363" Y="30845" Z="0"/>
					<Vertex X="28178" Y="30808" Z="0"/>
					<Vertex X="27993" Y="30771" Z="0"/>
					<Vertex X="27845" Y="30771" Z="0"/>
					<Vertex X="27734" Y="30734" Z="0"/>
					<Vertex X="27660" Y="30734" Z="0"/>
					<Vertex X="27586" Y="30734" Z="0"/>
					<Vertex X="27512" Y="30734" Z="0"/>
					<Vertex X="27475" Y="30697" Z="0"/>
					<Vertex X="27438" Y="30697" Z="0"/>
					<Vertex X="27364" Y="30660" Z="0"/>
					<Vertex X="27327" Y="30660" Z="0"/>
					<Vertex X="27104" Y="30660" Z="0"/>
					<Vertex X="26993" Y="30660" Z="0"/>
					<Vertex X="26882" Y="30660" Z="0"/>
					<Vertex X="26771" Y="30660" Z="0"/>
					<Vertex X="26660" Y="30660" Z="0"/>
					<Vertex X="26549" Y="30660" Z="0"/>
					<Vertex X="26438" Y="30660" Z="0"/>
					<Vertex X="26364" Y="30660" Z="0"/>
					<Vertex X="26327" Y="30660" Z="0"/>
					<Vertex X="26216" Y="30660" Z="0"/>
					<Vertex X="26142" Y="30660" Z="0"/>
					<Vertex X="26068" Y="30660" Z="0"/>
					<Vertex X="25957" Y="30660" Z="0"/>
					<Vertex X="25920" Y="30697" Z="0"/>
					<Vertex X="25845" Y="30697" Z="0"/>
					<Vertex X="25734" Y="30734" Z="0"/>
					<Vertex X="25660" Y="30734" Z="0"/>
					<Vertex X="25623" Y="30734" Z="0"/>
					<Vertex X="25549" Y="30734" Z="0"/>
					<Vertex X="25438" Y="30771" Z="0"/>
					<Vertex X="25327" Y="30808" Z="0"/>
					<Vertex X="25216" Y="30808" Z="0"/>
					<Vertex X="25105" Y="30845" Z="0"/>
					<Vertex X="24994" Y="30845" Z="0"/>
					<Vertex X="24772" Y="30919" Z="0"/>
					<Vertex X="24698" Y="30956" Z="0"/>
					<Vertex X="24624" Y="30956" Z="0"/>
					<Vertex X="24512" Y="30956" Z="0"/>
					<Vertex X="24401" Y="30956" Z="0"/>
					<Vertex X="24105" Y="30993" Z="0"/>
					<Vertex X="23920" Y="30993" Z="0"/>
					<Vertex X="23698" Y="31030" Z="0"/>
					<Vertex X="23439" Y="31030" Z="0"/>
					<Vertex X="23216" Y="31030" Z="0"/>
					<Vertex X="23031" Y="31067" Z="0"/>
					<Vertex X="22883" Y="31067" Z="0"/>
					<Vertex X="22698" Y="31067" Z="0"/>
					<Vertex X="22550" Y="31067" Z="0"/>
					<Vertex X="22439" Y="31067" Z="0"/>
					<Vertex X="22291" Y="31067" Z="0"/>
					<Vertex X="22180" Y="31067" Z="0"/>
					<Vertex X="21920" Y="31067" Z="0"/>
					<Vertex X="21809" Y="31067" Z="0"/>
					<Vertex X="21735" Y="31067" Z="0"/>
					<Vertex X="21624" Y="31067" Z="0"/>
					<Vertex X="21513" Y="31067" Z="0"/>
					<Vertex X="21402" Y="31067" Z="0"/>
					<Vertex X="21291" Y="31067" Z="0"/>
					<Vertex X="21106" Y="31030" Z="0"/>
					<Vertex X="20847" Y="30993" Z="0"/>
					<Vertex X="20662" Y="30956" Z="0"/>
					<Vertex X="20439" Y="30919" Z="0"/>
					<Vertex X="20291" Y="30882" Z="0"/>
					<Vertex X="20143" Y="30882" Z="0"/>
					<Vertex X="20032" Y="30845" Z="0"/>
					<Vertex X="19995" Y="30845" Z="0"/>
					<Vertex X="19958" Y="30808" Z="0"/>
					<Vertex X="19884" Y="30771" Z="0"/>
					<Vertex X="19847" Y="30771" Z="0"/>
					<Vertex X="19810" Y="30771" Z="0"/>
					<Vertex X="19662" Y="30697" Z="0"/>
					<Vertex X="19625" Y="30697" Z="0"/>
					<Vertex X="19551" Y="30660" Z="0"/>
					<Vertex X="19514" Y="30623" Z="0"/>
					<Vertex X="19440" Y="30586" Z="0"/>
					<Vertex X="19403" Y="30548" Z="0"/>
					<Vertex X="19366" Y="30548" Z="0"/>
					<Vertex X="19328" Y="30474" Z="0"/>
					<Vertex X="19217" Y="30252" Z="0"/>
					<Vertex X="19143" Y="30141" Z="0"/>
					<Vertex X="19069" Y="30030" Z="0"/>
					<Vertex X="19032" Y="29919" Z="0"/>
					<Vertex X="18995" Y="29734" Z="0"/>
					<Vertex X="18958" Y="29623" Z="0"/>
					<Vertex X="18921" Y="29512" Z="0"/>
					<Vertex X="18884" Y="29401" Z="0"/>
					<Vertex X="18810" Y="29215" Z="0"/>
					<Vertex X="18736" Y="28956" Z="0"/>
					<Vertex X="18662" Y="28808" Z="0"/>
					<Vertex X="18625" Y="28623" Z="0"/>
					<Vertex X="18551" Y="28512" Z="0"/>
					<Vertex X="18514" Y="28401" Z="0"/>
					<Vertex X="18514" Y="28327" Z="0"/>
					<Vertex X="18477" Y="28253" Z="0"/>
					<Vertex X="18440" Y="28142" Z="0"/>
					<Vertex X="18403" Y="27919" Z="0"/>
					<Vertex X="18329" Y="27808" Z="0"/>
					<Vertex X="18292" Y="27697" Z="0"/>
					<Vertex X="18255" Y="27586" Z="0"/>
					<Vertex X="18218" Y="27512" Z="0"/>
					<Vertex X="18181" Y="27438" Z="0"/>
					<Vertex X="18144" Y="27364" Z="0"/>
					<Vertex X="18144" Y="27253" Z="0"/>
					<Vertex X="18144" Y="27105" Z="0"/>
					<Vertex X="18107" Y="26920" Z="0"/>
					<Vertex X="18107" Y="26623" Z="0"/>
					<Vertex X="18107" Y="26512" Z="0"/>
					<Vertex X="18107" Y="26327" Z="0"/>
					<Vertex X="18107" Y="26216" Z="0"/>
					<Vertex X="18107" Y="26068" Z="0"/>
					<Vertex X="18107" Y="25994" Z="0"/>
					<Vertex X="18144" Y="25883" Z="0"/>
					<Vertex X="18144" Y="25772" Z="0"/>
					<Vertex X="18218" Y="25698" Z="0"/>
					<Vertex X="18218" Y="25587" Z="0"/>
					<Vertex X="18255" Y="25476" Z="0"/>
					<Vertex X="18329" Y="25328" Z="0"/>
					<Vertex X="18366" Y="25216" Z="0"/>
					<Vertex X="18403" Y="25105" Z="0"/>
					<Vertex X="18477" Y="24920" Z="0"/>
					<Vertex X="18477" Y="24846" Z="0"/>
					<Vertex X="18514" Y="24772" Z="0"/>
					<Vertex X="18551" Y="24698" Z="0"/>
					<Vertex X="18588" Y="24624" Z="0"/>
					<Vertex X="18588" Y="24513" Z="0"/>
					<Vertex X="18662" Y="24402" Z="0"/>
					<Vertex X="18773" Y="24180" Z="0"/>
					<Vertex X="18847" Y="24032" Z="0"/>
					<Vertex X="18921" Y="23957" Z="0"/>
					<Vertex X="19032" Y="23846" Z="0"/>
					<Vertex X="19069" Y="23772" Z="0"/>
					<Vertex X="19143" Y="23735" Z="0"/>
					<Vertex X="19180" Y="23661" Z="0"/>
					<Vertex X="19217" Y="23624" Z="0"/>
					<Vertex X="19254" Y="23587" Z="0"/>
					<Vertex X="19291" Y="23587" Z="0"/>
					<Vertex X="19291" Y="23550" Z="0"/>
					<Vertex X="19328" Y="23550" Z="0"/>
					<Vertex X="19366" Y="23513" Z="0"/>
					<Vertex X="19440" Y="23476" Z="0"/>
					<Vertex X="19514" Y="23439" Z="0"/>
					<Vertex X="19699" Y="23328" Z="0"/>
					<Vertex X="19736" Y="23254" Z="0"/>
					<Vertex X="19810" Y="23217" Z="0"/>
					<Vertex X="19847" Y="23143" Z="0"/>
					<Vertex X="19921" Y="23106" Z="0"/>
					<Vertex X="20032" Y="22995" Z="0"/>
					<Vertex X="20069" Y="22958" Z="0"/>
					<Vertex X="20106" Y="22884" Z="0"/>
					<Vertex X="20143" Y="22773" Z="0"/>
					<Vertex X="20254" Y="22587" Z="0"/>
					<Vertex X="20291" Y="22550" Z="0"/>
					<Vertex X="20328" Y="22476" Z="0"/>
					<Vertex X="20328" Y="22439" Z="0"/>
					<Vertex X="20365" Y="22402" Z="0"/>
					<Vertex X="20402" Y="22328" Z="0"/>
					<Vertex X="20402" Y="22254" Z="0"/>
					<Vertex X="20402" Y="22217" Z="0"/>
					<Vertex X="20439" Y="22180" Z="0"/>
					<Vertex X="20476" Y="22032" Z="0"/>
					<Vertex X="20550" Y="21884" Z="0"/>
					<Vertex X="20587" Y="21810" Z="0"/>
					<Vertex X="20587" Y="21699" Z="0"/>
					<Vertex X="20587" Y="21625" Z="0"/>
					<Vertex X="20587" Y="21514" Z="0"/>
					<Vertex X="20624" Y="21291" Z="0"/>
					<Vertex X="20624" Y="21217" Z="0"/>
					<Vertex X="20624" Y="21143" Z="0"/>
					<Vertex X="20624" Y="21069" Z="0"/>
					<Vertex X="20624" Y="20995" Z="0"/>
					<Vertex X="20624" Y="20884" Z="0"/>
					<Vertex X="20624" Y="20810" Z="0"/>
					<Vertex X="20624" Y="20699" Z="0"/>
					<Vertex X="20624" Y="20662" Z="0"/>
					<Vertex X="20624" Y="20551" Z="0"/>
					<Vertex X="20587" Y="20551" Z="0"/>
					<Vertex X="20587" Y="20514" Z="0"/>
					<Vertex X="20587" Y="20477" Z="0"/>
					<Vertex X="20550" Y="20366" Z="0"/>
					<Vertex X="20513" Y="20218" Z="0"/>
					<Vertex X="20476" Y="20107" Z="0"/>
					<Vertex X="20439" Y="19884" Z="0"/>
					<Vertex X="20402" Y="19662" Z="0"/>
					<Vertex X="20365" Y="19514" Z="0"/>
					<Vertex X="20328" Y="19144" Z="0"/>
					<Vertex X="20291" Y="19070" Z="0"/>
					<Vertex X="20291" Y="18996" Z="0"/>
					<Vertex X="20254" Y="18885" Z="0"/>
					<Vertex X="20217" Y="18811" Z="0"/>
					<Vertex X="20217" Y="18625" Z="0"/>
					<Vertex X="20180" Y="18514" Z="0"/>
					<Vertex X="20180" Y="18366" Z="0"/>
					<Vertex X="20180" Y="18292" Z="0"/>
					<Vertex X="20180" Y="18218" Z="0"/>
					<Vertex X="20180" Y="18181" Z="0"/>
					<Vertex X="20180" Y="18033" Z="0"/>
					<Vertex X="20180" Y="17996" Z="0"/>
					<Vertex X="20180" Y="17959" Z="0"/>
					<Vertex X="20180" Y="17848" Z="0"/>
					<Vertex X="20180" Y="17663" Z="0"/>
					<Vertex X="20180" Y="17552" Z="0"/>
					<Vertex X="20180" Y="17440" Z="0"/>
					<Vertex X="20180" Y="17403" Z="0"/>
					<Vertex X="20180" Y="17329" Z="0"/>
					<Vertex X="20180" Y="17255" Z="0"/>
					<Vertex X="20180" Y="17218" Z="0"/>
					<Vertex X="20180" Y="17181" Z="0"/>
					<Vertex X="20217" Y="17107" Z="0"/>
					<Vertex X="20254" Y="16959" Z="0"/>
					<Vertex X="20254" Y="16922" Z="0"/>
					<Vertex X="20291" Y="16811" Z="0"/>
					<Vertex X="20291" Y="16737" Z="0"/>
					<Vertex X="20291" Y="16700" Z="0"/>
					<Vertex X="20328" Y="16663" Z="0"/>
					<Vertex X="20328" Y="16626" Z="0"/>
					<Vertex X="20365" Y="16515" Z="0"/>
					<Vertex X="20402" Y="16441" Z="0"/>
					<Vertex X="20402" Y="16404" Z="0"/>
					<Vertex X="20402" Y="16367" Z="0"/>
					<Vertex X="20402" Y="16330" Z="0"/>
					<Vertex X="20291" Y="15885" Z="0"/>
				</Vertices>
			</Region>
			<Region Id="2" Type="0" Zoom="0.026739" Selected="0" ImageLocation="" ImageFocus="-1" Length="59219.7" Area="205602331.0" LengthMicrons="14953.0" AreaMicrons="13108433.4" Text="" NegativeROA="0" InputRegionId="0" Analyze="1" DisplayId="2">
				<Attributes/>
				<Vertices>
					<Vertex X="59468" Y="19440" Z="0"/>
					<Vertex X="59283" Y="19551" Z="0"/>
					<Vertex X="59060" Y="19699" Z="0"/>
					<Vertex X="59023" Y="19736" Z="0"/>
					<Vertex X="58986" Y="19773" Z="0"/>
					<Vertex X="58949" Y="19810" Z="0"/>
					<Vertex X="58912" Y="19847" Z="0"/>
					<Vertex X="58912" Y="19884" Z="0"/>
					<Vertex X="58875" Y="19884" Z="0"/>
					<Vertex X="58875" Y="19921" Z="0"/>
					<Vertex X="58838" Y="19995" Z="0"/>
					<Vertex X="58801" Y="20107" Z="0"/>
					<Vertex X="58690" Y="20255" Z="0"/>
					<Vertex X="58653" Y="20292" Z="0"/>
					<Vertex X="58653" Y="20366" Z="0"/>
					<Vertex X="58579" Y="20440" Z="0"/>
					<Vertex X="58579" Y="20477" Z="0"/>
					<Vertex X="58579" Y="20514" Z="0"/>
					<Vertex X="58542" Y="20588" Z="0"/>
					<Vertex X="58505" Y="20625" Z="0"/>
					<Vertex X="58505" Y="20662" Z="0"/>
					<Vertex X="58468" Y="20773" Z="0"/>
					<Vertex X="58431" Y="20810" Z="0"/>
					<Vertex X="58394" Y="20884" Z="0"/>
					<Vertex X="58357" Y="21032" Z="0"/>
					<Vertex X="58357" Y="21069" Z="0"/>
					<Vertex X="58320" Y="21143" Z="0"/>
					<Vertex X="58320" Y="21217" Z="0"/>
					<Vertex X="58283" Y="21254" Z="0"/>
					<Vertex X="58283" Y="21328" Z="0"/>
					<Vertex X="58283" Y="21366" Z="0"/>
					<Vertex X="58246" Y="21440" Z="0"/>
					<Vertex X="58246" Y="21477" Z="0"/>
					<Vertex X="58246" Y="21514" Z="0"/>
					<Vertex X="58246" Y="21625" Z="0"/>
					<Vertex X="58246" Y="21662" Z="0"/>
					<Vertex X="58246" Y="21699" Z="0"/>
					<Vertex X="58246" Y="21810" Z="0"/>
					<Vertex X="58246" Y="21921" Z="0"/>
					<Vertex X="58246" Y="21995" Z="0"/>
					<Vertex X="58246" Y="22069" Z="0"/>
					<Vertex X="58246" Y="22106" Z="0"/>
					<Vertex X="58246" Y="22180" Z="0"/>
					<Vertex X="58246" Y="22291" Z="0"/>
					<Vertex X="58246" Y="22328" Z="0"/>
					<Vertex X="58246" Y="22365" Z="0"/>
					<Vertex X="58246" Y="22439" Z="0"/>
					<Vertex X="58246" Y="22513" Z="0"/>
					<Vertex X="58246" Y="22550" Z="0"/>
					<Vertex X="58246" Y="22624" Z="0"/>
					<Vertex X="58246" Y="22662" Z="0"/>
					<Vertex X="58246" Y="22736" Z="0"/>
					<Vertex X="58246" Y="22773" Z="0"/>
					<Vertex X="58246" Y="22810" Z="0"/>
					<Vertex X="58246" Y="22884" Z="0"/>
					<Vertex X="58246" Y="22958" Z="0"/>
					<Vertex X="58246" Y="22995" Z="0"/>
					<Vertex X="58246" Y="23032" Z="0"/>
					<Vertex X="58246" Y="23069" Z="0"/>
					<Vertex X="58246" Y="23143" Z="0"/>
					<Vertex X="58246" Y="23180" Z="0"/>
					<Vertex X="58246" Y="23254" Z="0"/>
					<Vertex X="58246" Y="23402" Z="0"/>
					<Vertex X="58246" Y="23439" Z="0"/>
					<Vertex X="58283" Y="23550" Z="0"/>
					<Vertex X="58283" Y="23661" Z="0"/>
					<Vertex X="58283" Y="23772" Z="0"/>
					<Vertex X="58283" Y="23809" Z="0"/>
					<Vertex X="58283" Y="23846" Z="0"/>
					<Vertex X="58283" Y="23957" Z="0"/>
					<Vertex X="58283" Y="23995" Z="0"/>
					<Vertex X="58283" Y="24069" Z="0"/>
					<Vertex X="58283" Y="24106" Z="0"/>
					<Vertex X="58283" Y="24180" Z="0"/>
					<Vertex X="58283" Y="24217" Z="0"/>
					<Vertex X="58283" Y="24254" Z="0"/>
					<Vertex X="58283" Y="24291" Z="0"/>
					<Vertex X="58283" Y="24328" Z="0"/>
					<Vertex X="58246" Y="24439" Z="0"/>
					<Vertex X="58209" Y="24476" Z="0"/>
					<Vertex X="58172" Y="24550" Z="0"/>
					<Vertex X="58135" Y="24624" Z="0"/>
					<Vertex X="58098" Y="24698" Z="0"/>
					<Vertex X="58061" Y="24735" Z="0"/>
					<Vertex X="57987" Y="24846" Z="0"/>
					<Vertex X="57987" Y="24920" Z="0"/>
					<Vertex X="57876" Y="25031" Z="0"/>
					<Vertex X="57876" Y="25105" Z="0"/>
					<Vertex X="57802" Y="25216" Z="0"/>
					<Vertex X="57802" Y="25291" Z="0"/>
					<Vertex X="57765" Y="25365" Z="0"/>
					<Vertex X="57690" Y="25476" Z="0"/>
					<Vertex X="57690" Y="25513" Z="0"/>
					<Vertex X="57653" Y="25587" Z="0"/>
					<Vertex X="57653" Y="25661" Z="0"/>
					<Vertex X="57616" Y="25698" Z="0"/>
					<Vertex X="57616" Y="25735" Z="0"/>
					<Vertex X="57616" Y="25846" Z="0"/>
					<Vertex X="57579" Y="25883" Z="0"/>
					<Vertex X="57579" Y="25957" Z="0"/>
					<Vertex X="57542" Y="25994" Z="0"/>
					<Vertex X="57542" Y="26105" Z="0"/>
					<Vertex X="57542" Y="26179" Z="0"/>
					<Vertex X="57505" Y="26253" Z="0"/>
					<Vertex X="57505" Y="26364" Z="0"/>
					<Vertex X="57468" Y="26401" Z="0"/>
					<Vertex X="57468" Y="26475" Z="0"/>
					<Vertex X="57431" Y="26512" Z="0"/>
					<Vertex X="57431" Y="26624" Z="0"/>
					<Vertex X="57431" Y="26772" Z="0"/>
					<Vertex X="57431" Y="26994" Z="0"/>
					<Vertex X="57394" Y="27142" Z="0"/>
					<Vertex X="57357" Y="27290" Z="0"/>
					<Vertex X="57357" Y="27438" Z="0"/>
					<Vertex X="57320" Y="27660" Z="0"/>
					<Vertex X="57283" Y="27845" Z="0"/>
					<Vertex X="57283" Y="28105" Z="0"/>
					<Vertex X="57283" Y="28364" Z="0"/>
					<Vertex X="57283" Y="28771" Z="0"/>
					<Vertex X="57283" Y="28919" Z="0"/>
					<Vertex X="57283" Y="29030" Z="0"/>
					<Vertex X="57283" Y="29141" Z="0"/>
					<Vertex X="57320" Y="29253" Z="0"/>
					<Vertex X="57320" Y="29327" Z="0"/>
					<Vertex X="57320" Y="29438" Z="0"/>
					<Vertex X="57394" Y="29512" Z="0"/>
					<Vertex X="57431" Y="29623" Z="0"/>
					<Vertex X="57505" Y="29845" Z="0"/>
					<Vertex X="57542" Y="29919" Z="0"/>
					<Vertex X="57542" Y="29993" Z="0"/>
					<Vertex X="57579" Y="30030" Z="0"/>
					<Vertex X="57616" Y="30067" Z="0"/>
					<Vertex X="57616" Y="30104" Z="0"/>
					<Vertex X="57616" Y="30141" Z="0"/>
					<Vertex X="57653" Y="30178" Z="0"/>
					<Vertex X="57653" Y="30215" Z="0"/>
					<Vertex X="57690" Y="30326" Z="0"/>
					<Vertex X="57727" Y="30437" Z="0"/>
					<Vertex X="57765" Y="30586" Z="0"/>
					<Vertex X="57839" Y="30734" Z="0"/>
					<Vertex X="57839" Y="30845" Z="0"/>
					<Vertex X="57876" Y="30919" Z="0"/>
					<Vertex X="57876" Y="30993" Z="0"/>
					<Vertex X="57913" Y="31104" Z="0"/>
					<Vertex X="57950" Y="31215" Z="0"/>
					<Vertex X="57950" Y="31289" Z="0"/>
					<Vertex X="57950" Y="31326" Z="0"/>
					<Vertex X="58024" Y="31511" Z="0"/>
					<Vertex X="58024" Y="31585" Z="0"/>
					<Vertex X="58024" Y="31659" Z="0"/>
					<Vertex X="58061" Y="31770" Z="0"/>
					<Vertex X="58098" Y="31845" Z="0"/>
					<Vertex X="58135" Y="31956" Z="0"/>
					<Vertex X="58135" Y="32067" Z="0"/>
					<Vertex X="58209" Y="32215" Z="0"/>
					<Vertex X="58209" Y="32289" Z="0"/>
					<Vertex X="58283" Y="32437" Z="0"/>
					<Vertex X="58320" Y="32511" Z="0"/>
					<Vertex X="58320" Y="32585" Z="0"/>
					<Vertex X="58357" Y="32659" Z="0"/>
					<Vertex X="58357" Y="32696" Z="0"/>
					<Vertex X="58357" Y="32733" Z="0"/>
					<Vertex X="58357" Y="32770" Z="0"/>
					<Vertex X="58394" Y="32844" Z="0"/>
					<Vertex X="58394" Y="32881" Z="0"/>
					<Vertex X="58394" Y="32955" Z="0"/>
					<Vertex X="58431" Y="33141" Z="0"/>
					<Vertex X="58431" Y="33252" Z="0"/>
					<Vertex X="58468" Y="33326" Z="0"/>
					<Vertex X="58468" Y="33363" Z="0"/>
					<Vertex X="58468" Y="33474" Z="0"/>
					<Vertex X="58468" Y="33548" Z="0"/>
					<Vertex X="58468" Y="33622" Z="0"/>
					<Vertex X="58468" Y="33696" Z="0"/>
					<Vertex X="58468" Y="33770" Z="0"/>
					<Vertex X="58468" Y="34029" Z="0"/>
					<Vertex X="58468" Y="34140" Z="0"/>
					<Vertex X="58468" Y="34251" Z="0"/>
					<Vertex X="58468" Y="34399" Z="0"/>
					<Vertex X="58505" Y="34622" Z="0"/>
					<Vertex X="58542" Y="34733" Z="0"/>
					<Vertex X="58579" Y="34844" Z="0"/>
					<Vertex X="58579" Y="34881" Z="0"/>
					<Vertex X="58579" Y="34992" Z="0"/>
					<Vertex X="58579" Y="35029" Z="0"/>
					<Vertex X="58579" Y="35103" Z="0"/>
					<Vertex X="58579" Y="35177" Z="0"/>
					<Vertex X="58579" Y="35214" Z="0"/>
					<Vertex X="58616" Y="35288" Z="0"/>
					<Vertex X="58616" Y="35399" Z="0"/>
					<Vertex X="58653" Y="35510" Z="0"/>
					<Vertex X="58690" Y="35621" Z="0"/>
					<Vertex X="58727" Y="35732" Z="0"/>
					<Vertex X="58727" Y="35844" Z="0"/>
					<Vertex X="58764" Y="35992" Z="0"/>
					<Vertex X="58764" Y="36066" Z="0"/>
					<Vertex X="58801" Y="36140" Z="0"/>
					<Vertex X="58801" Y="36214" Z="0"/>
					<Vertex X="58838" Y="36325" Z="0"/>
					<Vertex X="58875" Y="36399" Z="0"/>
					<Vertex X="58912" Y="36510" Z="0"/>
					<Vertex X="59023" Y="36695" Z="0"/>
					<Vertex X="59060" Y="36769" Z="0"/>
					<Vertex X="59098" Y="36843" Z="0"/>
					<Vertex X="59135" Y="36917" Z="0"/>
					<Vertex X="59172" Y="36954" Z="0"/>
					<Vertex X="59172" Y="37028" Z="0"/>
					<Vertex X="59246" Y="37140" Z="0"/>
					<Vertex X="59283" Y="37177" Z="0"/>
					<Vertex X="59320" Y="37214" Z="0"/>
					<Vertex X="59357" Y="37325" Z="0"/>
					<Vertex X="59431" Y="37399" Z="0"/>
					<Vertex X="59431" Y="37473" Z="0"/>
					<Vertex X="59505" Y="37510" Z="0"/>
					<Vertex X="59542" Y="37658" Z="0"/>
					<Vertex X="59616" Y="37769" Z="0"/>
					<Vertex X="59727" Y="37917" Z="0"/>
					<Vertex X="59801" Y="38028" Z="0"/>
					<Vertex X="59875" Y="38139" Z="0"/>
					<Vertex X="59986" Y="38324" Z="0"/>
					<Vertex X="60060" Y="38436" Z="0"/>
					<Vertex X="60134" Y="38584" Z="0"/>
					<Vertex X="60282" Y="38769" Z="0"/>
					<Vertex X="60542" Y="39102" Z="0"/>
					<Vertex X="60690" Y="39287" Z="0"/>
					<Vertex X="60838" Y="39435" Z="0"/>
					<Vertex X="60986" Y="39583" Z="0"/>
					<Vertex X="61134" Y="39732" Z="0"/>
					<Vertex X="61245" Y="39880" Z="0"/>
					<Vertex X="61393" Y="39954" Z="0"/>
					<Vertex X="61467" Y="40065" Z="0"/>
					<Vertex X="61578" Y="40102" Z="0"/>
					<Vertex X="61690" Y="40213" Z="0"/>
					<Vertex X="61764" Y="40250" Z="0"/>
					<Vertex X="61801" Y="40287" Z="0"/>
					<Vertex X="61875" Y="40361" Z="0"/>
					<Vertex X="61949" Y="40361" Z="0"/>
					<Vertex X="62097" Y="40435" Z="0"/>
					<Vertex X="62282" Y="40509" Z="0"/>
					<Vertex X="62356" Y="40546" Z="0"/>
					<Vertex X="62393" Y="40583" Z="0"/>
					<Vertex X="62430" Y="40583" Z="0"/>
					<Vertex X="62467" Y="40583" Z="0"/>
					<Vertex X="62541" Y="40620" Z="0"/>
					<Vertex X="62578" Y="40620" Z="0"/>
					<Vertex X="62615" Y="40657" Z="0"/>
					<Vertex X="62652" Y="40657" Z="0"/>
					<Vertex X="62689" Y="40657" Z="0"/>
					<Vertex X="62726" Y="40657" Z="0"/>
					<Vertex X="62763" Y="40694" Z="0"/>
					<Vertex X="62800" Y="40694" Z="0"/>
					<Vertex X="62874" Y="40731" Z="0"/>
					<Vertex X="62948" Y="40731" Z="0"/>
					<Vertex X="63060" Y="40768" Z="0"/>
					<Vertex X="63134" Y="40768" Z="0"/>
					<Vertex X="63208" Y="40805" Z="0"/>
					<Vertex X="63319" Y="40842" Z="0"/>
					<Vertex X="63541" Y="40879" Z="0"/>
					<Vertex X="63578" Y="40916" Z="0"/>
					<Vertex X="63615" Y="40916" Z="0"/>
					<Vertex X="63726" Y="40953" Z="0"/>
					<Vertex X="63800" Y="40991" Z="0"/>
					<Vertex X="63874" Y="41028" Z="0"/>
					<Vertex X="63948" Y="41028" Z="0"/>
					<Vertex X="64133" Y="41102" Z="0"/>
					<Vertex X="64207" Y="41139" Z="0"/>
					<Vertex X="64281" Y="41139" Z="0"/>
					<Vertex X="64430" Y="41213" Z="0"/>
					<Vertex X="64504" Y="41250" Z="0"/>
					<Vertex X="64615" Y="41250" Z="0"/>
					<Vertex X="64874" Y="41361" Z="0"/>
					<Vertex X="64985" Y="41361" Z="0"/>
					<Vertex X="65133" Y="41398" Z="0"/>
					<Vertex X="65207" Y="41435" Z="0"/>
					<Vertex X="65318" Y="41435" Z="0"/>
					<Vertex X="65392" Y="41435" Z="0"/>
					<Vertex X="65429" Y="41435" Z="0"/>
					<Vertex X="65503" Y="41435" Z="0"/>
					<Vertex X="65540" Y="41435" Z="0"/>
					<Vertex X="65577" Y="41435" Z="0"/>
					<Vertex X="65689" Y="41435" Z="0"/>
					<Vertex X="65763" Y="41435" Z="0"/>
					<Vertex X="65874" Y="41435" Z="0"/>
					<Vertex X="66022" Y="41398" Z="0"/>
					<Vertex X="66096" Y="41361" Z="0"/>
					<Vertex X="66170" Y="41361" Z="0"/>
					<Vertex X="66207" Y="41324" Z="0"/>
					<Vertex X="66318" Y="41287" Z="0"/>
					<Vertex X="66355" Y="41287" Z="0"/>
					<Vertex X="66466" Y="41250" Z="0"/>
					<Vertex X="66503" Y="41213" Z="0"/>
					<Vertex X="66651" Y="41176" Z="0"/>
					<Vertex X="66762" Y="41176" Z="0"/>
					<Vertex X="66836" Y="41139" Z="0"/>
					<Vertex X="66873" Y="41102" Z="0"/>
					<Vertex X="66948" Y="41102" Z="0"/>
					<Vertex X="67096" Y="41065" Z="0"/>
					<Vertex X="67170" Y="41028" Z="0"/>
					<Vertex X="67244" Y="40991" Z="0"/>
					<Vertex X="67281" Y="40991" Z="0"/>
					<Vertex X="67392" Y="40991" Z="0"/>
					<Vertex X="67429" Y="40953" Z="0"/>
					<Vertex X="67540" Y="40916" Z="0"/>
					<Vertex X="67577" Y="40879" Z="0"/>
					<Vertex X="67651" Y="40879" Z="0"/>
					<Vertex X="67725" Y="40842" Z="0"/>
					<Vertex X="67836" Y="40805" Z="0"/>
					<Vertex X="67910" Y="40768" Z="0"/>
					<Vertex X="67984" Y="40768" Z="0"/>
					<Vertex X="68021" Y="40731" Z="0"/>
					<Vertex X="68095" Y="40731" Z="0"/>
					<Vertex X="68169" Y="40694" Z="0"/>
					<Vertex X="68318" Y="40657" Z="0"/>
					<Vertex X="68392" Y="40620" Z="0"/>
					<Vertex X="68503" Y="40583" Z="0"/>
					<Vertex X="68614" Y="40546" Z="0"/>
					<Vertex X="68688" Y="40546" Z="0"/>
					<Vertex X="68762" Y="40509" Z="0"/>
					<Vertex X="68984" Y="40472" Z="0"/>
					<Vertex X="69058" Y="40472" Z="0"/>
					<Vertex X="69169" Y="40435" Z="0"/>
					<Vertex X="69280" Y="40435" Z="0"/>
					<Vertex X="69428" Y="40398" Z="0"/>
					<Vertex X="69465" Y="40398" Z="0"/>
					<Vertex X="69502" Y="40398" Z="0"/>
					<Vertex X="69502" Y="40361" Z="0"/>
					<Vertex X="69540" Y="40361" Z="0"/>
					<Vertex X="69577" Y="40361" Z="0"/>
					<Vertex X="69688" Y="40324" Z="0"/>
					<Vertex X="69799" Y="40250" Z="0"/>
					<Vertex X="69873" Y="40250" Z="0"/>
					<Vertex X="70058" Y="40139" Z="0"/>
					<Vertex X="70206" Y="40102" Z="0"/>
					<Vertex X="70243" Y="40065" Z="0"/>
					<Vertex X="70391" Y="39954" Z="0"/>
					<Vertex X="70428" Y="39954" Z="0"/>
					<Vertex X="70465" Y="39880" Z="0"/>
					<Vertex X="70539" Y="39843" Z="0"/>
					<Vertex X="70650" Y="39732" Z="0"/>
					<Vertex X="70687" Y="39695" Z="0"/>
					<Vertex X="70724" Y="39695" Z="0"/>
					<Vertex X="70724" Y="39620" Z="0"/>
					<Vertex X="70761" Y="39620" Z="0"/>
					<Vertex X="70835" Y="39472" Z="0"/>
					<Vertex X="70873" Y="39435" Z="0"/>
					<Vertex X="70910" Y="39398" Z="0"/>
					<Vertex X="70910" Y="39361" Z="0"/>
					<Vertex X="70947" Y="39324" Z="0"/>
					<Vertex X="70947" Y="39287" Z="0"/>
					<Vertex X="70984" Y="39213" Z="0"/>
					<Vertex X="71058" Y="39139" Z="0"/>
					<Vertex X="71095" Y="39065" Z="0"/>
					<Vertex X="71095" Y="39028" Z="0"/>
					<Vertex X="71132" Y="38954" Z="0"/>
					<Vertex X="71169" Y="38880" Z="0"/>
					<Vertex X="71206" Y="38769" Z="0"/>
					<Vertex X="71243" Y="38658" Z="0"/>
					<Vertex X="71243" Y="38584" Z="0"/>
					<Vertex X="71280" Y="38473" Z="0"/>
					<Vertex X="71317" Y="38436" Z="0"/>
					<Vertex X="71354" Y="38287" Z="0"/>
					<Vertex X="71354" Y="38213" Z="0"/>
					<Vertex X="71354" Y="38102" Z="0"/>
					<Vertex X="71354" Y="38028" Z="0"/>
					<Vertex X="71391" Y="37843" Z="0"/>
					<Vertex X="71391" Y="37806" Z="0"/>
					<Vertex X="71391" Y="37732" Z="0"/>
					<Vertex X="71391" Y="37658" Z="0"/>
					<Vertex X="71391" Y="37584" Z="0"/>
					<Vertex X="71391" Y="37510" Z="0"/>
					<Vertex X="71391" Y="37436" Z="0"/>
					<Vertex X="71391" Y="37362" Z="0"/>
					<Vertex X="71391" Y="37214" Z="0"/>
					<Vertex X="71391" Y="37140" Z="0"/>
					<Vertex X="71391" Y="37028" Z="0"/>
					<Vertex X="71391" Y="36954" Z="0"/>
					<Vertex X="71391" Y="36843" Z="0"/>
					<Vertex X="71391" Y="36658" Z="0"/>
					<Vertex X="71391" Y="36621" Z="0"/>
					<Vertex X="71391" Y="36547" Z="0"/>
					<Vertex X="71391" Y="36473" Z="0"/>
					<Vertex X="71391" Y="36362" Z="0"/>
					<Vertex X="71391" Y="36177" Z="0"/>
					<Vertex X="71391" Y="36103" Z="0"/>
					<Vertex X="71391" Y="35992" Z="0"/>
					<Vertex X="71391" Y="35881" Z="0"/>
					<Vertex X="71391" Y="35732" Z="0"/>
					<Vertex X="71391" Y="35658" Z="0"/>
					<Vertex X="71354" Y="35584" Z="0"/>
					<Vertex X="71354" Y="35547" Z="0"/>
					<Vertex X="71317" Y="35436" Z="0"/>
					<Vertex X="71317" Y="35362" Z="0"/>
					<Vertex X="71280" Y="35251" Z="0"/>
					<Vertex X="71280" Y="35140" Z="0"/>
					<Vertex X="71169" Y="34844" Z="0"/>
					<Vertex X="71132" Y="34733" Z="0"/>
					<Vertex X="71095" Y="34548" Z="0"/>
					<Vertex X="71021" Y="34437" Z="0"/>
					<Vertex X="70947" Y="34288" Z="0"/>
					<Vertex X="70910" Y="34214" Z="0"/>
					<Vertex X="70873" Y="34140" Z="0"/>
					<Vertex X="70873" Y="34103" Z="0"/>
					<Vertex X="70835" Y="33992" Z="0"/>
					<Vertex X="70761" Y="33807" Z="0"/>
					<Vertex X="70724" Y="33696" Z="0"/>
					<Vertex X="70687" Y="33585" Z="0"/>
					<Vertex X="70650" Y="33511" Z="0"/>
					<Vertex X="70650" Y="33437" Z="0"/>
					<Vertex X="70576" Y="33178" Z="0"/>
					<Vertex X="70539" Y="33103" Z="0"/>
					<Vertex X="70539" Y="32992" Z="0"/>
					<Vertex X="70465" Y="32844" Z="0"/>
					<Vertex X="70428" Y="32770" Z="0"/>
					<Vertex X="70428" Y="32659" Z="0"/>
					<Vertex X="70354" Y="32474" Z="0"/>
					<Vertex X="70317" Y="32400" Z="0"/>
					<Vertex X="70317" Y="32326" Z="0"/>
					<Vertex X="70317" Y="32252" Z="0"/>
					<Vertex X="70243" Y="32178" Z="0"/>
					<Vertex X="70243" Y="32104" Z="0"/>
					<Vertex X="70206" Y="32030" Z="0"/>
					<Vertex X="70169" Y="31882" Z="0"/>
					<Vertex X="70095" Y="31770" Z="0"/>
					<Vertex X="70058" Y="31622" Z="0"/>
					<Vertex X="70021" Y="31585" Z="0"/>
					<Vertex X="69984" Y="31511" Z="0"/>
					<Vertex X="69984" Y="31474" Z="0"/>
					<Vertex X="69947" Y="31437" Z="0"/>
					<Vertex X="69947" Y="31400" Z="0"/>
					<Vertex X="69873" Y="31363" Z="0"/>
					<Vertex X="69873" Y="31289" Z="0"/>
					<Vertex X="69762" Y="31104" Z="0"/>
					<Vertex X="69725" Y="30993" Z="0"/>
					<Vertex X="69614" Y="30771" Z="0"/>
					<Vertex X="69577" Y="30697" Z="0"/>
					<Vertex X="69540" Y="30623" Z="0"/>
					<Vertex X="69502" Y="30549" Z="0"/>
					<Vertex X="69428" Y="30326" Z="0"/>
					<Vertex X="69391" Y="30252" Z="0"/>
					<Vertex X="69391" Y="30215" Z="0"/>
					<Vertex X="69317" Y="30104" Z="0"/>
					<Vertex X="69280" Y="29993" Z="0"/>
					<Vertex X="69243" Y="29956" Z="0"/>
					<Vertex X="69243" Y="29882" Z="0"/>
					<Vertex X="69243" Y="29808" Z="0"/>
					<Vertex X="69169" Y="29734" Z="0"/>
					<Vertex X="69169" Y="29697" Z="0"/>
					<Vertex X="69169" Y="29660" Z="0"/>
					<Vertex X="69058" Y="29438" Z="0"/>
					<Vertex X="69021" Y="29401" Z="0"/>
					<Vertex X="68947" Y="29216" Z="0"/>
					<Vertex X="68873" Y="29104" Z="0"/>
					<Vertex X="68799" Y="28919" Z="0"/>
					<Vertex X="68725" Y="28771" Z="0"/>
					<Vertex X="68688" Y="28660" Z="0"/>
					<Vertex X="68651" Y="28549" Z="0"/>
					<Vertex X="68540" Y="28364" Z="0"/>
					<Vertex X="68540" Y="28253" Z="0"/>
					<Vertex X="68503" Y="28216" Z="0"/>
					<Vertex X="68466" Y="28142" Z="0"/>
					<Vertex X="68429" Y="28031" Z="0"/>
					<Vertex X="68429" Y="27957" Z="0"/>
					<Vertex X="68392" Y="27882" Z="0"/>
					<Vertex X="68355" Y="27734" Z="0"/>
					<Vertex X="68318" Y="27697" Z="0"/>
					<Vertex X="68281" Y="27623" Z="0"/>
					<Vertex X="68281" Y="27549" Z="0"/>
					<Vertex X="68244" Y="27475" Z="0"/>
					<Vertex X="68206" Y="27438" Z="0"/>
					<Vertex X="68169" Y="27327" Z="0"/>
					<Vertex X="68058" Y="27179" Z="0"/>
					<Vertex X="68021" Y="27142" Z="0"/>
					<Vertex X="67984" Y="27105" Z="0"/>
					<Vertex X="67947" Y="27031" Z="0"/>
					<Vertex X="67910" Y="26994" Z="0"/>
					<Vertex X="67799" Y="26920" Z="0"/>
					<Vertex X="67651" Y="26772" Z="0"/>
					<Vertex X="67540" Y="26698" Z="0"/>
					<Vertex X="67466" Y="26624" Z="0"/>
					<Vertex X="67133" Y="26364" Z="0"/>
					<Vertex X="66985" Y="26327" Z="0"/>
					<Vertex X="66836" Y="26179" Z="0"/>
					<Vertex X="66466" Y="25957" Z="0"/>
					<Vertex X="66355" Y="25883" Z="0"/>
					<Vertex X="66244" Y="25809" Z="0"/>
					<Vertex X="66207" Y="25772" Z="0"/>
					<Vertex X="66170" Y="25735" Z="0"/>
					<Vertex X="66133" Y="25735" Z="0"/>
					<Vertex X="66133" Y="25698" Z="0"/>
					<Vertex X="66096" Y="25661" Z="0"/>
					<Vertex X="66059" Y="25624" Z="0"/>
					<Vertex X="65985" Y="25550" Z="0"/>
					<Vertex X="65948" Y="25513" Z="0"/>
					<Vertex X="65800" Y="25402" Z="0"/>
					<Vertex X="65726" Y="25328" Z="0"/>
					<Vertex X="65652" Y="25253" Z="0"/>
					<Vertex X="65577" Y="25179" Z="0"/>
					<Vertex X="65540" Y="25142" Z="0"/>
					<Vertex X="65503" Y="25105" Z="0"/>
					<Vertex X="65466" Y="25068" Z="0"/>
					<Vertex X="65429" Y="24994" Z="0"/>
					<Vertex X="65355" Y="24957" Z="0"/>
					<Vertex X="65318" Y="24883" Z="0"/>
					<Vertex X="65207" Y="24772" Z="0"/>
					<Vertex X="65170" Y="24698" Z="0"/>
					<Vertex X="65133" Y="24661" Z="0"/>
					<Vertex X="65096" Y="24550" Z="0"/>
					<Vertex X="65022" Y="24476" Z="0"/>
					<Vertex X="64911" Y="24291" Z="0"/>
					<Vertex X="64874" Y="24217" Z="0"/>
					<Vertex X="64837" Y="24180" Z="0"/>
					<Vertex X="64763" Y="23995" Z="0"/>
					<Vertex X="64726" Y="23957" Z="0"/>
					<Vertex X="64652" Y="23809" Z="0"/>
					<Vertex X="64615" Y="23772" Z="0"/>
					<Vertex X="64578" Y="23698" Z="0"/>
					<Vertex X="64541" Y="23587" Z="0"/>
					<Vertex X="64504" Y="23550" Z="0"/>
					<Vertex X="64467" Y="23365" Z="0"/>
					<Vertex X="64393" Y="23291" Z="0"/>
					<Vertex X="64356" Y="23254" Z="0"/>
					<Vertex X="64281" Y="23032" Z="0"/>
					<Vertex X="64170" Y="22847" Z="0"/>
					<Vertex X="64059" Y="22662" Z="0"/>
					<Vertex X="63985" Y="22550" Z="0"/>
					<Vertex X="63874" Y="22365" Z="0"/>
					<Vertex X="63726" Y="22143" Z="0"/>
					<Vertex X="63689" Y="22069" Z="0"/>
					<Vertex X="63652" Y="22069" Z="0"/>
					<Vertex X="63541" Y="21921" Z="0"/>
					<Vertex X="63541" Y="21884" Z="0"/>
					<Vertex X="63467" Y="21810" Z="0"/>
					<Vertex X="63393" Y="21736" Z="0"/>
					<Vertex X="63319" Y="21699" Z="0"/>
					<Vertex X="63245" Y="21662" Z="0"/>
					<Vertex X="63245" Y="21625" Z="0"/>
					<Vertex X="63208" Y="21625" Z="0"/>
					<Vertex X="63171" Y="21588" Z="0"/>
					<Vertex X="63134" Y="21551" Z="0"/>
					<Vertex X="62985" Y="21514" Z="0"/>
					<Vertex X="62874" Y="21440" Z="0"/>
					<Vertex X="62615" Y="21291" Z="0"/>
					<Vertex X="62467" Y="21180" Z="0"/>
					<Vertex X="62319" Y="21069" Z="0"/>
					<Vertex X="62060" Y="20921" Z="0"/>
					<Vertex X="61986" Y="20884" Z="0"/>
					<Vertex X="61949" Y="20810" Z="0"/>
					<Vertex X="61875" Y="20736" Z="0"/>
					<Vertex X="61838" Y="20736" Z="0"/>
					<Vertex X="61764" Y="20662" Z="0"/>
					<Vertex X="61764" Y="20625" Z="0"/>
					<Vertex X="61615" Y="20514" Z="0"/>
					<Vertex X="61578" Y="20477" Z="0"/>
					<Vertex X="61504" Y="20403" Z="0"/>
					<Vertex X="61356" Y="20255" Z="0"/>
					<Vertex X="61282" Y="20218" Z="0"/>
					<Vertex X="61208" Y="20107" Z="0"/>
					<Vertex X="61171" Y="20107" Z="0"/>
					<Vertex X="61134" Y="20032" Z="0"/>
					<Vertex X="61097" Y="19958" Z="0"/>
					<Vertex X="61060" Y="19958" Z="0"/>
					<Vertex X="61060" Y="19921" Z="0"/>
					<Vertex X="60986" Y="19847" Z="0"/>
					<Vertex X="60986" Y="19810" Z="0"/>
					<Vertex X="60949" Y="19810" Z="0"/>
					<Vertex X="60949" Y="19773" Z="0"/>
					<Vertex X="60912" Y="19736" Z="0"/>
					<Vertex X="60875" Y="19699" Z="0"/>
					<Vertex X="60838" Y="19699" Z="0"/>
					<Vertex X="60838" Y="19662" Z="0"/>
					<Vertex X="60801" Y="19662" Z="0"/>
					<Vertex X="60801" Y="19625" Z="0"/>
					<Vertex X="60764" Y="19625" Z="0"/>
					<Vertex X="60764" Y="19588" Z="0"/>
					<Vertex X="60727" Y="19588" Z="0"/>
					<Vertex X="60690" Y="19588" Z="0"/>
					<Vertex X="60653" Y="19588" Z="0"/>
					<Vertex X="60616" Y="19588" Z="0"/>
					<Vertex X="60616" Y="19551" Z="0"/>
					<Vertex X="60579" Y="19551" Z="0"/>
					<Vertex X="60542" Y="19551" Z="0"/>
					<Vertex X="60505" Y="19551" Z="0"/>
					<Vertex X="60468" Y="19551" Z="0"/>
					<Vertex X="60431" Y="19514" Z="0"/>
					<Vertex X="60319" Y="19477" Z="0"/>
					<Vertex X="60134" Y="19403" Z="0"/>
					<Vertex X="59801" Y="19255" Z="0"/>
					<Vertex X="59653" Y="19218" Z="0"/>
					<Vertex X="59505" Y="19107" Z="0"/>
					<Vertex X="59468" Y="19107" Z="0"/>
					<Vertex X="59468" Y="19144" Z="0"/>
					<Vertex X="59468" Y="19218" Z="0"/>
					<Vertex X="59468" Y="19255" Z="0"/>
					<Vertex X="59468" Y="19292" Z="0"/>
					<Vertex X="59468" Y="19440" Z="0"/>
				</Vertices>
			</Region>
			<Region Id="3" Type="0" Zoom="0.042621" Selected="0" ImageLocation="" ImageFocus="-1" Length="25684.0" Area="43683959.5" LengthMicrons="6485.2" AreaMicrons="2785125.4" Text="" NegativeROA="0" InputRegionId="0" Analyze="1" DisplayId="3">
				<Attributes/>
				<Vertices>
					<Vertex X="41210" Y="7875" Z="0"/>
					<Vertex X="41140" Y="7898" Z="0"/>
					<Vertex X="41117" Y="7898" Z="0"/>
					<Vertex X="41094" Y="7898" Z="0"/>
					<Vertex X="40908" Y="7898" Z="0"/>
					<Vertex X="40652" Y="7898" Z="0"/>
					<Vertex X="40350" Y="7898" Z="0"/>
					<Vertex X="40002" Y="7898" Z="0"/>
					<Vertex X="39653" Y="7875" Z="0"/>
					<Vertex X="39259" Y="7851" Z="0"/>
					<Vertex X="39235" Y="7851" Z="0"/>
					<Vertex X="39212" Y="7851" Z="0"/>
					<Vertex X="39212" Y="7828" Z="0"/>
					<Vertex X="39189" Y="7828" Z="0"/>
					<Vertex X="38910" Y="7526" Z="0"/>
					<Vertex X="38538" Y="7271" Z="0"/>
					<Vertex X="38422" Y="7154" Z="0"/>
					<Vertex X="38306" Y="7062" Z="0"/>
					<Vertex X="38143" Y="6945" Z="0"/>
					<Vertex X="38120" Y="6945" Z="0"/>
					<Vertex X="38097" Y="6922" Z="0"/>
					<Vertex X="38074" Y="6922" Z="0"/>
					<Vertex X="38027" Y="6922" Z="0"/>
					<Vertex X="37702" Y="7038" Z="0"/>
					<Vertex X="37540" Y="7085" Z="0"/>
					<Vertex X="37493" Y="7108" Z="0"/>
					<Vertex X="37493" Y="7131" Z="0"/>
					<Vertex X="37470" Y="7131" Z="0"/>
					<Vertex X="37447" Y="7131" Z="0"/>
					<Vertex X="37447" Y="7154" Z="0"/>
					<Vertex X="37423" Y="7178" Z="0"/>
					<Vertex X="37377" Y="7201" Z="0"/>
					<Vertex X="37330" Y="7224" Z="0"/>
					<Vertex X="37307" Y="7271" Z="0"/>
					<Vertex X="37307" Y="7294" Z="0"/>
					<Vertex X="37261" Y="7340" Z="0"/>
					<Vertex X="37238" Y="7364" Z="0"/>
					<Vertex X="37214" Y="7364" Z="0"/>
					<Vertex X="37214" Y="7410" Z="0"/>
					<Vertex X="37191" Y="7410" Z="0"/>
					<Vertex X="37191" Y="7433" Z="0"/>
					<Vertex X="37168" Y="7480" Z="0"/>
					<Vertex X="37145" Y="7503" Z="0"/>
					<Vertex X="37145" Y="7526" Z="0"/>
					<Vertex X="37145" Y="7549" Z="0"/>
					<Vertex X="37145" Y="7573" Z="0"/>
					<Vertex X="37145" Y="7596" Z="0"/>
					<Vertex X="37145" Y="7619" Z="0"/>
					<Vertex X="37145" Y="7666" Z="0"/>
					<Vertex X="37145" Y="7712" Z="0"/>
					<Vertex X="37145" Y="7735" Z="0"/>
					<Vertex X="37145" Y="7758" Z="0"/>
					<Vertex X="37145" Y="7782" Z="0"/>
					<Vertex X="37145" Y="7805" Z="0"/>
					<Vertex X="37145" Y="7828" Z="0"/>
					<Vertex X="37145" Y="7944" Z="0"/>
					<Vertex X="37121" Y="8130" Z="0"/>
					<Vertex X="37121" Y="8177" Z="0"/>
					<Vertex X="37121" Y="8246" Z="0"/>
					<Vertex X="37121" Y="8316" Z="0"/>
					<Vertex X="37121" Y="8409" Z="0"/>
					<Vertex X="37121" Y="8432" Z="0"/>
					<Vertex X="37121" Y="8455" Z="0"/>
					<Vertex X="37121" Y="8502" Z="0"/>
					<Vertex X="37121" Y="8525" Z="0"/>
					<Vertex X="37121" Y="8572" Z="0"/>
					<Vertex X="37121" Y="8641" Z="0"/>
					<Vertex X="37121" Y="8711" Z="0"/>
					<Vertex X="37121" Y="8781" Z="0"/>
					<Vertex X="37121" Y="8827" Z="0"/>
					<Vertex X="37121" Y="8920" Z="0"/>
					<Vertex X="37121" Y="8966" Z="0"/>
					<Vertex X="37121" Y="9013" Z="0"/>
					<Vertex X="37121" Y="9083" Z="0"/>
					<Vertex X="37121" Y="9106" Z="0"/>
					<Vertex X="37121" Y="9152" Z="0"/>
					<Vertex X="37121" Y="9199" Z="0"/>
					<Vertex X="37121" Y="9245" Z="0"/>
					<Vertex X="37121" Y="9338" Z="0"/>
					<Vertex X="37121" Y="9385" Z="0"/>
					<Vertex X="37121" Y="9454" Z="0"/>
					<Vertex X="37121" Y="9501" Z="0"/>
					<Vertex X="37098" Y="9547" Z="0"/>
					<Vertex X="37098" Y="9594" Z="0"/>
					<Vertex X="37075" Y="9663" Z="0"/>
					<Vertex X="37075" Y="9710" Z="0"/>
					<Vertex X="37052" Y="9779" Z="0"/>
					<Vertex X="37052" Y="9826" Z="0"/>
					<Vertex X="37052" Y="9896" Z="0"/>
					<Vertex X="37052" Y="9965" Z="0"/>
					<Vertex X="37052" Y="10035" Z="0"/>
					<Vertex X="37028" Y="10081" Z="0"/>
					<Vertex X="37005" Y="10174" Z="0"/>
					<Vertex X="37005" Y="10221" Z="0"/>
					<Vertex X="37005" Y="10291" Z="0"/>
					<Vertex X="37005" Y="10360" Z="0"/>
					<Vertex X="37005" Y="10430" Z="0"/>
					<Vertex X="37005" Y="10523" Z="0"/>
					<Vertex X="37005" Y="10593" Z="0"/>
					<Vertex X="37005" Y="10709" Z="0"/>
					<Vertex X="37005" Y="10802" Z="0"/>
					<Vertex X="37005" Y="10895" Z="0"/>
					<Vertex X="37005" Y="10987" Z="0"/>
					<Vertex X="37028" Y="11104" Z="0"/>
					<Vertex X="37052" Y="11220" Z="0"/>
					<Vertex X="37075" Y="11359" Z="0"/>
					<Vertex X="37121" Y="11452" Z="0"/>
					<Vertex X="37145" Y="11568" Z="0"/>
					<Vertex X="37145" Y="11638" Z="0"/>
					<Vertex X="37238" Y="11824" Z="0"/>
					<Vertex X="37261" Y="11870" Z="0"/>
					<Vertex X="37307" Y="11986" Z="0"/>
					<Vertex X="37330" Y="12056" Z="0"/>
					<Vertex X="37354" Y="12172" Z="0"/>
					<Vertex X="37423" Y="12404" Z="0"/>
					<Vertex X="37470" Y="12521" Z="0"/>
					<Vertex X="37516" Y="12637" Z="0"/>
					<Vertex X="37516" Y="12660" Z="0"/>
					<Vertex X="37540" Y="12706" Z="0"/>
					<Vertex X="37563" Y="12753" Z="0"/>
					<Vertex X="37563" Y="12799" Z="0"/>
					<Vertex X="37563" Y="12823" Z="0"/>
					<Vertex X="37586" Y="12869" Z="0"/>
					<Vertex X="37609" Y="12916" Z="0"/>
					<Vertex X="37609" Y="12962" Z="0"/>
					<Vertex X="37656" Y="12985" Z="0"/>
					<Vertex X="37679" Y="13101" Z="0"/>
					<Vertex X="37679" Y="13125" Z="0"/>
					<Vertex X="37679" Y="13148" Z="0"/>
					<Vertex X="37702" Y="13218" Z="0"/>
					<Vertex X="37702" Y="13264" Z="0"/>
					<Vertex X="37725" Y="13310" Z="0"/>
					<Vertex X="37725" Y="13427" Z="0"/>
					<Vertex X="37725" Y="13473" Z="0"/>
					<Vertex X="37749" Y="13520" Z="0"/>
					<Vertex X="37749" Y="13636" Z="0"/>
					<Vertex X="37772" Y="13682" Z="0"/>
					<Vertex X="37795" Y="13798" Z="0"/>
					<Vertex X="37795" Y="13868" Z="0"/>
					<Vertex X="37818" Y="13961" Z="0"/>
					<Vertex X="37818" Y="14007" Z="0"/>
					<Vertex X="37841" Y="14123" Z="0"/>
					<Vertex X="37865" Y="14193" Z="0"/>
					<Vertex X="37911" Y="14263" Z="0"/>
					<Vertex X="37911" Y="14333" Z="0"/>
					<Vertex X="37958" Y="14402" Z="0"/>
					<Vertex X="37981" Y="14449" Z="0"/>
					<Vertex X="38027" Y="14542" Z="0"/>
					<Vertex X="38051" Y="14565" Z="0"/>
					<Vertex X="38074" Y="14588" Z="0"/>
					<Vertex X="38074" Y="14611" Z="0"/>
					<Vertex X="38097" Y="14635" Z="0"/>
					<Vertex X="38143" Y="14704" Z="0"/>
					<Vertex X="38213" Y="14727" Z="0"/>
					<Vertex X="38236" Y="14774" Z="0"/>
					<Vertex X="38260" Y="14774" Z="0"/>
					<Vertex X="38329" Y="14820" Z="0"/>
					<Vertex X="38422" Y="14867" Z="0"/>
					<Vertex X="38469" Y="14913" Z="0"/>
					<Vertex X="38585" Y="14983" Z="0"/>
					<Vertex X="38631" Y="14983" Z="0"/>
					<Vertex X="38678" Y="15029" Z="0"/>
					<Vertex X="38747" Y="15053" Z="0"/>
					<Vertex X="38864" Y="15122" Z="0"/>
					<Vertex X="38933" Y="15169" Z="0"/>
					<Vertex X="39049" Y="15215" Z="0"/>
					<Vertex X="39189" Y="15262" Z="0"/>
					<Vertex X="39235" Y="15285" Z="0"/>
					<Vertex X="39259" Y="15285" Z="0"/>
					<Vertex X="39282" Y="15285" Z="0"/>
					<Vertex X="39305" Y="15308" Z="0"/>
					<Vertex X="39421" Y="15308" Z="0"/>
					<Vertex X="39444" Y="15308" Z="0"/>
					<Vertex X="39491" Y="15308" Z="0"/>
					<Vertex X="39584" Y="15308" Z="0"/>
					<Vertex X="39653" Y="15308" Z="0"/>
					<Vertex X="39677" Y="15308" Z="0"/>
					<Vertex X="39723" Y="15308" Z="0"/>
					<Vertex X="39793" Y="15331" Z="0"/>
					<Vertex X="39863" Y="15331" Z="0"/>
					<Vertex X="39932" Y="15331" Z="0"/>
					<Vertex X="39955" Y="15331" Z="0"/>
					<Vertex X="40002" Y="15331" Z="0"/>
					<Vertex X="40072" Y="15331" Z="0"/>
					<Vertex X="40141" Y="15331" Z="0"/>
					<Vertex X="40304" Y="15331" Z="0"/>
					<Vertex X="40420" Y="15331" Z="0"/>
					<Vertex X="40536" Y="15331" Z="0"/>
					<Vertex X="40676" Y="15331" Z="0"/>
					<Vertex X="40768" Y="15331" Z="0"/>
					<Vertex X="40931" Y="15331" Z="0"/>
					<Vertex X="40978" Y="15331" Z="0"/>
					<Vertex X="41070" Y="15331" Z="0"/>
					<Vertex X="41094" Y="15331" Z="0"/>
					<Vertex X="41117" Y="15331" Z="0"/>
					<Vertex X="41163" Y="15331" Z="0"/>
					<Vertex X="41256" Y="15308" Z="0"/>
					<Vertex X="41349" Y="15285" Z="0"/>
					<Vertex X="41419" Y="15262" Z="0"/>
					<Vertex X="41535" Y="15239" Z="0"/>
					<Vertex X="41628" Y="15215" Z="0"/>
					<Vertex X="41674" Y="15215" Z="0"/>
					<Vertex X="41698" Y="15192" Z="0"/>
					<Vertex X="41744" Y="15169" Z="0"/>
					<Vertex X="41791" Y="15169" Z="0"/>
					<Vertex X="41837" Y="15146" Z="0"/>
					<Vertex X="41860" Y="15122" Z="0"/>
					<Vertex X="41907" Y="15099" Z="0"/>
					<Vertex X="41953" Y="15076" Z="0"/>
					<Vertex X="41976" Y="15053" Z="0"/>
					<Vertex X="42023" Y="15029" Z="0"/>
					<Vertex X="42093" Y="15006" Z="0"/>
					<Vertex X="42139" Y="14960" Z="0"/>
					<Vertex X="42186" Y="14937" Z="0"/>
					<Vertex X="42232" Y="14890" Z="0"/>
					<Vertex X="42278" Y="14867" Z="0"/>
					<Vertex X="42348" Y="14820" Z="0"/>
					<Vertex X="42371" Y="14797" Z="0"/>
					<Vertex X="42418" Y="14751" Z="0"/>
					<Vertex X="42464" Y="14727" Z="0"/>
					<Vertex X="42488" Y="14704" Z="0"/>
					<Vertex X="42511" Y="14681" Z="0"/>
					<Vertex X="42534" Y="14658" Z="0"/>
					<Vertex X="42557" Y="14658" Z="0"/>
					<Vertex X="42580" Y="14611" Z="0"/>
					<Vertex X="42604" Y="14588" Z="0"/>
					<Vertex X="42627" Y="14542" Z="0"/>
					<Vertex X="42697" Y="14495" Z="0"/>
					<Vertex X="42743" Y="14425" Z="0"/>
					<Vertex X="42789" Y="14402" Z="0"/>
					<Vertex X="42836" Y="14356" Z="0"/>
					<Vertex X="42882" Y="14286" Z="0"/>
					<Vertex X="42929" Y="14263" Z="0"/>
					<Vertex X="42975" Y="14216" Z="0"/>
					<Vertex X="42999" Y="14170" Z="0"/>
					<Vertex X="43045" Y="14147" Z="0"/>
					<Vertex X="43091" Y="14077" Z="0"/>
					<Vertex X="43115" Y="14054" Z="0"/>
					<Vertex X="43161" Y="14031" Z="0"/>
					<Vertex X="43184" Y="13984" Z="0"/>
					<Vertex X="43208" Y="13961" Z="0"/>
					<Vertex X="43231" Y="13914" Z="0"/>
					<Vertex X="43277" Y="13891" Z="0"/>
					<Vertex X="43324" Y="13798" Z="0"/>
					<Vertex X="43417" Y="13729" Z="0"/>
					<Vertex X="43463" Y="13682" Z="0"/>
					<Vertex X="43533" Y="13612" Z="0"/>
					<Vertex X="43556" Y="13566" Z="0"/>
					<Vertex X="43556" Y="13543" Z="0"/>
					<Vertex X="43579" Y="13520" Z="0"/>
					<Vertex X="43603" Y="13473" Z="0"/>
					<Vertex X="43626" Y="13450" Z="0"/>
					<Vertex X="43649" Y="13427" Z="0"/>
					<Vertex X="43672" Y="13380" Z="0"/>
					<Vertex X="43695" Y="13334" Z="0"/>
					<Vertex X="43719" Y="13287" Z="0"/>
					<Vertex X="43742" Y="13241" Z="0"/>
					<Vertex X="43742" Y="13194" Z="0"/>
					<Vertex X="43788" Y="13078" Z="0"/>
					<Vertex X="43788" Y="13055" Z="0"/>
					<Vertex X="43812" Y="13008" Z="0"/>
					<Vertex X="43835" Y="12962" Z="0"/>
					<Vertex X="43858" Y="12892" Z="0"/>
					<Vertex X="43858" Y="12869" Z="0"/>
					<Vertex X="43858" Y="12799" Z="0"/>
					<Vertex X="43858" Y="12753" Z="0"/>
					<Vertex X="43881" Y="12706" Z="0"/>
					<Vertex X="43881" Y="12683" Z="0"/>
					<Vertex X="43905" Y="12637" Z="0"/>
					<Vertex X="43905" Y="12497" Z="0"/>
					<Vertex X="43928" Y="12428" Z="0"/>
					<Vertex X="43928" Y="12312" Z="0"/>
					<Vertex X="43928" Y="12265" Z="0"/>
					<Vertex X="43928" Y="12195" Z="0"/>
					<Vertex X="43928" Y="12126" Z="0"/>
					<Vertex X="43928" Y="12102" Z="0"/>
					<Vertex X="43928" Y="12056" Z="0"/>
					<Vertex X="43928" Y="12033" Z="0"/>
					<Vertex X="43928" Y="11986" Z="0"/>
					<Vertex X="43928" Y="11940" Z="0"/>
					<Vertex X="43928" Y="11917" Z="0"/>
					<Vertex X="43928" Y="11870" Z="0"/>
					<Vertex X="43928" Y="11824" Z="0"/>
					<Vertex X="43928" Y="11777" Z="0"/>
					<Vertex X="43928" Y="11661" Z="0"/>
					<Vertex X="43905" Y="11591" Z="0"/>
					<Vertex X="43905" Y="11568" Z="0"/>
					<Vertex X="43881" Y="11545" Z="0"/>
					<Vertex X="43881" Y="11522" Z="0"/>
					<Vertex X="43881" Y="11475" Z="0"/>
					<Vertex X="43858" Y="11452" Z="0"/>
					<Vertex X="43858" Y="11406" Z="0"/>
					<Vertex X="43835" Y="11359" Z="0"/>
					<Vertex X="43812" Y="11313" Z="0"/>
					<Vertex X="43788" Y="11266" Z="0"/>
					<Vertex X="43788" Y="11243" Z="0"/>
					<Vertex X="43765" Y="11196" Z="0"/>
					<Vertex X="43742" Y="11173" Z="0"/>
					<Vertex X="43742" Y="11150" Z="0"/>
					<Vertex X="43719" Y="11127" Z="0"/>
					<Vertex X="43695" Y="11104" Z="0"/>
					<Vertex X="43695" Y="11057" Z="0"/>
					<Vertex X="43649" Y="11011" Z="0"/>
					<Vertex X="43649" Y="10964" Z="0"/>
					<Vertex X="43626" Y="10941" Z="0"/>
					<Vertex X="43603" Y="10918" Z="0"/>
					<Vertex X="43603" Y="10895" Z="0"/>
					<Vertex X="43579" Y="10871" Z="0"/>
					<Vertex X="43579" Y="10848" Z="0"/>
					<Vertex X="43556" Y="10848" Z="0"/>
					<Vertex X="43556" Y="10825" Z="0"/>
					<Vertex X="43533" Y="10778" Z="0"/>
					<Vertex X="43440" Y="10662" Z="0"/>
					<Vertex X="43417" Y="10616" Z="0"/>
					<Vertex X="43393" Y="10569" Z="0"/>
					<Vertex X="43370" Y="10476" Z="0"/>
					<Vertex X="43347" Y="10430" Z="0"/>
					<Vertex X="43324" Y="10407" Z="0"/>
					<Vertex X="43324" Y="10360" Z="0"/>
					<Vertex X="43301" Y="10291" Z="0"/>
					<Vertex X="43277" Y="10267" Z="0"/>
					<Vertex X="43277" Y="10244" Z="0"/>
					<Vertex X="43277" Y="10221" Z="0"/>
					<Vertex X="43254" Y="10174" Z="0"/>
					<Vertex X="43231" Y="10105" Z="0"/>
					<Vertex X="43208" Y="10058" Z="0"/>
					<Vertex X="43208" Y="10012" Z="0"/>
					<Vertex X="43208" Y="9989" Z="0"/>
					<Vertex X="43184" Y="9919" Z="0"/>
					<Vertex X="43184" Y="9896" Z="0"/>
					<Vertex X="43161" Y="9849" Z="0"/>
					<Vertex X="43161" Y="9826" Z="0"/>
					<Vertex X="43161" Y="9803" Z="0"/>
					<Vertex X="43161" Y="9779" Z="0"/>
					<Vertex X="43138" Y="9733" Z="0"/>
					<Vertex X="43115" Y="9663" Z="0"/>
					<Vertex X="43115" Y="9617" Z="0"/>
					<Vertex X="43091" Y="9570" Z="0"/>
					<Vertex X="43045" Y="9547" Z="0"/>
					<Vertex X="43045" Y="9501" Z="0"/>
					<Vertex X="43022" Y="9454" Z="0"/>
					<Vertex X="42999" Y="9408" Z="0"/>
					<Vertex X="42952" Y="9361" Z="0"/>
					<Vertex X="42952" Y="9315" Z="0"/>
					<Vertex X="42906" Y="9268" Z="0"/>
					<Vertex X="42859" Y="9199" Z="0"/>
					<Vertex X="42813" Y="9106" Z="0"/>
					<Vertex X="42743" Y="9036" Z="0"/>
					<Vertex X="42720" Y="8966" Z="0"/>
					<Vertex X="42673" Y="8873" Z="0"/>
					<Vertex X="42650" Y="8850" Z="0"/>
					<Vertex X="42627" Y="8827" Z="0"/>
					<Vertex X="42627" Y="8804" Z="0"/>
					<Vertex X="42604" Y="8757" Z="0"/>
					<Vertex X="42580" Y="8734" Z="0"/>
					<Vertex X="42580" Y="8711" Z="0"/>
					<Vertex X="42557" Y="8711" Z="0"/>
					<Vertex X="42557" Y="8688" Z="0"/>
					<Vertex X="42557" Y="8664" Z="0"/>
					<Vertex X="42534" Y="8664" Z="0"/>
					<Vertex X="42534" Y="8641" Z="0"/>
					<Vertex X="42511" Y="8641" Z="0"/>
					<Vertex X="42464" Y="8618" Z="0"/>
					<Vertex X="42348" Y="8525" Z="0"/>
					<Vertex X="42209" Y="8455" Z="0"/>
					<Vertex X="42093" Y="8409" Z="0"/>
					<Vertex X="42000" Y="8362" Z="0"/>
					<Vertex X="41907" Y="8339" Z="0"/>
					<Vertex X="41860" Y="8293" Z="0"/>
					<Vertex X="41837" Y="8293" Z="0"/>
					<Vertex X="41814" Y="8293" Z="0"/>
					<Vertex X="41791" Y="8246" Z="0"/>
					<Vertex X="41721" Y="8153" Z="0"/>
					<Vertex X="41651" Y="8084" Z="0"/>
					<Vertex X="41628" Y="8037" Z="0"/>
					<Vertex X="41605" Y="8037" Z="0"/>
					<Vertex X="41605" Y="7991" Z="0"/>
					<Vertex X="41582" Y="7991" Z="0"/>
					<Vertex X="41558" Y="7991" Z="0"/>
					<Vertex X="41512" Y="7968" Z="0"/>
					<Vertex X="41465" Y="7944" Z="0"/>
					<Vertex X="41419" Y="7921" Z="0"/>
					<Vertex X="41372" Y="7921" Z="0"/>
					<Vertex X="41372" Y="7898" Z="0"/>
					<Vertex X="41210" Y="7875" Z="0"/>
				</Vertices>
			</Region>
			<Region Id="4" Type="0" Zoom="0.042621" Selected="1" ImageLocation="" ImageFocus="-1" Length="25560.3" Area="21221027.0" LengthMicrons="6454.0" AreaMicrons="1352973.1" Text="" NegativeROA="0" InputRegionId="0" Analyze="1" DisplayId="4">
				<Attributes/>
				<Vertices>
					<Vertex X="48434" Y="11127" Z="0"/>
					<Vertex X="48365" Y="11243" Z="0"/>
					<Vertex X="48341" Y="11313" Z="0"/>
					<Vertex X="48249" Y="11429" Z="0"/>
					<Vertex X="48202" Y="11452" Z="0"/>
					<Vertex X="48179" Y="11498" Z="0"/>
					<Vertex X="48156" Y="11498" Z="0"/>
					<Vertex X="48156" Y="11522" Z="0"/>
					<Vertex X="48132" Y="11522" Z="0"/>
					<Vertex X="48109" Y="11522" Z="0"/>
					<Vertex X="48086" Y="11522" Z="0"/>
					<Vertex X="48063" Y="11522" Z="0"/>
					<Vertex X="48039" Y="11522" Z="0"/>
					<Vertex X="48016" Y="11522" Z="0"/>
					<Vertex X="47947" Y="11545" Z="0"/>
					<Vertex X="47900" Y="11545" Z="0"/>
					<Vertex X="47854" Y="11545" Z="0"/>
					<Vertex X="47737" Y="11568" Z="0"/>
					<Vertex X="47714" Y="11568" Z="0"/>
					<Vertex X="47668" Y="11568" Z="0"/>
					<Vertex X="47645" Y="11568" Z="0"/>
					<Vertex X="47575" Y="11568" Z="0"/>
					<Vertex X="47366" Y="11522" Z="0"/>
					<Vertex X="47250" Y="11522" Z="0"/>
					<Vertex X="47134" Y="11498" Z="0"/>
					<Vertex X="47087" Y="11498" Z="0"/>
					<Vertex X="47041" Y="11498" Z="0"/>
					<Vertex X="47017" Y="11475" Z="0"/>
					<Vertex X="46878" Y="11382" Z="0"/>
					<Vertex X="46785" Y="11336" Z="0"/>
					<Vertex X="46692" Y="11266" Z="0"/>
					<Vertex X="46646" Y="11243" Z="0"/>
					<Vertex X="46599" Y="11220" Z="0"/>
					<Vertex X="46576" Y="11196" Z="0"/>
					<Vertex X="46576" Y="11173" Z="0"/>
					<Vertex X="46553" Y="11173" Z="0"/>
					<Vertex X="46530" Y="11150" Z="0"/>
					<Vertex X="46506" Y="11104" Z="0"/>
					<Vertex X="46483" Y="11080" Z="0"/>
					<Vertex X="46483" Y="11057" Z="0"/>
					<Vertex X="46460" Y="11057" Z="0"/>
					<Vertex X="46460" Y="11034" Z="0"/>
					<Vertex X="46460" Y="11011" Z="0"/>
					<Vertex X="46437" Y="11011" Z="0"/>
					<Vertex X="46413" Y="11011" Z="0"/>
					<Vertex X="46413" Y="10987" Z="0"/>
					<Vertex X="46390" Y="10987" Z="0"/>
					<Vertex X="46390" Y="10964" Z="0"/>
					<Vertex X="46367" Y="10964" Z="0"/>
					<Vertex X="46367" Y="10941" Z="0"/>
					<Vertex X="46344" Y="10918" Z="0"/>
					<Vertex X="46320" Y="10918" Z="0"/>
					<Vertex X="46297" Y="10895" Z="0"/>
					<Vertex X="46274" Y="10895" Z="0"/>
					<Vertex X="46251" Y="10871" Z="0"/>
					<Vertex X="46228" Y="10871" Z="0"/>
					<Vertex X="46204" Y="10848" Z="0"/>
					<Vertex X="46135" Y="10802" Z="0"/>
					<Vertex X="46088" Y="10778" Z="0"/>
					<Vertex X="46065" Y="10778" Z="0"/>
					<Vertex X="46042" Y="10778" Z="0"/>
					<Vertex X="46018" Y="10755" Z="0"/>
					<Vertex X="45995" Y="10755" Z="0"/>
					<Vertex X="45995" Y="10732" Z="0"/>
					<Vertex X="45972" Y="10732" Z="0"/>
					<Vertex X="45902" Y="10778" Z="0"/>
					<Vertex X="45809" Y="10895" Z="0"/>
					<Vertex X="45763" Y="10941" Z="0"/>
					<Vertex X="45740" Y="11034" Z="0"/>
					<Vertex X="45716" Y="11057" Z="0"/>
					<Vertex X="45716" Y="11104" Z="0"/>
					<Vertex X="45716" Y="11127" Z="0"/>
					<Vertex X="45716" Y="11173" Z="0"/>
					<Vertex X="45716" Y="11196" Z="0"/>
					<Vertex X="45716" Y="11266" Z="0"/>
					<Vertex X="45716" Y="11359" Z="0"/>
					<Vertex X="45740" Y="11406" Z="0"/>
					<Vertex X="45740" Y="11452" Z="0"/>
					<Vertex X="45763" Y="11498" Z="0"/>
					<Vertex X="45786" Y="11545" Z="0"/>
					<Vertex X="45809" Y="11591" Z="0"/>
					<Vertex X="45809" Y="11615" Z="0"/>
					<Vertex X="45833" Y="11638" Z="0"/>
					<Vertex X="45856" Y="11661" Z="0"/>
					<Vertex X="45856" Y="11684" Z="0"/>
					<Vertex X="45879" Y="11684" Z="0"/>
					<Vertex X="45879" Y="11708" Z="0"/>
					<Vertex X="45902" Y="11708" Z="0"/>
					<Vertex X="45902" Y="11731" Z="0"/>
					<Vertex X="45926" Y="11731" Z="0"/>
					<Vertex X="45972" Y="11754" Z="0"/>
					<Vertex X="45995" Y="11777" Z="0"/>
					<Vertex X="46042" Y="11847" Z="0"/>
					<Vertex X="46088" Y="11917" Z="0"/>
					<Vertex X="46135" Y="11940" Z="0"/>
					<Vertex X="46181" Y="12010" Z="0"/>
					<Vertex X="46251" Y="12079" Z="0"/>
					<Vertex X="46367" Y="12195" Z="0"/>
					<Vertex X="46483" Y="12288" Z="0"/>
					<Vertex X="46506" Y="12312" Z="0"/>
					<Vertex X="46553" Y="12358" Z="0"/>
					<Vertex X="46576" Y="12358" Z="0"/>
					<Vertex X="46576" Y="12381" Z="0"/>
					<Vertex X="46599" Y="12404" Z="0"/>
					<Vertex X="46762" Y="12567" Z="0"/>
					<Vertex X="46832" Y="12660" Z="0"/>
					<Vertex X="46901" Y="12730" Z="0"/>
					<Vertex X="46948" Y="12823" Z="0"/>
					<Vertex X="47064" Y="12916" Z="0"/>
					<Vertex X="47064" Y="12962" Z="0"/>
					<Vertex X="47087" Y="12962" Z="0"/>
					<Vertex X="47110" Y="13008" Z="0"/>
					<Vertex X="47134" Y="13032" Z="0"/>
					<Vertex X="47157" Y="13055" Z="0"/>
					<Vertex X="47180" Y="13101" Z="0"/>
					<Vertex X="47203" Y="13125" Z="0"/>
					<Vertex X="47226" Y="13148" Z="0"/>
					<Vertex X="47250" Y="13171" Z="0"/>
					<Vertex X="47250" Y="13194" Z="0"/>
					<Vertex X="47296" Y="13264" Z="0"/>
					<Vertex X="47296" Y="13287" Z="0"/>
					<Vertex X="47296" Y="13310" Z="0"/>
					<Vertex X="47319" Y="13310" Z="0"/>
					<Vertex X="47319" Y="13334" Z="0"/>
					<Vertex X="47319" Y="13357" Z="0"/>
					<Vertex X="47343" Y="13380" Z="0"/>
					<Vertex X="47366" Y="13496" Z="0"/>
					<Vertex X="47389" Y="13543" Z="0"/>
					<Vertex X="47459" Y="13659" Z="0"/>
					<Vertex X="47482" Y="13775" Z="0"/>
					<Vertex X="47505" Y="13798" Z="0"/>
					<Vertex X="47528" Y="13821" Z="0"/>
					<Vertex X="47528" Y="13868" Z="0"/>
					<Vertex X="47528" Y="13891" Z="0"/>
					<Vertex X="47552" Y="13938" Z="0"/>
					<Vertex X="47575" Y="13984" Z="0"/>
					<Vertex X="47575" Y="14007" Z="0"/>
					<Vertex X="47575" Y="14054" Z="0"/>
					<Vertex X="47598" Y="14077" Z="0"/>
					<Vertex X="47621" Y="14123" Z="0"/>
					<Vertex X="47621" Y="14170" Z="0"/>
					<Vertex X="47668" Y="14263" Z="0"/>
					<Vertex X="47691" Y="14309" Z="0"/>
					<Vertex X="47714" Y="14356" Z="0"/>
					<Vertex X="47737" Y="14402" Z="0"/>
					<Vertex X="47761" Y="14449" Z="0"/>
					<Vertex X="47784" Y="14518" Z="0"/>
					<Vertex X="47830" Y="14635" Z="0"/>
					<Vertex X="47877" Y="14681" Z="0"/>
					<Vertex X="47900" Y="14727" Z="0"/>
					<Vertex X="47900" Y="14774" Z="0"/>
					<Vertex X="47923" Y="14797" Z="0"/>
					<Vertex X="47947" Y="14867" Z="0"/>
					<Vertex X="47970" Y="14937" Z="0"/>
					<Vertex X="48016" Y="15006" Z="0"/>
					<Vertex X="48039" Y="15099" Z="0"/>
					<Vertex X="48086" Y="15169" Z="0"/>
					<Vertex X="48109" Y="15215" Z="0"/>
					<Vertex X="48132" Y="15262" Z="0"/>
					<Vertex X="48202" Y="15401" Z="0"/>
					<Vertex X="48272" Y="15517" Z="0"/>
					<Vertex X="48295" Y="15587" Z="0"/>
					<Vertex X="48341" Y="15633" Z="0"/>
					<Vertex X="48341" Y="15680" Z="0"/>
					<Vertex X="48365" Y="15703" Z="0"/>
					<Vertex X="48411" Y="15750" Z="0"/>
					<Vertex X="48411" Y="15796" Z="0"/>
					<Vertex X="48458" Y="15866" Z="0"/>
					<Vertex X="48504" Y="15912" Z="0"/>
					<Vertex X="48527" Y="15959" Z="0"/>
					<Vertex X="48574" Y="16005" Z="0"/>
					<Vertex X="48597" Y="16075" Z="0"/>
					<Vertex X="48643" Y="16144" Z="0"/>
					<Vertex X="48690" Y="16191" Z="0"/>
					<Vertex X="48760" Y="16261" Z="0"/>
					<Vertex X="48806" Y="16284" Z="0"/>
					<Vertex X="48829" Y="16330" Z="0"/>
					<Vertex X="48876" Y="16400" Z="0"/>
					<Vertex X="48922" Y="16423" Z="0"/>
					<Vertex X="48945" Y="16470" Z="0"/>
					<Vertex X="48992" Y="16493" Z="0"/>
					<Vertex X="49038" Y="16539" Z="0"/>
					<Vertex X="49085" Y="16563" Z="0"/>
					<Vertex X="49131" Y="16609" Z="0"/>
					<Vertex X="49247" Y="16679" Z="0"/>
					<Vertex X="49294" Y="16702" Z="0"/>
					<Vertex X="49364" Y="16748" Z="0"/>
					<Vertex X="49387" Y="16772" Z="0"/>
					<Vertex X="49410" Y="16795" Z="0"/>
					<Vertex X="49457" Y="16818" Z="0"/>
					<Vertex X="49503" Y="16841" Z="0"/>
					<Vertex X="49526" Y="16865" Z="0"/>
					<Vertex X="49596" Y="16888" Z="0"/>
					<Vertex X="49642" Y="16911" Z="0"/>
					<Vertex X="49712" Y="16958" Z="0"/>
					<Vertex X="50084" Y="17074" Z="0"/>
					<Vertex X="50270" Y="17143" Z="0"/>
					<Vertex X="50525" Y="17236" Z="0"/>
					<Vertex X="50943" Y="17376" Z="0"/>
					<Vertex X="51083" Y="17422" Z="0"/>
					<Vertex X="51245" Y="17469" Z="0"/>
					<Vertex X="51268" Y="17469" Z="0"/>
					<Vertex X="51268" Y="17492" Z="0"/>
					<Vertex X="51292" Y="17492" Z="0"/>
					<Vertex X="51338" Y="17492" Z="0"/>
					<Vertex X="51478" Y="17515" Z="0"/>
					<Vertex X="51570" Y="17562" Z="0"/>
					<Vertex X="51687" Y="17608" Z="0"/>
					<Vertex X="51780" Y="17631" Z="0"/>
					<Vertex X="51896" Y="17631" Z="0"/>
					<Vertex X="51942" Y="17654" Z="0"/>
					<Vertex X="52012" Y="17678" Z="0"/>
					<Vertex X="52035" Y="17678" Z="0"/>
					<Vertex X="52128" Y="17678" Z="0"/>
					<Vertex X="52198" Y="17678" Z="0"/>
					<Vertex X="52291" Y="17678" Z="0"/>
					<Vertex X="52453" Y="17631" Z="0"/>
					<Vertex X="52569" Y="17608" Z="0"/>
					<Vertex X="52639" Y="17585" Z="0"/>
					<Vertex X="52755" Y="17538" Z="0"/>
					<Vertex X="52825" Y="17515" Z="0"/>
					<Vertex X="52848" Y="17492" Z="0"/>
					<Vertex X="52871" Y="17492" Z="0"/>
					<Vertex X="52895" Y="17445" Z="0"/>
					<Vertex X="52918" Y="17445" Z="0"/>
					<Vertex X="52941" Y="17399" Z="0"/>
					<Vertex X="52987" Y="17352" Z="0"/>
					<Vertex X="53011" Y="17329" Z="0"/>
					<Vertex X="53034" Y="17283" Z="0"/>
					<Vertex X="53057" Y="17236" Z="0"/>
					<Vertex X="53104" Y="17190" Z="0"/>
					<Vertex X="53127" Y="17120" Z="0"/>
					<Vertex X="53173" Y="17004" Z="0"/>
					<Vertex X="53173" Y="16981" Z="0"/>
					<Vertex X="53197" Y="16934" Z="0"/>
					<Vertex X="53197" Y="16888" Z="0"/>
					<Vertex X="53220" Y="16818" Z="0"/>
					<Vertex X="53220" Y="16772" Z="0"/>
					<Vertex X="53220" Y="16679" Z="0"/>
					<Vertex X="53220" Y="16632" Z="0"/>
					<Vertex X="53220" Y="16609" Z="0"/>
					<Vertex X="53220" Y="16586" Z="0"/>
					<Vertex X="53220" Y="16539" Z="0"/>
					<Vertex X="53220" Y="16493" Z="0"/>
					<Vertex X="53197" Y="16493" Z="0"/>
					<Vertex X="53197" Y="16470" Z="0"/>
					<Vertex X="53173" Y="16470" Z="0"/>
					<Vertex X="53150" Y="16423" Z="0"/>
					<Vertex X="53057" Y="16330" Z="0"/>
					<Vertex X="53034" Y="16307" Z="0"/>
					<Vertex X="53011" Y="16307" Z="0"/>
					<Vertex X="52987" Y="16284" Z="0"/>
					<Vertex X="52964" Y="16284" Z="0"/>
					<Vertex X="52941" Y="16261" Z="0"/>
					<Vertex X="52871" Y="16237" Z="0"/>
					<Vertex X="52755" Y="16214" Z="0"/>
					<Vertex X="52709" Y="16214" Z="0"/>
					<Vertex X="52639" Y="16214" Z="0"/>
					<Vertex X="52569" Y="16168" Z="0"/>
					<Vertex X="52523" Y="16168" Z="0"/>
					<Vertex X="52407" Y="16168" Z="0"/>
					<Vertex X="52360" Y="16144" Z="0"/>
					<Vertex X="52314" Y="16144" Z="0"/>
					<Vertex X="52267" Y="16144" Z="0"/>
					<Vertex X="52221" Y="16144" Z="0"/>
					<Vertex X="52198" Y="16144" Z="0"/>
					<Vertex X="52174" Y="16121" Z="0"/>
					<Vertex X="52151" Y="16121" Z="0"/>
					<Vertex X="52128" Y="16121" Z="0"/>
					<Vertex X="52105" Y="16121" Z="0"/>
					<Vertex X="52082" Y="16121" Z="0"/>
					<Vertex X="52035" Y="16121" Z="0"/>
					<Vertex X="51919" Y="16121" Z="0"/>
					<Vertex X="51896" Y="16121" Z="0"/>
					<Vertex X="51872" Y="16121" Z="0"/>
					<Vertex X="51849" Y="16121" Z="0"/>
					<Vertex X="51826" Y="16121" Z="0"/>
					<Vertex X="51803" Y="16121" Z="0"/>
					<Vertex X="51780" Y="16121" Z="0"/>
					<Vertex X="51756" Y="16121" Z="0"/>
					<Vertex X="51687" Y="16098" Z="0"/>
					<Vertex X="51617" Y="16075" Z="0"/>
					<Vertex X="51501" Y="16052" Z="0"/>
					<Vertex X="51408" Y="16028" Z="0"/>
					<Vertex X="51315" Y="15982" Z="0"/>
					<Vertex X="51245" Y="15935" Z="0"/>
					<Vertex X="51036" Y="15866" Z="0"/>
					<Vertex X="50990" Y="15843" Z="0"/>
					<Vertex X="50943" Y="15819" Z="0"/>
					<Vertex X="50897" Y="15819" Z="0"/>
					<Vertex X="50874" Y="15796" Z="0"/>
					<Vertex X="50850" Y="15773" Z="0"/>
					<Vertex X="50827" Y="15750" Z="0"/>
					<Vertex X="50641" Y="15633" Z="0"/>
					<Vertex X="50572" Y="15610" Z="0"/>
					<Vertex X="50548" Y="15564" Z="0"/>
					<Vertex X="50479" Y="15541" Z="0"/>
					<Vertex X="50479" Y="15517" Z="0"/>
					<Vertex X="50432" Y="15448" Z="0"/>
					<Vertex X="50432" Y="15401" Z="0"/>
					<Vertex X="50409" Y="15378" Z="0"/>
					<Vertex X="50409" Y="15331" Z="0"/>
					<Vertex X="50409" Y="15308" Z="0"/>
					<Vertex X="50409" Y="15285" Z="0"/>
					<Vertex X="50409" Y="15262" Z="0"/>
					<Vertex X="50409" Y="15215" Z="0"/>
					<Vertex X="50409" Y="15192" Z="0"/>
					<Vertex X="50409" Y="15146" Z="0"/>
					<Vertex X="50409" Y="15122" Z="0"/>
					<Vertex X="50409" Y="15099" Z="0"/>
					<Vertex X="50409" Y="15076" Z="0"/>
					<Vertex X="50409" Y="15053" Z="0"/>
					<Vertex X="50432" Y="15029" Z="0"/>
					<Vertex X="50455" Y="15006" Z="0"/>
					<Vertex X="50479" Y="14983" Z="0"/>
					<Vertex X="50525" Y="14983" Z="0"/>
					<Vertex X="50525" Y="14960" Z="0"/>
					<Vertex X="50572" Y="14960" Z="0"/>
					<Vertex X="50595" Y="14937" Z="0"/>
					<Vertex X="50641" Y="14913" Z="0"/>
					<Vertex X="50711" Y="14913" Z="0"/>
					<Vertex X="50757" Y="14890" Z="0"/>
					<Vertex X="50781" Y="14867" Z="0"/>
					<Vertex X="50804" Y="14867" Z="0"/>
					<Vertex X="50874" Y="14844" Z="0"/>
					<Vertex X="50897" Y="14844" Z="0"/>
					<Vertex X="50920" Y="14820" Z="0"/>
					<Vertex X="50966" Y="14820" Z="0"/>
					<Vertex X="51036" Y="14797" Z="0"/>
					<Vertex X="51129" Y="14727" Z="0"/>
					<Vertex X="51245" Y="14681" Z="0"/>
					<Vertex X="51385" Y="14635" Z="0"/>
					<Vertex X="51431" Y="14611" Z="0"/>
					<Vertex X="51454" Y="14588" Z="0"/>
					<Vertex X="51454" Y="14565" Z="0"/>
					<Vertex X="51501" Y="14565" Z="0"/>
					<Vertex X="51501" Y="14518" Z="0"/>
					<Vertex X="51547" Y="14518" Z="0"/>
					<Vertex X="51617" Y="14425" Z="0"/>
					<Vertex X="51617" Y="14379" Z="0"/>
					<Vertex X="51640" Y="14356" Z="0"/>
					<Vertex X="51663" Y="14309" Z="0"/>
					<Vertex X="51663" Y="14286" Z="0"/>
					<Vertex X="51687" Y="14263" Z="0"/>
					<Vertex X="51687" Y="14240" Z="0"/>
					<Vertex X="51687" Y="14170" Z="0"/>
					<Vertex X="51687" Y="14123" Z="0"/>
					<Vertex X="51663" Y="14007" Z="0"/>
					<Vertex X="51617" Y="13961" Z="0"/>
					<Vertex X="51617" Y="13914" Z="0"/>
					<Vertex X="51570" Y="13868" Z="0"/>
					<Vertex X="51547" Y="13798" Z="0"/>
					<Vertex X="51501" Y="13752" Z="0"/>
					<Vertex X="51501" Y="13705" Z="0"/>
					<Vertex X="51408" Y="13589" Z="0"/>
					<Vertex X="51385" Y="13566" Z="0"/>
					<Vertex X="51315" Y="13496" Z="0"/>
					<Vertex X="51315" Y="13473" Z="0"/>
					<Vertex X="51292" Y="13450" Z="0"/>
					<Vertex X="51268" Y="13427" Z="0"/>
					<Vertex X="51222" Y="13380" Z="0"/>
					<Vertex X="51199" Y="13334" Z="0"/>
					<Vertex X="51176" Y="13310" Z="0"/>
					<Vertex X="51106" Y="13218" Z="0"/>
					<Vertex X="51059" Y="13171" Z="0"/>
					<Vertex X="50990" Y="13078" Z="0"/>
					<Vertex X="50966" Y="13032" Z="0"/>
					<Vertex X="50920" Y="13008" Z="0"/>
					<Vertex X="50850" Y="12916" Z="0"/>
					<Vertex X="50804" Y="12869" Z="0"/>
					<Vertex X="50781" Y="12823" Z="0"/>
					<Vertex X="50757" Y="12823" Z="0"/>
					<Vertex X="50711" Y="12776" Z="0"/>
					<Vertex X="50688" Y="12730" Z="0"/>
					<Vertex X="50618" Y="12706" Z="0"/>
					<Vertex X="50595" Y="12660" Z="0"/>
					<Vertex X="50432" Y="12544" Z="0"/>
					<Vertex X="50386" Y="12521" Z="0"/>
					<Vertex X="50316" Y="12451" Z="0"/>
					<Vertex X="50153" Y="12358" Z="0"/>
					<Vertex X="50107" Y="12335" Z="0"/>
					<Vertex X="50037" Y="12288" Z="0"/>
					<Vertex X="49944" Y="12219" Z="0"/>
					<Vertex X="49898" Y="12195" Z="0"/>
					<Vertex X="49875" Y="12195" Z="0"/>
					<Vertex X="49875" Y="12172" Z="0"/>
					<Vertex X="49851" Y="12172" Z="0"/>
					<Vertex X="49828" Y="12149" Z="0"/>
					<Vertex X="49828" Y="12126" Z="0"/>
					<Vertex X="49805" Y="12126" Z="0"/>
					<Vertex X="49782" Y="12102" Z="0"/>
					<Vertex X="49689" Y="12010" Z="0"/>
					<Vertex X="49619" Y="11963" Z="0"/>
					<Vertex X="49549" Y="11893" Z="0"/>
					<Vertex X="49480" Y="11824" Z="0"/>
					<Vertex X="49410" Y="11754" Z="0"/>
					<Vertex X="49387" Y="11731" Z="0"/>
					<Vertex X="49364" Y="11708" Z="0"/>
					<Vertex X="49340" Y="11684" Z="0"/>
					<Vertex X="49317" Y="11684" Z="0"/>
					<Vertex X="49317" Y="11661" Z="0"/>
					<Vertex X="49294" Y="11661" Z="0"/>
					<Vertex X="49271" Y="11638" Z="0"/>
					<Vertex X="49247" Y="11615" Z="0"/>
					<Vertex X="49224" Y="11591" Z="0"/>
					<Vertex X="49224" Y="11568" Z="0"/>
					<Vertex X="49201" Y="11568" Z="0"/>
					<Vertex X="49178" Y="11545" Z="0"/>
					<Vertex X="49062" Y="11475" Z="0"/>
					<Vertex X="48969" Y="11429" Z="0"/>
					<Vertex X="48853" Y="11382" Z="0"/>
					<Vertex X="48643" Y="11243" Z="0"/>
					<Vertex X="48574" Y="11220" Z="0"/>
					<Vertex X="48527" Y="11196" Z="0"/>
					<Vertex X="48527" Y="11173" Z="0"/>
					<Vertex X="48504" Y="11173" Z="0"/>
					<Vertex X="48434" Y="11127" Z="0"/>
				</Vertices>
			</Region>
		</Regions>
		<Plots/>
	</Annotation>
</Annotations>
