<Annotations MicronsPerPixel="0.252700">
	<Annotation Id="1" Name="" ReadOnly="0" NameReadOnly="0" LineColorReadOnly="0" Incremental="0" Type="4" LineColor="65535" Visible="1" Selected="1" MarkupImagePath="" MacroName="">
		<Attributes/>
		<Regions>
			<RegionAttributeHeaders/>
			<Region Id="1" Type="0" Zoom="0.050000" Selected="1" ImageLocation="" ImageFocus="-1" Length="29843.4" Area="58106957.0" LengthMicrons="7541.4" AreaMicrons="3710552.8" Text="" NegativeROA="0" InputRegionId="0" Analyze="1" DisplayId="1">
				<Attributes/>
				<Vertices>
					<Vertex X="71469" Y="10645" Z="0"/>
					<Vertex X="71429" Y="10625" Z="0"/>
					<Vertex X="71469" Y="10664" Z="0"/>
					<Vertex X="71488" Y="10664" Z="0"/>
					<Vertex X="71488" Y="10684" Z="0"/>
					<Vertex X="71508" Y="10684" Z="0"/>
					<Vertex X="71508" Y="10704" Z="0"/>
					<Vertex X="71528" Y="10704" Z="0"/>
					<Vertex X="71528" Y="10724" Z="0"/>
					<Vertex X="71548" Y="10724" Z="0"/>
					<Vertex X="71567" Y="10744" Z="0"/>
					<Vertex X="71587" Y="10744" Z="0"/>
					<Vertex X="71627" Y="10763" Z="0"/>
					<Vertex X="71647" Y="10763" Z="0"/>
					<Vertex X="71666" Y="10783" Z="0"/>
					<Vertex X="71686" Y="10783" Z="0"/>
					<Vertex X="71686" Y="10763" Z="0"/>
					<Vertex X="71746" Y="10803" Z="0"/>
					<Vertex X="71765" Y="10823" Z="0"/>
					<Vertex X="71785" Y="10823" Z="0"/>
					<Vertex X="71805" Y="10842" Z="0"/>
					<Vertex X="71825" Y="10842" Z="0"/>
					<Vertex X="71864" Y="10862" Z="0"/>
					<Vertex X="71884" Y="10862" Z="0"/>
					<Vertex X="71904" Y="10882" Z="0"/>
					<Vertex X="71943" Y="10902" Z="0"/>
					<Vertex X="71963" Y="10922" Z="0"/>
					<Vertex X="72003" Y="10922" Z="0"/>
					<Vertex X="72042" Y="10941" Z="0"/>
					<Vertex X="72082" Y="10961" Z="0"/>
					<Vertex X="72121" Y="10981" Z="0"/>
					<Vertex X="72181" Y="11021" Z="0"/>
					<Vertex X="72240" Y="11040" Z="0"/>
					<Vertex X="72280" Y="11080" Z="0"/>
					<Vertex X="72300" Y="11080" Z="0"/>
					<Vertex X="72399" Y="11159" Z="0"/>
					<Vertex X="72418" Y="11179" Z="0"/>
					<Vertex X="72478" Y="11218" Z="0"/>
					<Vertex X="72497" Y="11218" Z="0"/>
					<Vertex X="72517" Y="11218" Z="0"/>
					<Vertex X="72557" Y="11258" Z="0"/>
					<Vertex X="72596" Y="11298" Z="0"/>
					<Vertex X="73230" Y="11990" Z="0"/>
					<Vertex X="73249" Y="12010" Z="0"/>
					<Vertex X="73289" Y="12030" Z="0"/>
					<Vertex X="73328" Y="12049" Z="0"/>
					<Vertex X="73348" Y="12069" Z="0"/>
					<Vertex X="73388" Y="12089" Z="0"/>
					<Vertex X="73408" Y="12109" Z="0"/>
					<Vertex X="73427" Y="12129" Z="0"/>
					<Vertex X="73507" Y="12208" Z="0"/>
					<Vertex X="73507" Y="12228" Z="0"/>
					<Vertex X="73546" Y="12287" Z="0"/>
					<Vertex X="73625" Y="12386" Z="0"/>
					<Vertex X="73665" Y="12445" Z="0"/>
					<Vertex X="73704" Y="12505" Z="0"/>
					<Vertex X="73744" Y="12564" Z="0"/>
					<Vertex X="73744" Y="12584" Z="0"/>
					<Vertex X="73764" Y="12584" Z="0"/>
					<Vertex X="73784" Y="12584" Z="0"/>
					<Vertex X="73843" Y="12623" Z="0"/>
					<Vertex X="73902" Y="12663" Z="0"/>
					<Vertex X="73962" Y="12702" Z="0"/>
					<Vertex X="74001" Y="12742" Z="0"/>
					<Vertex X="74061" Y="12801" Z="0"/>
					<Vertex X="74120" Y="12861" Z="0"/>
					<Vertex X="74140" Y="12861" Z="0"/>
					<Vertex X="74219" Y="12940" Z="0"/>
					<Vertex X="74258" Y="12999" Z="0"/>
					<Vertex X="74318" Y="13039" Z="0"/>
					<Vertex X="74357" Y="13078" Z="0"/>
					<Vertex X="74397" Y="13118" Z="0"/>
					<Vertex X="74417" Y="13138" Z="0"/>
					<Vertex X="74476" Y="13177" Z="0"/>
					<Vertex X="74496" Y="13217" Z="0"/>
					<Vertex X="74516" Y="13237" Z="0"/>
					<Vertex X="74555" Y="13276" Z="0"/>
					<Vertex X="74575" Y="13296" Z="0"/>
					<Vertex X="74595" Y="13296" Z="0"/>
					<Vertex X="74634" Y="13336" Z="0"/>
					<Vertex X="74674" Y="13375" Z="0"/>
					<Vertex X="74694" Y="13375" Z="0"/>
					<Vertex X="74733" Y="13415" Z="0"/>
					<Vertex X="74773" Y="13454" Z="0"/>
					<Vertex X="74812" Y="13494" Z="0"/>
					<Vertex X="74852" Y="13514" Z="0"/>
					<Vertex X="74892" Y="13553" Z="0"/>
					<Vertex X="74911" Y="13573" Z="0"/>
					<Vertex X="74951" Y="13613" Z="0"/>
					<Vertex X="74991" Y="13672" Z="0"/>
					<Vertex X="75050" Y="13751" Z="0"/>
					<Vertex X="75109" Y="13791" Z="0"/>
					<Vertex X="75129" Y="13830" Z="0"/>
					<Vertex X="75129" Y="13850" Z="0"/>
					<Vertex X="75208" Y="13949" Z="0"/>
					<Vertex X="75248" Y="14008" Z="0"/>
					<Vertex X="75268" Y="14087" Z="0"/>
					<Vertex X="75287" Y="14107" Z="0"/>
					<Vertex X="75287" Y="14147" Z="0"/>
					<Vertex X="75347" Y="14206" Z="0"/>
					<Vertex X="75366" Y="14246" Z="0"/>
					<Vertex X="75366" Y="14285" Z="0"/>
					<Vertex X="75406" Y="14364" Z="0"/>
					<Vertex X="75386" Y="14404" Z="0"/>
					<Vertex X="75446" Y="14523" Z="0"/>
					<Vertex X="75485" Y="14622" Z="0"/>
					<Vertex X="75505" Y="14701" Z="0"/>
					<Vertex X="75545" Y="14800" Z="0"/>
					<Vertex X="75545" Y="14879" Z="0"/>
					<Vertex X="75564" Y="14899" Z="0"/>
					<Vertex X="75584" Y="14899" Z="0"/>
					<Vertex X="75584" Y="14918" Z="0"/>
					<Vertex X="75584" Y="14938" Z="0"/>
					<Vertex X="75545" Y="14918" Z="0"/>
					<Vertex X="75584" Y="14978" Z="0"/>
					<Vertex X="75564" Y="14998" Z="0"/>
					<Vertex X="75564" Y="15057" Z="0"/>
					<Vertex X="75564" Y="15097" Z="0"/>
					<Vertex X="75545" Y="15136" Z="0"/>
					<Vertex X="75545" Y="15215" Z="0"/>
					<Vertex X="75505" Y="15314" Z="0"/>
					<Vertex X="75465" Y="15294" Z="0"/>
					<Vertex X="75505" Y="15354" Z="0"/>
					<Vertex X="75446" Y="15374" Z="0"/>
					<Vertex X="75485" Y="15472" Z="0"/>
					<Vertex X="75485" Y="15512" Z="0"/>
					<Vertex X="75485" Y="15571" Z="0"/>
					<Vertex X="75426" Y="15591" Z="0"/>
					<Vertex X="75465" Y="15710" Z="0"/>
					<Vertex X="75465" Y="15769" Z="0"/>
					<Vertex X="75426" Y="15789" Z="0"/>
					<Vertex X="75446" Y="15928" Z="0"/>
					<Vertex X="75406" Y="15928" Z="0"/>
					<Vertex X="75426" Y="16027" Z="0"/>
					<Vertex X="75426" Y="16125" Z="0"/>
					<Vertex X="75406" Y="16145" Z="0"/>
					<Vertex X="75347" Y="16205" Z="0"/>
					<Vertex X="75347" Y="16343" Z="0"/>
					<Vertex X="75327" Y="16422" Z="0"/>
					<Vertex X="75287" Y="16541" Z="0"/>
					<Vertex X="75248" Y="16640" Z="0"/>
					<Vertex X="75169" Y="16719" Z="0"/>
					<Vertex X="75188" Y="16838" Z="0"/>
					<Vertex X="75089" Y="16897" Z="0"/>
					<Vertex X="75089" Y="17016" Z="0"/>
					<Vertex X="75070" Y="17055" Z="0"/>
					<Vertex X="75010" Y="17154" Z="0"/>
					<Vertex X="75010" Y="17174" Z="0"/>
					<Vertex X="74971" Y="17233" Z="0"/>
					<Vertex X="74951" Y="17273" Z="0"/>
					<Vertex X="74892" Y="17352" Z="0"/>
					<Vertex X="74852" Y="17352" Z="0"/>
					<Vertex X="74852" Y="17451" Z="0"/>
					<Vertex X="74832" Y="17510" Z="0"/>
					<Vertex X="74793" Y="17530" Z="0"/>
					<Vertex X="74753" Y="17609" Z="0"/>
					<Vertex X="74694" Y="17590" Z="0"/>
					<Vertex X="74694" Y="17689" Z="0"/>
					<Vertex X="74634" Y="17748" Z="0"/>
					<Vertex X="74575" Y="17728" Z="0"/>
					<Vertex X="74555" Y="17787" Z="0"/>
					<Vertex X="74516" Y="17827" Z="0"/>
					<Vertex X="74476" Y="17867" Z="0"/>
					<Vertex X="74456" Y="17867" Z="0"/>
					<Vertex X="74397" Y="17926" Z="0"/>
					<Vertex X="74377" Y="17926" Z="0"/>
					<Vertex X="74357" Y="17966" Z="0"/>
					<Vertex X="74318" Y="17985" Z="0"/>
					<Vertex X="74239" Y="17966" Z="0"/>
					<Vertex X="74179" Y="18005" Z="0"/>
					<Vertex X="74179" Y="18064" Z="0"/>
					<Vertex X="74100" Y="18045" Z="0"/>
					<Vertex X="74080" Y="18104" Z="0"/>
					<Vertex X="74021" Y="18124" Z="0"/>
					<Vertex X="73962" Y="18144" Z="0"/>
					<Vertex X="73942" Y="18144" Z="0"/>
					<Vertex X="73803" Y="18144" Z="0"/>
					<Vertex X="73803" Y="18183" Z="0"/>
					<Vertex X="73744" Y="18203" Z="0"/>
					<Vertex X="73685" Y="18223" Z="0"/>
					<Vertex X="73605" Y="18223" Z="0"/>
					<Vertex X="73526" Y="18243" Z="0"/>
					<Vertex X="73447" Y="18262" Z="0"/>
					<Vertex X="73368" Y="18262" Z="0"/>
					<Vertex X="73309" Y="18262" Z="0"/>
					<Vertex X="73269" Y="18262" Z="0"/>
					<Vertex X="73230" Y="18262" Z="0"/>
					<Vertex X="73230" Y="18282" Z="0"/>
					<Vertex X="73170" Y="18322" Z="0"/>
					<Vertex X="73111" Y="18361" Z="0"/>
					<Vertex X="73051" Y="18401" Z="0"/>
					<Vertex X="72972" Y="18421" Z="0"/>
					<Vertex X="72873" Y="18460" Z="0"/>
					<Vertex X="72794" Y="18500" Z="0"/>
					<Vertex X="72735" Y="18520" Z="0"/>
					<Vertex X="72616" Y="18500" Z="0"/>
					<Vertex X="72636" Y="18539" Z="0"/>
					<Vertex X="72577" Y="18559" Z="0"/>
					<Vertex X="72537" Y="18579" Z="0"/>
					<Vertex X="72478" Y="18599" Z="0"/>
					<Vertex X="72438" Y="18599" Z="0"/>
					<Vertex X="72399" Y="18619" Z="0"/>
					<Vertex X="72319" Y="18599" Z="0"/>
					<Vertex X="72319" Y="18658" Z="0"/>
					<Vertex X="72300" Y="18658" Z="0"/>
					<Vertex X="72260" Y="18678" Z="0"/>
					<Vertex X="72220" Y="18698" Z="0"/>
					<Vertex X="72181" Y="18717" Z="0"/>
					<Vertex X="72082" Y="18698" Z="0"/>
					<Vertex X="72062" Y="18757" Z="0"/>
					<Vertex X="72003" Y="18777" Z="0"/>
					<Vertex X="71943" Y="18777" Z="0"/>
					<Vertex X="71884" Y="18797" Z="0"/>
					<Vertex X="71785" Y="18816" Z="0"/>
					<Vertex X="71706" Y="18777" Z="0"/>
					<Vertex X="71706" Y="18836" Z="0"/>
					<Vertex X="71686" Y="18836" Z="0"/>
					<Vertex X="71607" Y="18876" Z="0"/>
					<Vertex X="71548" Y="18896" Z="0"/>
					<Vertex X="71469" Y="18915" Z="0"/>
					<Vertex X="71409" Y="18935" Z="0"/>
					<Vertex X="71330" Y="18955" Z="0"/>
					<Vertex X="71271" Y="18975" Z="0"/>
					<Vertex X="71211" Y="18975" Z="0"/>
					<Vertex X="71172" Y="18975" Z="0"/>
					<Vertex X="71053" Y="18935" Z="0"/>
					<Vertex X="70974" Y="18935" Z="0"/>
					<Vertex X="70915" Y="18975" Z="0"/>
					<Vertex X="70875" Y="18975" Z="0"/>
					<Vertex X="70796" Y="18975" Z="0"/>
					<Vertex X="70598" Y="18915" Z="0"/>
					<Vertex X="70558" Y="18935" Z="0"/>
					<Vertex X="70479" Y="18935" Z="0"/>
					<Vertex X="70420" Y="18915" Z="0"/>
					<Vertex X="70301" Y="18896" Z="0"/>
					<Vertex X="70222" Y="18836" Z="0"/>
					<Vertex X="70182" Y="18856" Z="0"/>
					<Vertex X="70103" Y="18836" Z="0"/>
					<Vertex X="70064" Y="18816" Z="0"/>
					<Vertex X="69985" Y="18797" Z="0"/>
					<Vertex X="69925" Y="18797" Z="0"/>
					<Vertex X="69767" Y="18737" Z="0"/>
					<Vertex X="69767" Y="18777" Z="0"/>
					<Vertex X="69727" Y="18777" Z="0"/>
					<Vertex X="69609" Y="18717" Z="0"/>
					<Vertex X="69490" Y="18698" Z="0"/>
					<Vertex X="69431" Y="18678" Z="0"/>
					<Vertex X="69431" Y="18717" Z="0"/>
					<Vertex X="69351" Y="18698" Z="0"/>
					<Vertex X="69233" Y="18658" Z="0"/>
					<Vertex X="69193" Y="18678" Z="0"/>
					<Vertex X="69114" Y="18658" Z="0"/>
					<Vertex X="69055" Y="18658" Z="0"/>
					<Vertex X="68975" Y="18638" Z="0"/>
					<Vertex X="68916" Y="18619" Z="0"/>
					<Vertex X="68877" Y="18599" Z="0"/>
					<Vertex X="68837" Y="18579" Z="0"/>
					<Vertex X="68778" Y="18559" Z="0"/>
					<Vertex X="68698" Y="18539" Z="0"/>
					<Vertex X="68639" Y="18520" Z="0"/>
					<Vertex X="68520" Y="18440" Z="0"/>
					<Vertex X="68481" Y="18440" Z="0"/>
					<Vertex X="68402" Y="18421" Z="0"/>
					<Vertex X="68323" Y="18381" Z="0"/>
					<Vertex X="68263" Y="18361" Z="0"/>
					<Vertex X="68164" Y="18361" Z="0"/>
					<Vertex X="68125" Y="18342" Z="0"/>
					<Vertex X="68026" Y="18282" Z="0"/>
					<Vertex X="67986" Y="18302" Z="0"/>
					<Vertex X="67907" Y="18282" Z="0"/>
					<Vertex X="67848" Y="18262" Z="0"/>
					<Vertex X="67788" Y="18223" Z="0"/>
					<Vertex X="67709" Y="18203" Z="0"/>
					<Vertex X="67630" Y="18144" Z="0"/>
					<Vertex X="67610" Y="18144" Z="0"/>
					<Vertex X="67551" Y="18124" Z="0"/>
					<Vertex X="67511" Y="18084" Z="0"/>
					<Vertex X="67432" Y="18005" Z="0"/>
					<Vertex X="67373" Y="17966" Z="0"/>
					<Vertex X="67333" Y="17926" Z="0"/>
					<Vertex X="67313" Y="17886" Z="0"/>
					<Vertex X="67254" Y="17847" Z="0"/>
					<Vertex X="67214" Y="17827" Z="0"/>
					<Vertex X="67175" Y="17807" Z="0"/>
					<Vertex X="67135" Y="17787" Z="0"/>
					<Vertex X="67096" Y="17768" Z="0"/>
					<Vertex X="67076" Y="17748" Z="0"/>
					<Vertex X="67036" Y="17689" Z="0"/>
					<Vertex X="67017" Y="17629" Z="0"/>
					<Vertex X="66997" Y="17590" Z="0"/>
					<Vertex X="66957" Y="17530" Z="0"/>
					<Vertex X="66957" Y="17491" Z="0"/>
					<Vertex X="66918" Y="17352" Z="0"/>
					<Vertex X="66898" Y="17313" Z="0"/>
					<Vertex X="66858" Y="17233" Z="0"/>
					<Vertex X="66799" Y="17055" Z="0"/>
					<Vertex X="66740" Y="16956" Z="0"/>
					<Vertex X="66700" Y="16858" Z="0"/>
					<Vertex X="66641" Y="16719" Z="0"/>
					<Vertex X="66601" Y="16561" Z="0"/>
					<Vertex X="66562" Y="16422" Z="0"/>
					<Vertex X="66542" Y="16304" Z="0"/>
					<Vertex X="66522" Y="16244" Z="0"/>
					<Vertex X="66522" Y="16145" Z="0"/>
					<Vertex X="66522" Y="16046" Z="0"/>
					<Vertex X="66482" Y="15928" Z="0"/>
					<Vertex X="66522" Y="15888" Z="0"/>
					<Vertex X="66522" Y="15829" Z="0"/>
					<Vertex X="66522" Y="15769" Z="0"/>
					<Vertex X="66522" Y="15730" Z="0"/>
					<Vertex X="66522" Y="15670" Z="0"/>
					<Vertex X="66522" Y="15611" Z="0"/>
					<Vertex X="66522" Y="15552" Z="0"/>
					<Vertex X="66542" Y="15512" Z="0"/>
					<Vertex X="66542" Y="15453" Z="0"/>
					<Vertex X="66542" Y="15393" Z="0"/>
					<Vertex X="66542" Y="15374" Z="0"/>
					<Vertex X="66542" Y="15334" Z="0"/>
					<Vertex X="66542" Y="15255" Z="0"/>
					<Vertex X="66562" Y="15195" Z="0"/>
					<Vertex X="66542" Y="15017" Z="0"/>
					<Vertex X="66581" Y="14978" Z="0"/>
					<Vertex X="66581" Y="14938" Z="0"/>
					<Vertex X="66621" Y="14839" Z="0"/>
					<Vertex X="66621" Y="14800" Z="0"/>
					<Vertex X="66660" Y="14721" Z="0"/>
					<Vertex X="66680" Y="14622" Z="0"/>
					<Vertex X="66720" Y="14543" Z="0"/>
					<Vertex X="66720" Y="14404" Z="0"/>
					<Vertex X="66740" Y="14364" Z="0"/>
					<Vertex X="66819" Y="14364" Z="0"/>
					<Vertex X="66839" Y="14305" Z="0"/>
					<Vertex X="66839" Y="14266" Z="0"/>
					<Vertex X="66799" Y="14167" Z="0"/>
					<Vertex X="66839" Y="14167" Z="0"/>
					<Vertex X="66839" Y="14107" Z="0"/>
					<Vertex X="66819" Y="14028" Z="0"/>
					<Vertex X="66819" Y="13989" Z="0"/>
					<Vertex X="66878" Y="14008" Z="0"/>
					<Vertex X="66918" Y="13909" Z="0"/>
					<Vertex X="66937" Y="13870" Z="0"/>
					<Vertex X="66957" Y="13791" Z="0"/>
					<Vertex X="66977" Y="13712" Z="0"/>
					<Vertex X="66997" Y="13652" Z="0"/>
					<Vertex X="67017" Y="13573" Z="0"/>
					<Vertex X="67017" Y="13514" Z="0"/>
					<Vertex X="67036" Y="13415" Z="0"/>
					<Vertex X="67036" Y="13355" Z="0"/>
					<Vertex X="67036" Y="13316" Z="0"/>
					<Vertex X="67017" Y="13217" Z="0"/>
					<Vertex X="67036" Y="13118" Z="0"/>
					<Vertex X="67096" Y="13138" Z="0"/>
					<Vertex X="67116" Y="13078" Z="0"/>
					<Vertex X="67135" Y="12999" Z="0"/>
					<Vertex X="67155" Y="12920" Z="0"/>
					<Vertex X="67175" Y="12880" Z="0"/>
					<Vertex X="67195" Y="12801" Z="0"/>
					<Vertex X="67234" Y="12663" Z="0"/>
					<Vertex X="67254" Y="12623" Z="0"/>
					<Vertex X="67274" Y="12465" Z="0"/>
					<Vertex X="67353" Y="12425" Z="0"/>
					<Vertex X="67393" Y="12366" Z="0"/>
					<Vertex X="67452" Y="12247" Z="0"/>
					<Vertex X="67531" Y="12148" Z="0"/>
					<Vertex X="67590" Y="12069" Z="0"/>
					<Vertex X="67670" Y="11931" Z="0"/>
					<Vertex X="67769" Y="11792" Z="0"/>
					<Vertex X="67788" Y="11753" Z="0"/>
					<Vertex X="67848" Y="11674" Z="0"/>
					<Vertex X="67907" Y="11515" Z="0"/>
					<Vertex X="68006" Y="11495" Z="0"/>
					<Vertex X="67986" Y="11416" Z="0"/>
					<Vertex X="68006" Y="11416" Z="0"/>
					<Vertex X="68046" Y="11456" Z="0"/>
					<Vertex X="68065" Y="11416" Z="0"/>
					<Vertex X="68105" Y="11377" Z="0"/>
					<Vertex X="68105" Y="11317" Z="0"/>
					<Vertex X="68164" Y="11278" Z="0"/>
					<Vertex X="68243" Y="11278" Z="0"/>
					<Vertex X="68283" Y="11238" Z="0"/>
					<Vertex X="68342" Y="11199" Z="0"/>
					<Vertex X="68402" Y="11159" Z="0"/>
					<Vertex X="68461" Y="11120" Z="0"/>
					<Vertex X="68560" Y="11080" Z="0"/>
					<Vertex X="68639" Y="11040" Z="0"/>
					<Vertex X="68698" Y="11001" Z="0"/>
					<Vertex X="68778" Y="10961" Z="0"/>
					<Vertex X="68896" Y="10902" Z="0"/>
					<Vertex X="68975" Y="10803" Z="0"/>
					<Vertex X="69055" Y="10763" Z="0"/>
					<Vertex X="69173" Y="10763" Z="0"/>
					<Vertex X="69213" Y="10763" Z="0"/>
					<Vertex X="69252" Y="10744" Z="0"/>
					<Vertex X="69332" Y="10724" Z="0"/>
					<Vertex X="69391" Y="10704" Z="0"/>
					<Vertex X="69450" Y="10684" Z="0"/>
					<Vertex X="69529" Y="10684" Z="0"/>
					<Vertex X="69589" Y="10625" Z="0"/>
					<Vertex X="69727" Y="10645" Z="0"/>
					<Vertex X="69806" Y="10625" Z="0"/>
					<Vertex X="69925" Y="10605" Z="0"/>
					<Vertex X="70064" Y="10585" Z="0"/>
					<Vertex X="70163" Y="10565" Z="0"/>
					<Vertex X="70202" Y="10565" Z="0"/>
					<Vertex X="70361" Y="10546" Z="0"/>
					<Vertex X="70459" Y="10526" Z="0"/>
					<Vertex X="70558" Y="10506" Z="0"/>
					<Vertex X="70657" Y="10506" Z="0"/>
					<Vertex X="70756" Y="10467" Z="0"/>
					<Vertex X="70816" Y="10506" Z="0"/>
					<Vertex X="70875" Y="10467" Z="0"/>
					<Vertex X="70954" Y="10506" Z="0"/>
					<Vertex X="71013" Y="10506" Z="0"/>
					<Vertex X="71013" Y="10467" Z="0"/>
					<Vertex X="71093" Y="10506" Z="0"/>
					<Vertex X="71132" Y="10506" Z="0"/>
					<Vertex X="71152" Y="10506" Z="0"/>
					<Vertex X="71152" Y="10467" Z="0"/>
					<Vertex X="71211" Y="10506" Z="0"/>
					<Vertex X="71231" Y="10506" Z="0"/>
					<Vertex X="71469" Y="10645" Z="0"/>
				</Vertices>
			</Region>
		</Regions>
		<Plots/>
	</Annotation>
</Annotations>
