<Annotations MicronsPerPixel="0.252700">
	<Annotation Id="1" Name="" ReadOnly="0" NameReadOnly="0" LineColorReadOnly="0" Incremental="0" Type="4" LineColor="65280" Visible="1" Selected="1" MarkupImagePath="" MacroName="">
		<Attributes/>
		<Regions>
			<RegionAttributeHeaders/>
			<Region Id="1" Type="0" Zoom="0.007920" Selected="0" ImageLocation="" ImageFocus="-1" Length="197064.2" Area="1159150899.5" LengthMicrons="49798.1" AreaMicrons="74020235.7" Text="" NegativeROA="0" InputRegionId="0" Analyze="1" DisplayId="1">
				<Attributes/>
				<Vertices>
					<Vertex X="17113" Y="21860" Z="0"/>
					<Vertex X="16739" Y="21860" Z="0"/>
					<Vertex X="15989" Y="21985" Z="0"/>
					<Vertex X="15739" Y="21985" Z="0"/>
					<Vertex X="14990" Y="21860" Z="0"/>
					<Vertex X="14740" Y="22235" Z="0"/>
					<Vertex X="14365" Y="21985" Z="0"/>
					<Vertex X="13991" Y="22235" Z="0"/>
					<Vertex X="13366" Y="22360" Z="0"/>
					<Vertex X="12866" Y="22360" Z="0"/>
					<Vertex X="12367" Y="22485" Z="0"/>
					<Vertex X="11867" Y="22610" Z="0"/>
					<Vertex X="11742" Y="22610" Z="0"/>
					<Vertex X="11242" Y="22735" Z="0"/>
					<Vertex X="11117" Y="22985" Z="0"/>
					<Vertex X="10868" Y="23109" Z="0"/>
					<Vertex X="10743" Y="23359" Z="0"/>
					<Vertex X="10618" Y="23609" Z="0"/>
					<Vertex X="10493" Y="23984" Z="0"/>
					<Vertex X="10368" Y="24234" Z="0"/>
					<Vertex X="10243" Y="24608" Z="0"/>
					<Vertex X="10118" Y="25483" Z="0"/>
					<Vertex X="9743" Y="25733" Z="0"/>
					<Vertex X="9993" Y="26607" Z="0"/>
					<Vertex X="9868" Y="27107" Z="0"/>
					<Vertex X="9743" Y="27357" Z="0"/>
					<Vertex X="9743" Y="27731" Z="0"/>
					<Vertex X="9618" Y="28106" Z="0"/>
					<Vertex X="9618" Y="28606" Z="0"/>
					<Vertex X="9618" Y="28856" Z="0"/>
					<Vertex X="9618" Y="29355" Z="0"/>
					<Vertex X="9618" Y="29480" Z="0"/>
					<Vertex X="9494" Y="30105" Z="0"/>
					<Vertex X="9494" Y="30355" Z="0"/>
					<Vertex X="9494" Y="31104" Z="0"/>
					<Vertex X="9494" Y="31354" Z="0"/>
					<Vertex X="9244" Y="31479" Z="0"/>
					<Vertex X="9494" Y="32228" Z="0"/>
					<Vertex X="9494" Y="32603" Z="0"/>
					<Vertex X="9618" Y="32978" Z="0"/>
					<Vertex X="9743" Y="33353" Z="0"/>
					<Vertex X="9868" Y="33727" Z="0"/>
					<Vertex X="9618" Y="33727" Z="0"/>
					<Vertex X="10118" Y="34477" Z="0"/>
					<Vertex X="9993" Y="34477" Z="0"/>
					<Vertex X="10368" Y="34977" Z="0"/>
					<Vertex X="10618" Y="35601" Z="0"/>
					<Vertex X="10743" Y="36101" Z="0"/>
					<Vertex X="10993" Y="36476" Z="0"/>
					<Vertex X="10743" Y="36476" Z="0"/>
					<Vertex X="11242" Y="37350" Z="0"/>
					<Vertex X="11242" Y="37475" Z="0"/>
					<Vertex X="11367" Y="37725" Z="0"/>
					<Vertex X="11367" Y="37850" Z="0"/>
					<Vertex X="11367" Y="38224" Z="0"/>
					<Vertex X="11117" Y="38349" Z="0"/>
					<Vertex X="11367" Y="38849" Z="0"/>
					<Vertex X="11117" Y="39099" Z="0"/>
					<Vertex X="11492" Y="39973" Z="0"/>
					<Vertex X="11492" Y="40473" Z="0"/>
					<Vertex X="11242" Y="40723" Z="0"/>
					<Vertex X="11492" Y="41472" Z="0"/>
					<Vertex X="11492" Y="41847" Z="0"/>
					<Vertex X="11492" Y="42222" Z="0"/>
					<Vertex X="11492" Y="42596" Z="0"/>
					<Vertex X="11492" Y="42721" Z="0"/>
					<Vertex X="11242" Y="42971" Z="0"/>
					<Vertex X="11492" Y="43346" Z="0"/>
					<Vertex X="11492" Y="43721" Z="0"/>
					<Vertex X="11242" Y="43846" Z="0"/>
					<Vertex X="11492" Y="44345" Z="0"/>
					<Vertex X="11242" Y="44220" Z="0"/>
					<Vertex X="11492" Y="44970" Z="0"/>
					<Vertex X="11242" Y="44845" Z="0"/>
					<Vertex X="11492" Y="45469" Z="0"/>
					<Vertex X="11367" Y="46094" Z="0"/>
					<Vertex X="11367" Y="46469" Z="0"/>
					<Vertex X="11242" Y="46844" Z="0"/>
					<Vertex X="11117" Y="47218" Z="0"/>
					<Vertex X="11117" Y="47343" Z="0"/>
					<Vertex X="11117" Y="47468" Z="0"/>
					<Vertex X="10868" Y="47343" Z="0"/>
					<Vertex X="10868" Y="47468" Z="0"/>
					<Vertex X="11117" Y="47843" Z="0"/>
					<Vertex X="10743" Y="47843" Z="0"/>
					<Vertex X="10993" Y="48592" Z="0"/>
					<Vertex X="10618" Y="48717" Z="0"/>
					<Vertex X="10868" Y="49342" Z="0"/>
					<Vertex X="10743" Y="49966" Z="0"/>
					<Vertex X="10743" Y="50466" Z="0"/>
					<Vertex X="10743" Y="51091" Z="0"/>
					<Vertex X="10743" Y="51590" Z="0"/>
					<Vertex X="10743" Y="52090" Z="0"/>
					<Vertex X="10743" Y="52465" Z="0"/>
					<Vertex X="10743" Y="52840" Z="0"/>
					<Vertex X="10743" Y="53089" Z="0"/>
					<Vertex X="10743" Y="53339" Z="0"/>
					<Vertex X="10743" Y="53714" Z="0"/>
					<Vertex X="10743" Y="54339" Z="0"/>
					<Vertex X="10743" Y="54713" Z="0"/>
					<Vertex X="10743" Y="54838" Z="0"/>
					<Vertex X="10743" Y="55088" Z="0"/>
					<Vertex X="10493" Y="54963" Z="0"/>
					<Vertex X="10743" Y="55338" Z="0"/>
					<Vertex X="10743" Y="55463" Z="0"/>
					<Vertex X="10868" Y="55713" Z="0"/>
					<Vertex X="10993" Y="55838" Z="0"/>
					<Vertex X="10993" Y="55962" Z="0"/>
					<Vertex X="11242" Y="56087" Z="0"/>
					<Vertex X="11617" Y="56462" Z="0"/>
					<Vertex X="11867" Y="56587" Z="0"/>
					<Vertex X="11992" Y="56712" Z="0"/>
					<Vertex X="12242" Y="56837" Z="0"/>
					<Vertex X="12492" Y="56712" Z="0"/>
					<Vertex X="12991" Y="57087" Z="0"/>
					<Vertex X="13241" Y="57087" Z="0"/>
					<Vertex X="13366" Y="57087" Z="0"/>
					<Vertex X="13366" Y="56962" Z="0"/>
					<Vertex X="13866" Y="57212" Z="0"/>
					<Vertex X="13741" Y="56962" Z="0"/>
					<Vertex X="14115" Y="57212" Z="0"/>
					<Vertex X="14115" Y="56962" Z="0"/>
					<Vertex X="14490" Y="57212" Z="0"/>
					<Vertex X="14615" Y="57212" Z="0"/>
					<Vertex X="14740" Y="57212" Z="0"/>
					<Vertex X="14740" Y="57087" Z="0"/>
					<Vertex X="15115" Y="57087" Z="0"/>
					<Vertex X="15490" Y="57337" Z="0"/>
					<Vertex X="15614" Y="57461" Z="0"/>
					<Vertex X="15739" Y="57461" Z="0"/>
					<Vertex X="15739" Y="57212" Z="0"/>
					<Vertex X="16239" Y="57461" Z="0"/>
					<Vertex X="16489" Y="57586" Z="0"/>
					<Vertex X="16864" Y="57586" Z="0"/>
					<Vertex X="17238" Y="57586" Z="0"/>
					<Vertex X="17613" Y="57586" Z="0"/>
					<Vertex X="17988" Y="57586" Z="0"/>
					<Vertex X="17988" Y="57461" Z="0"/>
					<Vertex X="18363" Y="57711" Z="0"/>
					<Vertex X="18488" Y="57461" Z="0"/>
					<Vertex X="18987" Y="57711" Z="0"/>
					<Vertex X="19237" Y="57711" Z="0"/>
					<Vertex X="19612" Y="57711" Z="0"/>
					<Vertex X="19737" Y="57711" Z="0"/>
					<Vertex X="20111" Y="57711" Z="0"/>
					<Vertex X="20361" Y="57711" Z="0"/>
					<Vertex X="20486" Y="57711" Z="0"/>
					<Vertex X="20736" Y="57711" Z="0"/>
					<Vertex X="20861" Y="57586" Z="0"/>
					<Vertex X="20986" Y="57586" Z="0"/>
					<Vertex X="21111" Y="57461" Z="0"/>
					<Vertex X="21236" Y="57337" Z="0"/>
					<Vertex X="21361" Y="57212" Z="0"/>
					<Vertex X="21486" Y="57087" Z="0"/>
					<Vertex X="21236" Y="56712" Z="0"/>
					<Vertex X="21610" Y="56837" Z="0"/>
					<Vertex X="21610" Y="56712" Z="0"/>
					<Vertex X="21361" Y="56337" Z="0"/>
					<Vertex X="21735" Y="56337" Z="0"/>
					<Vertex X="21486" Y="56087" Z="0"/>
					<Vertex X="21735" Y="56212" Z="0"/>
					<Vertex X="21735" Y="56087" Z="0"/>
					<Vertex X="21860" Y="55838" Z="0"/>
					<Vertex X="21860" Y="55713" Z="0"/>
					<Vertex X="21610" Y="55338" Z="0"/>
					<Vertex X="21860" Y="55463" Z="0"/>
					<Vertex X="21860" Y="55338" Z="0"/>
					<Vertex X="21610" Y="54963" Z="0"/>
					<Vertex X="21860" Y="54963" Z="0"/>
					<Vertex X="21860" Y="54838" Z="0"/>
					<Vertex X="21860" Y="54588" Z="0"/>
					<Vertex X="21860" Y="54214" Z="0"/>
					<Vertex X="21610" Y="53839" Z="0"/>
					<Vertex X="21860" Y="53589" Z="0"/>
					<Vertex X="21860" Y="53214" Z="0"/>
					<Vertex X="21860" Y="52964" Z="0"/>
					<Vertex X="21860" Y="52840" Z="0"/>
					<Vertex X="21610" Y="52465" Z="0"/>
					<Vertex X="21860" Y="52465" Z="0"/>
					<Vertex X="21860" Y="52215" Z="0"/>
					<Vertex X="21735" Y="52090" Z="0"/>
					<Vertex X="21735" Y="51840" Z="0"/>
					<Vertex X="21735" Y="51590" Z="0"/>
					<Vertex X="21735" Y="51341" Z="0"/>
					<Vertex X="21735" Y="51091" Z="0"/>
					<Vertex X="21735" Y="50841" Z="0"/>
					<Vertex X="21735" Y="50591" Z="0"/>
					<Vertex X="21735" Y="50466" Z="0"/>
					<Vertex X="21735" Y="50216" Z="0"/>
					<Vertex X="21735" Y="50091" Z="0"/>
					<Vertex X="21735" Y="49842" Z="0"/>
					<Vertex X="21735" Y="49592" Z="0"/>
					<Vertex X="21735" Y="49467" Z="0"/>
					<Vertex X="21735" Y="49217" Z="0"/>
					<Vertex X="21735" Y="48967" Z="0"/>
					<Vertex X="21735" Y="48717" Z="0"/>
					<Vertex X="21735" Y="48467" Z="0"/>
					<Vertex X="21735" Y="48093" Z="0"/>
					<Vertex X="21486" Y="47718" Z="0"/>
					<Vertex X="21860" Y="47593" Z="0"/>
					<Vertex X="21860" Y="47468" Z="0"/>
					<Vertex X="21860" Y="47343" Z="0"/>
					<Vertex X="21860" Y="47218" Z="0"/>
					<Vertex X="21860" Y="46968" Z="0"/>
					<Vertex X="21860" Y="46844" Z="0"/>
					<Vertex X="21735" Y="46469" Z="0"/>
					<Vertex X="21985" Y="46594" Z="0"/>
					<Vertex X="22110" Y="46469" Z="0"/>
					<Vertex X="22110" Y="46344" Z="0"/>
					<Vertex X="21985" Y="45969" Z="0"/>
					<Vertex X="22485" Y="45969" Z="0"/>
					<Vertex X="22360" Y="45719" Z="0"/>
					<Vertex X="22985" Y="45719" Z="0"/>
					<Vertex X="22860" Y="45469" Z="0"/>
					<Vertex X="23359" Y="45594" Z="0"/>
					<Vertex X="23234" Y="45220" Z="0"/>
					<Vertex X="23359" Y="45220" Z="0"/>
					<Vertex X="23859" Y="45469" Z="0"/>
					<Vertex X="23984" Y="45345" Z="0"/>
					<Vertex X="24234" Y="45345" Z="0"/>
					<Vertex X="24109" Y="45095" Z="0"/>
					<Vertex X="24359" Y="45095" Z="0"/>
					<Vertex X="24733" Y="45345" Z="0"/>
					<Vertex X="24983" Y="45345" Z="0"/>
					<Vertex X="24983" Y="45469" Z="0"/>
					<Vertex X="25233" Y="45969" Z="0"/>
					<Vertex X="25358" Y="45969" Z="0"/>
					<Vertex X="25733" Y="46594" Z="0"/>
					<Vertex X="25858" Y="46719" Z="0"/>
					<Vertex X="25983" Y="46968" Z="0"/>
					<Vertex X="26107" Y="47218" Z="0"/>
					<Vertex X="26107" Y="47468" Z="0"/>
					<Vertex X="26232" Y="47843" Z="0"/>
					<Vertex X="25983" Y="47843" Z="0"/>
					<Vertex X="26107" Y="47968" Z="0"/>
					<Vertex X="26482" Y="48717" Z="0"/>
					<Vertex X="26482" Y="48967" Z="0"/>
					<Vertex X="26357" Y="49092" Z="0"/>
					<Vertex X="26482" Y="49342" Z="0"/>
					<Vertex X="26607" Y="49467" Z="0"/>
					<Vertex X="26857" Y="50091" Z="0"/>
					<Vertex X="26857" Y="50216" Z="0"/>
					<Vertex X="26857" Y="50591" Z="0"/>
					<Vertex X="26857" Y="50716" Z="0"/>
					<Vertex X="26857" Y="50966" Z="0"/>
					<Vertex X="26857" Y="51216" Z="0"/>
					<Vertex X="26857" Y="51341" Z="0"/>
					<Vertex X="26857" Y="51465" Z="0"/>
					<Vertex X="26857" Y="51590" Z="0"/>
					<Vertex X="26857" Y="51715" Z="0"/>
					<Vertex X="26857" Y="51840" Z="0"/>
					<Vertex X="26857" Y="51965" Z="0"/>
					<Vertex X="26857" Y="52090" Z="0"/>
					<Vertex X="26857" Y="52215" Z="0"/>
					<Vertex X="26857" Y="52340" Z="0"/>
					<Vertex X="26857" Y="52590" Z="0"/>
					<Vertex X="26857" Y="52715" Z="0"/>
					<Vertex X="26857" Y="52964" Z="0"/>
					<Vertex X="26857" Y="53089" Z="0"/>
					<Vertex X="26857" Y="53339" Z="0"/>
					<Vertex X="26982" Y="53589" Z="0"/>
					<Vertex X="26857" Y="53589" Z="0"/>
					<Vertex X="27107" Y="53964" Z="0"/>
					<Vertex X="27107" Y="53964" Z="0"/>
					<Vertex X="27482" Y="54463" Z="0"/>
					<Vertex X="27606" Y="54588" Z="0"/>
					<Vertex X="27731" Y="54713" Z="0"/>
					<Vertex X="27731" Y="54713" Z="0"/>
					<Vertex X="28106" Y="54838" Z="0"/>
					<Vertex X="28356" Y="54963" Z="0"/>
					<Vertex X="28606" Y="55088" Z="0"/>
					<Vertex X="28981" Y="55463" Z="0"/>
					<Vertex X="29230" Y="55463" Z="0"/>
					<Vertex X="29355" Y="55588" Z="0"/>
					<Vertex X="29480" Y="55588" Z="0"/>
					<Vertex X="29605" Y="55588" Z="0"/>
					<Vertex X="29730" Y="55588" Z="0"/>
					<Vertex X="29980" Y="55713" Z="0"/>
					<Vertex X="30105" Y="55713" Z="0"/>
					<Vertex X="30230" Y="55713" Z="0"/>
					<Vertex X="30355" Y="55713" Z="0"/>
					<Vertex X="30604" Y="55713" Z="0"/>
					<Vertex X="30604" Y="55463" Z="0"/>
					<Vertex X="31229" Y="55713" Z="0"/>
					<Vertex X="31479" Y="55713" Z="0"/>
					<Vertex X="31854" Y="55588" Z="0"/>
					<Vertex X="31978" Y="55588" Z="0"/>
					<Vertex X="32228" Y="55213" Z="0"/>
					<Vertex X="32978" Y="55338" Z="0"/>
					<Vertex X="33228" Y="55213" Z="0"/>
					<Vertex X="33103" Y="54838" Z="0"/>
					<Vertex X="33602" Y="54963" Z="0"/>
					<Vertex X="33727" Y="54838" Z="0"/>
					<Vertex X="33977" Y="54713" Z="0"/>
					<Vertex X="34102" Y="54588" Z="0"/>
					<Vertex X="34352" Y="54463" Z="0"/>
					<Vertex X="34727" Y="54339" Z="0"/>
					<Vertex X="34852" Y="54089" Z="0"/>
					<Vertex X="35226" Y="53964" Z="0"/>
					<Vertex X="35476" Y="53714" Z="0"/>
					<Vertex X="35601" Y="53714" Z="0"/>
					<Vertex X="35851" Y="53464" Z="0"/>
					<Vertex X="36101" Y="53339" Z="0"/>
					<Vertex X="36226" Y="53089" Z="0"/>
					<Vertex X="36475" Y="52840" Z="0"/>
					<Vertex X="36725" Y="52465" Z="0"/>
					<Vertex X="36725" Y="51965" Z="0"/>
					<Vertex X="37225" Y="51965" Z="0"/>
					<Vertex X="37475" Y="51715" Z="0"/>
					<Vertex X="37600" Y="51465" Z="0"/>
					<Vertex X="37600" Y="51091" Z="0"/>
					<Vertex X="37725" Y="50841" Z="0"/>
					<Vertex X="38224" Y="50591" Z="0"/>
					<Vertex X="38474" Y="50091" Z="0"/>
					<Vertex X="38724" Y="49592" Z="0"/>
					<Vertex X="38724" Y="48842" Z="0"/>
					<Vertex X="38724" Y="48592" Z="0"/>
					<Vertex X="39224" Y="48343" Z="0"/>
					<Vertex X="39224" Y="47593" Z="0"/>
					<Vertex X="39473" Y="47718" Z="0"/>
					<Vertex X="39723" Y="47093" Z="0"/>
					<Vertex X="39723" Y="46968" Z="0"/>
					<Vertex X="39848" Y="46469" Z="0"/>
					<Vertex X="39848" Y="46219" Z="0"/>
					<Vertex X="39973" Y="45844" Z="0"/>
					<Vertex X="39973" Y="45594" Z="0"/>
					<Vertex X="39848" Y="45220" Z="0"/>
					<Vertex X="40098" Y="45345" Z="0"/>
					<Vertex X="40098" Y="45220" Z="0"/>
					<Vertex X="40098" Y="45095" Z="0"/>
					<Vertex X="39973" Y="44720" Z="0"/>
					<Vertex X="39723" Y="44345" Z="0"/>
					<Vertex X="39473" Y="43846" Z="0"/>
					<Vertex X="39473" Y="43721" Z="0"/>
					<Vertex X="39349" Y="43221" Z="0"/>
					<Vertex X="39099" Y="42721" Z="0"/>
					<Vertex X="39224" Y="42721" Z="0"/>
					<Vertex X="38849" Y="42097" Z="0"/>
					<Vertex X="38974" Y="42097" Z="0"/>
					<Vertex X="38849" Y="41847" Z="0"/>
					<Vertex X="38474" Y="41472" Z="0"/>
					<Vertex X="38349" Y="41222" Z="0"/>
					<Vertex X="38474" Y="41222" Z="0"/>
					<Vertex X="38474" Y="40973" Z="0"/>
					<Vertex X="38099" Y="40473" Z="0"/>
					<Vertex X="38349" Y="40473" Z="0"/>
					<Vertex X="38349" Y="40348" Z="0"/>
					<Vertex X="38349" Y="39848" Z="0"/>
					<Vertex X="38099" Y="39224" Z="0"/>
					<Vertex X="38349" Y="39224" Z="0"/>
					<Vertex X="38349" Y="38849" Z="0"/>
					<Vertex X="38349" Y="38349" Z="0"/>
					<Vertex X="38349" Y="38099" Z="0"/>
					<Vertex X="38474" Y="37475" Z="0"/>
					<Vertex X="38599" Y="37225" Z="0"/>
					<Vertex X="38474" Y="36600" Z="0"/>
					<Vertex X="38849" Y="36600" Z="0"/>
					<Vertex X="38724" Y="35976" Z="0"/>
					<Vertex X="38849" Y="35601" Z="0"/>
					<Vertex X="39224" Y="35601" Z="0"/>
					<Vertex X="39349" Y="35226" Z="0"/>
					<Vertex X="39598" Y="34852" Z="0"/>
					<Vertex X="39848" Y="34477" Z="0"/>
					<Vertex X="39973" Y="34102" Z="0"/>
					<Vertex X="40098" Y="33977" Z="0"/>
					<Vertex X="40348" Y="33602" Z="0"/>
					<Vertex X="40473" Y="33353" Z="0"/>
					<Vertex X="40598" Y="33103" Z="0"/>
					<Vertex X="40723" Y="32728" Z="0"/>
					<Vertex X="40848" Y="32478" Z="0"/>
					<Vertex X="40972" Y="32228" Z="0"/>
					<Vertex X="41097" Y="31979" Z="0"/>
					<Vertex X="41222" Y="31729" Z="0"/>
					<Vertex X="41472" Y="31354" Z="0"/>
					<Vertex X="41597" Y="30979" Z="0"/>
					<Vertex X="41722" Y="30854" Z="0"/>
					<Vertex X="41972" Y="30604" Z="0"/>
					<Vertex X="42097" Y="30230" Z="0"/>
					<Vertex X="42347" Y="29980" Z="0"/>
					<Vertex X="42471" Y="29730" Z="0"/>
					<Vertex X="42721" Y="29480" Z="0"/>
					<Vertex X="42846" Y="29105" Z="0"/>
					<Vertex X="43096" Y="28856" Z="0"/>
					<Vertex X="43346" Y="28731" Z="0"/>
					<Vertex X="43471" Y="28606" Z="0"/>
					<Vertex X="43596" Y="28356" Z="0"/>
					<Vertex X="43846" Y="28231" Z="0"/>
					<Vertex X="43970" Y="28106" Z="0"/>
					<Vertex X="43846" Y="27731" Z="0"/>
					<Vertex X="44470" Y="27856" Z="0"/>
					<Vertex X="44595" Y="27731" Z="0"/>
					<Vertex X="44845" Y="27606" Z="0"/>
					<Vertex X="44720" Y="27357" Z="0"/>
					<Vertex X="45095" Y="27482" Z="0"/>
					<Vertex X="45220" Y="27357" Z="0"/>
					<Vertex X="45345" Y="27357" Z="0"/>
					<Vertex X="45345" Y="27107" Z="0"/>
					<Vertex X="45719" Y="27357" Z="0"/>
					<Vertex X="45969" Y="27357" Z="0"/>
					<Vertex X="46094" Y="27232" Z="0"/>
					<Vertex X="46219" Y="27232" Z="0"/>
					<Vertex X="46344" Y="27232" Z="0"/>
					<Vertex X="46469" Y="27232" Z="0"/>
					<Vertex X="46594" Y="27232" Z="0"/>
					<Vertex X="46719" Y="27232" Z="0"/>
					<Vertex X="46844" Y="27232" Z="0"/>
					<Vertex X="46968" Y="27232" Z="0"/>
					<Vertex X="47093" Y="27232" Z="0"/>
					<Vertex X="47218" Y="27232" Z="0"/>
					<Vertex X="47343" Y="27232" Z="0"/>
					<Vertex X="47468" Y="27232" Z="0"/>
					<Vertex X="47593" Y="27232" Z="0"/>
					<Vertex X="47593" Y="27232" Z="0"/>
					<Vertex X="47718" Y="27357" Z="0"/>
					<Vertex X="47968" Y="27606" Z="0"/>
					<Vertex X="48093" Y="27482" Z="0"/>
					<Vertex X="48467" Y="27731" Z="0"/>
					<Vertex X="48592" Y="27731" Z="0"/>
					<Vertex X="48842" Y="27606" Z="0"/>
					<Vertex X="48967" Y="27482" Z="0"/>
					<Vertex X="48842" Y="27107" Z="0"/>
					<Vertex X="49217" Y="27107" Z="0"/>
					<Vertex X="49342" Y="26982" Z="0"/>
					<Vertex X="49467" Y="26732" Z="0"/>
					<Vertex X="49592" Y="26482" Z="0"/>
					<Vertex X="49842" Y="26232" Z="0"/>
					<Vertex X="49966" Y="25983" Z="0"/>
					<Vertex X="50091" Y="25733" Z="0"/>
					<Vertex X="50216" Y="25483" Z="0"/>
					<Vertex X="49966" Y="25108" Z="0"/>
					<Vertex X="50341" Y="25108" Z="0"/>
					<Vertex X="50466" Y="24858" Z="0"/>
					<Vertex X="50466" Y="24608" Z="0"/>
					<Vertex X="50466" Y="24359" Z="0"/>
					<Vertex X="50466" Y="24109" Z="0"/>
					<Vertex X="50466" Y="23984" Z="0"/>
					<Vertex X="50466" Y="23734" Z="0"/>
					<Vertex X="50216" Y="23359" Z="0"/>
					<Vertex X="50466" Y="23234" Z="0"/>
					<Vertex X="50216" Y="22735" Z="0"/>
					<Vertex X="50341" Y="22735" Z="0"/>
					<Vertex X="50341" Y="22610" Z="0"/>
					<Vertex X="50216" Y="22360" Z="0"/>
					<Vertex X="50216" Y="22235" Z="0"/>
					<Vertex X="50091" Y="22235" Z="0"/>
					<Vertex X="49717" Y="21361" Z="0"/>
					<Vertex X="49717" Y="21111" Z="0"/>
					<Vertex X="49217" Y="20361" Z="0"/>
					<Vertex X="49092" Y="19987" Z="0"/>
					<Vertex X="48592" Y="19362" Z="0"/>
					<Vertex X="48218" Y="18613" Z="0"/>
					<Vertex X="47718" Y="17863" Z="0"/>
					<Vertex X="47593" Y="17613" Z="0"/>
					<Vertex X="47343" Y="17114" Z="0"/>
					<Vertex X="47093" Y="16739" Z="0"/>
					<Vertex X="46968" Y="16364" Z="0"/>
					<Vertex X="46344" Y="15739" Z="0"/>
					<Vertex X="46219" Y="15365" Z="0"/>
					<Vertex X="45969" Y="15115" Z="0"/>
					<Vertex X="46094" Y="14990" Z="0"/>
					<Vertex X="45844" Y="14740" Z="0"/>
					<Vertex X="45719" Y="14615" Z="0"/>
					<Vertex X="45469" Y="14240" Z="0"/>
					<Vertex X="45345" Y="14116" Z="0"/>
					<Vertex X="45220" Y="13866" Z="0"/>
					<Vertex X="45095" Y="13741" Z="0"/>
					<Vertex X="44845" Y="13491" Z="0"/>
					<Vertex X="44720" Y="13241" Z="0"/>
					<Vertex X="44470" Y="12991" Z="0"/>
					<Vertex X="44220" Y="12866" Z="0"/>
					<Vertex X="43970" Y="12617" Z="0"/>
					<Vertex X="43721" Y="12492" Z="0"/>
					<Vertex X="43346" Y="12367" Z="0"/>
					<Vertex X="42971" Y="12117" Z="0"/>
					<Vertex X="42846" Y="12117" Z="0"/>
					<Vertex X="41972" Y="11742" Z="0"/>
					<Vertex X="41597" Y="11742" Z="0"/>
					<Vertex X="41222" Y="11367" Z="0"/>
					<Vertex X="41097" Y="11492" Z="0"/>
					<Vertex X="40848" Y="11492" Z="0"/>
					<Vertex X="40723" Y="11367" Z="0"/>
					<Vertex X="40473" Y="11242" Z="0"/>
					<Vertex X="40223" Y="11242" Z="0"/>
					<Vertex X="40098" Y="11118" Z="0"/>
					<Vertex X="39973" Y="11118" Z="0"/>
					<Vertex X="39598" Y="10868" Z="0"/>
					<Vertex X="39473" Y="10868" Z="0"/>
					<Vertex X="39224" Y="10868" Z="0"/>
					<Vertex X="39099" Y="10868" Z="0"/>
					<Vertex X="39099" Y="10993" Z="0"/>
					<Vertex X="38474" Y="10743" Z="0"/>
					<Vertex X="38224" Y="10868" Z="0"/>
					<Vertex X="38099" Y="10868" Z="0"/>
					<Vertex X="37725" Y="10743" Z="0"/>
					<Vertex X="37350" Y="10743" Z="0"/>
					<Vertex X="36850" Y="10493" Z="0"/>
					<Vertex X="36351" Y="10493" Z="0"/>
					<Vertex X="36351" Y="10743" Z="0"/>
					<Vertex X="36226" Y="10743" Z="0"/>
					<Vertex X="35851" Y="10743" Z="0"/>
					<Vertex X="35476" Y="10743" Z="0"/>
					<Vertex X="35351" Y="10743" Z="0"/>
					<Vertex X="35101" Y="10868" Z="0"/>
					<Vertex X="34976" Y="10993" Z="0"/>
					<Vertex X="34477" Y="10743" Z="0"/>
					<Vertex X="34602" Y="11118" Z="0"/>
					<Vertex X="34477" Y="11118" Z="0"/>
					<Vertex X="34227" Y="11242" Z="0"/>
					<Vertex X="33977" Y="11367" Z="0"/>
					<Vertex X="33852" Y="11367" Z="0"/>
					<Vertex X="33602" Y="11492" Z="0"/>
					<Vertex X="33477" Y="11617" Z="0"/>
					<Vertex X="33353" Y="11617" Z="0"/>
					<Vertex X="33353" Y="11742" Z="0"/>
					<Vertex X="32978" Y="11492" Z="0"/>
					<Vertex X="32978" Y="11742" Z="0"/>
					<Vertex X="33103" Y="11992" Z="0"/>
					<Vertex X="32978" Y="12242" Z="0"/>
					<Vertex X="32853" Y="12367" Z="0"/>
					<Vertex X="32728" Y="12617" Z="0"/>
					<Vertex X="32603" Y="12741" Z="0"/>
					<Vertex X="32478" Y="12866" Z="0"/>
					<Vertex X="32103" Y="12866" Z="0"/>
					<Vertex X="32353" Y="13241" Z="0"/>
					<Vertex X="32228" Y="13491" Z="0"/>
					<Vertex X="32103" Y="13616" Z="0"/>
					<Vertex X="32103" Y="13741" Z="0"/>
					<Vertex X="31978" Y="13991" Z="0"/>
					<Vertex X="31854" Y="14240" Z="0"/>
					<Vertex X="31854" Y="14365" Z="0"/>
					<Vertex X="31479" Y="14365" Z="0"/>
					<Vertex X="31354" Y="14615" Z="0"/>
					<Vertex X="31479" Y="14990" Z="0"/>
					<Vertex X="31354" Y="15365" Z="0"/>
					<Vertex X="31229" Y="15615" Z="0"/>
					<Vertex X="30729" Y="15739" Z="0"/>
					<Vertex X="30854" Y="16114" Z="0"/>
					<Vertex X="30854" Y="16239" Z="0"/>
					<Vertex X="30604" Y="16114" Z="0"/>
					<Vertex X="30480" Y="16364" Z="0"/>
					<Vertex X="30604" Y="16739" Z="0"/>
					<Vertex X="30480" Y="16989" Z="0"/>
					<Vertex X="30355" Y="17238" Z="0"/>
					<Vertex X="30230" Y="17488" Z="0"/>
					<Vertex X="30105" Y="17613" Z="0"/>
					<Vertex X="29980" Y="17863" Z="0"/>
					<Vertex X="29980" Y="17988" Z="0"/>
					<Vertex X="29855" Y="18113" Z="0"/>
					<Vertex X="29730" Y="18363" Z="0"/>
					<Vertex X="29730" Y="18488" Z="0"/>
					<Vertex X="29605" Y="18613" Z="0"/>
					<Vertex X="29480" Y="18737" Z="0"/>
					<Vertex X="29355" Y="18862" Z="0"/>
					<Vertex X="29105" Y="18862" Z="0"/>
					<Vertex X="28981" Y="18862" Z="0"/>
					<Vertex X="28856" Y="18987" Z="0"/>
					<Vertex X="28856" Y="19487" Z="0"/>
					<Vertex X="28856" Y="19612" Z="0"/>
					<Vertex X="28606" Y="19737" Z="0"/>
					<Vertex X="28481" Y="19987" Z="0"/>
					<Vertex X="28231" Y="20112" Z="0"/>
					<Vertex X="28106" Y="20236" Z="0"/>
					<Vertex X="27856" Y="20486" Z="0"/>
					<Vertex X="27731" Y="20611" Z="0"/>
					<Vertex X="27606" Y="20736" Z="0"/>
					<Vertex X="27482" Y="20736" Z="0"/>
					<Vertex X="27107" Y="20611" Z="0"/>
					<Vertex X="27107" Y="20736" Z="0"/>
					<Vertex X="26857" Y="20861" Z="0"/>
					<Vertex X="26982" Y="21236" Z="0"/>
					<Vertex X="26732" Y="21361" Z="0"/>
					<Vertex X="26607" Y="21486" Z="0"/>
					<Vertex X="26357" Y="21611" Z="0"/>
					<Vertex X="26232" Y="21735" Z="0"/>
					<Vertex X="26107" Y="21735" Z="0"/>
					<Vertex X="25983" Y="21860" Z="0"/>
					<Vertex X="25608" Y="21611" Z="0"/>
					<Vertex X="25733" Y="21985" Z="0"/>
					<Vertex X="25483" Y="22110" Z="0"/>
					<Vertex X="25233" Y="22235" Z="0"/>
					<Vertex X="24983" Y="22235" Z="0"/>
					<Vertex X="24608" Y="22360" Z="0"/>
					<Vertex X="24359" Y="22485" Z="0"/>
					<Vertex X="23859" Y="22360" Z="0"/>
					<Vertex X="23984" Y="22610" Z="0"/>
					<Vertex X="23734" Y="22735" Z="0"/>
					<Vertex X="23609" Y="22735" Z="0"/>
					<Vertex X="23359" Y="22735" Z="0"/>
					<Vertex X="22985" Y="22485" Z="0"/>
					<Vertex X="22860" Y="22485" Z="0"/>
					<Vertex X="22985" Y="22735" Z="0"/>
					<Vertex X="22610" Y="22735" Z="0"/>
					<Vertex X="22485" Y="22735" Z="0"/>
					<Vertex X="22360" Y="22735" Z="0"/>
					<Vertex X="21860" Y="22735" Z="0"/>
					<Vertex X="21361" Y="22485" Z="0"/>
					<Vertex X="21111" Y="22485" Z="0"/>
					<Vertex X="20986" Y="22735" Z="0"/>
					<Vertex X="20736" Y="22735" Z="0"/>
					<Vertex X="20486" Y="22735" Z="0"/>
					<Vertex X="20361" Y="22735" Z="0"/>
					<Vertex X="19987" Y="22735" Z="0"/>
					<Vertex X="19862" Y="22735" Z="0"/>
					<Vertex X="19487" Y="22485" Z="0"/>
					<Vertex X="19362" Y="22610" Z="0"/>
					<Vertex X="19112" Y="22485" Z="0"/>
					<Vertex X="18987" Y="22485" Z="0"/>
					<Vertex X="18862" Y="22360" Z="0"/>
					<Vertex X="18737" Y="22360" Z="0"/>
					<Vertex X="18488" Y="22360" Z="0"/>
					<Vertex X="18363" Y="22235" Z="0"/>
					<Vertex X="18238" Y="22235" Z="0"/>
					<Vertex X="17988" Y="22110" Z="0"/>
					<Vertex X="17863" Y="22110" Z="0"/>
					<Vertex X="17863" Y="21985" Z="0"/>
					<Vertex X="17738" Y="21985" Z="0"/>
					<Vertex X="17613" Y="21860" Z="0"/>
					<Vertex X="17488" Y="21860" Z="0"/>
					<Vertex X="17488" Y="21735" Z="0"/>
					<Vertex X="17238" Y="21486" Z="0"/>
					<Vertex X="17113" Y="21860" Z="0"/>
				</Vertices>
			</Region>
			<Region Id="2" Type="0" Zoom="0.007920" Selected="0" ImageLocation="" ImageFocus="-1" Length="122933.4" Area="580501198.0" LengthMicrons="31065.3" AreaMicrons="37069233.6" Text="" NegativeROA="0" InputRegionId="0" Analyze="1" DisplayId="2">
				<Attributes/>
				<Vertices>
					<Vertex X="56087" Y="33602" Z="0"/>
					<Vertex X="56462" Y="33852" Z="0"/>
					<Vertex X="56712" Y="33852" Z="0"/>
					<Vertex X="57336" Y="33852" Z="0"/>
					<Vertex X="57711" Y="33852" Z="0"/>
					<Vertex X="57961" Y="33852" Z="0"/>
					<Vertex X="58336" Y="33852" Z="0"/>
					<Vertex X="58960" Y="33852" Z="0"/>
					<Vertex X="59460" Y="33852" Z="0"/>
					<Vertex X="60210" Y="33852" Z="0"/>
					<Vertex X="60959" Y="33727" Z="0"/>
					<Vertex X="61084" Y="33353" Z="0"/>
					<Vertex X="61709" Y="33478" Z="0"/>
					<Vertex X="61958" Y="33353" Z="0"/>
					<Vertex X="62833" Y="32603" Z="0"/>
					<Vertex X="63457" Y="32728" Z="0"/>
					<Vertex X="63832" Y="32603" Z="0"/>
					<Vertex X="64082" Y="32478" Z="0"/>
					<Vertex X="64332" Y="32478" Z="0"/>
					<Vertex X="64457" Y="32353" Z="0"/>
					<Vertex X="64332" Y="31979" Z="0"/>
					<Vertex X="64457" Y="31979" Z="0"/>
					<Vertex X="64831" Y="32228" Z="0"/>
					<Vertex X="64956" Y="32103" Z="0"/>
					<Vertex X="65206" Y="32103" Z="0"/>
					<Vertex X="65331" Y="31979" Z="0"/>
					<Vertex X="65456" Y="31979" Z="0"/>
					<Vertex X="65831" Y="31854" Z="0"/>
					<Vertex X="65956" Y="31729" Z="0"/>
					<Vertex X="65706" Y="31479" Z="0"/>
					<Vertex X="66330" Y="31604" Z="0"/>
					<Vertex X="66206" Y="31229" Z="0"/>
					<Vertex X="66705" Y="31479" Z="0"/>
					<Vertex X="66830" Y="31354" Z="0"/>
					<Vertex X="66955" Y="31229" Z="0"/>
					<Vertex X="67205" Y="31104" Z="0"/>
					<Vertex X="67455" Y="30854" Z="0"/>
					<Vertex X="67580" Y="30854" Z="0"/>
					<Vertex X="67829" Y="30729" Z="0"/>
					<Vertex X="67954" Y="30729" Z="0"/>
					<Vertex X="68079" Y="30604" Z="0"/>
					<Vertex X="68204" Y="30604" Z="0"/>
					<Vertex X="68329" Y="30604" Z="0"/>
					<Vertex X="68579" Y="30480" Z="0"/>
					<Vertex X="68829" Y="30480" Z="0"/>
					<Vertex X="69079" Y="30355" Z="0"/>
					<Vertex X="69204" Y="30355" Z="0"/>
					<Vertex X="69578" Y="29855" Z="0"/>
					<Vertex X="69953" Y="30105" Z="0"/>
					<Vertex X="70328" Y="29980" Z="0"/>
					<Vertex X="70203" Y="29730" Z="0"/>
					<Vertex X="70703" Y="29480" Z="0"/>
					<Vertex X="71577" Y="29605" Z="0"/>
					<Vertex X="71827" Y="29480" Z="0"/>
					<Vertex X="72451" Y="29355" Z="0"/>
					<Vertex X="72826" Y="29230" Z="0"/>
					<Vertex X="72826" Y="28981" Z="0"/>
					<Vertex X="73201" Y="28856" Z="0"/>
					<Vertex X="73950" Y="28981" Z="0"/>
					<Vertex X="74325" Y="28856" Z="0"/>
					<Vertex X="74825" Y="28731" Z="0"/>
					<Vertex X="75449" Y="28731" Z="0"/>
					<Vertex X="75574" Y="28356" Z="0"/>
					<Vertex X="76324" Y="28606" Z="0"/>
					<Vertex X="76449" Y="28231" Z="0"/>
					<Vertex X="76948" Y="28481" Z="0"/>
					<Vertex X="76948" Y="28231" Z="0"/>
					<Vertex X="77323" Y="28481" Z="0"/>
					<Vertex X="77448" Y="28481" Z="0"/>
					<Vertex X="77698" Y="28481" Z="0"/>
					<Vertex X="77948" Y="28481" Z="0"/>
					<Vertex X="78197" Y="28481" Z="0"/>
					<Vertex X="78447" Y="28481" Z="0"/>
					<Vertex X="78697" Y="28481" Z="0"/>
					<Vertex X="78822" Y="28356" Z="0"/>
					<Vertex X="79197" Y="28606" Z="0"/>
					<Vertex X="79447" Y="28731" Z="0"/>
					<Vertex X="79572" Y="28731" Z="0"/>
					<Vertex X="79821" Y="28856" Z="0"/>
					<Vertex X="79946" Y="28981" Z="0"/>
					<Vertex X="80071" Y="28981" Z="0"/>
					<Vertex X="80571" Y="29355" Z="0"/>
					<Vertex X="80571" Y="29230" Z="0"/>
					<Vertex X="81071" Y="29605" Z="0"/>
					<Vertex X="81320" Y="29605" Z="0"/>
					<Vertex X="81570" Y="29730" Z="0"/>
					<Vertex X="81945" Y="29855" Z="0"/>
					<Vertex X="81945" Y="29605" Z="0"/>
					<Vertex X="82445" Y="29730" Z="0"/>
					<Vertex X="82570" Y="29730" Z="0"/>
					<Vertex X="82694" Y="29855" Z="0"/>
					<Vertex X="83569" Y="30230" Z="0"/>
					<Vertex X="83944" Y="30230" Z="0"/>
					<Vertex X="84318" Y="30230" Z="0"/>
					<Vertex X="84568" Y="30230" Z="0"/>
					<Vertex X="84943" Y="30355" Z="0"/>
					<Vertex X="85193" Y="30355" Z="0"/>
					<Vertex X="85193" Y="30105" Z="0"/>
					<Vertex X="85692" Y="30355" Z="0"/>
					<Vertex X="85692" Y="30105" Z="0"/>
					<Vertex X="86442" Y="30355" Z="0"/>
					<Vertex X="86942" Y="30480" Z="0"/>
					<Vertex X="87441" Y="30604" Z="0"/>
					<Vertex X="88191" Y="30729" Z="0"/>
					<Vertex X="88690" Y="30854" Z="0"/>
					<Vertex X="89190" Y="31104" Z="0"/>
					<Vertex X="89440" Y="31229" Z="0"/>
					<Vertex X="89815" Y="31354" Z="0"/>
					<Vertex X="89940" Y="31479" Z="0"/>
					<Vertex X="90314" Y="31604" Z="0"/>
					<Vertex X="90564" Y="31729" Z="0"/>
					<Vertex X="90814" Y="31979" Z="0"/>
					<Vertex X="91064" Y="32103" Z="0"/>
					<Vertex X="91314" Y="32353" Z="0"/>
					<Vertex X="91439" Y="32353" Z="0"/>
					<Vertex X="91564" Y="32478" Z="0"/>
					<Vertex X="91813" Y="32853" Z="0"/>
					<Vertex X="91813" Y="32978" Z="0"/>
					<Vertex X="91938" Y="33103" Z="0"/>
					<Vertex X="91938" Y="33228" Z="0"/>
					<Vertex X="91938" Y="33353" Z="0"/>
					<Vertex X="91938" Y="33478" Z="0"/>
					<Vertex X="91938" Y="33727" Z="0"/>
					<Vertex X="91938" Y="33852" Z="0"/>
					<Vertex X="91938" Y="34102" Z="0"/>
					<Vertex X="91688" Y="34102" Z="0"/>
					<Vertex X="91564" Y="34352" Z="0"/>
					<Vertex X="91813" Y="34727" Z="0"/>
					<Vertex X="91688" Y="34977" Z="0"/>
					<Vertex X="91564" Y="35101" Z="0"/>
					<Vertex X="91189" Y="35101" Z="0"/>
					<Vertex X="91314" Y="35601" Z="0"/>
					<Vertex X="91189" Y="35851" Z="0"/>
					<Vertex X="91064" Y="35976" Z="0"/>
					<Vertex X="90689" Y="35976" Z="0"/>
					<Vertex X="90814" Y="36351" Z="0"/>
					<Vertex X="90564" Y="36725" Z="0"/>
					<Vertex X="90314" Y="36975" Z="0"/>
					<Vertex X="90065" Y="37225" Z="0"/>
					<Vertex X="89815" Y="37350" Z="0"/>
					<Vertex X="89690" Y="37600" Z="0"/>
					<Vertex X="89565" Y="37850" Z="0"/>
					<Vertex X="89315" Y="37975" Z="0"/>
					<Vertex X="89315" Y="38099" Z="0"/>
					<Vertex X="89190" Y="38224" Z="0"/>
					<Vertex X="88940" Y="38474" Z="0"/>
					<Vertex X="88815" Y="38599" Z="0"/>
					<Vertex X="88690" Y="38724" Z="0"/>
					<Vertex X="88566" Y="38849" Z="0"/>
					<Vertex X="88441" Y="39099" Z="0"/>
					<Vertex X="88191" Y="39224" Z="0"/>
					<Vertex X="88066" Y="39474" Z="0"/>
					<Vertex X="87941" Y="39598" Z="0"/>
					<Vertex X="87691" Y="39848" Z="0"/>
					<Vertex X="87566" Y="39973" Z="0"/>
					<Vertex X="87441" Y="40223" Z="0"/>
					<Vertex X="87191" Y="40348" Z="0"/>
					<Vertex X="87191" Y="40473" Z="0"/>
					<Vertex X="86692" Y="40223" Z="0"/>
					<Vertex X="86692" Y="40723" Z="0"/>
					<Vertex X="86567" Y="40848" Z="0"/>
					<Vertex X="86192" Y="41097" Z="0"/>
					<Vertex X="86067" Y="41222" Z="0"/>
					<Vertex X="85692" Y="41472" Z="0"/>
					<Vertex X="85318" Y="41847" Z="0"/>
					<Vertex X="84693" Y="41847" Z="0"/>
					<Vertex X="83944" Y="42347" Z="0"/>
					<Vertex X="83819" Y="42846" Z="0"/>
					<Vertex X="83069" Y="42971" Z="0"/>
					<Vertex X="82944" Y="43596" Z="0"/>
					<Vertex X="82570" Y="43846" Z="0"/>
					<Vertex X="82195" Y="43721" Z="0"/>
					<Vertex X="81945" Y="43971" Z="0"/>
					<Vertex X="81945" Y="44470" Z="0"/>
					<Vertex X="81820" Y="44720" Z="0"/>
					<Vertex X="81695" Y="44970" Z="0"/>
					<Vertex X="81570" Y="45345" Z="0"/>
					<Vertex X="81445" Y="45594" Z="0"/>
					<Vertex X="81320" Y="45844" Z="0"/>
					<Vertex X="81195" Y="46219" Z="0"/>
					<Vertex X="81071" Y="46344" Z="0"/>
					<Vertex X="80696" Y="46594" Z="0"/>
					<Vertex X="80821" Y="46968" Z="0"/>
					<Vertex X="80696" Y="47218" Z="0"/>
					<Vertex X="80696" Y="47468" Z="0"/>
					<Vertex X="80321" Y="47468" Z="0"/>
					<Vertex X="80446" Y="48218" Z="0"/>
					<Vertex X="80321" Y="48467" Z="0"/>
					<Vertex X="80196" Y="48842" Z="0"/>
					<Vertex X="80071" Y="49217" Z="0"/>
					<Vertex X="79946" Y="49592" Z="0"/>
					<Vertex X="79696" Y="49467" Z="0"/>
					<Vertex X="79821" Y="50091" Z="0"/>
					<Vertex X="79821" Y="50466" Z="0"/>
					<Vertex X="79696" Y="50716" Z="0"/>
					<Vertex X="79696" Y="51091" Z="0"/>
					<Vertex X="79572" Y="51341" Z="0"/>
					<Vertex X="79322" Y="51216" Z="0"/>
					<Vertex X="79322" Y="51341" Z="0"/>
					<Vertex X="79447" Y="51715" Z="0"/>
					<Vertex X="79322" Y="51965" Z="0"/>
					<Vertex X="79072" Y="51840" Z="0"/>
					<Vertex X="79072" Y="52465" Z="0"/>
					<Vertex X="78947" Y="52715" Z="0"/>
					<Vertex X="78697" Y="53089" Z="0"/>
					<Vertex X="78447" Y="53464" Z="0"/>
					<Vertex X="78322" Y="53589" Z="0"/>
					<Vertex X="77948" Y="54089" Z="0"/>
					<Vertex X="77198" Y="54963" Z="0"/>
					<Vertex X="76948" Y="55213" Z="0"/>
					<Vertex X="76324" Y="55213" Z="0"/>
					<Vertex X="76324" Y="55713" Z="0"/>
					<Vertex X="76074" Y="55838" Z="0"/>
					<Vertex X="75699" Y="55713" Z="0"/>
					<Vertex X="75699" Y="56212" Z="0"/>
					<Vertex X="75574" Y="56337" Z="0"/>
					<Vertex X="75449" Y="56462" Z="0"/>
					<Vertex X="75324" Y="56462" Z="0"/>
					<Vertex X="75200" Y="56587" Z="0"/>
					<Vertex X="74950" Y="56712" Z="0"/>
					<Vertex X="74700" Y="56837" Z="0"/>
					<Vertex X="74450" Y="56962" Z="0"/>
					<Vertex X="74200" Y="56962" Z="0"/>
					<Vertex X="73950" Y="57087" Z="0"/>
					<Vertex X="73825" Y="57087" Z="0"/>
					<Vertex X="73451" Y="57212" Z="0"/>
					<Vertex X="73326" Y="57212" Z="0"/>
					<Vertex X="73076" Y="57212" Z="0"/>
					<Vertex X="72951" Y="57212" Z="0"/>
					<Vertex X="72701" Y="57212" Z="0"/>
					<Vertex X="72576" Y="56962" Z="0"/>
					<Vertex X="72326" Y="56837" Z="0"/>
					<Vertex X="72202" Y="56587" Z="0"/>
					<Vertex X="71952" Y="56337" Z="0"/>
					<Vertex X="71577" Y="55962" Z="0"/>
					<Vertex X="71452" Y="55838" Z="0"/>
					<Vertex X="71327" Y="55713" Z="0"/>
					<Vertex X="71202" Y="55338" Z="0"/>
					<Vertex X="70703" Y="54838" Z="0"/>
					<Vertex X="70578" Y="54463" Z="0"/>
					<Vertex X="70453" Y="54214" Z="0"/>
					<Vertex X="70328" Y="53839" Z="0"/>
					<Vertex X="70078" Y="53464" Z="0"/>
					<Vertex X="70078" Y="53339" Z="0"/>
					<Vertex X="69828" Y="52840" Z="0"/>
					<Vertex X="69703" Y="52715" Z="0"/>
					<Vertex X="69703" Y="52590" Z="0"/>
					<Vertex X="69453" Y="52215" Z="0"/>
					<Vertex X="69204" Y="51715" Z="0"/>
					<Vertex X="69079" Y="51465" Z="0"/>
					<Vertex X="68954" Y="51216" Z="0"/>
					<Vertex X="68954" Y="50966" Z="0"/>
					<Vertex X="68829" Y="50841" Z="0"/>
					<Vertex X="68704" Y="50716" Z="0"/>
					<Vertex X="68579" Y="50466" Z="0"/>
					<Vertex X="68454" Y="50341" Z="0"/>
					<Vertex X="68204" Y="50091" Z="0"/>
					<Vertex X="68079" Y="49966" Z="0"/>
					<Vertex X="67829" Y="49592" Z="0"/>
					<Vertex X="67705" Y="49342" Z="0"/>
					<Vertex X="67455" Y="48967" Z="0"/>
					<Vertex X="67330" Y="48842" Z="0"/>
					<Vertex X="67205" Y="48467" Z="0"/>
					<Vertex X="66955" Y="48093" Z="0"/>
					<Vertex X="66830" Y="47718" Z="0"/>
					<Vertex X="66705" Y="47343" Z="0"/>
					<Vertex X="66580" Y="46968" Z="0"/>
					<Vertex X="66455" Y="46594" Z="0"/>
					<Vertex X="66330" Y="46219" Z="0"/>
					<Vertex X="66330" Y="46094" Z="0"/>
					<Vertex X="66206" Y="45844" Z="0"/>
					<Vertex X="65956" Y="45719" Z="0"/>
					<Vertex X="65956" Y="45594" Z="0"/>
					<Vertex X="65831" Y="45594" Z="0"/>
					<Vertex X="65706" Y="45469" Z="0"/>
					<Vertex X="65331" Y="45220" Z="0"/>
					<Vertex X="65206" Y="45220" Z="0"/>
					<Vertex X="65081" Y="45469" Z="0"/>
					<Vertex X="64707" Y="45220" Z="0"/>
					<Vertex X="64457" Y="45469" Z="0"/>
					<Vertex X="64207" Y="45469" Z="0"/>
					<Vertex X="62958" Y="44970" Z="0"/>
					<Vertex X="62458" Y="45095" Z="0"/>
					<Vertex X="61709" Y="44720" Z="0"/>
					<Vertex X="61584" Y="44970" Z="0"/>
					<Vertex X="61209" Y="44845" Z="0"/>
					<Vertex X="60709" Y="44470" Z="0"/>
					<Vertex X="60459" Y="44345" Z="0"/>
					<Vertex X="60334" Y="44470" Z="0"/>
					<Vertex X="60210" Y="44345" Z="0"/>
					<Vertex X="60085" Y="44220" Z="0"/>
					<Vertex X="59835" Y="44095" Z="0"/>
					<Vertex X="59710" Y="43971" Z="0"/>
					<Vertex X="59335" Y="43721" Z="0"/>
					<Vertex X="59210" Y="43596" Z="0"/>
					<Vertex X="58960" Y="43471" Z="0"/>
					<Vertex X="58835" Y="43346" Z="0"/>
					<Vertex X="58711" Y="43221" Z="0"/>
					<Vertex X="58461" Y="43096" Z="0"/>
					<Vertex X="58336" Y="42971" Z="0"/>
					<Vertex X="58211" Y="42846" Z="0"/>
					<Vertex X="58211" Y="42721" Z="0"/>
					<Vertex X="58086" Y="42721" Z="0"/>
					<Vertex X="58086" Y="42596" Z="0"/>
					<Vertex X="57461" Y="42097" Z="0"/>
					<Vertex X="57087" Y="41722" Z="0"/>
					<Vertex X="56837" Y="41222" Z="0"/>
					<Vertex X="56337" Y="40598" Z="0"/>
					<Vertex X="55837" Y="39973" Z="0"/>
					<Vertex X="55588" Y="39474" Z="0"/>
					<Vertex X="55088" Y="38724" Z="0"/>
					<Vertex X="54713" Y="38224" Z="0"/>
					<Vertex X="54588" Y="37975" Z="0"/>
					<Vertex X="54463" Y="37725" Z="0"/>
					<Vertex X="54338" Y="37600" Z="0"/>
					<Vertex X="54338" Y="37475" Z="0"/>
					<Vertex X="54214" Y="37350" Z="0"/>
					<Vertex X="54089" Y="37225" Z="0"/>
					<Vertex X="54089" Y="36850" Z="0"/>
					<Vertex X="54089" Y="36600" Z="0"/>
					<Vertex X="54089" Y="36351" Z="0"/>
					<Vertex X="54089" Y="35976" Z="0"/>
					<Vertex X="54089" Y="35851" Z="0"/>
					<Vertex X="54089" Y="35726" Z="0"/>
					<Vertex X="54089" Y="35601" Z="0"/>
					<Vertex X="54089" Y="35476" Z="0"/>
					<Vertex X="54214" Y="35351" Z="0"/>
					<Vertex X="54214" Y="35226" Z="0"/>
					<Vertex X="54338" Y="35101" Z="0"/>
					<Vertex X="54463" Y="34977" Z="0"/>
					<Vertex X="54463" Y="34852" Z="0"/>
					<Vertex X="54588" Y="34727" Z="0"/>
					<Vertex X="54713" Y="34602" Z="0"/>
					<Vertex X="54838" Y="34602" Z="0"/>
					<Vertex X="54838" Y="34477" Z="0"/>
					<Vertex X="54963" Y="34477" Z="0"/>
					<Vertex X="54713" Y="34227" Z="0"/>
					<Vertex X="54963" Y="34477" Z="0"/>
					<Vertex X="54713" Y="34227" Z="0"/>
					<Vertex X="55088" Y="34352" Z="0"/>
					<Vertex X="55213" Y="34352" Z="0"/>
					<Vertex X="54963" Y="34102" Z="0"/>
					<Vertex X="55213" Y="34352" Z="0"/>
					<Vertex X="55338" Y="34227" Z="0"/>
					<Vertex X="55088" Y="33977" Z="0"/>
					<Vertex X="55463" Y="34227" Z="0"/>
					<Vertex X="55213" Y="33852" Z="0"/>
					<Vertex X="55463" Y="34102" Z="0"/>
					<Vertex X="55213" Y="33852" Z="0"/>
					<Vertex X="55338" Y="33852" Z="0"/>
					<Vertex X="55463" Y="33727" Z="0"/>
					<Vertex X="55837" Y="33977" Z="0"/>
					<Vertex X="55588" Y="33727" Z="0"/>
					<Vertex X="54089" Y="35351" Z="0"/>
					<Vertex X="53839" Y="35226" Z="0"/>
				</Vertices>
			</Region>
			<Region Id="3" Type="0" Zoom="0.007920" Selected="0" ImageLocation="" ImageFocus="-1" Length="70494.0" Area="209477031.5" LengthMicrons="17813.8" AreaMicrons="13376635.7" Text="" NegativeROA="0" InputRegionId="0" Analyze="1" DisplayId="3">
				<Attributes/>
				<Vertices>
					<Vertex X="64332" Y="67829" Z="0"/>
					<Vertex X="64582" Y="67705" Z="0"/>
					<Vertex X="64956" Y="67330" Z="0"/>
					<Vertex X="65081" Y="67205" Z="0"/>
					<Vertex X="65456" Y="66830" Z="0"/>
					<Vertex X="65456" Y="66455" Z="0"/>
					<Vertex X="65831" Y="66206" Z="0"/>
					<Vertex X="66330" Y="66206" Z="0"/>
					<Vertex X="66580" Y="66081" Z="0"/>
					<Vertex X="66830" Y="65956" Z="0"/>
					<Vertex X="67080" Y="65706" Z="0"/>
					<Vertex X="67205" Y="65706" Z="0"/>
					<Vertex X="67455" Y="65581" Z="0"/>
					<Vertex X="67705" Y="65331" Z="0"/>
					<Vertex X="67954" Y="64707" Z="0"/>
					<Vertex X="68454" Y="64832" Z="0"/>
					<Vertex X="68829" Y="64582" Z="0"/>
					<Vertex X="69204" Y="64332" Z="0"/>
					<Vertex X="69578" Y="64082" Z="0"/>
					<Vertex X="69453" Y="63707" Z="0"/>
					<Vertex X="69828" Y="63457" Z="0"/>
					<Vertex X="70078" Y="63208" Z="0"/>
					<Vertex X="70703" Y="63208" Z="0"/>
					<Vertex X="70703" Y="62833" Z="0"/>
					<Vertex X="71452" Y="62833" Z="0"/>
					<Vertex X="71327" Y="62583" Z="0"/>
					<Vertex X="71702" Y="62708" Z="0"/>
					<Vertex X="72202" Y="62458" Z="0"/>
					<Vertex X="72576" Y="62333" Z="0"/>
					<Vertex X="72951" Y="62083" Z="0"/>
					<Vertex X="73451" Y="61958" Z="0"/>
					<Vertex X="73825" Y="61834" Z="0"/>
					<Vertex X="74075" Y="61709" Z="0"/>
					<Vertex X="74450" Y="61084" Z="0"/>
					<Vertex X="74700" Y="60959" Z="0"/>
					<Vertex X="75449" Y="61084" Z="0"/>
					<Vertex X="75824" Y="60834" Z="0"/>
					<Vertex X="76324" Y="60709" Z="0"/>
					<Vertex X="76449" Y="60335" Z="0"/>
					<Vertex X="76948" Y="60459" Z="0"/>
					<Vertex X="77573" Y="60210" Z="0"/>
					<Vertex X="77948" Y="60085" Z="0"/>
					<Vertex X="78322" Y="59960" Z="0"/>
					<Vertex X="78322" Y="59585" Z="0"/>
					<Vertex X="78947" Y="59710" Z="0"/>
					<Vertex X="79322" Y="59585" Z="0"/>
					<Vertex X="79696" Y="59460" Z="0"/>
					<Vertex X="79696" Y="59085" Z="0"/>
					<Vertex X="80321" Y="59335" Z="0"/>
					<Vertex X="80571" Y="59210" Z="0"/>
					<Vertex X="80946" Y="59210" Z="0"/>
					<Vertex X="81320" Y="59085" Z="0"/>
					<Vertex X="81445" Y="59085" Z="0"/>
					<Vertex X="81695" Y="59085" Z="0"/>
					<Vertex X="81945" Y="58960" Z="0"/>
					<Vertex X="82320" Y="58960" Z="0"/>
					<Vertex X="82570" Y="58960" Z="0"/>
					<Vertex X="82819" Y="58960" Z="0"/>
					<Vertex X="82944" Y="58960" Z="0"/>
					<Vertex X="83444" Y="58960" Z="0"/>
					<Vertex X="83569" Y="58960" Z="0"/>
					<Vertex X="83694" Y="58960" Z="0"/>
					<Vertex X="83694" Y="58836" Z="0"/>
					<Vertex X="83819" Y="58836" Z="0"/>
					<Vertex X="84069" Y="58960" Z="0"/>
					<Vertex X="84568" Y="59335" Z="0"/>
					<Vertex X="84693" Y="59460" Z="0"/>
					<Vertex X="84943" Y="59710" Z="0"/>
					<Vertex X="85068" Y="59710" Z="0"/>
					<Vertex X="85193" Y="59960" Z="0"/>
					<Vertex X="85193" Y="60085" Z="0"/>
					<Vertex X="85318" Y="60210" Z="0"/>
					<Vertex X="85193" Y="60335" Z="0"/>
					<Vertex X="85318" Y="60584" Z="0"/>
					<Vertex X="85568" Y="60959" Z="0"/>
					<Vertex X="85443" Y="60959" Z="0"/>
					<Vertex X="85692" Y="61459" Z="0"/>
					<Vertex X="85692" Y="61709" Z="0"/>
					<Vertex X="85692" Y="61958" Z="0"/>
					<Vertex X="85443" Y="61958" Z="0"/>
					<Vertex X="85692" Y="62333" Z="0"/>
					<Vertex X="85692" Y="62583" Z="0"/>
					<Vertex X="85692" Y="62833" Z="0"/>
					<Vertex X="85568" Y="63083" Z="0"/>
					<Vertex X="85443" Y="63333" Z="0"/>
					<Vertex X="85068" Y="63208" Z="0"/>
					<Vertex X="85193" Y="63707" Z="0"/>
					<Vertex X="84943" Y="63457" Z="0"/>
					<Vertex X="84693" Y="64207" Z="0"/>
					<Vertex X="84693" Y="64332" Z="0"/>
					<Vertex X="84443" Y="64582" Z="0"/>
					<Vertex X="84069" Y="64956" Z="0"/>
					<Vertex X="83569" Y="64956" Z="0"/>
					<Vertex X="83319" Y="65206" Z="0"/>
					<Vertex X="83194" Y="65831" Z="0"/>
					<Vertex X="82819" Y="66081" Z="0"/>
					<Vertex X="82570" Y="66455" Z="0"/>
					<Vertex X="81945" Y="66455" Z="0"/>
					<Vertex X="81570" Y="66830" Z="0"/>
					<Vertex X="81695" Y="67205" Z="0"/>
					<Vertex X="81320" Y="67455" Z="0"/>
					<Vertex X="81071" Y="67705" Z="0"/>
					<Vertex X="80446" Y="67829" Z="0"/>
					<Vertex X="80321" Y="68329" Z="0"/>
					<Vertex X="80071" Y="68579" Z="0"/>
					<Vertex X="79946" Y="68579" Z="0"/>
					<Vertex X="79322" Y="69079" Z="0"/>
					<Vertex X="79072" Y="69328" Z="0"/>
					<Vertex X="78697" Y="69578" Z="0"/>
					<Vertex X="78572" Y="69703" Z="0"/>
					<Vertex X="78197" Y="69953" Z="0"/>
					<Vertex X="77948" Y="70203" Z="0"/>
					<Vertex X="77573" Y="70453" Z="0"/>
					<Vertex X="77323" Y="70578" Z="0"/>
					<Vertex X="76948" Y="70827" Z="0"/>
					<Vertex X="76698" Y="71077" Z="0"/>
					<Vertex X="76449" Y="71327" Z="0"/>
					<Vertex X="76199" Y="71577" Z="0"/>
					<Vertex X="76074" Y="71577" Z="0"/>
					<Vertex X="75699" Y="71827" Z="0"/>
					<Vertex X="75324" Y="72077" Z="0"/>
					<Vertex X="75075" Y="72326" Z="0"/>
					<Vertex X="74700" Y="72576" Z="0"/>
					<Vertex X="74325" Y="72701" Z="0"/>
					<Vertex X="73825" Y="73076" Z="0"/>
					<Vertex X="73326" Y="73451" Z="0"/>
					<Vertex X="72826" Y="73701" Z="0"/>
					<Vertex X="72451" Y="73950" Z="0"/>
					<Vertex X="71952" Y="74200" Z="0"/>
					<Vertex X="71202" Y="74200" Z="0"/>
					<Vertex X="71327" Y="74450" Z="0"/>
					<Vertex X="70952" Y="74700" Z="0"/>
					<Vertex X="70453" Y="74825" Z="0"/>
					<Vertex X="70203" Y="74950" Z="0"/>
					<Vertex X="69953" Y="75075" Z="0"/>
					<Vertex X="69703" Y="75200" Z="0"/>
					<Vertex X="69578" Y="75200" Z="0"/>
					<Vertex X="69328" Y="75324" Z="0"/>
					<Vertex X="69079" Y="75449" Z="0"/>
					<Vertex X="68829" Y="75574" Z="0"/>
					<Vertex X="68829" Y="75699" Z="0"/>
					<Vertex X="68329" Y="75449" Z="0"/>
					<Vertex X="68329" Y="75949" Z="0"/>
					<Vertex X="68204" Y="75949" Z="0"/>
					<Vertex X="67954" Y="76074" Z="0"/>
					<Vertex X="67829" Y="76074" Z="0"/>
					<Vertex X="67705" Y="76074" Z="0"/>
					<Vertex X="67580" Y="76074" Z="0"/>
					<Vertex X="67330" Y="76074" Z="0"/>
					<Vertex X="67080" Y="76074" Z="0"/>
					<Vertex X="66955" Y="76074" Z="0"/>
					<Vertex X="66705" Y="75824" Z="0"/>
					<Vertex X="66580" Y="76074" Z="0"/>
					<Vertex X="66081" Y="75824" Z="0"/>
					<Vertex X="65956" Y="75949" Z="0"/>
					<Vertex X="65706" Y="75949" Z="0"/>
					<Vertex X="65081" Y="75574" Z="0"/>
					<Vertex X="65081" Y="75699" Z="0"/>
					<Vertex X="64707" Y="75574" Z="0"/>
					<Vertex X="64582" Y="75449" Z="0"/>
					<Vertex X="64332" Y="75324" Z="0"/>
					<Vertex X="63957" Y="74950" Z="0"/>
					<Vertex X="63832" Y="74700" Z="0"/>
					<Vertex X="63707" Y="74575" Z="0"/>
					<Vertex X="63707" Y="74325" Z="0"/>
					<Vertex X="63582" Y="74200" Z="0"/>
					<Vertex X="63332" Y="73825" Z="0"/>
					<Vertex X="63457" Y="73576" Z="0"/>
					<Vertex X="63332" Y="73201" Z="0"/>
					<Vertex X="63332" Y="72951" Z="0"/>
					<Vertex X="63332" Y="72701" Z="0"/>
					<Vertex X="63332" Y="72451" Z="0"/>
					<Vertex X="63332" Y="72202" Z="0"/>
					<Vertex X="63332" Y="72077" Z="0"/>
					<Vertex X="63332" Y="71952" Z="0"/>
					<Vertex X="63332" Y="71577" Z="0"/>
					<Vertex X="63332" Y="71327" Z="0"/>
					<Vertex X="63332" Y="71077" Z="0"/>
					<Vertex X="63332" Y="70827" Z="0"/>
					<Vertex X="63457" Y="70703" Z="0"/>
					<Vertex X="63457" Y="70453" Z="0"/>
					<Vertex X="63582" Y="70203" Z="0"/>
					<Vertex X="63582" Y="70078" Z="0"/>
					<Vertex X="63582" Y="69953" Z="0"/>
					<Vertex X="63582" Y="69703" Z="0"/>
					<Vertex X="63582" Y="69578" Z="0"/>
					<Vertex X="63707" Y="69453" Z="0"/>
					<Vertex X="63457" Y="69079" Z="0"/>
					<Vertex X="63832" Y="69204" Z="0"/>
					<Vertex X="63832" Y="69079" Z="0"/>
					<Vertex X="63832" Y="68829" Z="0"/>
					<Vertex X="63957" Y="68829" Z="0"/>
					<Vertex X="63957" Y="68704" Z="0"/>
					<Vertex X="63957" Y="68579" Z="0"/>
					<Vertex X="64082" Y="68454" Z="0"/>
					<Vertex X="63832" Y="68204" Z="0"/>
					<Vertex X="64082" Y="68329" Z="0"/>
					<Vertex X="63957" Y="67954" Z="0"/>
					<Vertex X="64207" Y="68204" Z="0"/>
					<Vertex X="64207" Y="68079" Z="0"/>
					<Vertex X="64332" Y="68079" Z="0"/>
					<Vertex X="64332" Y="67954" Z="0"/>
					<Vertex X="64082" Y="67705" Z="0"/>
					<Vertex X="64332" Y="67829" Z="0"/>
				</Vertices>
			</Region>
			<Region Id="4" Type="0" Zoom="0.007920" Selected="1" ImageLocation="" ImageFocus="-1" Length="68256.3" Area="199691777.0" LengthMicrons="17248.4" AreaMicrons="12751775.8" Text="" NegativeROA="0" InputRegionId="0" Analyze="1" DisplayId="4">
				<Attributes/>
				<Vertices>
					<Vertex X="48343" Y="48218" Z="0"/>
					<Vertex X="48343" Y="48093" Z="0"/>
					<Vertex X="48218" Y="47593" Z="0"/>
					<Vertex X="48218" Y="47468" Z="0"/>
					<Vertex X="48218" Y="47218" Z="0"/>
					<Vertex X="48093" Y="46968" Z="0"/>
					<Vertex X="48093" Y="46594" Z="0"/>
					<Vertex X="47843" Y="46094" Z="0"/>
					<Vertex X="48093" Y="45969" Z="0"/>
					<Vertex X="48093" Y="45594" Z="0"/>
					<Vertex X="48093" Y="45469" Z="0"/>
					<Vertex X="48218" Y="45345" Z="0"/>
					<Vertex X="48218" Y="45095" Z="0"/>
					<Vertex X="48218" Y="44970" Z="0"/>
					<Vertex X="48343" Y="44720" Z="0"/>
					<Vertex X="48343" Y="44595" Z="0"/>
					<Vertex X="48467" Y="44470" Z="0"/>
					<Vertex X="48592" Y="44220" Z="0"/>
					<Vertex X="48717" Y="44095" Z="0"/>
					<Vertex X="48717" Y="43971" Z="0"/>
					<Vertex X="48967" Y="43846" Z="0"/>
					<Vertex X="49092" Y="43846" Z="0"/>
					<Vertex X="48842" Y="43471" Z="0"/>
					<Vertex X="49342" Y="43596" Z="0"/>
					<Vertex X="49467" Y="43596" Z="0"/>
					<Vertex X="49592" Y="43596" Z="0"/>
					<Vertex X="49717" Y="43596" Z="0"/>
					<Vertex X="49842" Y="43596" Z="0"/>
					<Vertex X="49966" Y="43471" Z="0"/>
					<Vertex X="50216" Y="43471" Z="0"/>
					<Vertex X="50466" Y="43471" Z="0"/>
					<Vertex X="50591" Y="43471" Z="0"/>
					<Vertex X="50841" Y="43471" Z="0"/>
					<Vertex X="50841" Y="43221" Z="0"/>
					<Vertex X="51715" Y="43596" Z="0"/>
					<Vertex X="51840" Y="43596" Z="0"/>
					<Vertex X="52090" Y="43721" Z="0"/>
					<Vertex X="52340" Y="43846" Z="0"/>
					<Vertex X="52465" Y="43846" Z="0"/>
					<Vertex X="52964" Y="44220" Z="0"/>
					<Vertex X="53339" Y="44470" Z="0"/>
					<Vertex X="53714" Y="44595" Z="0"/>
					<Vertex X="53839" Y="44720" Z="0"/>
					<Vertex X="54214" Y="45095" Z="0"/>
					<Vertex X="54338" Y="45220" Z="0"/>
					<Vertex X="54963" Y="45719" Z="0"/>
					<Vertex X="55213" Y="45969" Z="0"/>
					<Vertex X="55338" Y="46344" Z="0"/>
					<Vertex X="55713" Y="46719" Z="0"/>
					<Vertex X="55837" Y="47093" Z="0"/>
					<Vertex X="55962" Y="47218" Z="0"/>
					<Vertex X="56212" Y="47593" Z="0"/>
					<Vertex X="56337" Y="47718" Z="0"/>
					<Vertex X="56587" Y="47968" Z="0"/>
					<Vertex X="56587" Y="48093" Z="0"/>
					<Vertex X="56837" Y="48343" Z="0"/>
					<Vertex X="56962" Y="48592" Z="0"/>
					<Vertex X="56962" Y="48842" Z="0"/>
					<Vertex X="57087" Y="48967" Z="0"/>
					<Vertex X="57212" Y="49092" Z="0"/>
					<Vertex X="57212" Y="49217" Z="0"/>
					<Vertex X="57212" Y="49217" Z="0"/>
					<Vertex X="57586" Y="49592" Z="0"/>
					<Vertex X="57586" Y="49592" Z="0"/>
					<Vertex X="58086" Y="50216" Z="0"/>
					<Vertex X="58336" Y="50341" Z="0"/>
					<Vertex X="58711" Y="50591" Z="0"/>
					<Vertex X="58960" Y="50841" Z="0"/>
					<Vertex X="59085" Y="50966" Z="0"/>
					<Vertex X="59335" Y="51216" Z="0"/>
					<Vertex X="59585" Y="51341" Z="0"/>
					<Vertex X="59710" Y="51341" Z="0"/>
					<Vertex X="59835" Y="51465" Z="0"/>
					<Vertex X="59960" Y="51590" Z="0"/>
					<Vertex X="60210" Y="51715" Z="0"/>
					<Vertex X="60459" Y="51840" Z="0"/>
					<Vertex X="60459" Y="51840" Z="0"/>
					<Vertex X="60959" Y="52340" Z="0"/>
					<Vertex X="61459" Y="52964" Z="0"/>
					<Vertex X="62083" Y="53464" Z="0"/>
					<Vertex X="62333" Y="53714" Z="0"/>
					<Vertex X="62458" Y="53714" Z="0"/>
					<Vertex X="62958" Y="54089" Z="0"/>
					<Vertex X="63083" Y="54089" Z="0"/>
					<Vertex X="63208" Y="54214" Z="0"/>
					<Vertex X="63208" Y="54089" Z="0"/>
					<Vertex X="63582" Y="54463" Z="0"/>
					<Vertex X="63707" Y="54463" Z="0"/>
					<Vertex X="63832" Y="54463" Z="0"/>
					<Vertex X="63957" Y="54463" Z="0"/>
					<Vertex X="64082" Y="54463" Z="0"/>
					<Vertex X="64207" Y="54463" Z="0"/>
					<Vertex X="64457" Y="54463" Z="0"/>
					<Vertex X="64707" Y="54588" Z="0"/>
					<Vertex X="64956" Y="54588" Z="0"/>
					<Vertex X="65081" Y="54588" Z="0"/>
					<Vertex X="65206" Y="54588" Z="0"/>
					<Vertex X="65581" Y="54713" Z="0"/>
					<Vertex X="65831" Y="54838" Z="0"/>
					<Vertex X="66081" Y="54838" Z="0"/>
					<Vertex X="66206" Y="54963" Z="0"/>
					<Vertex X="66455" Y="55088" Z="0"/>
					<Vertex X="66580" Y="55088" Z="0"/>
					<Vertex X="67205" Y="55588" Z="0"/>
					<Vertex X="67330" Y="55713" Z="0"/>
					<Vertex X="67705" Y="55962" Z="0"/>
					<Vertex X="67954" Y="56087" Z="0"/>
					<Vertex X="68204" Y="56337" Z="0"/>
					<Vertex X="68454" Y="56587" Z="0"/>
					<Vertex X="68579" Y="56837" Z="0"/>
					<Vertex X="68829" Y="57087" Z="0"/>
					<Vertex X="68954" Y="57337" Z="0"/>
					<Vertex X="68954" Y="57461" Z="0"/>
					<Vertex X="69328" Y="57961" Z="0"/>
					<Vertex X="69328" Y="58086" Z="0"/>
					<Vertex X="69204" Y="58211" Z="0"/>
					<Vertex X="69578" Y="58586" Z="0"/>
					<Vertex X="69328" Y="58711" Z="0"/>
					<Vertex X="69578" Y="59085" Z="0"/>
					<Vertex X="69578" Y="59210" Z="0"/>
					<Vertex X="69578" Y="59335" Z="0"/>
					<Vertex X="69578" Y="59460" Z="0"/>
					<Vertex X="69578" Y="59585" Z="0"/>
					<Vertex X="69453" Y="59710" Z="0"/>
					<Vertex X="69453" Y="59835" Z="0"/>
					<Vertex X="69328" Y="59960" Z="0"/>
					<Vertex X="69204" Y="59960" Z="0"/>
					<Vertex X="68954" Y="60085" Z="0"/>
					<Vertex X="68829" Y="60210" Z="0"/>
					<Vertex X="68704" Y="60335" Z="0"/>
					<Vertex X="68204" Y="60210" Z="0"/>
					<Vertex X="68329" Y="60584" Z="0"/>
					<Vertex X="68204" Y="60584" Z="0"/>
					<Vertex X="67954" Y="60709" Z="0"/>
					<Vertex X="67705" Y="60834" Z="0"/>
					<Vertex X="67580" Y="60959" Z="0"/>
					<Vertex X="67330" Y="60959" Z="0"/>
					<Vertex X="67205" Y="61084" Z="0"/>
					<Vertex X="66955" Y="61209" Z="0"/>
					<Vertex X="66830" Y="61334" Z="0"/>
					<Vertex X="66580" Y="61459" Z="0"/>
					<Vertex X="66206" Y="61209" Z="0"/>
					<Vertex X="66081" Y="61584" Z="0"/>
					<Vertex X="65831" Y="61709" Z="0"/>
					<Vertex X="65456" Y="61709" Z="0"/>
					<Vertex X="65206" Y="61834" Z="0"/>
					<Vertex X="64956" Y="61958" Z="0"/>
					<Vertex X="64831" Y="61958" Z="0"/>
					<Vertex X="64582" Y="62083" Z="0"/>
					<Vertex X="64332" Y="62083" Z="0"/>
					<Vertex X="64082" Y="62208" Z="0"/>
					<Vertex X="63832" Y="62333" Z="0"/>
					<Vertex X="63582" Y="62333" Z="0"/>
					<Vertex X="63208" Y="62458" Z="0"/>
					<Vertex X="62708" Y="62208" Z="0"/>
					<Vertex X="62583" Y="62583" Z="0"/>
					<Vertex X="62333" Y="62583" Z="0"/>
					<Vertex X="62208" Y="62583" Z="0"/>
					<Vertex X="61709" Y="62708" Z="0"/>
					<Vertex X="61334" Y="62708" Z="0"/>
					<Vertex X="60834" Y="62458" Z="0"/>
					<Vertex X="60709" Y="62708" Z="0"/>
					<Vertex X="60210" Y="62458" Z="0"/>
					<Vertex X="59585" Y="62458" Z="0"/>
					<Vertex X="59460" Y="62708" Z="0"/>
					<Vertex X="59085" Y="62708" Z="0"/>
					<Vertex X="58711" Y="62583" Z="0"/>
					<Vertex X="58336" Y="62458" Z="0"/>
					<Vertex X="57961" Y="62333" Z="0"/>
					<Vertex X="57711" Y="62208" Z="0"/>
					<Vertex X="57461" Y="62208" Z="0"/>
					<Vertex X="57336" Y="62083" Z="0"/>
					<Vertex X="57087" Y="62083" Z="0"/>
					<Vertex X="56962" Y="61958" Z="0"/>
					<Vertex X="56587" Y="61834" Z="0"/>
					<Vertex X="56212" Y="61584" Z="0"/>
					<Vertex X="55962" Y="61459" Z="0"/>
					<Vertex X="55713" Y="61209" Z="0"/>
					<Vertex X="55463" Y="61084" Z="0"/>
					<Vertex X="55088" Y="60834" Z="0"/>
					<Vertex X="54838" Y="60584" Z="0"/>
					<Vertex X="54588" Y="60335" Z="0"/>
					<Vertex X="54338" Y="60085" Z="0"/>
					<Vertex X="54089" Y="59835" Z="0"/>
					<Vertex X="53714" Y="59335" Z="0"/>
					<Vertex X="53589" Y="59085" Z="0"/>
					<Vertex X="53464" Y="58836" Z="0"/>
					<Vertex X="53339" Y="58211" Z="0"/>
					<Vertex X="53214" Y="57961" Z="0"/>
					<Vertex X="53089" Y="57586" Z="0"/>
					<Vertex X="52964" Y="57337" Z="0"/>
					<Vertex X="52840" Y="57087" Z="0"/>
					<Vertex X="52840" Y="56837" Z="0"/>
					<Vertex X="52715" Y="56712" Z="0"/>
					<Vertex X="52590" Y="56462" Z="0"/>
					<Vertex X="52590" Y="56212" Z="0"/>
					<Vertex X="52590" Y="56087" Z="0"/>
					<Vertex X="52465" Y="55838" Z="0"/>
					<Vertex X="52215" Y="55338" Z="0"/>
					<Vertex X="52465" Y="55338" Z="0"/>
					<Vertex X="52465" Y="55213" Z="0"/>
					<Vertex X="52340" Y="54963" Z="0"/>
					<Vertex X="52340" Y="54838" Z="0"/>
					<Vertex X="52215" Y="54713" Z="0"/>
					<Vertex X="51965" Y="54214" Z="0"/>
					<Vertex X="52090" Y="54214" Z="0"/>
					<Vertex X="52090" Y="54089" Z="0"/>
					<Vertex X="51965" Y="53839" Z="0"/>
					<Vertex X="51840" Y="53714" Z="0"/>
					<Vertex X="51715" Y="53464" Z="0"/>
					<Vertex X="51590" Y="53089" Z="0"/>
					<Vertex X="51465" Y="52715" Z="0"/>
					<Vertex X="51216" Y="52340" Z="0"/>
					<Vertex X="50591" Y="51465" Z="0"/>
					<Vertex X="50716" Y="51465" Z="0"/>
					<Vertex X="50466" Y="51216" Z="0"/>
					<Vertex X="50216" Y="50841" Z="0"/>
					<Vertex X="49842" Y="50466" Z="0"/>
					<Vertex X="49717" Y="50216" Z="0"/>
					<Vertex X="49717" Y="50091" Z="0"/>
					<Vertex X="49592" Y="49592" Z="0"/>
					<Vertex X="49467" Y="49342" Z="0"/>
					<Vertex X="49467" Y="49092" Z="0"/>
					<Vertex X="49342" Y="48967" Z="0"/>
					<Vertex X="49217" Y="48717" Z="0"/>
					<Vertex X="49217" Y="48592" Z="0"/>
					<Vertex X="49092" Y="48467" Z="0"/>
					<Vertex X="48967" Y="48467" Z="0"/>
					<Vertex X="48717" Y="48218" Z="0"/>
					<Vertex X="48343" Y="48218" Z="0"/>
				</Vertices>
			</Region>
		</Regions>
		<Plots/>
	</Annotation>
</Annotations>
