<Annotations MicronsPerPixel="0.252500">
	<Annotation Id="1" Name="" ReadOnly="0" NameReadOnly="0" LineColorReadOnly="0" Incremental="0" Type="4" LineColor="16776960" Visible="1" Selected="1" MarkupImagePath="" MacroName="">
		<Attributes/>
		<Regions>
			<RegionAttributeHeaders/>
			<Region Id="1" Type="0" Zoom="0.023233" Selected="0" ImageLocation="" ImageFocus="-1" Length="106473.8" Area="616545409.0" LengthMicrons="26884.6" AreaMicrons="39308622.5" Text="" NegativeROA="0" InputRegionId="0" Analyze="1" DisplayId="1">
				<Attributes/>
				<Vertices>
					<Vertex X="64562" Y="32430" Z="0"/>
					<Vertex X="64562" Y="32388" Z="0"/>
					<Vertex X="64136" Y="32217" Z="0"/>
					<Vertex X="64051" Y="32132" Z="0"/>
					<Vertex X="63923" Y="32089" Z="0"/>
					<Vertex X="63838" Y="32089" Z="0"/>
					<Vertex X="63752" Y="32004" Z="0"/>
					<Vertex X="63667" Y="32004" Z="0"/>
					<Vertex X="63667" Y="31961" Z="0"/>
					<Vertex X="63625" Y="31961" Z="0"/>
					<Vertex X="63582" Y="31919" Z="0"/>
					<Vertex X="63539" Y="31919" Z="0"/>
					<Vertex X="63284" Y="31876" Z="0"/>
					<Vertex X="63028" Y="31834" Z="0"/>
					<Vertex X="62858" Y="31834" Z="0"/>
					<Vertex X="62730" Y="31791" Z="0"/>
					<Vertex X="62644" Y="31791" Z="0"/>
					<Vertex X="62602" Y="31791" Z="0"/>
					<Vertex X="62559" Y="31791" Z="0"/>
					<Vertex X="62517" Y="31791" Z="0"/>
					<Vertex X="62431" Y="31791" Z="0"/>
					<Vertex X="62346" Y="31791" Z="0"/>
					<Vertex X="62176" Y="31876" Z="0"/>
					<Vertex X="61920" Y="31961" Z="0"/>
					<Vertex X="61664" Y="32089" Z="0"/>
					<Vertex X="61366" Y="32175" Z="0"/>
					<Vertex X="61153" Y="32260" Z="0"/>
					<Vertex X="61025" Y="32260" Z="0"/>
					<Vertex X="60940" Y="32345" Z="0"/>
					<Vertex X="60897" Y="32345" Z="0"/>
					<Vertex X="60812" Y="32345" Z="0"/>
					<Vertex X="60812" Y="32388" Z="0"/>
					<Vertex X="60769" Y="32388" Z="0"/>
					<Vertex X="60684" Y="32430" Z="0"/>
					<Vertex X="60556" Y="32558" Z="0"/>
					<Vertex X="60386" Y="32601" Z="0"/>
					<Vertex X="60215" Y="32729" Z="0"/>
					<Vertex X="60088" Y="32814" Z="0"/>
					<Vertex X="60045" Y="32814" Z="0"/>
					<Vertex X="59917" Y="32899" Z="0"/>
					<Vertex X="59832" Y="32942" Z="0"/>
					<Vertex X="59789" Y="33027" Z="0"/>
					<Vertex X="59704" Y="33069" Z="0"/>
					<Vertex X="59534" Y="33197" Z="0"/>
					<Vertex X="59363" Y="33283" Z="0"/>
					<Vertex X="59278" Y="33325" Z="0"/>
					<Vertex X="59193" Y="33410" Z="0"/>
					<Vertex X="59150" Y="33453" Z="0"/>
					<Vertex X="59022" Y="33538" Z="0"/>
					<Vertex X="58980" Y="33623" Z="0"/>
					<Vertex X="58937" Y="33666" Z="0"/>
					<Vertex X="58724" Y="33879" Z="0"/>
					<Vertex X="58553" Y="33964" Z="0"/>
					<Vertex X="58468" Y="34050" Z="0"/>
					<Vertex X="58426" Y="34092" Z="0"/>
					<Vertex X="58298" Y="34135" Z="0"/>
					<Vertex X="58255" Y="34177" Z="0"/>
					<Vertex X="58212" Y="34220" Z="0"/>
					<Vertex X="58170" Y="34263" Z="0"/>
					<Vertex X="58127" Y="34263" Z="0"/>
					<Vertex X="58042" Y="34305" Z="0"/>
					<Vertex X="57999" Y="34348" Z="0"/>
					<Vertex X="57957" Y="34348" Z="0"/>
					<Vertex X="57872" Y="34433" Z="0"/>
					<Vertex X="57829" Y="34476" Z="0"/>
					<Vertex X="57616" Y="34518" Z="0"/>
					<Vertex X="57488" Y="34561" Z="0"/>
					<Vertex X="57403" Y="34561" Z="0"/>
					<Vertex X="57275" Y="34604" Z="0"/>
					<Vertex X="57147" Y="34646" Z="0"/>
					<Vertex X="57104" Y="34646" Z="0"/>
					<Vertex X="57062" Y="34646" Z="0"/>
					<Vertex X="56934" Y="34646" Z="0"/>
					<Vertex X="56891" Y="34646" Z="0"/>
					<Vertex X="56806" Y="34689" Z="0"/>
					<Vertex X="56721" Y="34689" Z="0"/>
					<Vertex X="56636" Y="34689" Z="0"/>
					<Vertex X="56508" Y="34689" Z="0"/>
					<Vertex X="56423" Y="34689" Z="0"/>
					<Vertex X="56295" Y="34689" Z="0"/>
					<Vertex X="56167" Y="34689" Z="0"/>
					<Vertex X="55996" Y="34689" Z="0"/>
					<Vertex X="55869" Y="34689" Z="0"/>
					<Vertex X="55400" Y="34689" Z="0"/>
					<Vertex X="55229" Y="34689" Z="0"/>
					<Vertex X="55102" Y="34689" Z="0"/>
					<Vertex X="54931" Y="34689" Z="0"/>
					<Vertex X="54888" Y="34689" Z="0"/>
					<Vertex X="54846" Y="34646" Z="0"/>
					<Vertex X="54803" Y="34646" Z="0"/>
					<Vertex X="54761" Y="34646" Z="0"/>
					<Vertex X="54718" Y="34646" Z="0"/>
					<Vertex X="54633" Y="34646" Z="0"/>
					<Vertex X="54548" Y="34604" Z="0"/>
					<Vertex X="54377" Y="34604" Z="0"/>
					<Vertex X="54249" Y="34561" Z="0"/>
					<Vertex X="53823" Y="34518" Z="0"/>
					<Vertex X="53653" Y="34476" Z="0"/>
					<Vertex X="53440" Y="34476" Z="0"/>
					<Vertex X="53354" Y="34476" Z="0"/>
					<Vertex X="53312" Y="34476" Z="0"/>
					<Vertex X="53269" Y="34476" Z="0"/>
					<Vertex X="53226" Y="34433" Z="0"/>
					<Vertex X="53184" Y="34433" Z="0"/>
					<Vertex X="53099" Y="34433" Z="0"/>
					<Vertex X="53056" Y="34433" Z="0"/>
					<Vertex X="52971" Y="34433" Z="0"/>
					<Vertex X="52885" Y="34433" Z="0"/>
					<Vertex X="52800" Y="34433" Z="0"/>
					<Vertex X="52672" Y="34476" Z="0"/>
					<Vertex X="52545" Y="34476" Z="0"/>
					<Vertex X="52374" Y="34518" Z="0"/>
					<Vertex X="52204" Y="34604" Z="0"/>
					<Vertex X="52033" Y="34646" Z="0"/>
					<Vertex X="51905" Y="34689" Z="0"/>
					<Vertex X="51820" Y="34689" Z="0"/>
					<Vertex X="51735" Y="34689" Z="0"/>
					<Vertex X="51607" Y="34731" Z="0"/>
					<Vertex X="51522" Y="34774" Z="0"/>
					<Vertex X="51437" Y="34817" Z="0"/>
					<Vertex X="51394" Y="34817" Z="0"/>
					<Vertex X="51351" Y="34859" Z="0"/>
					<Vertex X="51266" Y="34859" Z="0"/>
					<Vertex X="51181" Y="34902" Z="0"/>
					<Vertex X="51053" Y="34987" Z="0"/>
					<Vertex X="50968" Y="34987" Z="0"/>
					<Vertex X="50883" Y="35030" Z="0"/>
					<Vertex X="50797" Y="35072" Z="0"/>
					<Vertex X="50755" Y="35115" Z="0"/>
					<Vertex X="50627" Y="35115" Z="0"/>
					<Vertex X="50499" Y="35200" Z="0"/>
					<Vertex X="50371" Y="35285" Z="0"/>
					<Vertex X="50286" Y="35328" Z="0"/>
					<Vertex X="50243" Y="35371" Z="0"/>
					<Vertex X="50201" Y="35413" Z="0"/>
					<Vertex X="50158" Y="35456" Z="0"/>
					<Vertex X="50073" Y="35541" Z="0"/>
					<Vertex X="50030" Y="35626" Z="0"/>
					<Vertex X="49988" Y="35626" Z="0"/>
					<Vertex X="49945" Y="35712" Z="0"/>
					<Vertex X="49902" Y="35797" Z="0"/>
					<Vertex X="49817" Y="35925" Z="0"/>
					<Vertex X="49732" Y="36010" Z="0"/>
					<Vertex X="49689" Y="36053" Z="0"/>
					<Vertex X="49604" Y="36180" Z="0"/>
					<Vertex X="49519" Y="36223" Z="0"/>
					<Vertex X="49476" Y="36308" Z="0"/>
					<Vertex X="49348" Y="36351" Z="0"/>
					<Vertex X="49221" Y="36479" Z="0"/>
					<Vertex X="49135" Y="36479" Z="0"/>
					<Vertex X="49050" Y="36564" Z="0"/>
					<Vertex X="48965" Y="36607" Z="0"/>
					<Vertex X="48922" Y="36607" Z="0"/>
					<Vertex X="48794" Y="36692" Z="0"/>
					<Vertex X="48709" Y="36734" Z="0"/>
					<Vertex X="48667" Y="36734" Z="0"/>
					<Vertex X="48667" Y="36777" Z="0"/>
					<Vertex X="48624" Y="36777" Z="0"/>
					<Vertex X="48581" Y="36820" Z="0"/>
					<Vertex X="48496" Y="36862" Z="0"/>
					<Vertex X="48453" Y="36905" Z="0"/>
					<Vertex X="48368" Y="36947" Z="0"/>
					<Vertex X="48283" Y="36990" Z="0"/>
					<Vertex X="48240" Y="37033" Z="0"/>
					<Vertex X="48198" Y="37075" Z="0"/>
					<Vertex X="48155" Y="37075" Z="0"/>
					<Vertex X="48113" Y="37075" Z="0"/>
					<Vertex X="48113" Y="37118" Z="0"/>
					<Vertex X="48070" Y="37118" Z="0"/>
					<Vertex X="48027" Y="37203" Z="0"/>
					<Vertex X="47814" Y="37501" Z="0"/>
					<Vertex X="47686" Y="37672" Z="0"/>
					<Vertex X="47559" Y="37757" Z="0"/>
					<Vertex X="47516" Y="37842" Z="0"/>
					<Vertex X="47431" Y="37928" Z="0"/>
					<Vertex X="47388" Y="37970" Z="0"/>
					<Vertex X="47388" Y="38013" Z="0"/>
					<Vertex X="47303" Y="38055" Z="0"/>
					<Vertex X="47260" Y="38141" Z="0"/>
					<Vertex X="47218" Y="38226" Z="0"/>
					<Vertex X="47175" Y="38311" Z="0"/>
					<Vertex X="47090" Y="38354" Z="0"/>
					<Vertex X="47047" Y="38482" Z="0"/>
					<Vertex X="46962" Y="38524" Z="0"/>
					<Vertex X="46962" Y="38567" Z="0"/>
					<Vertex X="46919" Y="38652" Z="0"/>
					<Vertex X="46877" Y="38737" Z="0"/>
					<Vertex X="46834" Y="38780" Z="0"/>
					<Vertex X="46834" Y="38823" Z="0"/>
					<Vertex X="46791" Y="38908" Z="0"/>
					<Vertex X="46749" Y="38950" Z="0"/>
					<Vertex X="46749" Y="39036" Z="0"/>
					<Vertex X="46706" Y="39121" Z="0"/>
					<Vertex X="46664" Y="39249" Z="0"/>
					<Vertex X="46578" Y="39419" Z="0"/>
					<Vertex X="46536" Y="39590" Z="0"/>
					<Vertex X="46451" Y="39632" Z="0"/>
					<Vertex X="46408" Y="39760" Z="0"/>
					<Vertex X="46365" Y="39845" Z="0"/>
					<Vertex X="46323" Y="40016" Z="0"/>
					<Vertex X="46323" Y="40101" Z="0"/>
					<Vertex X="46280" Y="40229" Z="0"/>
					<Vertex X="46280" Y="40314" Z="0"/>
					<Vertex X="46237" Y="40399" Z="0"/>
					<Vertex X="46237" Y="40442" Z="0"/>
					<Vertex X="46237" Y="40485" Z="0"/>
					<Vertex X="46237" Y="40612" Z="0"/>
					<Vertex X="46237" Y="40655" Z="0"/>
					<Vertex X="46237" Y="40698" Z="0"/>
					<Vertex X="46237" Y="40740" Z="0"/>
					<Vertex X="46237" Y="40826" Z="0"/>
					<Vertex X="46237" Y="40868" Z="0"/>
					<Vertex X="46237" Y="40911" Z="0"/>
					<Vertex X="46237" Y="41081" Z="0"/>
					<Vertex X="46237" Y="41124" Z="0"/>
					<Vertex X="46237" Y="41166" Z="0"/>
					<Vertex X="46237" Y="41252" Z="0"/>
					<Vertex X="46280" Y="41294" Z="0"/>
					<Vertex X="46280" Y="41337" Z="0"/>
					<Vertex X="46280" Y="41380" Z="0"/>
					<Vertex X="46280" Y="41422" Z="0"/>
					<Vertex X="46280" Y="41465" Z="0"/>
					<Vertex X="46323" Y="41465" Z="0"/>
					<Vertex X="46323" Y="41507" Z="0"/>
					<Vertex X="46365" Y="41550" Z="0"/>
					<Vertex X="46408" Y="41550" Z="0"/>
					<Vertex X="46451" Y="41593" Z="0"/>
					<Vertex X="46536" Y="41635" Z="0"/>
					<Vertex X="46621" Y="41678" Z="0"/>
					<Vertex X="46706" Y="41763" Z="0"/>
					<Vertex X="46834" Y="41806" Z="0"/>
					<Vertex X="47005" Y="41891" Z="0"/>
					<Vertex X="47175" Y="41976" Z="0"/>
					<Vertex X="47345" Y="42019" Z="0"/>
					<Vertex X="47431" Y="42104" Z="0"/>
					<Vertex X="47516" Y="42147" Z="0"/>
					<Vertex X="47601" Y="42189" Z="0"/>
					<Vertex X="47686" Y="42232" Z="0"/>
					<Vertex X="47729" Y="42232" Z="0"/>
					<Vertex X="47772" Y="42274" Z="0"/>
					<Vertex X="47814" Y="42317" Z="0"/>
					<Vertex X="47857" Y="42317" Z="0"/>
					<Vertex X="47899" Y="42360" Z="0"/>
					<Vertex X="47942" Y="42360" Z="0"/>
					<Vertex X="47942" Y="42402" Z="0"/>
					<Vertex X="48027" Y="42445" Z="0"/>
					<Vertex X="48070" Y="42488" Z="0"/>
					<Vertex X="48198" Y="42573" Z="0"/>
					<Vertex X="48368" Y="42743" Z="0"/>
					<Vertex X="48453" Y="42786" Z="0"/>
					<Vertex X="48539" Y="42871" Z="0"/>
					<Vertex X="48581" Y="42914" Z="0"/>
					<Vertex X="48667" Y="42999" Z="0"/>
					<Vertex X="48667" Y="43042" Z="0"/>
					<Vertex X="48709" Y="43042" Z="0"/>
					<Vertex X="48752" Y="43042" Z="0"/>
					<Vertex X="48752" Y="43084" Z="0"/>
					<Vertex X="48794" Y="43127" Z="0"/>
					<Vertex X="48965" Y="43255" Z="0"/>
					<Vertex X="49135" Y="43425" Z="0"/>
					<Vertex X="49348" Y="43596" Z="0"/>
					<Vertex X="49775" Y="43809" Z="0"/>
					<Vertex X="50030" Y="43979" Z="0"/>
					<Vertex X="50201" Y="44107" Z="0"/>
					<Vertex X="50329" Y="44192" Z="0"/>
					<Vertex X="50414" Y="44235" Z="0"/>
					<Vertex X="50499" Y="44320" Z="0"/>
					<Vertex X="50542" Y="44320" Z="0"/>
					<Vertex X="50542" Y="44363" Z="0"/>
					<Vertex X="50627" Y="44490" Z="0"/>
					<Vertex X="50669" Y="44533" Z="0"/>
					<Vertex X="50712" Y="44618" Z="0"/>
					<Vertex X="50755" Y="44746" Z="0"/>
					<Vertex X="50797" Y="44874" Z="0"/>
					<Vertex X="50883" Y="44959" Z="0"/>
					<Vertex X="50925" Y="45044" Z="0"/>
					<Vertex X="50925" Y="45130" Z="0"/>
					<Vertex X="50968" Y="45258" Z="0"/>
					<Vertex X="51053" Y="45343" Z="0"/>
					<Vertex X="51053" Y="45428" Z="0"/>
					<Vertex X="51053" Y="45513" Z="0"/>
					<Vertex X="51096" Y="45556" Z="0"/>
					<Vertex X="51096" Y="45598" Z="0"/>
					<Vertex X="51138" Y="45641" Z="0"/>
					<Vertex X="51138" Y="45684" Z="0"/>
					<Vertex X="51138" Y="45769" Z="0"/>
					<Vertex X="51138" Y="45854" Z="0"/>
					<Vertex X="51181" Y="45854" Z="0"/>
					<Vertex X="51181" Y="45897" Z="0"/>
					<Vertex X="51181" Y="45939" Z="0"/>
					<Vertex X="51181" Y="45982" Z="0"/>
					<Vertex X="51181" Y="46025" Z="0"/>
					<Vertex X="51181" Y="46110" Z="0"/>
					<Vertex X="51181" Y="46152" Z="0"/>
					<Vertex X="51223" Y="46238" Z="0"/>
					<Vertex X="51223" Y="46323" Z="0"/>
					<Vertex X="51223" Y="46408" Z="0"/>
					<Vertex X="51223" Y="46621" Z="0"/>
					<Vertex X="51223" Y="46664" Z="0"/>
					<Vertex X="51223" Y="46706" Z="0"/>
					<Vertex X="51223" Y="46749" Z="0"/>
					<Vertex X="51223" Y="46792" Z="0"/>
					<Vertex X="51223" Y="46834" Z="0"/>
					<Vertex X="51223" Y="46877" Z="0"/>
					<Vertex X="51223" Y="46962" Z="0"/>
					<Vertex X="51223" Y="47047" Z="0"/>
					<Vertex X="51266" Y="47133" Z="0"/>
					<Vertex X="51266" Y="47218" Z="0"/>
					<Vertex X="51309" Y="47260" Z="0"/>
					<Vertex X="51309" Y="47388" Z="0"/>
					<Vertex X="51309" Y="47431" Z="0"/>
					<Vertex X="51309" Y="47516" Z="0"/>
					<Vertex X="51309" Y="47601" Z="0"/>
					<Vertex X="51309" Y="47644" Z="0"/>
					<Vertex X="51309" Y="47687" Z="0"/>
					<Vertex X="51309" Y="47729" Z="0"/>
					<Vertex X="51309" Y="47814" Z="0"/>
					<Vertex X="51309" Y="47857" Z="0"/>
					<Vertex X="51309" Y="47900" Z="0"/>
					<Vertex X="51309" Y="47942" Z="0"/>
					<Vertex X="51309" Y="47985" Z="0"/>
					<Vertex X="51309" Y="48028" Z="0"/>
					<Vertex X="51309" Y="48070" Z="0"/>
					<Vertex X="51351" Y="48113" Z="0"/>
					<Vertex X="51351" Y="48198" Z="0"/>
					<Vertex X="51351" Y="48283" Z="0"/>
					<Vertex X="51394" Y="48326" Z="0"/>
					<Vertex X="51394" Y="48454" Z="0"/>
					<Vertex X="51394" Y="48496" Z="0"/>
					<Vertex X="51394" Y="48539" Z="0"/>
					<Vertex X="51437" Y="48709" Z="0"/>
					<Vertex X="51479" Y="48837" Z="0"/>
					<Vertex X="51522" Y="48965" Z="0"/>
					<Vertex X="51564" Y="49221" Z="0"/>
					<Vertex X="51650" Y="49519" Z="0"/>
					<Vertex X="51650" Y="49690" Z="0"/>
					<Vertex X="51692" Y="49775" Z="0"/>
					<Vertex X="51735" Y="49903" Z="0"/>
					<Vertex X="51777" Y="49988" Z="0"/>
					<Vertex X="51777" Y="50073" Z="0"/>
					<Vertex X="51777" Y="50158" Z="0"/>
					<Vertex X="51820" Y="50244" Z="0"/>
					<Vertex X="51820" Y="50329" Z="0"/>
					<Vertex X="51863" Y="50414" Z="0"/>
					<Vertex X="51905" Y="50542" Z="0"/>
					<Vertex X="51948" Y="50670" Z="0"/>
					<Vertex X="52033" Y="50755" Z="0"/>
					<Vertex X="52033" Y="50883" Z="0"/>
					<Vertex X="52161" Y="51011" Z="0"/>
					<Vertex X="52204" Y="51138" Z="0"/>
					<Vertex X="52331" Y="51224" Z="0"/>
					<Vertex X="52374" Y="51309" Z="0"/>
					<Vertex X="52459" Y="51394" Z="0"/>
					<Vertex X="52545" Y="51479" Z="0"/>
					<Vertex X="52630" Y="51565" Z="0"/>
					<Vertex X="52672" Y="51607" Z="0"/>
					<Vertex X="52715" Y="51692" Z="0"/>
					<Vertex X="52758" Y="51692" Z="0"/>
					<Vertex X="52758" Y="51735" Z="0"/>
					<Vertex X="52758" Y="51778" Z="0"/>
					<Vertex X="52800" Y="51778" Z="0"/>
					<Vertex X="52800" Y="51820" Z="0"/>
					<Vertex X="52843" Y="51863" Z="0"/>
					<Vertex X="52843" Y="51906" Z="0"/>
					<Vertex X="52885" Y="51991" Z="0"/>
					<Vertex X="52928" Y="52076" Z="0"/>
					<Vertex X="52928" Y="52119" Z="0"/>
					<Vertex X="52971" Y="52204" Z="0"/>
					<Vertex X="52971" Y="52289" Z="0"/>
					<Vertex X="53013" Y="52332" Z="0"/>
					<Vertex X="53013" Y="52374" Z="0"/>
					<Vertex X="53056" Y="52460" Z="0"/>
					<Vertex X="53056" Y="52502" Z="0"/>
					<Vertex X="53056" Y="52545" Z="0"/>
					<Vertex X="53056" Y="52587" Z="0"/>
					<Vertex X="53056" Y="52630" Z="0"/>
					<Vertex X="53056" Y="52673" Z="0"/>
					<Vertex X="53056" Y="52715" Z="0"/>
					<Vertex X="53056" Y="52843" Z="0"/>
					<Vertex X="53056" Y="52928" Z="0"/>
					<Vertex X="53056" Y="52971" Z="0"/>
					<Vertex X="53056" Y="53056" Z="0"/>
					<Vertex X="53099" Y="53184" Z="0"/>
					<Vertex X="53099" Y="53312" Z="0"/>
					<Vertex X="53141" Y="53397" Z="0"/>
					<Vertex X="53141" Y="53525" Z="0"/>
					<Vertex X="53141" Y="53568" Z="0"/>
					<Vertex X="53184" Y="53653" Z="0"/>
					<Vertex X="53184" Y="53695" Z="0"/>
					<Vertex X="53226" Y="53781" Z="0"/>
					<Vertex X="53269" Y="53908" Z="0"/>
					<Vertex X="53269" Y="53994" Z="0"/>
					<Vertex X="53312" Y="54122" Z="0"/>
					<Vertex X="53354" Y="54249" Z="0"/>
					<Vertex X="53354" Y="54292" Z="0"/>
					<Vertex X="53397" Y="54377" Z="0"/>
					<Vertex X="53397" Y="54420" Z="0"/>
					<Vertex X="53440" Y="54548" Z="0"/>
					<Vertex X="53482" Y="54633" Z="0"/>
					<Vertex X="53482" Y="54676" Z="0"/>
					<Vertex X="53482" Y="54761" Z="0"/>
					<Vertex X="53525" Y="54889" Z="0"/>
					<Vertex X="53610" Y="55102" Z="0"/>
					<Vertex X="53610" Y="55187" Z="0"/>
					<Vertex X="53653" Y="55272" Z="0"/>
					<Vertex X="53695" Y="55357" Z="0"/>
					<Vertex X="53695" Y="55400" Z="0"/>
					<Vertex X="53738" Y="55528" Z="0"/>
					<Vertex X="53780" Y="55570" Z="0"/>
					<Vertex X="53780" Y="55613" Z="0"/>
					<Vertex X="53866" Y="55698" Z="0"/>
					<Vertex X="53908" Y="55784" Z="0"/>
					<Vertex X="53951" Y="55869" Z="0"/>
					<Vertex X="54036" Y="55954" Z="0"/>
					<Vertex X="54121" Y="56082" Z="0"/>
					<Vertex X="54164" Y="56167" Z="0"/>
					<Vertex X="54249" Y="56252" Z="0"/>
					<Vertex X="54292" Y="56338" Z="0"/>
					<Vertex X="54420" Y="56465" Z="0"/>
					<Vertex X="54462" Y="56508" Z="0"/>
					<Vertex X="54548" Y="56636" Z="0"/>
					<Vertex X="54633" Y="56721" Z="0"/>
					<Vertex X="54675" Y="56806" Z="0"/>
					<Vertex X="54718" Y="56849" Z="0"/>
					<Vertex X="54761" Y="56934" Z="0"/>
					<Vertex X="54888" Y="56977" Z="0"/>
					<Vertex X="54931" Y="57062" Z="0"/>
					<Vertex X="55016" Y="57105" Z="0"/>
					<Vertex X="55102" Y="57190" Z="0"/>
					<Vertex X="55187" Y="57232" Z="0"/>
					<Vertex X="55315" Y="57275" Z="0"/>
					<Vertex X="55485" Y="57318" Z="0"/>
					<Vertex X="55570" Y="57360" Z="0"/>
					<Vertex X="55698" Y="57360" Z="0"/>
					<Vertex X="55954" Y="57446" Z="0"/>
					<Vertex X="56082" Y="57488" Z="0"/>
					<Vertex X="56295" Y="57531" Z="0"/>
					<Vertex X="56337" Y="57531" Z="0"/>
					<Vertex X="56423" Y="57573" Z="0"/>
					<Vertex X="56465" Y="57573" Z="0"/>
					<Vertex X="56508" Y="57616" Z="0"/>
					<Vertex X="56550" Y="57616" Z="0"/>
					<Vertex X="56593" Y="57616" Z="0"/>
					<Vertex X="56678" Y="57616" Z="0"/>
					<Vertex X="56721" Y="57616" Z="0"/>
					<Vertex X="56849" Y="57616" Z="0"/>
					<Vertex X="57019" Y="57616" Z="0"/>
					<Vertex X="57147" Y="57573" Z="0"/>
					<Vertex X="57190" Y="57573" Z="0"/>
					<Vertex X="57360" Y="57531" Z="0"/>
					<Vertex X="57445" Y="57531" Z="0"/>
					<Vertex X="57531" Y="57531" Z="0"/>
					<Vertex X="57616" Y="57531" Z="0"/>
					<Vertex X="57744" Y="57488" Z="0"/>
					<Vertex X="58085" Y="57403" Z="0"/>
					<Vertex X="58255" Y="57403" Z="0"/>
					<Vertex X="58340" Y="57403" Z="0"/>
					<Vertex X="58426" Y="57360" Z="0"/>
					<Vertex X="58553" Y="57318" Z="0"/>
					<Vertex X="58681" Y="57275" Z="0"/>
					<Vertex X="58766" Y="57275" Z="0"/>
					<Vertex X="59065" Y="57190" Z="0"/>
					<Vertex X="59150" Y="57105" Z="0"/>
					<Vertex X="59278" Y="57105" Z="0"/>
					<Vertex X="59363" Y="57062" Z="0"/>
					<Vertex X="59363" Y="57019" Z="0"/>
					<Vertex X="59406" Y="57019" Z="0"/>
					<Vertex X="59491" Y="56977" Z="0"/>
					<Vertex X="59534" Y="56892" Z="0"/>
					<Vertex X="59576" Y="56892" Z="0"/>
					<Vertex X="59661" Y="56806" Z="0"/>
					<Vertex X="59704" Y="56806" Z="0"/>
					<Vertex X="59747" Y="56721" Z="0"/>
					<Vertex X="59874" Y="56678" Z="0"/>
					<Vertex X="59960" Y="56593" Z="0"/>
					<Vertex X="60002" Y="56551" Z="0"/>
					<Vertex X="60045" Y="56508" Z="0"/>
					<Vertex X="60173" Y="56423" Z="0"/>
					<Vertex X="60258" Y="56380" Z="0"/>
					<Vertex X="60386" Y="56295" Z="0"/>
					<Vertex X="60471" Y="56252" Z="0"/>
					<Vertex X="60556" Y="56210" Z="0"/>
					<Vertex X="60599" Y="56167" Z="0"/>
					<Vertex X="60684" Y="56167" Z="0"/>
					<Vertex X="60727" Y="56167" Z="0"/>
					<Vertex X="60769" Y="56167" Z="0"/>
					<Vertex X="60855" Y="56167" Z="0"/>
					<Vertex X="60897" Y="56167" Z="0"/>
					<Vertex X="60940" Y="56167" Z="0"/>
					<Vertex X="60982" Y="56167" Z="0"/>
					<Vertex X="61025" Y="56167" Z="0"/>
					<Vertex X="61068" Y="56167" Z="0"/>
					<Vertex X="61153" Y="56167" Z="0"/>
					<Vertex X="61238" Y="56167" Z="0"/>
					<Vertex X="61750" Y="56210" Z="0"/>
					<Vertex X="62005" Y="56295" Z="0"/>
					<Vertex X="62389" Y="56380" Z="0"/>
					<Vertex X="62474" Y="56423" Z="0"/>
					<Vertex X="62517" Y="56423" Z="0"/>
					<Vertex X="62559" Y="56465" Z="0"/>
					<Vertex X="62602" Y="56465" Z="0"/>
					<Vertex X="62644" Y="56465" Z="0"/>
					<Vertex X="62858" Y="56551" Z="0"/>
					<Vertex X="62985" Y="56593" Z="0"/>
					<Vertex X="63156" Y="56678" Z="0"/>
					<Vertex X="63412" Y="56764" Z="0"/>
					<Vertex X="63710" Y="56849" Z="0"/>
					<Vertex X="63880" Y="56934" Z="0"/>
					<Vertex X="64093" Y="57019" Z="0"/>
					<Vertex X="64136" Y="57019" Z="0"/>
					<Vertex X="64179" Y="57062" Z="0"/>
					<Vertex X="64264" Y="57105" Z="0"/>
					<Vertex X="64306" Y="57147" Z="0"/>
					<Vertex X="64392" Y="57190" Z="0"/>
					<Vertex X="64520" Y="57232" Z="0"/>
					<Vertex X="64647" Y="57318" Z="0"/>
					<Vertex X="64988" Y="57488" Z="0"/>
					<Vertex X="65159" Y="57616" Z="0"/>
					<Vertex X="65372" Y="57744" Z="0"/>
					<Vertex X="65755" Y="57957" Z="0"/>
					<Vertex X="65926" Y="58000" Z="0"/>
					<Vertex X="66096" Y="58127" Z="0"/>
					<Vertex X="66352" Y="58255" Z="0"/>
					<Vertex X="66395" Y="58255" Z="0"/>
					<Vertex X="66437" Y="58298" Z="0"/>
					<Vertex X="66480" Y="58298" Z="0"/>
					<Vertex X="66522" Y="58298" Z="0"/>
					<Vertex X="66522" Y="58341" Z="0"/>
					<Vertex X="66565" Y="58341" Z="0"/>
					<Vertex X="66565" Y="58383" Z="0"/>
					<Vertex X="66608" Y="58383" Z="0"/>
					<Vertex X="66650" Y="58426" Z="0"/>
					<Vertex X="66693" Y="58426" Z="0"/>
					<Vertex X="66693" Y="58468" Z="0"/>
					<Vertex X="66736" Y="58468" Z="0"/>
					<Vertex X="66736" Y="58511" Z="0"/>
					<Vertex X="66736" Y="58554" Z="0"/>
					<Vertex X="66778" Y="58554" Z="0"/>
					<Vertex X="66821" Y="58639" Z="0"/>
					<Vertex X="66863" Y="58681" Z="0"/>
					<Vertex X="66906" Y="58767" Z="0"/>
					<Vertex X="66991" Y="58852" Z="0"/>
					<Vertex X="67034" Y="58937" Z="0"/>
					<Vertex X="67076" Y="59022" Z="0"/>
					<Vertex X="67076" Y="59065" Z="0"/>
					<Vertex X="67119" Y="59108" Z="0"/>
					<Vertex X="67119" Y="59150" Z="0"/>
					<Vertex X="67119" Y="59193" Z="0"/>
					<Vertex X="67119" Y="59235" Z="0"/>
					<Vertex X="67119" Y="59278" Z="0"/>
					<Vertex X="67162" Y="59321" Z="0"/>
					<Vertex X="67162" Y="59363" Z="0"/>
					<Vertex X="67162" Y="59406" Z="0"/>
					<Vertex X="67162" Y="59491" Z="0"/>
					<Vertex X="67162" Y="59534" Z="0"/>
					<Vertex X="67204" Y="59576" Z="0"/>
					<Vertex X="67204" Y="59704" Z="0"/>
					<Vertex X="67204" Y="59789" Z="0"/>
					<Vertex X="67204" Y="59832" Z="0"/>
					<Vertex X="67204" Y="59917" Z="0"/>
					<Vertex X="67247" Y="59917" Z="0"/>
					<Vertex X="67247" Y="59960" Z="0"/>
					<Vertex X="67290" Y="60045" Z="0"/>
					<Vertex X="67290" Y="60088" Z="0"/>
					<Vertex X="67290" Y="60130" Z="0"/>
					<Vertex X="67417" Y="60258" Z="0"/>
					<Vertex X="67503" Y="60343" Z="0"/>
					<Vertex X="67588" Y="60471" Z="0"/>
					<Vertex X="67630" Y="60514" Z="0"/>
					<Vertex X="67886" Y="60684" Z="0"/>
					<Vertex X="68014" Y="60770" Z="0"/>
					<Vertex X="68142" Y="60812" Z="0"/>
					<Vertex X="68355" Y="60897" Z="0"/>
					<Vertex X="68611" Y="61025" Z="0"/>
					<Vertex X="68738" Y="61025" Z="0"/>
					<Vertex X="68909" Y="61068" Z="0"/>
					<Vertex X="69037" Y="61111" Z="0"/>
					<Vertex X="69207" Y="61153" Z="0"/>
					<Vertex X="69506" Y="61196" Z="0"/>
					<Vertex X="69676" Y="61196" Z="0"/>
					<Vertex X="69761" Y="61196" Z="0"/>
					<Vertex X="69932" Y="61196" Z="0"/>
					<Vertex X="70017" Y="61196" Z="0"/>
					<Vertex X="70060" Y="61196" Z="0"/>
					<Vertex X="70187" Y="61196" Z="0"/>
					<Vertex X="70273" Y="61196" Z="0"/>
					<Vertex X="70358" Y="61153" Z="0"/>
					<Vertex X="70400" Y="61153" Z="0"/>
					<Vertex X="70443" Y="61153" Z="0"/>
					<Vertex X="70443" Y="61111" Z="0"/>
					<Vertex X="70486" Y="61111" Z="0"/>
					<Vertex X="70486" Y="61068" Z="0"/>
					<Vertex X="70528" Y="61068" Z="0"/>
					<Vertex X="70571" Y="61068" Z="0"/>
					<Vertex X="70614" Y="61025" Z="0"/>
					<Vertex X="70741" Y="60983" Z="0"/>
					<Vertex X="70954" Y="60897" Z="0"/>
					<Vertex X="70997" Y="60855" Z="0"/>
					<Vertex X="71082" Y="60855" Z="0"/>
					<Vertex X="71253" Y="60770" Z="0"/>
					<Vertex X="71295" Y="60770" Z="0"/>
					<Vertex X="71338" Y="60770" Z="0"/>
					<Vertex X="71466" Y="60770" Z="0"/>
					<Vertex X="71679" Y="60770" Z="0"/>
					<Vertex X="71764" Y="60770" Z="0"/>
					<Vertex X="71892" Y="60770" Z="0"/>
					<Vertex X="72020" Y="60770" Z="0"/>
					<Vertex X="72233" Y="60770" Z="0"/>
					<Vertex X="72361" Y="60770" Z="0"/>
					<Vertex X="72616" Y="60812" Z="0"/>
					<Vertex X="72702" Y="60855" Z="0"/>
					<Vertex X="72787" Y="60855" Z="0"/>
					<Vertex X="72872" Y="60855" Z="0"/>
					<Vertex X="72915" Y="60897" Z="0"/>
					<Vertex X="73000" Y="60940" Z="0"/>
					<Vertex X="73128" Y="60940" Z="0"/>
					<Vertex X="73213" Y="60940" Z="0"/>
					<Vertex X="73256" Y="60983" Z="0"/>
					<Vertex X="73298" Y="60983" Z="0"/>
					<Vertex X="73341" Y="60983" Z="0"/>
					<Vertex X="73384" Y="60983" Z="0"/>
					<Vertex X="73426" Y="60983" Z="0"/>
					<Vertex X="73469" Y="60983" Z="0"/>
					<Vertex X="73511" Y="60983" Z="0"/>
					<Vertex X="73554" Y="61025" Z="0"/>
					<Vertex X="73639" Y="61025" Z="0"/>
					<Vertex X="73852" Y="61068" Z="0"/>
					<Vertex X="73980" Y="61068" Z="0"/>
					<Vertex X="74108" Y="61068" Z="0"/>
					<Vertex X="74492" Y="61068" Z="0"/>
					<Vertex X="74705" Y="61068" Z="0"/>
					<Vertex X="74833" Y="61068" Z="0"/>
					<Vertex X="74960" Y="61068" Z="0"/>
					<Vertex X="75131" Y="61068" Z="0"/>
					<Vertex X="75301" Y="61025" Z="0"/>
					<Vertex X="75429" Y="61025" Z="0"/>
					<Vertex X="75600" Y="60983" Z="0"/>
					<Vertex X="75983" Y="60855" Z="0"/>
					<Vertex X="76281" Y="60812" Z="0"/>
					<Vertex X="76452" Y="60727" Z="0"/>
					<Vertex X="76793" Y="60684" Z="0"/>
					<Vertex X="76878" Y="60642" Z="0"/>
					<Vertex X="76921" Y="60599" Z="0"/>
					<Vertex X="77176" Y="60514" Z="0"/>
					<Vertex X="77262" Y="60429" Z="0"/>
					<Vertex X="77347" Y="60386" Z="0"/>
					<Vertex X="77517" Y="60258" Z="0"/>
					<Vertex X="77603" Y="60216" Z="0"/>
					<Vertex X="77688" Y="60088" Z="0"/>
					<Vertex X="77816" Y="60045" Z="0"/>
					<Vertex X="77943" Y="59875" Z="0"/>
					<Vertex X="78029" Y="59832" Z="0"/>
					<Vertex X="78071" Y="59704" Z="0"/>
					<Vertex X="78114" Y="59662" Z="0"/>
					<Vertex X="78284" Y="59363" Z="0"/>
					<Vertex X="78412" Y="59193" Z="0"/>
					<Vertex X="78540" Y="58895" Z="0"/>
					<Vertex X="78625" Y="58724" Z="0"/>
					<Vertex X="78711" Y="58554" Z="0"/>
					<Vertex X="78838" Y="58298" Z="0"/>
					<Vertex X="78881" Y="58170" Z="0"/>
					<Vertex X="78924" Y="57957" Z="0"/>
					<Vertex X="79051" Y="57701" Z="0"/>
					<Vertex X="79094" Y="57488" Z="0"/>
					<Vertex X="79179" Y="57318" Z="0"/>
					<Vertex X="79307" Y="56934" Z="0"/>
					<Vertex X="79392" Y="56721" Z="0"/>
					<Vertex X="79520" Y="56338" Z="0"/>
					<Vertex X="79605" Y="56124" Z="0"/>
					<Vertex X="79691" Y="55784" Z="0"/>
					<Vertex X="79733" Y="55656" Z="0"/>
					<Vertex X="79819" Y="55315" Z="0"/>
					<Vertex X="79819" Y="55187" Z="0"/>
					<Vertex X="79861" Y="55059" Z="0"/>
					<Vertex X="79861" Y="54846" Z="0"/>
					<Vertex X="79904" Y="54676" Z="0"/>
					<Vertex X="79904" Y="54505" Z="0"/>
					<Vertex X="79946" Y="54079" Z="0"/>
					<Vertex X="79946" Y="53951" Z="0"/>
					<Vertex X="79946" Y="53823" Z="0"/>
					<Vertex X="79946" Y="53695" Z="0"/>
					<Vertex X="79946" Y="53397" Z="0"/>
					<Vertex X="79946" Y="53312" Z="0"/>
					<Vertex X="79946" Y="53014" Z="0"/>
					<Vertex X="79946" Y="52843" Z="0"/>
					<Vertex X="79946" Y="52673" Z="0"/>
					<Vertex X="79946" Y="52246" Z="0"/>
					<Vertex X="79946" Y="52119" Z="0"/>
					<Vertex X="79946" Y="51863" Z="0"/>
					<Vertex X="79946" Y="51394" Z="0"/>
					<Vertex X="79946" Y="51181" Z="0"/>
					<Vertex X="79861" Y="50414" Z="0"/>
					<Vertex X="79776" Y="49860" Z="0"/>
					<Vertex X="79733" Y="49690" Z="0"/>
					<Vertex X="79733" Y="49476" Z="0"/>
					<Vertex X="79691" Y="49136" Z="0"/>
					<Vertex X="79691" Y="49050" Z="0"/>
					<Vertex X="79691" Y="48922" Z="0"/>
					<Vertex X="79563" Y="48582" Z="0"/>
					<Vertex X="79563" Y="48454" Z="0"/>
					<Vertex X="79520" Y="48326" Z="0"/>
					<Vertex X="79478" Y="48113" Z="0"/>
					<Vertex X="79435" Y="47942" Z="0"/>
					<Vertex X="79350" Y="47814" Z="0"/>
					<Vertex X="79222" Y="47303" Z="0"/>
					<Vertex X="79137" Y="47133" Z="0"/>
					<Vertex X="79009" Y="46962" Z="0"/>
					<Vertex X="78924" Y="46749" Z="0"/>
					<Vertex X="78838" Y="46664" Z="0"/>
					<Vertex X="78753" Y="46451" Z="0"/>
					<Vertex X="78711" Y="46323" Z="0"/>
					<Vertex X="78455" Y="46025" Z="0"/>
					<Vertex X="78370" Y="45897" Z="0"/>
					<Vertex X="77986" Y="45471" Z="0"/>
					<Vertex X="77816" Y="45300" Z="0"/>
					<Vertex X="77517" Y="45044" Z="0"/>
					<Vertex X="77389" Y="44874" Z="0"/>
					<Vertex X="77219" Y="44746" Z="0"/>
					<Vertex X="77006" Y="44533" Z="0"/>
					<Vertex X="76878" Y="44405" Z="0"/>
					<Vertex X="76708" Y="44277" Z="0"/>
					<Vertex X="76409" Y="44022" Z="0"/>
					<Vertex X="76324" Y="43851" Z="0"/>
					<Vertex X="76068" Y="43638" Z="0"/>
					<Vertex X="75855" Y="43468" Z="0"/>
					<Vertex X="75770" Y="43382" Z="0"/>
					<Vertex X="75387" Y="43084" Z="0"/>
					<Vertex X="75259" Y="42914" Z="0"/>
					<Vertex X="74833" Y="42615" Z="0"/>
					<Vertex X="74449" Y="42360" Z="0"/>
					<Vertex X="73938" Y="42019" Z="0"/>
					<Vertex X="73725" Y="41848" Z="0"/>
					<Vertex X="73511" Y="41678" Z="0"/>
					<Vertex X="73256" Y="41465" Z="0"/>
					<Vertex X="73171" Y="41337" Z="0"/>
					<Vertex X="72915" Y="41166" Z="0"/>
					<Vertex X="72787" Y="41039" Z="0"/>
					<Vertex X="72744" Y="40996" Z="0"/>
					<Vertex X="72531" Y="40740" Z="0"/>
					<Vertex X="72446" Y="40655" Z="0"/>
					<Vertex X="72318" Y="40442" Z="0"/>
					<Vertex X="72233" Y="40357" Z="0"/>
					<Vertex X="72105" Y="40186" Z="0"/>
					<Vertex X="71977" Y="39973" Z="0"/>
					<Vertex X="71892" Y="39888" Z="0"/>
					<Vertex X="71807" Y="39803" Z="0"/>
					<Vertex X="71764" Y="39760" Z="0"/>
					<Vertex X="71466" Y="39632" Z="0"/>
					<Vertex X="71338" Y="39590" Z="0"/>
					<Vertex X="71210" Y="39547" Z="0"/>
					<Vertex X="70486" Y="39632" Z="0"/>
					<Vertex X="70145" Y="39632" Z="0"/>
					<Vertex X="69676" Y="39675" Z="0"/>
					<Vertex X="69506" Y="39675" Z="0"/>
					<Vertex X="69378" Y="39675" Z="0"/>
					<Vertex X="69335" Y="39675" Z="0"/>
					<Vertex X="69292" Y="39675" Z="0"/>
					<Vertex X="69250" Y="39675" Z="0"/>
					<Vertex X="69207" Y="39675" Z="0"/>
					<Vertex X="69122" Y="39632" Z="0"/>
					<Vertex X="69079" Y="39632" Z="0"/>
					<Vertex X="68994" Y="39632" Z="0"/>
					<Vertex X="68738" Y="39632" Z="0"/>
					<Vertex X="68611" Y="39675" Z="0"/>
					<Vertex X="68398" Y="39675" Z="0"/>
					<Vertex X="68312" Y="39675" Z="0"/>
					<Vertex X="68142" Y="39675" Z="0"/>
					<Vertex X="68099" Y="39675" Z="0"/>
					<Vertex X="67929" Y="39675" Z="0"/>
					<Vertex X="67801" Y="39675" Z="0"/>
					<Vertex X="67673" Y="39675" Z="0"/>
					<Vertex X="67545" Y="39632" Z="0"/>
					<Vertex X="67503" Y="39632" Z="0"/>
					<Vertex X="67460" Y="39590" Z="0"/>
					<Vertex X="67417" Y="39547" Z="0"/>
					<Vertex X="67375" Y="39547" Z="0"/>
					<Vertex X="67247" Y="39504" Z="0"/>
					<Vertex X="67162" Y="39419" Z="0"/>
					<Vertex X="67034" Y="39377" Z="0"/>
					<Vertex X="66991" Y="39334" Z="0"/>
					<Vertex X="66991" Y="39291" Z="0"/>
					<Vertex X="66906" Y="39206" Z="0"/>
					<Vertex X="66906" Y="39121" Z="0"/>
					<Vertex X="66778" Y="38908" Z="0"/>
					<Vertex X="66650" Y="38737" Z="0"/>
					<Vertex X="66608" Y="38652" Z="0"/>
					<Vertex X="66480" Y="38396" Z="0"/>
					<Vertex X="66395" Y="38226" Z="0"/>
					<Vertex X="66267" Y="37885" Z="0"/>
					<Vertex X="66224" Y="37672" Z="0"/>
					<Vertex X="66096" Y="37331" Z="0"/>
					<Vertex X="66054" Y="37118" Z="0"/>
					<Vertex X="65926" Y="36820" Z="0"/>
					<Vertex X="65926" Y="36734" Z="0"/>
					<Vertex X="65883" Y="36564" Z="0"/>
					<Vertex X="65883" Y="36436" Z="0"/>
					<Vertex X="65841" Y="36351" Z="0"/>
					<Vertex X="65841" Y="36095" Z="0"/>
					<Vertex X="65841" Y="36010" Z="0"/>
					<Vertex X="65841" Y="35882" Z="0"/>
					<Vertex X="65841" Y="35797" Z="0"/>
					<Vertex X="65841" Y="35584" Z="0"/>
					<Vertex X="65841" Y="35456" Z="0"/>
					<Vertex X="65841" Y="35328" Z="0"/>
					<Vertex X="65841" Y="35285" Z="0"/>
					<Vertex X="65841" Y="35072" Z="0"/>
					<Vertex X="65798" Y="34902" Z="0"/>
					<Vertex X="65798" Y="34731" Z="0"/>
					<Vertex X="65798" Y="34689" Z="0"/>
					<Vertex X="65755" Y="34518" Z="0"/>
					<Vertex X="65755" Y="34476" Z="0"/>
					<Vertex X="65713" Y="34305" Z="0"/>
					<Vertex X="65713" Y="34220" Z="0"/>
					<Vertex X="65670" Y="34177" Z="0"/>
					<Vertex X="65628" Y="34135" Z="0"/>
					<Vertex X="65628" Y="34092" Z="0"/>
					<Vertex X="65628" Y="34050" Z="0"/>
					<Vertex X="65585" Y="34007" Z="0"/>
					<Vertex X="65500" Y="33922" Z="0"/>
					<Vertex X="65414" Y="33837" Z="0"/>
					<Vertex X="65372" Y="33751" Z="0"/>
					<Vertex X="65287" Y="33709" Z="0"/>
					<Vertex X="65201" Y="33581" Z="0"/>
					<Vertex X="65116" Y="33453" Z="0"/>
					<Vertex X="65074" Y="33410" Z="0"/>
					<Vertex X="65031" Y="33410" Z="0"/>
					<Vertex X="65031" Y="33368" Z="0"/>
					<Vertex X="65031" Y="33325" Z="0"/>
					<Vertex X="64988" Y="33325" Z="0"/>
					<Vertex X="64988" Y="33283" Z="0"/>
					<Vertex X="64903" Y="33112" Z="0"/>
					<Vertex X="64818" Y="33069" Z="0"/>
					<Vertex X="64690" Y="32899" Z="0"/>
					<Vertex X="64690" Y="32856" Z="0"/>
					<Vertex X="64647" Y="32771" Z="0"/>
					<Vertex X="64647" Y="32729" Z="0"/>
					<Vertex X="64605" Y="32729" Z="0"/>
					<Vertex X="64605" Y="32686" Z="0"/>
					<Vertex X="64562" Y="32686" Z="0"/>
					<Vertex X="64562" Y="32430" Z="0"/>
				</Vertices>
			</Region>
			<Region Id="2" Type="0" Zoom="0.038665" Selected="0" ImageLocation="" ImageFocus="-1" Length="40813.3" Area="95990464.0" LengthMicrons="10305.4" AreaMicrons="6119991.9" Text="" NegativeROA="0" InputRegionId="0" Analyze="1" DisplayId="2">
				<Attributes/>
				<Vertices>
					<Vertex X="42201" Y="33494" Z="0"/>
					<Vertex X="42201" Y="33264" Z="0"/>
					<Vertex X="42149" Y="32905" Z="0"/>
					<Vertex X="42124" Y="32803" Z="0"/>
					<Vertex X="42098" Y="32726" Z="0"/>
					<Vertex X="42098" Y="32649" Z="0"/>
					<Vertex X="42073" Y="32572" Z="0"/>
					<Vertex X="42047" Y="32496" Z="0"/>
					<Vertex X="42047" Y="32444" Z="0"/>
					<Vertex X="42047" Y="32393" Z="0"/>
					<Vertex X="42021" Y="32316" Z="0"/>
					<Vertex X="42021" Y="32265" Z="0"/>
					<Vertex X="42021" Y="32214" Z="0"/>
					<Vertex X="41996" Y="32112" Z="0"/>
					<Vertex X="41970" Y="32086" Z="0"/>
					<Vertex X="41945" Y="32035" Z="0"/>
					<Vertex X="41945" Y="32009" Z="0"/>
					<Vertex X="41945" Y="31958" Z="0"/>
					<Vertex X="41919" Y="31932" Z="0"/>
					<Vertex X="41893" Y="31907" Z="0"/>
					<Vertex X="41868" Y="31855" Z="0"/>
					<Vertex X="41842" Y="31804" Z="0"/>
					<Vertex X="41765" Y="31702" Z="0"/>
					<Vertex X="41714" Y="31676" Z="0"/>
					<Vertex X="41689" Y="31625" Z="0"/>
					<Vertex X="41637" Y="31574" Z="0"/>
					<Vertex X="41586" Y="31548" Z="0"/>
					<Vertex X="41535" Y="31497" Z="0"/>
					<Vertex X="41484" Y="31471" Z="0"/>
					<Vertex X="41407" Y="31420" Z="0"/>
					<Vertex X="41279" Y="31369" Z="0"/>
					<Vertex X="41228" Y="31318" Z="0"/>
					<Vertex X="41202" Y="31318" Z="0"/>
					<Vertex X="41151" Y="31292" Z="0"/>
					<Vertex X="41074" Y="31241" Z="0"/>
					<Vertex X="41023" Y="31241" Z="0"/>
					<Vertex X="40997" Y="31241" Z="0"/>
					<Vertex X="40895" Y="31190" Z="0"/>
					<Vertex X="40844" Y="31190" Z="0"/>
					<Vertex X="40818" Y="31190" Z="0"/>
					<Vertex X="40792" Y="31164" Z="0"/>
					<Vertex X="40562" Y="31215" Z="0"/>
					<Vertex X="40127" Y="31471" Z="0"/>
					<Vertex X="39640" Y="31702" Z="0"/>
					<Vertex X="39461" Y="31804" Z="0"/>
					<Vertex X="39307" Y="31881" Z="0"/>
					<Vertex X="39179" Y="31932" Z="0"/>
					<Vertex X="39128" Y="31958" Z="0"/>
					<Vertex X="39102" Y="31984" Z="0"/>
					<Vertex X="39077" Y="32009" Z="0"/>
					<Vertex X="39025" Y="32086" Z="0"/>
					<Vertex X="38949" Y="32265" Z="0"/>
					<Vertex X="38897" Y="32342" Z="0"/>
					<Vertex X="38846" Y="32444" Z="0"/>
					<Vertex X="38821" Y="32470" Z="0"/>
					<Vertex X="38821" Y="32496" Z="0"/>
					<Vertex X="38795" Y="32547" Z="0"/>
					<Vertex X="38795" Y="32598" Z="0"/>
					<Vertex X="38769" Y="32624" Z="0"/>
					<Vertex X="38718" Y="32803" Z="0"/>
					<Vertex X="38693" Y="32880" Z="0"/>
					<Vertex X="38641" Y="32931" Z="0"/>
					<Vertex X="38641" Y="33033" Z="0"/>
					<Vertex X="38590" Y="33085" Z="0"/>
					<Vertex X="38564" Y="33136" Z="0"/>
					<Vertex X="38564" Y="33213" Z="0"/>
					<Vertex X="38513" Y="33341" Z="0"/>
					<Vertex X="38488" Y="33366" Z="0"/>
					<Vertex X="38488" Y="33443" Z="0"/>
					<Vertex X="38462" Y="33494" Z="0"/>
					<Vertex X="38436" Y="33546" Z="0"/>
					<Vertex X="38436" Y="33571" Z="0"/>
					<Vertex X="38360" Y="33699" Z="0"/>
					<Vertex X="38360" Y="33750" Z="0"/>
					<Vertex X="38334" Y="33802" Z="0"/>
					<Vertex X="38308" Y="33853" Z="0"/>
					<Vertex X="38283" Y="33930" Z="0"/>
					<Vertex X="38283" Y="33955" Z="0"/>
					<Vertex X="38257" Y="33981" Z="0"/>
					<Vertex X="38232" Y="34083" Z="0"/>
					<Vertex X="38206" Y="34109" Z="0"/>
					<Vertex X="38180" Y="34135" Z="0"/>
					<Vertex X="38180" Y="34186" Z="0"/>
					<Vertex X="38155" Y="34237" Z="0"/>
					<Vertex X="38129" Y="34288" Z="0"/>
					<Vertex X="38078" Y="34391" Z="0"/>
					<Vertex X="37976" Y="34519" Z="0"/>
					<Vertex X="37873" Y="34672" Z="0"/>
					<Vertex X="37822" Y="34723" Z="0"/>
					<Vertex X="37796" Y="34775" Z="0"/>
					<Vertex X="37745" Y="34852" Z="0"/>
					<Vertex X="37694" Y="34954" Z="0"/>
					<Vertex X="37668" Y="34980" Z="0"/>
					<Vertex X="37643" Y="35031" Z="0"/>
					<Vertex X="37591" Y="35133" Z="0"/>
					<Vertex X="37566" Y="35210" Z="0"/>
					<Vertex X="37540" Y="35261" Z="0"/>
					<Vertex X="37489" Y="35312" Z="0"/>
					<Vertex X="37489" Y="35364" Z="0"/>
					<Vertex X="37463" Y="35389" Z="0"/>
					<Vertex X="37438" Y="35440" Z="0"/>
					<Vertex X="37412" Y="35517" Z="0"/>
					<Vertex X="37361" Y="35543" Z="0"/>
					<Vertex X="37361" Y="35594" Z="0"/>
					<Vertex X="37310" Y="35671" Z="0"/>
					<Vertex X="37284" Y="35722" Z="0"/>
					<Vertex X="37233" Y="35825" Z="0"/>
					<Vertex X="37207" Y="35876" Z="0"/>
					<Vertex X="37182" Y="35927" Z="0"/>
					<Vertex X="37130" Y="35978" Z="0"/>
					<Vertex X="37130" Y="36029" Z="0"/>
					<Vertex X="37079" Y="36106" Z="0"/>
					<Vertex X="37054" Y="36157" Z="0"/>
					<Vertex X="37028" Y="36183" Z="0"/>
					<Vertex X="37002" Y="36260" Z="0"/>
					<Vertex X="36977" Y="36286" Z="0"/>
					<Vertex X="36977" Y="36311" Z="0"/>
					<Vertex X="36951" Y="36337" Z="0"/>
					<Vertex X="36951" Y="36362" Z="0"/>
					<Vertex X="36951" Y="36388" Z="0"/>
					<Vertex X="36926" Y="36414" Z="0"/>
					<Vertex X="36926" Y="36439" Z="0"/>
					<Vertex X="36926" Y="36490" Z="0"/>
					<Vertex X="36900" Y="36516" Z="0"/>
					<Vertex X="36900" Y="36567" Z="0"/>
					<Vertex X="36874" Y="36644" Z="0"/>
					<Vertex X="36874" Y="36670" Z="0"/>
					<Vertex X="36849" Y="36721" Z="0"/>
					<Vertex X="36849" Y="36772" Z="0"/>
					<Vertex X="36823" Y="36798" Z="0"/>
					<Vertex X="36823" Y="36823" Z="0"/>
					<Vertex X="36798" Y="36874" Z="0"/>
					<Vertex X="36798" Y="36951" Z="0"/>
					<Vertex X="36798" Y="36977" Z="0"/>
					<Vertex X="36798" Y="37028" Z="0"/>
					<Vertex X="36772" Y="37054" Z="0"/>
					<Vertex X="36772" Y="37079" Z="0"/>
					<Vertex X="36772" Y="37105" Z="0"/>
					<Vertex X="36772" Y="37131" Z="0"/>
					<Vertex X="36772" Y="37156" Z="0"/>
					<Vertex X="36772" Y="37207" Z="0"/>
					<Vertex X="36772" Y="37284" Z="0"/>
					<Vertex X="36772" Y="37310" Z="0"/>
					<Vertex X="36772" Y="37335" Z="0"/>
					<Vertex X="36772" Y="37361" Z="0"/>
					<Vertex X="36772" Y="37387" Z="0"/>
					<Vertex X="36772" Y="37438" Z="0"/>
					<Vertex X="36772" Y="37489" Z="0"/>
					<Vertex X="36772" Y="37515" Z="0"/>
					<Vertex X="36772" Y="37540" Z="0"/>
					<Vertex X="36772" Y="37591" Z="0"/>
					<Vertex X="36772" Y="37617" Z="0"/>
					<Vertex X="36746" Y="37720" Z="0"/>
					<Vertex X="36746" Y="37771" Z="0"/>
					<Vertex X="36721" Y="37848" Z="0"/>
					<Vertex X="36695" Y="37873" Z="0"/>
					<Vertex X="36670" Y="37899" Z="0"/>
					<Vertex X="36670" Y="37950" Z="0"/>
					<Vertex X="36644" Y="38027" Z="0"/>
					<Vertex X="36618" Y="38078" Z="0"/>
					<Vertex X="36618" Y="38129" Z="0"/>
					<Vertex X="36567" Y="38257" Z="0"/>
					<Vertex X="36516" Y="38360" Z="0"/>
					<Vertex X="36490" Y="38437" Z="0"/>
					<Vertex X="36465" Y="38513" Z="0"/>
					<Vertex X="36439" Y="38590" Z="0"/>
					<Vertex X="36413" Y="38641" Z="0"/>
					<Vertex X="36362" Y="38744" Z="0"/>
					<Vertex X="36337" Y="38821" Z="0"/>
					<Vertex X="36311" Y="38923" Z="0"/>
					<Vertex X="36285" Y="38974" Z="0"/>
					<Vertex X="36260" Y="39025" Z="0"/>
					<Vertex X="36234" Y="39128" Z="0"/>
					<Vertex X="36234" Y="39179" Z="0"/>
					<Vertex X="36234" Y="39256" Z="0"/>
					<Vertex X="36183" Y="39333" Z="0"/>
					<Vertex X="36132" Y="39538" Z="0"/>
					<Vertex X="36132" Y="39640" Z="0"/>
					<Vertex X="36106" Y="39717" Z="0"/>
					<Vertex X="36055" Y="39845" Z="0"/>
					<Vertex X="36029" Y="39947" Z="0"/>
					<Vertex X="36004" Y="40101" Z="0"/>
					<Vertex X="35978" Y="40229" Z="0"/>
					<Vertex X="35953" Y="40306" Z="0"/>
					<Vertex X="35927" Y="40408" Z="0"/>
					<Vertex X="35927" Y="40485" Z="0"/>
					<Vertex X="35901" Y="40562" Z="0"/>
					<Vertex X="35901" Y="40639" Z="0"/>
					<Vertex X="35901" Y="40741" Z="0"/>
					<Vertex X="35901" Y="40895" Z="0"/>
					<Vertex X="35901" Y="40997" Z="0"/>
					<Vertex X="35901" Y="41074" Z="0"/>
					<Vertex X="35901" Y="41151" Z="0"/>
					<Vertex X="35901" Y="41253" Z="0"/>
					<Vertex X="35901" Y="41330" Z="0"/>
					<Vertex X="35901" Y="41381" Z="0"/>
					<Vertex X="35901" Y="41458" Z="0"/>
					<Vertex X="35901" Y="41561" Z="0"/>
					<Vertex X="35953" Y="41689" Z="0"/>
					<Vertex X="36004" Y="41765" Z="0"/>
					<Vertex X="36029" Y="41842" Z="0"/>
					<Vertex X="36081" Y="41919" Z="0"/>
					<Vertex X="36132" Y="41945" Z="0"/>
					<Vertex X="36157" Y="41996" Z="0"/>
					<Vertex X="36183" Y="42047" Z="0"/>
					<Vertex X="36260" Y="42073" Z="0"/>
					<Vertex X="36285" Y="42124" Z="0"/>
					<Vertex X="36388" Y="42175" Z="0"/>
					<Vertex X="36413" Y="42201" Z="0"/>
					<Vertex X="36465" Y="42201" Z="0"/>
					<Vertex X="36516" Y="42226" Z="0"/>
					<Vertex X="36542" Y="42226" Z="0"/>
					<Vertex X="36567" Y="42252" Z="0"/>
					<Vertex X="36644" Y="42252" Z="0"/>
					<Vertex X="36695" Y="42252" Z="0"/>
					<Vertex X="36772" Y="42278" Z="0"/>
					<Vertex X="36874" Y="42303" Z="0"/>
					<Vertex X="37028" Y="42329" Z="0"/>
					<Vertex X="37079" Y="42354" Z="0"/>
					<Vertex X="37130" Y="42354" Z="0"/>
					<Vertex X="37156" Y="42354" Z="0"/>
					<Vertex X="37182" Y="42354" Z="0"/>
					<Vertex X="37207" Y="42354" Z="0"/>
					<Vertex X="37233" Y="42380" Z="0"/>
					<Vertex X="37259" Y="42380" Z="0"/>
					<Vertex X="37284" Y="42406" Z="0"/>
					<Vertex X="37335" Y="42406" Z="0"/>
					<Vertex X="37387" Y="42406" Z="0"/>
					<Vertex X="37412" Y="42406" Z="0"/>
					<Vertex X="37438" Y="42406" Z="0"/>
					<Vertex X="37489" Y="42406" Z="0"/>
					<Vertex X="37489" Y="42431" Z="0"/>
					<Vertex X="37515" Y="42431" Z="0"/>
					<Vertex X="37540" Y="42431" Z="0"/>
					<Vertex X="37566" Y="42431" Z="0"/>
					<Vertex X="37591" Y="42431" Z="0"/>
					<Vertex X="37617" Y="42431" Z="0"/>
					<Vertex X="37668" Y="42431" Z="0"/>
					<Vertex X="37719" Y="42457" Z="0"/>
					<Vertex X="37873" Y="42457" Z="0"/>
					<Vertex X="37924" Y="42457" Z="0"/>
					<Vertex X="38001" Y="42457" Z="0"/>
					<Vertex X="38052" Y="42457" Z="0"/>
					<Vertex X="38129" Y="42457" Z="0"/>
					<Vertex X="38155" Y="42457" Z="0"/>
					<Vertex X="38180" Y="42457" Z="0"/>
					<Vertex X="38206" Y="42457" Z="0"/>
					<Vertex X="38257" Y="42457" Z="0"/>
					<Vertex X="38308" Y="42457" Z="0"/>
					<Vertex X="38334" Y="42431" Z="0"/>
					<Vertex X="38385" Y="42406" Z="0"/>
					<Vertex X="38436" Y="42406" Z="0"/>
					<Vertex X="38462" Y="42406" Z="0"/>
					<Vertex X="38513" Y="42406" Z="0"/>
					<Vertex X="38564" Y="42406" Z="0"/>
					<Vertex X="38641" Y="42380" Z="0"/>
					<Vertex X="38718" Y="42380" Z="0"/>
					<Vertex X="38949" Y="42380" Z="0"/>
					<Vertex X="39051" Y="42354" Z="0"/>
					<Vertex X="39179" Y="42354" Z="0"/>
					<Vertex X="39281" Y="42354" Z="0"/>
					<Vertex X="39358" Y="42354" Z="0"/>
					<Vertex X="39435" Y="42329" Z="0"/>
					<Vertex X="39563" Y="42303" Z="0"/>
					<Vertex X="39640" Y="42303" Z="0"/>
					<Vertex X="39717" Y="42303" Z="0"/>
					<Vertex X="39794" Y="42303" Z="0"/>
					<Vertex X="39870" Y="42303" Z="0"/>
					<Vertex X="39947" Y="42303" Z="0"/>
					<Vertex X="40127" Y="42303" Z="0"/>
					<Vertex X="40203" Y="42303" Z="0"/>
					<Vertex X="40306" Y="42303" Z="0"/>
					<Vertex X="40562" Y="42354" Z="0"/>
					<Vertex X="40690" Y="42380" Z="0"/>
					<Vertex X="40792" Y="42406" Z="0"/>
					<Vertex X="40895" Y="42431" Z="0"/>
					<Vertex X="40972" Y="42457" Z="0"/>
					<Vertex X="41048" Y="42457" Z="0"/>
					<Vertex X="41202" Y="42508" Z="0"/>
					<Vertex X="41279" Y="42534" Z="0"/>
					<Vertex X="41535" Y="42585" Z="0"/>
					<Vertex X="41842" Y="42610" Z="0"/>
					<Vertex X="41996" Y="42662" Z="0"/>
					<Vertex X="42175" Y="42662" Z="0"/>
					<Vertex X="42303" Y="42713" Z="0"/>
					<Vertex X="42482" Y="42739" Z="0"/>
					<Vertex X="42662" Y="42764" Z="0"/>
					<Vertex X="42815" Y="42790" Z="0"/>
					<Vertex X="42918" Y="42815" Z="0"/>
					<Vertex X="43148" Y="42841" Z="0"/>
					<Vertex X="43174" Y="42841" Z="0"/>
					<Vertex X="43225" Y="42841" Z="0"/>
					<Vertex X="43251" Y="42841" Z="0"/>
					<Vertex X="43276" Y="42867" Z="0"/>
					<Vertex X="43302" Y="42867" Z="0"/>
					<Vertex X="43327" Y="42867" Z="0"/>
					<Vertex X="43507" Y="42867" Z="0"/>
					<Vertex X="43609" Y="42867" Z="0"/>
					<Vertex X="43686" Y="42867" Z="0"/>
					<Vertex X="43865" Y="42867" Z="0"/>
					<Vertex X="43916" Y="42867" Z="0"/>
					<Vertex X="43942" Y="42867" Z="0"/>
					<Vertex X="43968" Y="42867" Z="0"/>
					<Vertex X="43993" Y="42867" Z="0"/>
					<Vertex X="44044" Y="42867" Z="0"/>
					<Vertex X="44070" Y="42867" Z="0"/>
					<Vertex X="44121" Y="42867" Z="0"/>
					<Vertex X="44147" Y="42867" Z="0"/>
					<Vertex X="44224" Y="42867" Z="0"/>
					<Vertex X="44377" Y="42867" Z="0"/>
					<Vertex X="44480" Y="42867" Z="0"/>
					<Vertex X="44685" Y="42867" Z="0"/>
					<Vertex X="44761" Y="42815" Z="0"/>
					<Vertex X="44787" Y="42815" Z="0"/>
					<Vertex X="44838" Y="42815" Z="0"/>
					<Vertex X="44889" Y="42764" Z="0"/>
					<Vertex X="44966" Y="42739" Z="0"/>
					<Vertex X="44966" Y="42713" Z="0"/>
					<Vertex X="45017" Y="42687" Z="0"/>
					<Vertex X="45069" Y="42636" Z="0"/>
					<Vertex X="45120" Y="42585" Z="0"/>
					<Vertex X="45171" Y="42534" Z="0"/>
					<Vertex X="45222" Y="42482" Z="0"/>
					<Vertex X="45299" Y="42354" Z="0"/>
					<Vertex X="45325" Y="42303" Z="0"/>
					<Vertex X="45376" Y="42252" Z="0"/>
					<Vertex X="45402" Y="42175" Z="0"/>
					<Vertex X="45427" Y="42098" Z="0"/>
					<Vertex X="45453" Y="42047" Z="0"/>
					<Vertex X="45478" Y="42022" Z="0"/>
					<Vertex X="45478" Y="41945" Z="0"/>
					<Vertex X="45530" Y="41842" Z="0"/>
					<Vertex X="45530" Y="41791" Z="0"/>
					<Vertex X="45555" Y="41714" Z="0"/>
					<Vertex X="45581" Y="41663" Z="0"/>
					<Vertex X="45606" Y="41586" Z="0"/>
					<Vertex X="45632" Y="41509" Z="0"/>
					<Vertex X="45658" Y="41458" Z="0"/>
					<Vertex X="45683" Y="41407" Z="0"/>
					<Vertex X="45683" Y="41356" Z="0"/>
					<Vertex X="45709" Y="41305" Z="0"/>
					<Vertex X="45734" Y="41202" Z="0"/>
					<Vertex X="45760" Y="41176" Z="0"/>
					<Vertex X="45760" Y="41151" Z="0"/>
					<Vertex X="45786" Y="41100" Z="0"/>
					<Vertex X="45786" Y="41048" Z="0"/>
					<Vertex X="45786" Y="41023" Z="0"/>
					<Vertex X="45786" Y="40997" Z="0"/>
					<Vertex X="45786" Y="40972" Z="0"/>
					<Vertex X="45786" Y="40920" Z="0"/>
					<Vertex X="45786" Y="40895" Z="0"/>
					<Vertex X="45786" Y="40869" Z="0"/>
					<Vertex X="45786" Y="40767" Z="0"/>
					<Vertex X="45760" Y="40690" Z="0"/>
					<Vertex X="45760" Y="40639" Z="0"/>
					<Vertex X="45734" Y="40588" Z="0"/>
					<Vertex X="45709" Y="40536" Z="0"/>
					<Vertex X="45683" Y="40459" Z="0"/>
					<Vertex X="45683" Y="40306" Z="0"/>
					<Vertex X="45658" Y="40229" Z="0"/>
					<Vertex X="45658" Y="40152" Z="0"/>
					<Vertex X="45658" Y="40050" Z="0"/>
					<Vertex X="45658" Y="39871" Z="0"/>
					<Vertex X="45658" Y="39768" Z="0"/>
					<Vertex X="45658" Y="39742" Z="0"/>
					<Vertex X="45658" Y="39640" Z="0"/>
					<Vertex X="45658" Y="39563" Z="0"/>
					<Vertex X="45658" Y="39486" Z="0"/>
					<Vertex X="45658" Y="39410" Z="0"/>
					<Vertex X="45709" Y="39256" Z="0"/>
					<Vertex X="45709" Y="39179" Z="0"/>
					<Vertex X="45734" Y="39077" Z="0"/>
					<Vertex X="45734" Y="38974" Z="0"/>
					<Vertex X="45786" Y="38923" Z="0"/>
					<Vertex X="45811" Y="38846" Z="0"/>
					<Vertex X="45837" Y="38718" Z="0"/>
					<Vertex X="45863" Y="38667" Z="0"/>
					<Vertex X="45888" Y="38616" Z="0"/>
					<Vertex X="45914" Y="38539" Z="0"/>
					<Vertex X="45965" Y="38488" Z="0"/>
					<Vertex X="46042" Y="38385" Z="0"/>
					<Vertex X="46067" Y="38360" Z="0"/>
					<Vertex X="46119" Y="38283" Z="0"/>
					<Vertex X="46170" Y="38206" Z="0"/>
					<Vertex X="46247" Y="38129" Z="0"/>
					<Vertex X="46400" Y="38027" Z="0"/>
					<Vertex X="46451" Y="37976" Z="0"/>
					<Vertex X="46554" Y="37899" Z="0"/>
					<Vertex X="46580" Y="37873" Z="0"/>
					<Vertex X="46631" Y="37848" Z="0"/>
					<Vertex X="46708" Y="37796" Z="0"/>
					<Vertex X="46784" Y="37720" Z="0"/>
					<Vertex X="46861" Y="37668" Z="0"/>
					<Vertex X="46938" Y="37591" Z="0"/>
					<Vertex X="46989" Y="37566" Z="0"/>
					<Vertex X="47066" Y="37515" Z="0"/>
					<Vertex X="47092" Y="37463" Z="0"/>
					<Vertex X="47143" Y="37438" Z="0"/>
					<Vertex X="47194" Y="37361" Z="0"/>
					<Vertex X="47245" Y="37335" Z="0"/>
					<Vertex X="47271" Y="37259" Z="0"/>
					<Vertex X="47322" Y="37207" Z="0"/>
					<Vertex X="47373" Y="37131" Z="0"/>
					<Vertex X="47450" Y="37028" Z="0"/>
					<Vertex X="47527" Y="36951" Z="0"/>
					<Vertex X="47553" Y="36849" Z="0"/>
					<Vertex X="47604" Y="36798" Z="0"/>
					<Vertex X="47629" Y="36721" Z="0"/>
					<Vertex X="47681" Y="36670" Z="0"/>
					<Vertex X="47732" Y="36516" Z="0"/>
					<Vertex X="47783" Y="36439" Z="0"/>
					<Vertex X="47809" Y="36388" Z="0"/>
					<Vertex X="47834" Y="36337" Z="0"/>
					<Vertex X="47860" Y="36260" Z="0"/>
					<Vertex X="47885" Y="36209" Z="0"/>
					<Vertex X="47911" Y="36081" Z="0"/>
					<Vertex X="47911" Y="36004" Z="0"/>
					<Vertex X="47911" Y="35927" Z="0"/>
					<Vertex X="47937" Y="35850" Z="0"/>
					<Vertex X="47962" Y="35697" Z="0"/>
					<Vertex X="47962" Y="35620" Z="0"/>
					<Vertex X="47962" Y="35569" Z="0"/>
					<Vertex X="47962" Y="35517" Z="0"/>
					<Vertex X="47962" Y="35466" Z="0"/>
					<Vertex X="47962" Y="35338" Z="0"/>
					<Vertex X="47962" Y="35287" Z="0"/>
					<Vertex X="47962" Y="35236" Z="0"/>
					<Vertex X="47962" Y="35159" Z="0"/>
					<Vertex X="47962" Y="35133" Z="0"/>
					<Vertex X="47962" Y="35082" Z="0"/>
					<Vertex X="47962" Y="35031" Z="0"/>
					<Vertex X="47962" Y="34980" Z="0"/>
					<Vertex X="47962" Y="34954" Z="0"/>
					<Vertex X="47962" Y="34928" Z="0"/>
					<Vertex X="47962" Y="34877" Z="0"/>
					<Vertex X="47962" Y="34852" Z="0"/>
					<Vertex X="47962" Y="34826" Z="0"/>
					<Vertex X="47962" Y="34800" Z="0"/>
					<Vertex X="47962" Y="34775" Z="0"/>
					<Vertex X="47962" Y="34723" Z="0"/>
					<Vertex X="47962" Y="34672" Z="0"/>
					<Vertex X="47962" Y="34647" Z="0"/>
					<Vertex X="47962" Y="34621" Z="0"/>
					<Vertex X="47962" Y="34595" Z="0"/>
					<Vertex X="47757" Y="34391" Z="0"/>
					<Vertex X="47655" Y="34314" Z="0"/>
					<Vertex X="47348" Y="34006" Z="0"/>
					<Vertex X="47168" Y="33878" Z="0"/>
					<Vertex X="47092" Y="33853" Z="0"/>
					<Vertex X="47040" Y="33802" Z="0"/>
					<Vertex X="47015" Y="33776" Z="0"/>
					<Vertex X="46887" Y="33725" Z="0"/>
					<Vertex X="46810" Y="33699" Z="0"/>
					<Vertex X="46298" Y="33571" Z="0"/>
					<Vertex X="46144" Y="33494" Z="0"/>
					<Vertex X="45914" Y="33366" Z="0"/>
					<Vertex X="45760" Y="33315" Z="0"/>
					<Vertex X="45632" Y="33289" Z="0"/>
					<Vertex X="45581" Y="33238" Z="0"/>
					<Vertex X="45555" Y="33238" Z="0"/>
					<Vertex X="45530" Y="33238" Z="0"/>
					<Vertex X="45222" Y="33161" Z="0"/>
					<Vertex X="44710" Y="33264" Z="0"/>
					<Vertex X="44480" Y="33264" Z="0"/>
					<Vertex X="44172" Y="33315" Z="0"/>
					<Vertex X="44019" Y="33315" Z="0"/>
					<Vertex X="43942" Y="33315" Z="0"/>
					<Vertex X="43891" Y="33341" Z="0"/>
					<Vertex X="43865" Y="33341" Z="0"/>
					<Vertex X="43840" Y="33341" Z="0"/>
					<Vertex X="43814" Y="33341" Z="0"/>
					<Vertex X="43814" Y="33366" Z="0"/>
					<Vertex X="43788" Y="33366" Z="0"/>
					<Vertex X="43763" Y="33366" Z="0"/>
					<Vertex X="43686" Y="33392" Z="0"/>
					<Vertex X="43609" Y="33418" Z="0"/>
					<Vertex X="43558" Y="33418" Z="0"/>
					<Vertex X="43507" Y="33443" Z="0"/>
					<Vertex X="43404" Y="33469" Z="0"/>
					<Vertex X="43353" Y="33469" Z="0"/>
					<Vertex X="43327" Y="33469" Z="0"/>
					<Vertex X="43276" Y="33494" Z="0"/>
					<Vertex X="43199" Y="33494" Z="0"/>
					<Vertex X="43174" Y="33494" Z="0"/>
					<Vertex X="43148" Y="33494" Z="0"/>
					<Vertex X="43123" Y="33494" Z="0"/>
					<Vertex X="43097" Y="33494" Z="0"/>
					<Vertex X="42866" Y="33571" Z="0"/>
					<Vertex X="42303" Y="33648" Z="0"/>
					<Vertex X="42175" Y="33648" Z="0"/>
					<Vertex X="42201" Y="33494" Z="0"/>
				</Vertices>
			</Region>
			<Region Id="3" Type="0" Zoom="0.038665" Selected="0" ImageLocation="" ImageFocus="-1" Length="39285.4" Area="86260105.5" LengthMicrons="9919.6" AreaMicrons="5499620.7" Text="" NegativeROA="0" InputRegionId="0" Analyze="1" DisplayId="3">
				<Attributes/>
				<Vertices>
					<Vertex X="47066" Y="26580" Z="0"/>
					<Vertex X="46989" Y="26683" Z="0"/>
					<Vertex X="46810" Y="26836" Z="0"/>
					<Vertex X="46733" Y="26939" Z="0"/>
					<Vertex X="46605" Y="27041" Z="0"/>
					<Vertex X="46579" Y="27067" Z="0"/>
					<Vertex X="46528" Y="27118" Z="0"/>
					<Vertex X="46503" Y="27144" Z="0"/>
					<Vertex X="46477" Y="27169" Z="0"/>
					<Vertex X="46451" Y="27195" Z="0"/>
					<Vertex X="46426" Y="27195" Z="0"/>
					<Vertex X="46426" Y="27220" Z="0"/>
					<Vertex X="46349" Y="27297" Z="0"/>
					<Vertex X="46323" Y="27323" Z="0"/>
					<Vertex X="46272" Y="27374" Z="0"/>
					<Vertex X="46221" Y="27400" Z="0"/>
					<Vertex X="46119" Y="27477" Z="0"/>
					<Vertex X="46067" Y="27502" Z="0"/>
					<Vertex X="46042" Y="27553" Z="0"/>
					<Vertex X="45990" Y="27553" Z="0"/>
					<Vertex X="45939" Y="27605" Z="0"/>
					<Vertex X="45862" Y="27681" Z="0"/>
					<Vertex X="45811" Y="27707" Z="0"/>
					<Vertex X="45786" Y="27733" Z="0"/>
					<Vertex X="45760" Y="27733" Z="0"/>
					<Vertex X="45760" Y="27758" Z="0"/>
					<Vertex X="45734" Y="27758" Z="0"/>
					<Vertex X="45709" Y="27784" Z="0"/>
					<Vertex X="45683" Y="27809" Z="0"/>
					<Vertex X="45632" Y="27861" Z="0"/>
					<Vertex X="45555" Y="27912" Z="0"/>
					<Vertex X="45530" Y="27963" Z="0"/>
					<Vertex X="45478" Y="27989" Z="0"/>
					<Vertex X="45376" Y="28065" Z="0"/>
					<Vertex X="45325" Y="28091" Z="0"/>
					<Vertex X="45299" Y="28117" Z="0"/>
					<Vertex X="45299" Y="28142" Z="0"/>
					<Vertex X="45248" Y="28142" Z="0"/>
					<Vertex X="45197" Y="28194" Z="0"/>
					<Vertex X="45171" Y="28219" Z="0"/>
					<Vertex X="45094" Y="28270" Z="0"/>
					<Vertex X="45017" Y="28373" Z="0"/>
					<Vertex X="44915" Y="28450" Z="0"/>
					<Vertex X="44736" Y="28578" Z="0"/>
					<Vertex X="44685" Y="28629" Z="0"/>
					<Vertex X="44659" Y="28680" Z="0"/>
					<Vertex X="44582" Y="28731" Z="0"/>
					<Vertex X="44556" Y="28757" Z="0"/>
					<Vertex X="44531" Y="28782" Z="0"/>
					<Vertex X="44531" Y="28808" Z="0"/>
					<Vertex X="44505" Y="28834" Z="0"/>
					<Vertex X="44480" Y="28859" Z="0"/>
					<Vertex X="44454" Y="28885" Z="0"/>
					<Vertex X="44454" Y="28911" Z="0"/>
					<Vertex X="44428" Y="28936" Z="0"/>
					<Vertex X="44403" Y="29013" Z="0"/>
					<Vertex X="44352" Y="29090" Z="0"/>
					<Vertex X="44326" Y="29141" Z="0"/>
					<Vertex X="44275" Y="29192" Z="0"/>
					<Vertex X="44224" Y="29243" Z="0"/>
					<Vertex X="44172" Y="29320" Z="0"/>
					<Vertex X="44121" Y="29371" Z="0"/>
					<Vertex X="44096" Y="29423" Z="0"/>
					<Vertex X="44070" Y="29448" Z="0"/>
					<Vertex X="44044" Y="29499" Z="0"/>
					<Vertex X="44019" Y="29525" Z="0"/>
					<Vertex X="44019" Y="29551" Z="0"/>
					<Vertex X="43993" Y="29602" Z="0"/>
					<Vertex X="43968" Y="29628" Z="0"/>
					<Vertex X="43968" Y="29653" Z="0"/>
					<Vertex X="43968" Y="29679" Z="0"/>
					<Vertex X="43968" Y="29781" Z="0"/>
					<Vertex X="43942" Y="29807" Z="0"/>
					<Vertex X="43916" Y="29858" Z="0"/>
					<Vertex X="43916" Y="29935" Z="0"/>
					<Vertex X="43916" Y="29986" Z="0"/>
					<Vertex X="43916" Y="30037" Z="0"/>
					<Vertex X="43916" Y="30088" Z="0"/>
					<Vertex X="43916" Y="30191" Z="0"/>
					<Vertex X="43916" Y="30216" Z="0"/>
					<Vertex X="43916" Y="30268" Z="0"/>
					<Vertex X="43916" Y="30319" Z="0"/>
					<Vertex X="43916" Y="30345" Z="0"/>
					<Vertex X="43916" Y="30396" Z="0"/>
					<Vertex X="43916" Y="30447" Z="0"/>
					<Vertex X="43916" Y="30498" Z="0"/>
					<Vertex X="43916" Y="30575" Z="0"/>
					<Vertex X="43916" Y="30601" Z="0"/>
					<Vertex X="43916" Y="30626" Z="0"/>
					<Vertex X="43916" Y="30677" Z="0"/>
					<Vertex X="43942" Y="30754" Z="0"/>
					<Vertex X="43942" Y="30780" Z="0"/>
					<Vertex X="43968" Y="30857" Z="0"/>
					<Vertex X="43993" Y="30882" Z="0"/>
					<Vertex X="43993" Y="30933" Z="0"/>
					<Vertex X="44019" Y="30959" Z="0"/>
					<Vertex X="44044" Y="31010" Z="0"/>
					<Vertex X="44044" Y="31036" Z="0"/>
					<Vertex X="44096" Y="31087" Z="0"/>
					<Vertex X="44121" Y="31113" Z="0"/>
					<Vertex X="44172" Y="31190" Z="0"/>
					<Vertex X="44224" Y="31215" Z="0"/>
					<Vertex X="44224" Y="31266" Z="0"/>
					<Vertex X="44275" Y="31292" Z="0"/>
					<Vertex X="44275" Y="31318" Z="0"/>
					<Vertex X="44326" Y="31394" Z="0"/>
					<Vertex X="44352" Y="31420" Z="0"/>
					<Vertex X="44377" Y="31446" Z="0"/>
					<Vertex X="44454" Y="31522" Z="0"/>
					<Vertex X="44454" Y="31548" Z="0"/>
					<Vertex X="44505" Y="31574" Z="0"/>
					<Vertex X="44531" Y="31625" Z="0"/>
					<Vertex X="44556" Y="31650" Z="0"/>
					<Vertex X="44582" Y="31702" Z="0"/>
					<Vertex X="44633" Y="31753" Z="0"/>
					<Vertex X="44685" Y="31804" Z="0"/>
					<Vertex X="44736" Y="31830" Z="0"/>
					<Vertex X="44787" Y="31881" Z="0"/>
					<Vertex X="44813" Y="31907" Z="0"/>
					<Vertex X="44838" Y="31958" Z="0"/>
					<Vertex X="44915" Y="32035" Z="0"/>
					<Vertex X="44941" Y="32086" Z="0"/>
					<Vertex X="44966" Y="32111" Z="0"/>
					<Vertex X="44992" Y="32137" Z="0"/>
					<Vertex X="45043" Y="32188" Z="0"/>
					<Vertex X="45069" Y="32239" Z="0"/>
					<Vertex X="45120" Y="32291" Z="0"/>
					<Vertex X="45171" Y="32316" Z="0"/>
					<Vertex X="45273" Y="32393" Z="0"/>
					<Vertex X="45350" Y="32419" Z="0"/>
					<Vertex X="45402" Y="32444" Z="0"/>
					<Vertex X="45453" Y="32470" Z="0"/>
					<Vertex X="45504" Y="32496" Z="0"/>
					<Vertex X="45632" Y="32547" Z="0"/>
					<Vertex X="45683" Y="32547" Z="0"/>
					<Vertex X="45709" Y="32547" Z="0"/>
					<Vertex X="45760" Y="32547" Z="0"/>
					<Vertex X="45811" Y="32547" Z="0"/>
					<Vertex X="45837" Y="32547" Z="0"/>
					<Vertex X="45888" Y="32547" Z="0"/>
					<Vertex X="45939" Y="32547" Z="0"/>
					<Vertex X="45990" Y="32547" Z="0"/>
					<Vertex X="46067" Y="32547" Z="0"/>
					<Vertex X="46170" Y="32547" Z="0"/>
					<Vertex X="46272" Y="32547" Z="0"/>
					<Vertex X="46375" Y="32547" Z="0"/>
					<Vertex X="46477" Y="32547" Z="0"/>
					<Vertex X="46605" Y="32572" Z="0"/>
					<Vertex X="46631" Y="32572" Z="0"/>
					<Vertex X="46656" Y="32572" Z="0"/>
					<Vertex X="46682" Y="32572" Z="0"/>
					<Vertex X="46887" Y="32649" Z="0"/>
					<Vertex X="47040" Y="32726" Z="0"/>
					<Vertex X="47092" Y="32752" Z="0"/>
					<Vertex X="47143" Y="32777" Z="0"/>
					<Vertex X="47168" Y="32803" Z="0"/>
					<Vertex X="47271" Y="32854" Z="0"/>
					<Vertex X="47348" Y="32905" Z="0"/>
					<Vertex X="47424" Y="32931" Z="0"/>
					<Vertex X="47501" Y="32956" Z="0"/>
					<Vertex X="47578" Y="32982" Z="0"/>
					<Vertex X="47655" Y="33033" Z="0"/>
					<Vertex X="47809" Y="33110" Z="0"/>
					<Vertex X="47885" Y="33136" Z="0"/>
					<Vertex X="47911" Y="33161" Z="0"/>
					<Vertex X="47937" Y="33187" Z="0"/>
					<Vertex X="47988" Y="33187" Z="0"/>
					<Vertex X="47988" Y="33213" Z="0"/>
					<Vertex X="48013" Y="33238" Z="0"/>
					<Vertex X="48039" Y="33238" Z="0"/>
					<Vertex X="48065" Y="33264" Z="0"/>
					<Vertex X="48167" Y="33289" Z="0"/>
					<Vertex X="48244" Y="33341" Z="0"/>
					<Vertex X="48398" Y="33417" Z="0"/>
					<Vertex X="48526" Y="33469" Z="0"/>
					<Vertex X="48577" Y="33494" Z="0"/>
					<Vertex X="48654" Y="33545" Z="0"/>
					<Vertex X="48705" Y="33571" Z="0"/>
					<Vertex X="48730" Y="33597" Z="0"/>
					<Vertex X="48756" Y="33622" Z="0"/>
					<Vertex X="48782" Y="33622" Z="0"/>
					<Vertex X="48807" Y="33622" Z="0"/>
					<Vertex X="48858" Y="33648" Z="0"/>
					<Vertex X="48961" Y="33699" Z="0"/>
					<Vertex X="49115" Y="33750" Z="0"/>
					<Vertex X="49217" Y="33776" Z="0"/>
					<Vertex X="49345" Y="33801" Z="0"/>
					<Vertex X="49473" Y="33853" Z="0"/>
					<Vertex X="49627" Y="33878" Z="0"/>
					<Vertex X="49806" Y="33930" Z="0"/>
					<Vertex X="49960" Y="33981" Z="0"/>
					<Vertex X="50088" Y="34006" Z="0"/>
					<Vertex X="50318" Y="34058" Z="0"/>
					<Vertex X="50395" Y="34058" Z="0"/>
					<Vertex X="50446" Y="34083" Z="0"/>
					<Vertex X="50523" Y="34109" Z="0"/>
					<Vertex X="50574" Y="34109" Z="0"/>
					<Vertex X="50625" Y="34109" Z="0"/>
					<Vertex X="50677" Y="34109" Z="0"/>
					<Vertex X="50753" Y="34109" Z="0"/>
					<Vertex X="50805" Y="34109" Z="0"/>
					<Vertex X="50856" Y="34109" Z="0"/>
					<Vertex X="50881" Y="34109" Z="0"/>
					<Vertex X="50907" Y="34109" Z="0"/>
					<Vertex X="50958" Y="34109" Z="0"/>
					<Vertex X="51009" Y="34109" Z="0"/>
					<Vertex X="51112" Y="34109" Z="0"/>
					<Vertex X="51138" Y="34109" Z="0"/>
					<Vertex X="51214" Y="34083" Z="0"/>
					<Vertex X="51240" Y="34083" Z="0"/>
					<Vertex X="51291" Y="34083" Z="0"/>
					<Vertex X="51317" Y="34058" Z="0"/>
					<Vertex X="51394" Y="34058" Z="0"/>
					<Vertex X="51445" Y="34032" Z="0"/>
					<Vertex X="51573" Y="34006" Z="0"/>
					<Vertex X="51650" Y="34006" Z="0"/>
					<Vertex X="51675" Y="33981" Z="0"/>
					<Vertex X="51778" Y="33955" Z="0"/>
					<Vertex X="51829" Y="33955" Z="0"/>
					<Vertex X="51880" Y="33904" Z="0"/>
					<Vertex X="51931" Y="33878" Z="0"/>
					<Vertex X="52008" Y="33853" Z="0"/>
					<Vertex X="52034" Y="33827" Z="0"/>
					<Vertex X="52085" Y="33801" Z="0"/>
					<Vertex X="52136" Y="33801" Z="0"/>
					<Vertex X="52162" Y="33750" Z="0"/>
					<Vertex X="52239" Y="33699" Z="0"/>
					<Vertex X="52264" Y="33699" Z="0"/>
					<Vertex X="52315" Y="33648" Z="0"/>
					<Vertex X="52341" Y="33622" Z="0"/>
					<Vertex X="52392" Y="33597" Z="0"/>
					<Vertex X="52443" Y="33545" Z="0"/>
					<Vertex X="52520" Y="33494" Z="0"/>
					<Vertex X="52623" Y="33392" Z="0"/>
					<Vertex X="52648" Y="33366" Z="0"/>
					<Vertex X="52725" Y="33315" Z="0"/>
					<Vertex X="52751" Y="33264" Z="0"/>
					<Vertex X="52776" Y="33213" Z="0"/>
					<Vertex X="52802" Y="33187" Z="0"/>
					<Vertex X="52853" Y="33084" Z="0"/>
					<Vertex X="52853" Y="33059" Z="0"/>
					<Vertex X="52879" Y="33008" Z="0"/>
					<Vertex X="52904" Y="32956" Z="0"/>
					<Vertex X="52904" Y="32931" Z="0"/>
					<Vertex X="52930" Y="32880" Z="0"/>
					<Vertex X="52956" Y="32854" Z="0"/>
					<Vertex X="52981" Y="32777" Z="0"/>
					<Vertex X="53007" Y="32752" Z="0"/>
					<Vertex X="53007" Y="32700" Z="0"/>
					<Vertex X="53058" Y="32649" Z="0"/>
					<Vertex X="53109" Y="32547" Z="0"/>
					<Vertex X="53135" Y="32496" Z="0"/>
					<Vertex X="53186" Y="32393" Z="0"/>
					<Vertex X="53237" Y="32342" Z="0"/>
					<Vertex X="53263" Y="32316" Z="0"/>
					<Vertex X="53314" Y="32265" Z="0"/>
					<Vertex X="53340" Y="32214" Z="0"/>
					<Vertex X="53391" Y="32163" Z="0"/>
					<Vertex X="53468" Y="32086" Z="0"/>
					<Vertex X="53519" Y="32060" Z="0"/>
					<Vertex X="53519" Y="32035" Z="0"/>
					<Vertex X="53570" Y="32009" Z="0"/>
					<Vertex X="53596" Y="31983" Z="0"/>
					<Vertex X="53698" Y="31932" Z="0"/>
					<Vertex X="53775" Y="31855" Z="0"/>
					<Vertex X="53877" Y="31804" Z="0"/>
					<Vertex X="53954" Y="31753" Z="0"/>
					<Vertex X="54031" Y="31702" Z="0"/>
					<Vertex X="54134" Y="31650" Z="0"/>
					<Vertex X="54185" Y="31625" Z="0"/>
					<Vertex X="54364" Y="31522" Z="0"/>
					<Vertex X="54492" Y="31471" Z="0"/>
					<Vertex X="54620" Y="31394" Z="0"/>
					<Vertex X="54697" Y="31343" Z="0"/>
					<Vertex X="54825" Y="31292" Z="0"/>
					<Vertex X="54851" Y="31266" Z="0"/>
					<Vertex X="54902" Y="31215" Z="0"/>
					<Vertex X="54953" Y="31190" Z="0"/>
					<Vertex X="54979" Y="31164" Z="0"/>
					<Vertex X="55030" Y="31138" Z="0"/>
					<Vertex X="55081" Y="31113" Z="0"/>
					<Vertex X="55235" Y="31010" Z="0"/>
					<Vertex X="55337" Y="30985" Z="0"/>
					<Vertex X="55440" Y="30933" Z="0"/>
					<Vertex X="55542" Y="30882" Z="0"/>
					<Vertex X="55772" Y="30780" Z="0"/>
					<Vertex X="55849" Y="30729" Z="0"/>
					<Vertex X="55900" Y="30677" Z="0"/>
					<Vertex X="55952" Y="30677" Z="0"/>
					<Vertex X="56003" Y="30652" Z="0"/>
					<Vertex X="56028" Y="30626" Z="0"/>
					<Vertex X="56105" Y="30575" Z="0"/>
					<Vertex X="56131" Y="30575" Z="0"/>
					<Vertex X="56182" Y="30524" Z="0"/>
					<Vertex X="56233" Y="30498" Z="0"/>
					<Vertex X="56310" Y="30473" Z="0"/>
					<Vertex X="56387" Y="30421" Z="0"/>
					<Vertex X="56489" Y="30345" Z="0"/>
					<Vertex X="56515" Y="30345" Z="0"/>
					<Vertex X="56566" Y="30319" Z="0"/>
					<Vertex X="56566" Y="30293" Z="0"/>
					<Vertex X="56617" Y="30242" Z="0"/>
					<Vertex X="56669" Y="30242" Z="0"/>
					<Vertex X="56694" Y="30191" Z="0"/>
					<Vertex X="56745" Y="30165" Z="0"/>
					<Vertex X="56822" Y="30114" Z="0"/>
					<Vertex X="56899" Y="30037" Z="0"/>
					<Vertex X="56950" Y="30037" Z="0"/>
					<Vertex X="57002" Y="29986" Z="0"/>
					<Vertex X="57027" Y="29960" Z="0"/>
					<Vertex X="57078" Y="29909" Z="0"/>
					<Vertex X="57155" Y="29858" Z="0"/>
					<Vertex X="57181" Y="29832" Z="0"/>
					<Vertex X="57206" Y="29781" Z="0"/>
					<Vertex X="57258" Y="29756" Z="0"/>
					<Vertex X="57283" Y="29730" Z="0"/>
					<Vertex X="57334" Y="29628" Z="0"/>
					<Vertex X="57411" Y="29576" Z="0"/>
					<Vertex X="57437" Y="29474" Z="0"/>
					<Vertex X="57488" Y="29423" Z="0"/>
					<Vertex X="57539" Y="29371" Z="0"/>
					<Vertex X="57616" Y="29269" Z="0"/>
					<Vertex X="57667" Y="29192" Z="0"/>
					<Vertex X="57667" Y="29141" Z="0"/>
					<Vertex X="57719" Y="29090" Z="0"/>
					<Vertex X="57744" Y="29039" Z="0"/>
					<Vertex X="57795" Y="28936" Z="0"/>
					<Vertex X="57795" Y="28859" Z="0"/>
					<Vertex X="57847" Y="28808" Z="0"/>
					<Vertex X="57847" Y="28782" Z="0"/>
					<Vertex X="57872" Y="28731" Z="0"/>
					<Vertex X="57872" Y="28654" Z="0"/>
					<Vertex X="57923" Y="28552" Z="0"/>
					<Vertex X="57923" Y="28501" Z="0"/>
					<Vertex X="57949" Y="28450" Z="0"/>
					<Vertex X="57949" Y="28424" Z="0"/>
					<Vertex X="57949" Y="28347" Z="0"/>
					<Vertex X="57949" Y="28322" Z="0"/>
					<Vertex X="57975" Y="28270" Z="0"/>
					<Vertex X="58000" Y="28142" Z="0"/>
					<Vertex X="58000" Y="28091" Z="0"/>
					<Vertex X="58000" Y="28040" Z="0"/>
					<Vertex X="58026" Y="27989" Z="0"/>
					<Vertex X="58051" Y="27886" Z="0"/>
					<Vertex X="58051" Y="27861" Z="0"/>
					<Vertex X="58077" Y="27809" Z="0"/>
					<Vertex X="58077" Y="27784" Z="0"/>
					<Vertex X="58077" Y="27681" Z="0"/>
					<Vertex X="58077" Y="27630" Z="0"/>
					<Vertex X="58103" Y="27553" Z="0"/>
					<Vertex X="58128" Y="27477" Z="0"/>
					<Vertex X="58128" Y="27425" Z="0"/>
					<Vertex X="58154" Y="27348" Z="0"/>
					<Vertex X="58154" Y="27297" Z="0"/>
					<Vertex X="58179" Y="27272" Z="0"/>
					<Vertex X="58179" Y="27195" Z="0"/>
					<Vertex X="58205" Y="27144" Z="0"/>
					<Vertex X="58205" Y="27092" Z="0"/>
					<Vertex X="58205" Y="27041" Z="0"/>
					<Vertex X="58231" Y="26990" Z="0"/>
					<Vertex X="58282" Y="26862" Z="0"/>
					<Vertex X="58282" Y="26811" Z="0"/>
					<Vertex X="58282" Y="26734" Z="0"/>
					<Vertex X="58308" Y="26657" Z="0"/>
					<Vertex X="58359" Y="26555" Z="0"/>
					<Vertex X="58359" Y="26503" Z="0"/>
					<Vertex X="58359" Y="26478" Z="0"/>
					<Vertex X="58384" Y="26401" Z="0"/>
					<Vertex X="58410" Y="26324" Z="0"/>
					<Vertex X="58410" Y="26273" Z="0"/>
					<Vertex X="58410" Y="26222" Z="0"/>
					<Vertex X="58410" Y="26145" Z="0"/>
					<Vertex X="58436" Y="26068" Z="0"/>
					<Vertex X="58436" Y="26043" Z="0"/>
					<Vertex X="58436" Y="25966" Z="0"/>
					<Vertex X="58436" Y="25940" Z="0"/>
					<Vertex X="58436" Y="25889" Z="0"/>
					<Vertex X="58436" Y="25838" Z="0"/>
					<Vertex X="58436" Y="25812" Z="0"/>
					<Vertex X="58436" Y="25761" Z="0"/>
					<Vertex X="58436" Y="25735" Z="0"/>
					<Vertex X="58410" Y="25710" Z="0"/>
					<Vertex X="58384" Y="25658" Z="0"/>
					<Vertex X="58333" Y="25633" Z="0"/>
					<Vertex X="58256" Y="25530" Z="0"/>
					<Vertex X="58231" Y="25479" Z="0"/>
					<Vertex X="58179" Y="25428" Z="0"/>
					<Vertex X="58128" Y="25377" Z="0"/>
					<Vertex X="58026" Y="25274" Z="0"/>
					<Vertex X="57949" Y="25249" Z="0"/>
					<Vertex X="57923" Y="25172" Z="0"/>
					<Vertex X="57821" Y="25121" Z="0"/>
					<Vertex X="57770" Y="25095" Z="0"/>
					<Vertex X="57744" Y="25095" Z="0"/>
					<Vertex X="57693" Y="25095" Z="0"/>
					<Vertex X="57565" Y="25018" Z="0"/>
					<Vertex X="57488" Y="24993" Z="0"/>
					<Vertex X="57411" Y="24941" Z="0"/>
					<Vertex X="57334" Y="24941" Z="0"/>
					<Vertex X="57258" Y="24890" Z="0"/>
					<Vertex X="57232" Y="24890" Z="0"/>
					<Vertex X="57078" Y="24941" Z="0"/>
					<Vertex X="56822" Y="25044" Z="0"/>
					<Vertex X="56720" Y="25095" Z="0"/>
					<Vertex X="56694" Y="25095" Z="0"/>
					<Vertex X="56669" Y="25095" Z="0"/>
					<Vertex X="56643" Y="25121" Z="0"/>
					<Vertex X="56566" Y="25249" Z="0"/>
					<Vertex X="56541" Y="25274" Z="0"/>
					<Vertex X="56489" Y="25351" Z="0"/>
					<Vertex X="56464" Y="25351" Z="0"/>
					<Vertex X="56438" Y="25377" Z="0"/>
					<Vertex X="56438" Y="25402" Z="0"/>
					<Vertex X="56413" Y="25402" Z="0"/>
					<Vertex X="56361" Y="25428" Z="0"/>
					<Vertex X="56285" Y="25479" Z="0"/>
					<Vertex X="56259" Y="25479" Z="0"/>
					<Vertex X="56208" Y="25505" Z="0"/>
					<Vertex X="56105" Y="25530" Z="0"/>
					<Vertex X="56080" Y="25530" Z="0"/>
					<Vertex X="56028" Y="25530" Z="0"/>
					<Vertex X="55977" Y="25530" Z="0"/>
					<Vertex X="55952" Y="25530" Z="0"/>
					<Vertex X="55926" Y="25530" Z="0"/>
					<Vertex X="55849" Y="25505" Z="0"/>
					<Vertex X="55721" Y="25479" Z="0"/>
					<Vertex X="55619" Y="25479" Z="0"/>
					<Vertex X="55414" Y="25479" Z="0"/>
					<Vertex X="55337" Y="25479" Z="0"/>
					<Vertex X="55286" Y="25479" Z="0"/>
					<Vertex X="55235" Y="25454" Z="0"/>
					<Vertex X="55183" Y="25454" Z="0"/>
					<Vertex X="55107" Y="25454" Z="0"/>
					<Vertex X="55081" Y="25454" Z="0"/>
					<Vertex X="55030" Y="25454" Z="0"/>
					<Vertex X="54927" Y="25454" Z="0"/>
					<Vertex X="54851" Y="25454" Z="0"/>
					<Vertex X="54799" Y="25428" Z="0"/>
					<Vertex X="54697" Y="25428" Z="0"/>
					<Vertex X="54646" Y="25428" Z="0"/>
					<Vertex X="54569" Y="25402" Z="0"/>
					<Vertex X="54543" Y="25402" Z="0"/>
					<Vertex X="54518" Y="25402" Z="0"/>
					<Vertex X="54466" Y="25377" Z="0"/>
					<Vertex X="54390" Y="25351" Z="0"/>
					<Vertex X="54364" Y="25326" Z="0"/>
					<Vertex X="54338" Y="25326" Z="0"/>
					<Vertex X="54313" Y="25300" Z="0"/>
					<Vertex X="54287" Y="25300" Z="0"/>
					<Vertex X="54262" Y="25300" Z="0"/>
					<Vertex X="54210" Y="25274" Z="0"/>
					<Vertex X="54108" Y="25274" Z="0"/>
					<Vertex X="53980" Y="25274" Z="0"/>
					<Vertex X="53698" Y="25172" Z="0"/>
					<Vertex X="53545" Y="25146" Z="0"/>
					<Vertex X="53442" Y="25146" Z="0"/>
					<Vertex X="53314" Y="25121" Z="0"/>
					<Vertex X="53289" Y="25121" Z="0"/>
					<Vertex X="52648" Y="25121" Z="0"/>
					<Vertex X="52264" Y="25146" Z="0"/>
					<Vertex X="51624" Y="25146" Z="0"/>
					<Vertex X="51394" Y="25172" Z="0"/>
					<Vertex X="51214" Y="25172" Z="0"/>
					<Vertex X="51189" Y="25197" Z="0"/>
					<Vertex X="51163" Y="25197" Z="0"/>
					<Vertex X="51035" Y="25402" Z="0"/>
					<Vertex X="50984" Y="25454" Z="0"/>
					<Vertex X="50958" Y="25530" Z="0"/>
					<Vertex X="50958" Y="25556" Z="0"/>
					<Vertex X="50907" Y="25633" Z="0"/>
					<Vertex X="50881" Y="25658" Z="0"/>
					<Vertex X="50830" Y="25761" Z="0"/>
					<Vertex X="50805" Y="25786" Z="0"/>
					<Vertex X="50779" Y="25812" Z="0"/>
					<Vertex X="50702" Y="25914" Z="0"/>
					<Vertex X="50600" Y="26017" Z="0"/>
					<Vertex X="50523" Y="26094" Z="0"/>
					<Vertex X="50497" Y="26145" Z="0"/>
					<Vertex X="50446" Y="26196" Z="0"/>
					<Vertex X="50344" Y="26273" Z="0"/>
					<Vertex X="50318" Y="26299" Z="0"/>
					<Vertex X="50241" Y="26375" Z="0"/>
					<Vertex X="50216" Y="26401" Z="0"/>
					<Vertex X="50190" Y="26427" Z="0"/>
					<Vertex X="50139" Y="26503" Z="0"/>
					<Vertex X="50088" Y="26529" Z="0"/>
					<Vertex X="50062" Y="26580" Z="0"/>
					<Vertex X="49985" Y="26631" Z="0"/>
					<Vertex X="49960" Y="26631" Z="0"/>
					<Vertex X="49934" Y="26657" Z="0"/>
					<Vertex X="49908" Y="26683" Z="0"/>
					<Vertex X="49883" Y="26708" Z="0"/>
					<Vertex X="49806" Y="26760" Z="0"/>
					<Vertex X="49755" Y="26785" Z="0"/>
					<Vertex X="49704" Y="26836" Z="0"/>
					<Vertex X="49678" Y="26836" Z="0"/>
					<Vertex X="49652" Y="26836" Z="0"/>
					<Vertex X="49627" Y="26836" Z="0"/>
					<Vertex X="49601" Y="26836" Z="0"/>
					<Vertex X="49575" Y="26862" Z="0"/>
					<Vertex X="49550" Y="26862" Z="0"/>
					<Vertex X="49473" Y="26888" Z="0"/>
					<Vertex X="49422" Y="26888" Z="0"/>
					<Vertex X="49371" Y="26888" Z="0"/>
					<Vertex X="49268" Y="26888" Z="0"/>
					<Vertex X="49217" Y="26888" Z="0"/>
					<Vertex X="49166" Y="26888" Z="0"/>
					<Vertex X="49140" Y="26888" Z="0"/>
					<Vertex X="48987" Y="26888" Z="0"/>
					<Vertex X="48474" Y="26836" Z="0"/>
					<Vertex X="48013" Y="26785" Z="0"/>
					<Vertex X="47809" Y="26734" Z="0"/>
					<Vertex X="47476" Y="26657" Z="0"/>
					<Vertex X="47373" Y="26657" Z="0"/>
					<Vertex X="47348" Y="26631" Z="0"/>
					<Vertex X="47322" Y="26631" Z="0"/>
					<Vertex X="47066" Y="26580" Z="0"/>
				</Vertices>
			</Region>
			<Region Id="4" Type="0" Zoom="0.038665" Selected="1" ImageLocation="" ImageFocus="-1" Length="35994.0" Area="74241865.0" LengthMicrons="9088.5" AreaMicrons="4733382.8" Text="" NegativeROA="0" InputRegionId="0" Analyze="1" DisplayId="4">
				<Attributes/>
				<Vertices>
					<Vertex X="41560" Y="52367" Z="0"/>
					<Vertex X="41458" Y="52187" Z="0"/>
					<Vertex X="41381" Y="52059" Z="0"/>
					<Vertex X="41330" Y="52008" Z="0"/>
					<Vertex X="41330" Y="51983" Z="0"/>
					<Vertex X="41279" Y="51906" Z="0"/>
					<Vertex X="41253" Y="51880" Z="0"/>
					<Vertex X="41228" Y="51855" Z="0"/>
					<Vertex X="41202" Y="51829" Z="0"/>
					<Vertex X="41151" Y="51803" Z="0"/>
					<Vertex X="41125" Y="51752" Z="0"/>
					<Vertex X="41099" Y="51752" Z="0"/>
					<Vertex X="41048" Y="51701" Z="0"/>
					<Vertex X="40971" Y="51650" Z="0"/>
					<Vertex X="40946" Y="51650" Z="0"/>
					<Vertex X="40895" Y="51624" Z="0"/>
					<Vertex X="40792" Y="51573" Z="0"/>
					<Vertex X="40715" Y="51573" Z="0"/>
					<Vertex X="40613" Y="51547" Z="0"/>
					<Vertex X="40485" Y="51496" Z="0"/>
					<Vertex X="40382" Y="51470" Z="0"/>
					<Vertex X="40306" Y="51445" Z="0"/>
					<Vertex X="40254" Y="51445" Z="0"/>
					<Vertex X="40203" Y="51419" Z="0"/>
					<Vertex X="40152" Y="51419" Z="0"/>
					<Vertex X="40126" Y="51394" Z="0"/>
					<Vertex X="40101" Y="51368" Z="0"/>
					<Vertex X="39973" Y="51368" Z="0"/>
					<Vertex X="39922" Y="51317" Z="0"/>
					<Vertex X="39819" Y="51291" Z="0"/>
					<Vertex X="39742" Y="51291" Z="0"/>
					<Vertex X="39614" Y="51266" Z="0"/>
					<Vertex X="39537" Y="51240" Z="0"/>
					<Vertex X="39461" Y="51214" Z="0"/>
					<Vertex X="39435" Y="51214" Z="0"/>
					<Vertex X="39358" Y="51189" Z="0"/>
					<Vertex X="39333" Y="51189" Z="0"/>
					<Vertex X="39281" Y="51189" Z="0"/>
					<Vertex X="39230" Y="51189" Z="0"/>
					<Vertex X="39205" Y="51189" Z="0"/>
					<Vertex X="39153" Y="51163" Z="0"/>
					<Vertex X="39102" Y="51163" Z="0"/>
					<Vertex X="38974" Y="51138" Z="0"/>
					<Vertex X="38923" Y="51138" Z="0"/>
					<Vertex X="38872" Y="51138" Z="0"/>
					<Vertex X="38820" Y="51138" Z="0"/>
					<Vertex X="38769" Y="51138" Z="0"/>
					<Vertex X="38718" Y="51138" Z="0"/>
					<Vertex X="38667" Y="51138" Z="0"/>
					<Vertex X="38641" Y="51138" Z="0"/>
					<Vertex X="38616" Y="51138" Z="0"/>
					<Vertex X="38564" Y="51138" Z="0"/>
					<Vertex X="38513" Y="51138" Z="0"/>
					<Vertex X="38462" Y="51138" Z="0"/>
					<Vertex X="38334" Y="51138" Z="0"/>
					<Vertex X="38308" Y="51138" Z="0"/>
					<Vertex X="38257" Y="51138" Z="0"/>
					<Vertex X="38231" Y="51138" Z="0"/>
					<Vertex X="38180" Y="51138" Z="0"/>
					<Vertex X="38103" Y="51112" Z="0"/>
					<Vertex X="38027" Y="51112" Z="0"/>
					<Vertex X="37950" Y="51112" Z="0"/>
					<Vertex X="37873" Y="51112" Z="0"/>
					<Vertex X="37771" Y="51086" Z="0"/>
					<Vertex X="37694" Y="51086" Z="0"/>
					<Vertex X="37643" Y="51086" Z="0"/>
					<Vertex X="37591" Y="51086" Z="0"/>
					<Vertex X="37591" Y="51061" Z="0"/>
					<Vertex X="37566" Y="51061" Z="0"/>
					<Vertex X="37540" Y="51061" Z="0"/>
					<Vertex X="37514" Y="51061" Z="0"/>
					<Vertex X="37412" Y="51112" Z="0"/>
					<Vertex X="37386" Y="51138" Z="0"/>
					<Vertex X="37361" Y="51163" Z="0"/>
					<Vertex X="37310" Y="51163" Z="0"/>
					<Vertex X="37310" Y="51214" Z="0"/>
					<Vertex X="37258" Y="51214" Z="0"/>
					<Vertex X="37258" Y="51240" Z="0"/>
					<Vertex X="37207" Y="51240" Z="0"/>
					<Vertex X="37130" Y="51291" Z="0"/>
					<Vertex X="37028" Y="51342" Z="0"/>
					<Vertex X="36977" Y="51394" Z="0"/>
					<Vertex X="36926" Y="51394" Z="0"/>
					<Vertex X="36926" Y="51419" Z="0"/>
					<Vertex X="36900" Y="51419" Z="0"/>
					<Vertex X="36900" Y="51445" Z="0"/>
					<Vertex X="36874" Y="51445" Z="0"/>
					<Vertex X="36874" Y="51470" Z="0"/>
					<Vertex X="36823" Y="51470" Z="0"/>
					<Vertex X="36823" Y="51522" Z="0"/>
					<Vertex X="36772" Y="51573" Z="0"/>
					<Vertex X="36721" Y="51598" Z="0"/>
					<Vertex X="36695" Y="51624" Z="0"/>
					<Vertex X="36644" Y="51650" Z="0"/>
					<Vertex X="36618" Y="51701" Z="0"/>
					<Vertex X="36593" Y="51701" Z="0"/>
					<Vertex X="36567" Y="51726" Z="0"/>
					<Vertex X="36541" Y="51752" Z="0"/>
					<Vertex X="36516" Y="51778" Z="0"/>
					<Vertex X="36490" Y="51803" Z="0"/>
					<Vertex X="36465" Y="51803" Z="0"/>
					<Vertex X="36439" Y="51855" Z="0"/>
					<Vertex X="36413" Y="51880" Z="0"/>
					<Vertex X="36388" Y="51931" Z="0"/>
					<Vertex X="36362" Y="51957" Z="0"/>
					<Vertex X="36337" Y="51983" Z="0"/>
					<Vertex X="36260" Y="52059" Z="0"/>
					<Vertex X="36234" Y="52085" Z="0"/>
					<Vertex X="36209" Y="52111" Z="0"/>
					<Vertex X="36183" Y="52136" Z="0"/>
					<Vertex X="36157" Y="52162" Z="0"/>
					<Vertex X="36132" Y="52213" Z="0"/>
					<Vertex X="36080" Y="52264" Z="0"/>
					<Vertex X="36004" Y="52315" Z="0"/>
					<Vertex X="35978" Y="52367" Z="0"/>
					<Vertex X="35927" Y="52418" Z="0"/>
					<Vertex X="35824" Y="52469" Z="0"/>
					<Vertex X="35799" Y="52469" Z="0"/>
					<Vertex X="35722" Y="52546" Z="0"/>
					<Vertex X="35671" Y="52572" Z="0"/>
					<Vertex X="35645" Y="52597" Z="0"/>
					<Vertex X="35620" Y="52623" Z="0"/>
					<Vertex X="35594" Y="52648" Z="0"/>
					<Vertex X="35568" Y="52648" Z="0"/>
					<Vertex X="35543" Y="52674" Z="0"/>
					<Vertex X="35517" Y="52700" Z="0"/>
					<Vertex X="35440" Y="52751" Z="0"/>
					<Vertex X="35415" Y="52776" Z="0"/>
					<Vertex X="35363" Y="52828" Z="0"/>
					<Vertex X="35312" Y="52853" Z="0"/>
					<Vertex X="35235" Y="52879" Z="0"/>
					<Vertex X="35184" Y="52904" Z="0"/>
					<Vertex X="35159" Y="52956" Z="0"/>
					<Vertex X="35082" Y="52956" Z="0"/>
					<Vertex X="35056" Y="53007" Z="0"/>
					<Vertex X="35005" Y="53032" Z="0"/>
					<Vertex X="34954" Y="53058" Z="0"/>
					<Vertex X="34903" Y="53109" Z="0"/>
					<Vertex X="34851" Y="53160" Z="0"/>
					<Vertex X="34826" Y="53186" Z="0"/>
					<Vertex X="34775" Y="53212" Z="0"/>
					<Vertex X="34749" Y="53237" Z="0"/>
					<Vertex X="34723" Y="53289" Z="0"/>
					<Vertex X="34672" Y="53314" Z="0"/>
					<Vertex X="34646" Y="53340" Z="0"/>
					<Vertex X="34595" Y="53391" Z="0"/>
					<Vertex X="34595" Y="53417" Z="0"/>
					<Vertex X="34544" Y="53468" Z="0"/>
					<Vertex X="34544" Y="53493" Z="0"/>
					<Vertex X="34493" Y="53519" Z="0"/>
					<Vertex X="34467" Y="53570" Z="0"/>
					<Vertex X="34467" Y="53596" Z="0"/>
					<Vertex X="34442" Y="53647" Z="0"/>
					<Vertex X="34416" Y="53673" Z="0"/>
					<Vertex X="34390" Y="53724" Z="0"/>
					<Vertex X="34390" Y="53749" Z="0"/>
					<Vertex X="34390" Y="53775" Z="0"/>
					<Vertex X="34390" Y="53801" Z="0"/>
					<Vertex X="34390" Y="53852" Z="0"/>
					<Vertex X="34390" Y="53877" Z="0"/>
					<Vertex X="34365" Y="53929" Z="0"/>
					<Vertex X="34365" Y="53980" Z="0"/>
					<Vertex X="34365" Y="54031" Z="0"/>
					<Vertex X="34365" Y="54082" Z="0"/>
					<Vertex X="34365" Y="54159" Z="0"/>
					<Vertex X="34365" Y="54262" Z="0"/>
					<Vertex X="34365" Y="54287" Z="0"/>
					<Vertex X="34365" Y="54338" Z="0"/>
					<Vertex X="34390" Y="54441" Z="0"/>
					<Vertex X="34442" Y="54518" Z="0"/>
					<Vertex X="34442" Y="54594" Z="0"/>
					<Vertex X="34467" Y="54646" Z="0"/>
					<Vertex X="34493" Y="54723" Z="0"/>
					<Vertex X="34518" Y="54748" Z="0"/>
					<Vertex X="34518" Y="54799" Z="0"/>
					<Vertex X="34518" Y="54825" Z="0"/>
					<Vertex X="34518" Y="54851" Z="0"/>
					<Vertex X="34518" Y="54902" Z="0"/>
					<Vertex X="34518" Y="54953" Z="0"/>
					<Vertex X="34518" Y="54979" Z="0"/>
					<Vertex X="34518" Y="55030" Z="0"/>
					<Vertex X="34518" Y="55158" Z="0"/>
					<Vertex X="34518" Y="55235" Z="0"/>
					<Vertex X="34518" Y="55311" Z="0"/>
					<Vertex X="34518" Y="55388" Z="0"/>
					<Vertex X="34518" Y="55491" Z="0"/>
					<Vertex X="34518" Y="55542" Z="0"/>
					<Vertex X="34518" Y="55593" Z="0"/>
					<Vertex X="34518" Y="55619" Z="0"/>
					<Vertex X="34518" Y="55644" Z="0"/>
					<Vertex X="34518" Y="55670" Z="0"/>
					<Vertex X="34518" Y="55696" Z="0"/>
					<Vertex X="34518" Y="55747" Z="0"/>
					<Vertex X="34518" Y="55875" Z="0"/>
					<Vertex X="34467" Y="56028" Z="0"/>
					<Vertex X="34467" Y="56080" Z="0"/>
					<Vertex X="34442" Y="56131" Z="0"/>
					<Vertex X="34442" Y="56182" Z="0"/>
					<Vertex X="34416" Y="56233" Z="0"/>
					<Vertex X="34416" Y="56259" Z="0"/>
					<Vertex X="34416" Y="56336" Z="0"/>
					<Vertex X="34390" Y="56336" Z="0"/>
					<Vertex X="34390" Y="56387" Z="0"/>
					<Vertex X="34365" Y="56413" Z="0"/>
					<Vertex X="34365" Y="56438" Z="0"/>
					<Vertex X="34339" Y="56489" Z="0"/>
					<Vertex X="34314" Y="56566" Z="0"/>
					<Vertex X="34288" Y="56617" Z="0"/>
					<Vertex X="34237" Y="56669" Z="0"/>
					<Vertex X="34211" Y="56745" Z="0"/>
					<Vertex X="34186" Y="56797" Z="0"/>
					<Vertex X="34134" Y="56848" Z="0"/>
					<Vertex X="34134" Y="56899" Z="0"/>
					<Vertex X="34083" Y="57002" Z="0"/>
					<Vertex X="34058" Y="57078" Z="0"/>
					<Vertex X="34006" Y="57130" Z="0"/>
					<Vertex X="33955" Y="57206" Z="0"/>
					<Vertex X="33929" Y="57283" Z="0"/>
					<Vertex X="33878" Y="57411" Z="0"/>
					<Vertex X="33827" Y="57488" Z="0"/>
					<Vertex X="33750" Y="57642" Z="0"/>
					<Vertex X="33725" Y="57770" Z="0"/>
					<Vertex X="33648" Y="57872" Z="0"/>
					<Vertex X="33571" Y="58000" Z="0"/>
					<Vertex X="33417" Y="58231" Z="0"/>
					<Vertex X="33366" Y="58333" Z="0"/>
					<Vertex X="33315" Y="58436" Z="0"/>
					<Vertex X="33264" Y="58512" Z="0"/>
					<Vertex X="33238" Y="58589" Z="0"/>
					<Vertex X="33212" Y="58666" Z="0"/>
					<Vertex X="33187" Y="58717" Z="0"/>
					<Vertex X="33161" Y="58794" Z="0"/>
					<Vertex X="33136" Y="58871" Z="0"/>
					<Vertex X="33110" Y="58948" Z="0"/>
					<Vertex X="33110" Y="58999" Z="0"/>
					<Vertex X="33084" Y="59076" Z="0"/>
					<Vertex X="33059" Y="59127" Z="0"/>
					<Vertex X="33033" Y="59229" Z="0"/>
					<Vertex X="33033" Y="59281" Z="0"/>
					<Vertex X="33033" Y="59357" Z="0"/>
					<Vertex X="33033" Y="59434" Z="0"/>
					<Vertex X="33008" Y="59485" Z="0"/>
					<Vertex X="32982" Y="59613" Z="0"/>
					<Vertex X="32982" Y="59665" Z="0"/>
					<Vertex X="32982" Y="59742" Z="0"/>
					<Vertex X="32982" Y="59844" Z="0"/>
					<Vertex X="32956" Y="59921" Z="0"/>
					<Vertex X="32956" Y="59998" Z="0"/>
					<Vertex X="32956" Y="60100" Z="0"/>
					<Vertex X="32956" Y="60177" Z="0"/>
					<Vertex X="32956" Y="60254" Z="0"/>
					<Vertex X="32956" Y="60330" Z="0"/>
					<Vertex X="32956" Y="60382" Z="0"/>
					<Vertex X="32956" Y="60459" Z="0"/>
					<Vertex X="32956" Y="60561" Z="0"/>
					<Vertex X="32956" Y="60663" Z="0"/>
					<Vertex X="32956" Y="60715" Z="0"/>
					<Vertex X="32956" Y="60791" Z="0"/>
					<Vertex X="32956" Y="60919" Z="0"/>
					<Vertex X="32956" Y="60996" Z="0"/>
					<Vertex X="32956" Y="61124" Z="0"/>
					<Vertex X="32982" Y="61227" Z="0"/>
					<Vertex X="32982" Y="61329" Z="0"/>
					<Vertex X="32982" Y="61406" Z="0"/>
					<Vertex X="32982" Y="61483" Z="0"/>
					<Vertex X="33008" Y="61585" Z="0"/>
					<Vertex X="33008" Y="61688" Z="0"/>
					<Vertex X="33008" Y="61790" Z="0"/>
					<Vertex X="33008" Y="61867" Z="0"/>
					<Vertex X="33008" Y="61944" Z="0"/>
					<Vertex X="33033" Y="62046" Z="0"/>
					<Vertex X="33033" Y="62123" Z="0"/>
					<Vertex X="33033" Y="62200" Z="0"/>
					<Vertex X="33059" Y="62379" Z="0"/>
					<Vertex X="33059" Y="62430" Z="0"/>
					<Vertex X="33059" Y="62507" Z="0"/>
					<Vertex X="33059" Y="62584" Z="0"/>
					<Vertex X="33084" Y="62661" Z="0"/>
					<Vertex X="33110" Y="62738" Z="0"/>
					<Vertex X="33136" Y="62814" Z="0"/>
					<Vertex X="33161" Y="62891" Z="0"/>
					<Vertex X="33187" Y="62994" Z="0"/>
					<Vertex X="33212" Y="63019" Z="0"/>
					<Vertex X="33212" Y="63045" Z="0"/>
					<Vertex X="33238" Y="63096" Z="0"/>
					<Vertex X="33264" Y="63147" Z="0"/>
					<Vertex X="33264" Y="63173" Z="0"/>
					<Vertex X="33315" Y="63224" Z="0"/>
					<Vertex X="33341" Y="63250" Z="0"/>
					<Vertex X="33341" Y="63275" Z="0"/>
					<Vertex X="33392" Y="63327" Z="0"/>
					<Vertex X="33392" Y="63352" Z="0"/>
					<Vertex X="33443" Y="63403" Z="0"/>
					<Vertex X="33494" Y="63455" Z="0"/>
					<Vertex X="33520" Y="63506" Z="0"/>
					<Vertex X="33545" Y="63531" Z="0"/>
					<Vertex X="33571" Y="63557" Z="0"/>
					<Vertex X="33622" Y="63608" Z="0"/>
					<Vertex X="33648" Y="63634" Z="0"/>
					<Vertex X="33699" Y="63659" Z="0"/>
					<Vertex X="33725" Y="63711" Z="0"/>
					<Vertex X="33776" Y="63736" Z="0"/>
					<Vertex X="33853" Y="63787" Z="0"/>
					<Vertex X="33878" Y="63813" Z="0"/>
					<Vertex X="33929" Y="63864" Z="0"/>
					<Vertex X="33981" Y="63864" Z="0"/>
					<Vertex X="34006" Y="63915" Z="0"/>
					<Vertex X="34058" Y="63941" Z="0"/>
					<Vertex X="34083" Y="63967" Z="0"/>
					<Vertex X="34109" Y="63992" Z="0"/>
					<Vertex X="34134" Y="63992" Z="0"/>
					<Vertex X="34160" Y="64018" Z="0"/>
					<Vertex X="34211" Y="64044" Z="0"/>
					<Vertex X="34237" Y="64069" Z="0"/>
					<Vertex X="34262" Y="64069" Z="0"/>
					<Vertex X="34288" Y="64069" Z="0"/>
					<Vertex X="34314" Y="64095" Z="0"/>
					<Vertex X="34314" Y="64120" Z="0"/>
					<Vertex X="34365" Y="64120" Z="0"/>
					<Vertex X="34365" Y="64146" Z="0"/>
					<Vertex X="34390" Y="64146" Z="0"/>
					<Vertex X="34442" Y="64172" Z="0"/>
					<Vertex X="34518" Y="64197" Z="0"/>
					<Vertex X="34621" Y="64223" Z="0"/>
					<Vertex X="34672" Y="64248" Z="0"/>
					<Vertex X="34723" Y="64248" Z="0"/>
					<Vertex X="34749" Y="64274" Z="0"/>
					<Vertex X="34775" Y="64274" Z="0"/>
					<Vertex X="34800" Y="64274" Z="0"/>
					<Vertex X="34826" Y="64274" Z="0"/>
					<Vertex X="34851" Y="64274" Z="0"/>
					<Vertex X="34877" Y="64274" Z="0"/>
					<Vertex X="34903" Y="64274" Z="0"/>
					<Vertex X="34954" Y="64274" Z="0"/>
					<Vertex X="35005" Y="64274" Z="0"/>
					<Vertex X="35056" Y="64248" Z="0"/>
					<Vertex X="35133" Y="64223" Z="0"/>
					<Vertex X="35184" Y="64223" Z="0"/>
					<Vertex X="35210" Y="64223" Z="0"/>
					<Vertex X="35261" Y="64197" Z="0"/>
					<Vertex X="35415" Y="64120" Z="0"/>
					<Vertex X="35466" Y="64095" Z="0"/>
					<Vertex X="35543" Y="64069" Z="0"/>
					<Vertex X="35645" Y="63992" Z="0"/>
					<Vertex X="35799" Y="63941" Z="0"/>
					<Vertex X="35850" Y="63915" Z="0"/>
					<Vertex X="35901" Y="63890" Z="0"/>
					<Vertex X="35978" Y="63864" Z="0"/>
					<Vertex X="36055" Y="63813" Z="0"/>
					<Vertex X="36106" Y="63787" Z="0"/>
					<Vertex X="36183" Y="63736" Z="0"/>
					<Vertex X="36311" Y="63685" Z="0"/>
					<Vertex X="36388" Y="63659" Z="0"/>
					<Vertex X="36490" Y="63583" Z="0"/>
					<Vertex X="36567" Y="63531" Z="0"/>
					<Vertex X="36593" Y="63531" Z="0"/>
					<Vertex X="36644" Y="63480" Z="0"/>
					<Vertex X="36721" Y="63429" Z="0"/>
					<Vertex X="36772" Y="63403" Z="0"/>
					<Vertex X="36823" Y="63352" Z="0"/>
					<Vertex X="36849" Y="63327" Z="0"/>
					<Vertex X="36900" Y="63275" Z="0"/>
					<Vertex X="36951" Y="63250" Z="0"/>
					<Vertex X="36977" Y="63198" Z="0"/>
					<Vertex X="37028" Y="63198" Z="0"/>
					<Vertex X="37054" Y="63147" Z="0"/>
					<Vertex X="37105" Y="63122" Z="0"/>
					<Vertex X="37130" Y="63070" Z="0"/>
					<Vertex X="37156" Y="63070" Z="0"/>
					<Vertex X="37156" Y="63045" Z="0"/>
					<Vertex X="37182" Y="63019" Z="0"/>
					<Vertex X="37233" Y="62994" Z="0"/>
					<Vertex X="37233" Y="62942" Z="0"/>
					<Vertex X="37258" Y="62942" Z="0"/>
					<Vertex X="37284" Y="62917" Z="0"/>
					<Vertex X="37284" Y="62866" Z="0"/>
					<Vertex X="37335" Y="62866" Z="0"/>
					<Vertex X="37335" Y="62814" Z="0"/>
					<Vertex X="37386" Y="62789" Z="0"/>
					<Vertex X="37386" Y="62738" Z="0"/>
					<Vertex X="37463" Y="62686" Z="0"/>
					<Vertex X="37463" Y="62661" Z="0"/>
					<Vertex X="37489" Y="62635" Z="0"/>
					<Vertex X="37489" Y="62610" Z="0"/>
					<Vertex X="37514" Y="62584" Z="0"/>
					<Vertex X="37514" Y="62558" Z="0"/>
					<Vertex X="37514" Y="62533" Z="0"/>
					<Vertex X="37514" Y="62507" Z="0"/>
					<Vertex X="37514" Y="62456" Z="0"/>
					<Vertex X="37514" Y="62430" Z="0"/>
					<Vertex X="37514" Y="62405" Z="0"/>
					<Vertex X="37514" Y="62353" Z="0"/>
					<Vertex X="37514" Y="62328" Z="0"/>
					<Vertex X="37514" Y="62302" Z="0"/>
					<Vertex X="37514" Y="62277" Z="0"/>
					<Vertex X="37514" Y="62251" Z="0"/>
					<Vertex X="37514" Y="62225" Z="0"/>
					<Vertex X="37514" Y="62200" Z="0"/>
					<Vertex X="37540" Y="62174" Z="0"/>
					<Vertex X="37540" Y="62149" Z="0"/>
					<Vertex X="37566" Y="62123" Z="0"/>
					<Vertex X="37566" Y="62097" Z="0"/>
					<Vertex X="37566" Y="62072" Z="0"/>
					<Vertex X="37591" Y="62046" Z="0"/>
					<Vertex X="37591" Y="62021" Z="0"/>
					<Vertex X="37617" Y="62021" Z="0"/>
					<Vertex X="37668" Y="61944" Z="0"/>
					<Vertex X="37771" Y="61816" Z="0"/>
					<Vertex X="37822" Y="61790" Z="0"/>
					<Vertex X="37847" Y="61739" Z="0"/>
					<Vertex X="37924" Y="61713" Z="0"/>
					<Vertex X="37950" Y="61662" Z="0"/>
					<Vertex X="38001" Y="61636" Z="0"/>
					<Vertex X="38103" Y="61560" Z="0"/>
					<Vertex X="38155" Y="61508" Z="0"/>
					<Vertex X="38231" Y="61457" Z="0"/>
					<Vertex X="38257" Y="61432" Z="0"/>
					<Vertex X="38283" Y="61380" Z="0"/>
					<Vertex X="38334" Y="61355" Z="0"/>
					<Vertex X="38385" Y="61278" Z="0"/>
					<Vertex X="38436" Y="61252" Z="0"/>
					<Vertex X="38488" Y="61150" Z="0"/>
					<Vertex X="38539" Y="61124" Z="0"/>
					<Vertex X="38564" Y="61073" Z="0"/>
					<Vertex X="38641" Y="60971" Z="0"/>
					<Vertex X="38692" Y="60894" Z="0"/>
					<Vertex X="38718" Y="60868" Z="0"/>
					<Vertex X="38744" Y="60791" Z="0"/>
					<Vertex X="38795" Y="60689" Z="0"/>
					<Vertex X="38820" Y="60638" Z="0"/>
					<Vertex X="38846" Y="60587" Z="0"/>
					<Vertex X="38846" Y="60535" Z="0"/>
					<Vertex X="38872" Y="60510" Z="0"/>
					<Vertex X="38872" Y="60484" Z="0"/>
					<Vertex X="38897" Y="60433" Z="0"/>
					<Vertex X="38897" Y="60407" Z="0"/>
					<Vertex X="38897" Y="60382" Z="0"/>
					<Vertex X="38923" Y="60305" Z="0"/>
					<Vertex X="38923" Y="60254" Z="0"/>
					<Vertex X="38948" Y="60202" Z="0"/>
					<Vertex X="38948" Y="60126" Z="0"/>
					<Vertex X="38974" Y="60049" Z="0"/>
					<Vertex X="39000" Y="59972" Z="0"/>
					<Vertex X="39025" Y="59895" Z="0"/>
					<Vertex X="39051" Y="59844" Z="0"/>
					<Vertex X="39077" Y="59742" Z="0"/>
					<Vertex X="39102" Y="59665" Z="0"/>
					<Vertex X="39205" Y="59434" Z="0"/>
					<Vertex X="39281" Y="59357" Z="0"/>
					<Vertex X="39307" Y="59229" Z="0"/>
					<Vertex X="39358" Y="59153" Z="0"/>
					<Vertex X="39409" Y="59076" Z="0"/>
					<Vertex X="39435" Y="58999" Z="0"/>
					<Vertex X="39563" Y="58820" Z="0"/>
					<Vertex X="39589" Y="58717" Z="0"/>
					<Vertex X="39665" Y="58640" Z="0"/>
					<Vertex X="39691" Y="58564" Z="0"/>
					<Vertex X="39768" Y="58436" Z="0"/>
					<Vertex X="39922" Y="58231" Z="0"/>
					<Vertex X="39998" Y="58103" Z="0"/>
					<Vertex X="40050" Y="58026" Z="0"/>
					<Vertex X="40126" Y="57923" Z="0"/>
					<Vertex X="40178" Y="57847" Z="0"/>
					<Vertex X="40280" Y="57719" Z="0"/>
					<Vertex X="40331" Y="57642" Z="0"/>
					<Vertex X="40382" Y="57591" Z="0"/>
					<Vertex X="40434" Y="57514" Z="0"/>
					<Vertex X="40511" Y="57411" Z="0"/>
					<Vertex X="40511" Y="57334" Z="0"/>
					<Vertex X="40562" Y="57309" Z="0"/>
					<Vertex X="40562" Y="57283" Z="0"/>
					<Vertex X="40613" Y="57232" Z="0"/>
					<Vertex X="40639" Y="57181" Z="0"/>
					<Vertex X="40690" Y="57130" Z="0"/>
					<Vertex X="40690" Y="57104" Z="0"/>
					<Vertex X="40741" Y="57053" Z="0"/>
					<Vertex X="40741" Y="57027" Z="0"/>
					<Vertex X="40818" Y="56899" Z="0"/>
					<Vertex X="40843" Y="56848" Z="0"/>
					<Vertex X="40895" Y="56822" Z="0"/>
					<Vertex X="40920" Y="56745" Z="0"/>
					<Vertex X="40946" Y="56694" Z="0"/>
					<Vertex X="40997" Y="56592" Z="0"/>
					<Vertex X="41023" Y="56541" Z="0"/>
					<Vertex X="41048" Y="56464" Z="0"/>
					<Vertex X="41048" Y="56387" Z="0"/>
					<Vertex X="41099" Y="56285" Z="0"/>
					<Vertex X="41151" Y="56182" Z="0"/>
					<Vertex X="41151" Y="56105" Z="0"/>
					<Vertex X="41176" Y="56028" Z="0"/>
					<Vertex X="41228" Y="55849" Z="0"/>
					<Vertex X="41228" Y="55747" Z="0"/>
					<Vertex X="41228" Y="55696" Z="0"/>
					<Vertex X="41228" Y="55619" Z="0"/>
					<Vertex X="41228" Y="55516" Z="0"/>
					<Vertex X="41253" Y="55465" Z="0"/>
					<Vertex X="41253" Y="55388" Z="0"/>
					<Vertex X="41253" Y="55363" Z="0"/>
					<Vertex X="41279" Y="55260" Z="0"/>
					<Vertex X="41279" Y="55235" Z="0"/>
					<Vertex X="41279" Y="55158" Z="0"/>
					<Vertex X="41279" Y="55107" Z="0"/>
					<Vertex X="41304" Y="54979" Z="0"/>
					<Vertex X="41304" Y="54927" Z="0"/>
					<Vertex X="41304" Y="54876" Z="0"/>
					<Vertex X="41330" Y="54774" Z="0"/>
					<Vertex X="41330" Y="54697" Z="0"/>
					<Vertex X="41381" Y="54543" Z="0"/>
					<Vertex X="41381" Y="54466" Z="0"/>
					<Vertex X="41381" Y="54390" Z="0"/>
					<Vertex X="41432" Y="54287" Z="0"/>
					<Vertex X="41432" Y="54236" Z="0"/>
					<Vertex X="41458" Y="54134" Z="0"/>
					<Vertex X="41458" Y="54108" Z="0"/>
					<Vertex X="41484" Y="54031" Z="0"/>
					<Vertex X="41509" Y="53877" Z="0"/>
					<Vertex X="41509" Y="53852" Z="0"/>
					<Vertex X="41535" Y="53801" Z="0"/>
					<Vertex X="41535" Y="53698" Z="0"/>
					<Vertex X="41535" Y="53673" Z="0"/>
					<Vertex X="41535" Y="53647" Z="0"/>
					<Vertex X="41535" Y="53621" Z="0"/>
					<Vertex X="41535" Y="53570" Z="0"/>
					<Vertex X="41535" Y="53545" Z="0"/>
					<Vertex X="41535" Y="53519" Z="0"/>
					<Vertex X="41535" Y="53468" Z="0"/>
					<Vertex X="41535" Y="53365" Z="0"/>
					<Vertex X="41535" Y="53340" Z="0"/>
					<Vertex X="41535" Y="53314" Z="0"/>
					<Vertex X="41535" Y="53212" Z="0"/>
					<Vertex X="41535" Y="53186" Z="0"/>
					<Vertex X="41535" Y="53135" Z="0"/>
					<Vertex X="41535" Y="53109" Z="0"/>
					<Vertex X="41535" Y="53032" Z="0"/>
					<Vertex X="41535" Y="52981" Z="0"/>
					<Vertex X="41535" Y="52879" Z="0"/>
					<Vertex X="41535" Y="52828" Z="0"/>
					<Vertex X="41535" Y="52776" Z="0"/>
					<Vertex X="41535" Y="52751" Z="0"/>
					<Vertex X="41560" Y="52674" Z="0"/>
					<Vertex X="41560" Y="52623" Z="0"/>
					<Vertex X="41560" Y="52597" Z="0"/>
					<Vertex X="41560" Y="52520" Z="0"/>
					<Vertex X="41560" Y="52469" Z="0"/>
					<Vertex X="41560" Y="52418" Z="0"/>
					<Vertex X="41560" Y="52392" Z="0"/>
					<Vertex X="41560" Y="52367" Z="0"/>
				</Vertices>
			</Region>
		</Regions>
		<Plots/>
	</Annotation>
</Annotations>
