<Annotations MicronsPerPixel="0.227700">
	<Annotation Id="1" Name="" ReadOnly="0" NameReadOnly="0" LineColorReadOnly="0" Incremental="0" Type="4" LineColor="65535" Visible="1" Selected="1" MarkupImagePath="" MacroName="">
		<Attributes/>
		<Regions>
			<RegionAttributeHeaders/>
			<Region Id="1" Type="0" Zoom="0.020615" Selected="1" ImageLocation="" ImageFocus="-1" Length="103647.0" Area="672518504.5" LengthMicrons="23600.4" AreaMicrons="34868260.4" Text="" NegativeROA="0" InputRegionId="0" Analyze="1" DisplayId="1">
				<Attributes/>
				<Vertices>
					<Vertex X="63378" Y="17682" Z="0"/>
					<Vertex X="63325" Y="17682" Z="0"/>
					<Vertex X="62899" Y="17735" Z="0"/>
					<Vertex X="62846" Y="17788" Z="0"/>
					<Vertex X="62473" Y="17842" Z="0"/>
					<Vertex X="61994" Y="17948" Z="0"/>
					<Vertex X="61834" Y="17948" Z="0"/>
					<Vertex X="61781" Y="18001" Z="0"/>
					<Vertex X="61514" Y="18055" Z="0"/>
					<Vertex X="61195" Y="18161" Z="0"/>
					<Vertex X="61141" Y="18214" Z="0"/>
					<Vertex X="60928" Y="18214" Z="0"/>
					<Vertex X="60769" Y="18268" Z="0"/>
					<Vertex X="60449" Y="18321" Z="0"/>
					<Vertex X="60183" Y="18321" Z="0"/>
					<Vertex X="60023" Y="18428" Z="0"/>
					<Vertex X="59916" Y="18481" Z="0"/>
					<Vertex X="59544" Y="18534" Z="0"/>
					<Vertex X="59331" Y="18534" Z="0"/>
					<Vertex X="59171" Y="18587" Z="0"/>
					<Vertex X="58905" Y="18641" Z="0"/>
					<Vertex X="58798" Y="18694" Z="0"/>
					<Vertex X="58585" Y="18747" Z="0"/>
					<Vertex X="58479" Y="18747" Z="0"/>
					<Vertex X="58212" Y="18800" Z="0"/>
					<Vertex X="57946" Y="18907" Z="0"/>
					<Vertex X="57786" Y="18907" Z="0"/>
					<Vertex X="57573" Y="18960" Z="0"/>
					<Vertex X="57360" Y="19067" Z="0"/>
					<Vertex X="57041" Y="19120" Z="0"/>
					<Vertex X="56668" Y="19226" Z="0"/>
					<Vertex X="56348" Y="19280" Z="0"/>
					<Vertex X="56082" Y="19280" Z="0"/>
					<Vertex X="55816" Y="19333" Z="0"/>
					<Vertex X="55656" Y="19333" Z="0"/>
					<Vertex X="55443" Y="19386" Z="0"/>
					<Vertex X="55230" Y="19439" Z="0"/>
					<Vertex X="55176" Y="19493" Z="0"/>
					<Vertex X="54910" Y="19493" Z="0"/>
					<Vertex X="54750" Y="19546" Z="0"/>
					<Vertex X="54644" Y="19546" Z="0"/>
					<Vertex X="54484" Y="19546" Z="0"/>
					<Vertex X="54484" Y="19599" Z="0"/>
					<Vertex X="54378" Y="19599" Z="0"/>
					<Vertex X="54271" Y="19652" Z="0"/>
					<Vertex X="54165" Y="19706" Z="0"/>
					<Vertex X="54111" Y="19759" Z="0"/>
					<Vertex X="54111" Y="19866" Z="0"/>
					<Vertex X="54058" Y="19972" Z="0"/>
					<Vertex X="54005" Y="20079" Z="0"/>
					<Vertex X="53952" Y="20132" Z="0"/>
					<Vertex X="53898" Y="20185" Z="0"/>
					<Vertex X="53898" Y="20398" Z="0"/>
					<Vertex X="53898" Y="20451" Z="0"/>
					<Vertex X="53845" Y="20505" Z="0"/>
					<Vertex X="53792" Y="20611" Z="0"/>
					<Vertex X="53738" Y="20664" Z="0"/>
					<Vertex X="53738" Y="20718" Z="0"/>
					<Vertex X="53738" Y="20824" Z="0"/>
					<Vertex X="53685" Y="20824" Z="0"/>
					<Vertex X="53685" Y="20877" Z="0"/>
					<Vertex X="53685" Y="20931" Z="0"/>
					<Vertex X="53685" Y="20984" Z="0"/>
					<Vertex X="53579" Y="21037" Z="0"/>
					<Vertex X="53525" Y="21090" Z="0"/>
					<Vertex X="53472" Y="21144" Z="0"/>
					<Vertex X="53419" Y="21197" Z="0"/>
					<Vertex X="53366" Y="21250" Z="0"/>
					<Vertex X="53312" Y="21250" Z="0"/>
					<Vertex X="53312" Y="21303" Z="0"/>
					<Vertex X="53259" Y="21357" Z="0"/>
					<Vertex X="53206" Y="21357" Z="0"/>
					<Vertex X="53153" Y="21357" Z="0"/>
					<Vertex X="53046" Y="21410" Z="0"/>
					<Vertex X="53046" Y="21463" Z="0"/>
					<Vertex X="52940" Y="21463" Z="0"/>
					<Vertex X="52886" Y="21463" Z="0"/>
					<Vertex X="52833" Y="21463" Z="0"/>
					<Vertex X="52727" Y="21463" Z="0"/>
					<Vertex X="52514" Y="21463" Z="0"/>
					<Vertex X="52460" Y="21463" Z="0"/>
					<Vertex X="52354" Y="21463" Z="0"/>
					<Vertex X="52247" Y="21463" Z="0"/>
					<Vertex X="52141" Y="21463" Z="0"/>
					<Vertex X="51981" Y="21463" Z="0"/>
					<Vertex X="51874" Y="21517" Z="0"/>
					<Vertex X="51821" Y="21517" Z="0"/>
					<Vertex X="51768" Y="21570" Z="0"/>
					<Vertex X="51661" Y="21570" Z="0"/>
					<Vertex X="51555" Y="21623" Z="0"/>
					<Vertex X="51555" Y="21676" Z="0"/>
					<Vertex X="51502" Y="21676" Z="0"/>
					<Vertex X="51395" Y="21730" Z="0"/>
					<Vertex X="51289" Y="21783" Z="0"/>
					<Vertex X="51289" Y="21836" Z="0"/>
					<Vertex X="51129" Y="21889" Z="0"/>
					<Vertex X="51076" Y="22049" Z="0"/>
					<Vertex X="51022" Y="22049" Z="0"/>
					<Vertex X="50916" Y="22156" Z="0"/>
					<Vertex X="50863" Y="22262" Z="0"/>
					<Vertex X="50809" Y="22315" Z="0"/>
					<Vertex X="50703" Y="22422" Z="0"/>
					<Vertex X="50703" Y="22528" Z="0"/>
					<Vertex X="50596" Y="22528" Z="0"/>
					<Vertex X="50543" Y="22635" Z="0"/>
					<Vertex X="50543" Y="22688" Z="0"/>
					<Vertex X="50490" Y="22848" Z="0"/>
					<Vertex X="50436" Y="22901" Z="0"/>
					<Vertex X="50277" Y="23327" Z="0"/>
					<Vertex X="50170" Y="23381" Z="0"/>
					<Vertex X="50117" Y="23487" Z="0"/>
					<Vertex X="50117" Y="23647" Z="0"/>
					<Vertex X="50064" Y="23700" Z="0"/>
					<Vertex X="50064" Y="23807" Z="0"/>
					<Vertex X="49957" Y="24020" Z="0"/>
					<Vertex X="49957" Y="24073" Z="0"/>
					<Vertex X="49851" Y="24233" Z="0"/>
					<Vertex X="49851" Y="24339" Z="0"/>
					<Vertex X="49797" Y="24339" Z="0"/>
					<Vertex X="49744" Y="24552" Z="0"/>
					<Vertex X="49744" Y="24659" Z="0"/>
					<Vertex X="49691" Y="24712" Z="0"/>
					<Vertex X="49691" Y="24925" Z="0"/>
					<Vertex X="49638" Y="25085" Z="0"/>
					<Vertex X="49638" Y="25138" Z="0"/>
					<Vertex X="49638" Y="25351" Z="0"/>
					<Vertex X="49638" Y="25404" Z="0"/>
					<Vertex X="49584" Y="25617" Z="0"/>
					<Vertex X="49584" Y="25777" Z="0"/>
					<Vertex X="49478" Y="26150" Z="0"/>
					<Vertex X="49478" Y="26257" Z="0"/>
					<Vertex X="49425" Y="26363" Z="0"/>
					<Vertex X="49425" Y="26470" Z="0"/>
					<Vertex X="49425" Y="26629" Z="0"/>
					<Vertex X="49425" Y="26683" Z="0"/>
					<Vertex X="49425" Y="26896" Z="0"/>
					<Vertex X="49425" Y="27109" Z="0"/>
					<Vertex X="49425" Y="27215" Z="0"/>
					<Vertex X="49425" Y="27268" Z="0"/>
					<Vertex X="49371" Y="27428" Z="0"/>
					<Vertex X="49265" Y="27535" Z="0"/>
					<Vertex X="49211" Y="27801" Z="0"/>
					<Vertex X="49158" Y="27854" Z="0"/>
					<Vertex X="48945" Y="28440" Z="0"/>
					<Vertex X="48785" Y="28866" Z="0"/>
					<Vertex X="48732" Y="29133" Z="0"/>
					<Vertex X="48626" Y="29346" Z="0"/>
					<Vertex X="48572" Y="29399" Z="0"/>
					<Vertex X="48519" Y="29718" Z="0"/>
					<Vertex X="48413" Y="30198" Z="0"/>
					<Vertex X="48413" Y="30304" Z="0"/>
					<Vertex X="48413" Y="30517" Z="0"/>
					<Vertex X="48413" Y="30624" Z="0"/>
					<Vertex X="48359" Y="30890" Z="0"/>
					<Vertex X="48359" Y="31103" Z="0"/>
					<Vertex X="48359" Y="31263" Z="0"/>
					<Vertex X="48359" Y="31423" Z="0"/>
					<Vertex X="48359" Y="31529" Z="0"/>
					<Vertex X="48359" Y="31849" Z="0"/>
					<Vertex X="48359" Y="32115" Z="0"/>
					<Vertex X="48359" Y="32381" Z="0"/>
					<Vertex X="48359" Y="32807" Z="0"/>
					<Vertex X="48359" Y="33074" Z="0"/>
					<Vertex X="48306" Y="33393" Z="0"/>
					<Vertex X="48306" Y="33446" Z="0"/>
					<Vertex X="48306" Y="33766" Z="0"/>
					<Vertex X="48306" Y="33819" Z="0"/>
					<Vertex X="48306" Y="34086" Z="0"/>
					<Vertex X="48306" Y="34245" Z="0"/>
					<Vertex X="48306" Y="34405" Z="0"/>
					<Vertex X="48306" Y="34565" Z="0"/>
					<Vertex X="48306" Y="34725" Z="0"/>
					<Vertex X="48306" Y="34831" Z="0"/>
					<Vertex X="48306" Y="35044" Z="0"/>
					<Vertex X="48306" Y="35204" Z="0"/>
					<Vertex X="48306" Y="35364" Z="0"/>
					<Vertex X="48306" Y="35524" Z="0"/>
					<Vertex X="48306" Y="35683" Z="0"/>
					<Vertex X="48306" Y="35950" Z="0"/>
					<Vertex X="48306" Y="36056" Z="0"/>
					<Vertex X="48306" Y="36216" Z="0"/>
					<Vertex X="48306" Y="36376" Z="0"/>
					<Vertex X="48306" Y="36589" Z="0"/>
					<Vertex X="48306" Y="36695" Z="0"/>
					<Vertex X="48306" Y="36802" Z="0"/>
					<Vertex X="48306" Y="36855" Z="0"/>
					<Vertex X="48306" Y="37015" Z="0"/>
					<Vertex X="48306" Y="37068" Z="0"/>
					<Vertex X="48306" Y="37175" Z="0"/>
					<Vertex X="48306" Y="37441" Z="0"/>
					<Vertex X="48359" Y="37601" Z="0"/>
					<Vertex X="48359" Y="37760" Z="0"/>
					<Vertex X="48359" Y="37920" Z="0"/>
					<Vertex X="48359" Y="38027" Z="0"/>
					<Vertex X="48413" Y="38240" Z="0"/>
					<Vertex X="48466" Y="38346" Z="0"/>
					<Vertex X="48519" Y="38506" Z="0"/>
					<Vertex X="48572" Y="38666" Z="0"/>
					<Vertex X="48572" Y="38826" Z="0"/>
					<Vertex X="48679" Y="38985" Z="0"/>
					<Vertex X="48785" Y="39305" Z="0"/>
					<Vertex X="48785" Y="39571" Z="0"/>
					<Vertex X="48839" Y="39678" Z="0"/>
					<Vertex X="48945" Y="39784" Z="0"/>
					<Vertex X="48998" Y="39997" Z="0"/>
					<Vertex X="49052" Y="40210" Z="0"/>
					<Vertex X="49158" Y="40317" Z="0"/>
					<Vertex X="49211" Y="40423" Z="0"/>
					<Vertex X="49211" Y="40477" Z="0"/>
					<Vertex X="49265" Y="40530" Z="0"/>
					<Vertex X="49371" Y="40690" Z="0"/>
					<Vertex X="49478" Y="40796" Z="0"/>
					<Vertex X="49531" Y="40903" Z="0"/>
					<Vertex X="49584" Y="41169" Z="0"/>
					<Vertex X="49638" Y="41489" Z="0"/>
					<Vertex X="49691" Y="41755" Z="0"/>
					<Vertex X="49744" Y="41915" Z="0"/>
					<Vertex X="49851" Y="42181" Z="0"/>
					<Vertex X="49957" Y="42341" Z="0"/>
					<Vertex X="50117" Y="42713" Z="0"/>
					<Vertex X="50223" Y="42873" Z="0"/>
					<Vertex X="50277" Y="42980" Z="0"/>
					<Vertex X="50277" Y="43086" Z="0"/>
					<Vertex X="50436" Y="43193" Z="0"/>
					<Vertex X="50490" Y="43246" Z="0"/>
					<Vertex X="50490" Y="43299" Z="0"/>
					<Vertex X="50649" Y="43406" Z="0"/>
					<Vertex X="50703" Y="43512" Z="0"/>
					<Vertex X="50756" Y="43619" Z="0"/>
					<Vertex X="50916" Y="43672" Z="0"/>
					<Vertex X="50916" Y="43725" Z="0"/>
					<Vertex X="51022" Y="43832" Z="0"/>
					<Vertex X="51076" Y="43832" Z="0"/>
					<Vertex X="51129" Y="43938" Z="0"/>
					<Vertex X="51235" Y="43938" Z="0"/>
					<Vertex X="51342" Y="44045" Z="0"/>
					<Vertex X="51395" Y="44045" Z="0"/>
					<Vertex X="51502" Y="44045" Z="0"/>
					<Vertex X="51608" Y="44098" Z="0"/>
					<Vertex X="51661" Y="44098" Z="0"/>
					<Vertex X="51768" Y="44098" Z="0"/>
					<Vertex X="51874" Y="44205" Z="0"/>
					<Vertex X="51981" Y="44205" Z="0"/>
					<Vertex X="52247" Y="44205" Z="0"/>
					<Vertex X="52407" Y="44258" Z="0"/>
					<Vertex X="52886" Y="44311" Z="0"/>
					<Vertex X="52940" Y="44311" Z="0"/>
					<Vertex X="53153" Y="44311" Z="0"/>
					<Vertex X="53312" Y="44311" Z="0"/>
					<Vertex X="53579" Y="44311" Z="0"/>
					<Vertex X="53685" Y="44311" Z="0"/>
					<Vertex X="53898" Y="44311" Z="0"/>
					<Vertex X="54005" Y="44311" Z="0"/>
					<Vertex X="54111" Y="44311" Z="0"/>
					<Vertex X="54218" Y="44311" Z="0"/>
					<Vertex X="54271" Y="44311" Z="0"/>
					<Vertex X="54484" Y="44311" Z="0"/>
					<Vertex X="54644" Y="44311" Z="0"/>
					<Vertex X="54750" Y="44311" Z="0"/>
					<Vertex X="54857" Y="44311" Z="0"/>
					<Vertex X="55070" Y="44258" Z="0"/>
					<Vertex X="55176" Y="44258" Z="0"/>
					<Vertex X="55336" Y="44258" Z="0"/>
					<Vertex X="55390" Y="44258" Z="0"/>
					<Vertex X="55496" Y="44258" Z="0"/>
					<Vertex X="55549" Y="44258" Z="0"/>
					<Vertex X="55656" Y="44205" Z="0"/>
					<Vertex X="55709" Y="44205" Z="0"/>
					<Vertex X="55869" Y="44151" Z="0"/>
					<Vertex X="55922" Y="44098" Z="0"/>
					<Vertex X="56029" Y="44098" Z="0"/>
					<Vertex X="56082" Y="44045" Z="0"/>
					<Vertex X="56242" Y="44045" Z="0"/>
					<Vertex X="56295" Y="44045" Z="0"/>
					<Vertex X="56401" Y="44045" Z="0"/>
					<Vertex X="56455" Y="44045" Z="0"/>
					<Vertex X="56614" Y="44045" Z="0"/>
					<Vertex X="56721" Y="44045" Z="0"/>
					<Vertex X="56827" Y="44045" Z="0"/>
					<Vertex X="56881" Y="44045" Z="0"/>
					<Vertex X="57094" Y="44045" Z="0"/>
					<Vertex X="57254" Y="44045" Z="0"/>
					<Vertex X="57360" Y="44045" Z="0"/>
					<Vertex X="57413" Y="44045" Z="0"/>
					<Vertex X="57520" Y="44045" Z="0"/>
					<Vertex X="57680" Y="44045" Z="0"/>
					<Vertex X="57786" Y="44045" Z="0"/>
					<Vertex X="57893" Y="44045" Z="0"/>
					<Vertex X="57999" Y="44045" Z="0"/>
					<Vertex X="58159" Y="43992" Z="0"/>
					<Vertex X="58212" Y="43992" Z="0"/>
					<Vertex X="58372" Y="43885" Z="0"/>
					<Vertex X="58479" Y="43885" Z="0"/>
					<Vertex X="58692" Y="43832" Z="0"/>
					<Vertex X="59118" Y="43725" Z="0"/>
					<Vertex X="59437" Y="43619" Z="0"/>
					<Vertex X="59757" Y="43512" Z="0"/>
					<Vertex X="60130" Y="43353" Z="0"/>
					<Vertex X="60449" Y="43246" Z="0"/>
					<Vertex X="60662" Y="43193" Z="0"/>
					<Vertex X="60769" Y="43193" Z="0"/>
					<Vertex X="60982" Y="43086" Z="0"/>
					<Vertex X="61514" Y="43033" Z="0"/>
					<Vertex X="61568" Y="42980" Z="0"/>
					<Vertex X="61727" Y="42980" Z="0"/>
					<Vertex X="61994" Y="42980" Z="0"/>
					<Vertex X="62207" Y="42873" Z="0"/>
					<Vertex X="62420" Y="42820" Z="0"/>
					<Vertex X="62633" Y="42767" Z="0"/>
					<Vertex X="62792" Y="42767" Z="0"/>
					<Vertex X="63059" Y="42713" Z="0"/>
					<Vertex X="63378" Y="42554" Z="0"/>
					<Vertex X="63485" Y="42554" Z="0"/>
					<Vertex X="63698" Y="42554" Z="0"/>
					<Vertex X="63751" Y="42500" Z="0"/>
					<Vertex X="63911" Y="42500" Z="0"/>
					<Vertex X="64071" Y="42500" Z="0"/>
					<Vertex X="64177" Y="42500" Z="0"/>
					<Vertex X="64230" Y="42500" Z="0"/>
					<Vertex X="64337" Y="42500" Z="0"/>
					<Vertex X="64443" Y="42500" Z="0"/>
					<Vertex X="64550" Y="42500" Z="0"/>
					<Vertex X="64603" Y="42500" Z="0"/>
					<Vertex X="64710" Y="42500" Z="0"/>
					<Vertex X="64763" Y="42500" Z="0"/>
					<Vertex X="64870" Y="42500" Z="0"/>
					<Vertex X="64976" Y="42500" Z="0"/>
					<Vertex X="65083" Y="42500" Z="0"/>
					<Vertex X="65189" Y="42500" Z="0"/>
					<Vertex X="65242" Y="42500" Z="0"/>
					<Vertex X="65349" Y="42500" Z="0"/>
					<Vertex X="65509" Y="42500" Z="0"/>
					<Vertex X="65562" Y="42500" Z="0"/>
					<Vertex X="65615" Y="42500" Z="0"/>
					<Vertex X="65722" Y="42500" Z="0"/>
					<Vertex X="65775" Y="42500" Z="0"/>
					<Vertex X="65881" Y="42500" Z="0"/>
					<Vertex X="66041" Y="42500" Z="0"/>
					<Vertex X="66148" Y="42500" Z="0"/>
					<Vertex X="66361" Y="42500" Z="0"/>
					<Vertex X="66467" Y="42500" Z="0"/>
					<Vertex X="66574" Y="42500" Z="0"/>
					<Vertex X="66680" Y="42500" Z="0"/>
					<Vertex X="66734" Y="42500" Z="0"/>
					<Vertex X="66893" Y="42394" Z="0"/>
					<Vertex X="67053" Y="42341" Z="0"/>
					<Vertex X="67266" Y="42341" Z="0"/>
					<Vertex X="67532" Y="42287" Z="0"/>
					<Vertex X="67639" Y="42181" Z="0"/>
					<Vertex X="67905" Y="42128" Z="0"/>
					<Vertex X="67959" Y="42128" Z="0"/>
					<Vertex X="68225" Y="42074" Z="0"/>
					<Vertex X="68385" Y="41968" Z="0"/>
					<Vertex X="68544" Y="41915" Z="0"/>
					<Vertex X="68651" Y="41861" Z="0"/>
					<Vertex X="68811" Y="41755" Z="0"/>
					<Vertex X="68917" Y="41702" Z="0"/>
					<Vertex X="68970" Y="41702" Z="0"/>
					<Vertex X="69024" Y="41702" Z="0"/>
					<Vertex X="69130" Y="41595" Z="0"/>
					<Vertex X="69237" Y="41595" Z="0"/>
					<Vertex X="69237" Y="41542" Z="0"/>
					<Vertex X="69450" Y="41489" Z="0"/>
					<Vertex X="69663" Y="41435" Z="0"/>
					<Vertex X="69769" Y="41329" Z="0"/>
					<Vertex X="69982" Y="41276" Z="0"/>
					<Vertex X="70089" Y="41276" Z="0"/>
					<Vertex X="70249" Y="41169" Z="0"/>
					<Vertex X="70355" Y="41116" Z="0"/>
					<Vertex X="70515" Y="41062" Z="0"/>
					<Vertex X="70621" Y="41009" Z="0"/>
					<Vertex X="70675" Y="40956" Z="0"/>
					<Vertex X="70941" Y="40903" Z="0"/>
					<Vertex X="71048" Y="40849" Z="0"/>
					<Vertex X="71154" Y="40796" Z="0"/>
					<Vertex X="71314" Y="40743" Z="0"/>
					<Vertex X="71474" Y="40636" Z="0"/>
					<Vertex X="71527" Y="40636" Z="0"/>
					<Vertex X="71687" Y="40583" Z="0"/>
					<Vertex X="71793" Y="40530" Z="0"/>
					<Vertex X="71900" Y="40477" Z="0"/>
					<Vertex X="72006" Y="40477" Z="0"/>
					<Vertex X="72166" Y="40423" Z="0"/>
					<Vertex X="72219" Y="40370" Z="0"/>
					<Vertex X="72432" Y="40317" Z="0"/>
					<Vertex X="72539" Y="40317" Z="0"/>
					<Vertex X="72592" Y="40264" Z="0"/>
					<Vertex X="72805" Y="40210" Z="0"/>
					<Vertex X="72965" Y="40104" Z="0"/>
					<Vertex X="73125" Y="40051" Z="0"/>
					<Vertex X="73497" Y="39891" Z="0"/>
					<Vertex X="73657" Y="39838" Z="0"/>
					<Vertex X="73924" Y="39784" Z="0"/>
					<Vertex X="74137" Y="39624" Z="0"/>
					<Vertex X="74403" Y="39571" Z="0"/>
					<Vertex X="74776" Y="39518" Z="0"/>
					<Vertex X="74989" Y="39465" Z="0"/>
					<Vertex X="75148" Y="39358" Z="0"/>
					<Vertex X="75308" Y="39305" Z="0"/>
					<Vertex X="75468" Y="39305" Z="0"/>
					<Vertex X="75628" Y="39198" Z="0"/>
					<Vertex X="75681" Y="39145" Z="0"/>
					<Vertex X="75788" Y="39145" Z="0"/>
					<Vertex X="75894" Y="39039" Z="0"/>
					<Vertex X="75947" Y="39039" Z="0"/>
					<Vertex X="76054" Y="39039" Z="0"/>
					<Vertex X="76107" Y="38932" Z="0"/>
					<Vertex X="76214" Y="38932" Z="0"/>
					<Vertex X="76320" Y="38879" Z="0"/>
					<Vertex X="76427" Y="38826" Z="0"/>
					<Vertex X="76533" Y="38772" Z="0"/>
					<Vertex X="76640" Y="38719" Z="0"/>
					<Vertex X="76693" Y="38719" Z="0"/>
					<Vertex X="76746" Y="38559" Z="0"/>
					<Vertex X="76800" Y="38506" Z="0"/>
					<Vertex X="76906" Y="38506" Z="0"/>
					<Vertex X="76906" Y="38400" Z="0"/>
					<Vertex X="77013" Y="38346" Z="0"/>
					<Vertex X="77119" Y="38293" Z="0"/>
					<Vertex X="77119" Y="38187" Z="0"/>
					<Vertex X="77172" Y="38080" Z="0"/>
					<Vertex X="77279" Y="38080" Z="0"/>
					<Vertex X="77279" Y="38027" Z="0"/>
					<Vertex X="77332" Y="37920" Z="0"/>
					<Vertex X="77385" Y="37814" Z="0"/>
					<Vertex X="77385" Y="37760" Z="0"/>
					<Vertex X="77439" Y="37654" Z="0"/>
					<Vertex X="77492" Y="37601" Z="0"/>
					<Vertex X="77545" Y="37441" Z="0"/>
					<Vertex X="77545" Y="37388" Z="0"/>
					<Vertex X="77545" Y="37334" Z="0"/>
					<Vertex X="77545" Y="37228" Z="0"/>
					<Vertex X="77545" Y="37175" Z="0"/>
					<Vertex X="77545" Y="37121" Z="0"/>
					<Vertex X="77545" Y="37015" Z="0"/>
					<Vertex X="77545" Y="36962" Z="0"/>
					<Vertex X="77545" Y="36908" Z="0"/>
					<Vertex X="77545" Y="36855" Z="0"/>
					<Vertex X="77492" Y="36802" Z="0"/>
					<Vertex X="77492" Y="36695" Z="0"/>
					<Vertex X="77439" Y="36642" Z="0"/>
					<Vertex X="77385" Y="36589" Z="0"/>
					<Vertex X="77332" Y="36535" Z="0"/>
					<Vertex X="77332" Y="36429" Z="0"/>
					<Vertex X="77279" Y="36429" Z="0"/>
					<Vertex X="77226" Y="36269" Z="0"/>
					<Vertex X="77172" Y="36216" Z="0"/>
					<Vertex X="77119" Y="36216" Z="0"/>
					<Vertex X="77119" Y="36109" Z="0"/>
					<Vertex X="77066" Y="36109" Z="0"/>
					<Vertex X="77013" Y="36056" Z="0"/>
					<Vertex X="76906" Y="36003" Z="0"/>
					<Vertex X="76853" Y="35896" Z="0"/>
					<Vertex X="76800" Y="35843" Z="0"/>
					<Vertex X="76746" Y="35843" Z="0"/>
					<Vertex X="76693" Y="35790" Z="0"/>
					<Vertex X="76586" Y="35683" Z="0"/>
					<Vertex X="76533" Y="35630" Z="0"/>
					<Vertex X="76533" Y="35577" Z="0"/>
					<Vertex X="76480" Y="35577" Z="0"/>
					<Vertex X="76480" Y="35524" Z="0"/>
					<Vertex X="76373" Y="35524" Z="0"/>
					<Vertex X="76320" Y="35524" Z="0"/>
					<Vertex X="76320" Y="35417" Z="0"/>
					<Vertex X="76267" Y="35417" Z="0"/>
					<Vertex X="76267" Y="35311" Z="0"/>
					<Vertex X="76214" Y="35311" Z="0"/>
					<Vertex X="76160" Y="35204" Z="0"/>
					<Vertex X="76160" Y="35044" Z="0"/>
					<Vertex X="76160" Y="34991" Z="0"/>
					<Vertex X="76160" Y="34831" Z="0"/>
					<Vertex X="76160" Y="34778" Z="0"/>
					<Vertex X="76214" Y="34725" Z="0"/>
					<Vertex X="76214" Y="34618" Z="0"/>
					<Vertex X="76214" Y="34565" Z="0"/>
					<Vertex X="76267" Y="34512" Z="0"/>
					<Vertex X="76267" Y="34352" Z="0"/>
					<Vertex X="76320" Y="34245" Z="0"/>
					<Vertex X="76320" Y="34192" Z="0"/>
					<Vertex X="76373" Y="34139" Z="0"/>
					<Vertex X="76480" Y="33979" Z="0"/>
					<Vertex X="76480" Y="33873" Z="0"/>
					<Vertex X="76533" Y="33819" Z="0"/>
					<Vertex X="76586" Y="33713" Z="0"/>
					<Vertex X="76693" Y="33606" Z="0"/>
					<Vertex X="76693" Y="33393" Z="0"/>
					<Vertex X="76853" Y="33233" Z="0"/>
					<Vertex X="76906" Y="33127" Z="0"/>
					<Vertex X="76959" Y="32967" Z="0"/>
					<Vertex X="77066" Y="32861" Z="0"/>
					<Vertex X="77119" Y="32754" Z="0"/>
					<Vertex X="77172" Y="32648" Z="0"/>
					<Vertex X="77332" Y="32488" Z="0"/>
					<Vertex X="77439" Y="32381" Z="0"/>
					<Vertex X="77545" Y="32328" Z="0"/>
					<Vertex X="77545" Y="32222" Z="0"/>
					<Vertex X="77652" Y="32168" Z="0"/>
					<Vertex X="77705" Y="32062" Z="0"/>
					<Vertex X="77758" Y="31955" Z="0"/>
					<Vertex X="77811" Y="31849" Z="0"/>
					<Vertex X="77971" Y="31689" Z="0"/>
					<Vertex X="77971" Y="31582" Z="0"/>
					<Vertex X="78024" Y="31476" Z="0"/>
					<Vertex X="78184" Y="31369" Z="0"/>
					<Vertex X="78237" Y="31156" Z="0"/>
					<Vertex X="78291" Y="31103" Z="0"/>
					<Vertex X="78397" Y="30997" Z="0"/>
					<Vertex X="78397" Y="30890" Z="0"/>
					<Vertex X="78557" Y="30730" Z="0"/>
					<Vertex X="78610" Y="30624" Z="0"/>
					<Vertex X="78717" Y="30464" Z="0"/>
					<Vertex X="78877" Y="30251" Z="0"/>
					<Vertex X="78983" Y="30198" Z="0"/>
					<Vertex X="79036" Y="29985" Z="0"/>
					<Vertex X="79143" Y="29931" Z="0"/>
					<Vertex X="79196" Y="29878" Z="0"/>
					<Vertex X="79249" Y="29718" Z="0"/>
					<Vertex X="79303" Y="29718" Z="0"/>
					<Vertex X="79356" Y="29559" Z="0"/>
					<Vertex X="79462" Y="29505" Z="0"/>
					<Vertex X="79462" Y="29452" Z="0"/>
					<Vertex X="79622" Y="29292" Z="0"/>
					<Vertex X="79675" Y="29186" Z="0"/>
					<Vertex X="79729" Y="28973" Z="0"/>
					<Vertex X="79889" Y="28866" Z="0"/>
					<Vertex X="79889" Y="28706" Z="0"/>
					<Vertex X="80048" Y="28547" Z="0"/>
					<Vertex X="80102" Y="28440" Z="0"/>
					<Vertex X="80155" Y="28334" Z="0"/>
					<Vertex X="80315" Y="28067" Z="0"/>
					<Vertex X="80315" Y="28014" Z="0"/>
					<Vertex X="80421" Y="27801" Z="0"/>
					<Vertex X="80528" Y="27588" Z="0"/>
					<Vertex X="80581" Y="27535" Z="0"/>
					<Vertex X="80634" Y="27375" Z="0"/>
					<Vertex X="80634" Y="27322" Z="0"/>
					<Vertex X="80687" Y="27215" Z="0"/>
					<Vertex X="80687" Y="27162" Z="0"/>
					<Vertex X="80687" Y="27002" Z="0"/>
					<Vertex X="80741" Y="26949" Z="0"/>
					<Vertex X="80794" Y="26683" Z="0"/>
					<Vertex X="80794" Y="26470" Z="0"/>
					<Vertex X="80900" Y="26310" Z="0"/>
					<Vertex X="80954" Y="26150" Z="0"/>
					<Vertex X="80954" Y="25990" Z="0"/>
					<Vertex X="80954" Y="25884" Z="0"/>
					<Vertex X="81007" Y="25671" Z="0"/>
					<Vertex X="81007" Y="25511" Z="0"/>
					<Vertex X="81007" Y="25298" Z="0"/>
					<Vertex X="81007" Y="25191" Z="0"/>
					<Vertex X="81007" Y="24978" Z="0"/>
					<Vertex X="81007" Y="24872" Z="0"/>
					<Vertex X="81007" Y="24765" Z="0"/>
					<Vertex X="81007" Y="24659" Z="0"/>
					<Vertex X="81007" Y="24552" Z="0"/>
					<Vertex X="81007" Y="24499" Z="0"/>
					<Vertex X="80954" Y="24393" Z="0"/>
					<Vertex X="80954" Y="24339" Z="0"/>
					<Vertex X="80954" Y="24233" Z="0"/>
					<Vertex X="80954" Y="24126" Z="0"/>
					<Vertex X="80900" Y="24020" Z="0"/>
					<Vertex X="80794" Y="24020" Z="0"/>
					<Vertex X="80687" Y="24073" Z="0"/>
					<Vertex X="80528" Y="24073" Z="0"/>
					<Vertex X="80368" Y="24073" Z="0"/>
					<Vertex X="80208" Y="24020" Z="0"/>
					<Vertex X="80048" Y="24020" Z="0"/>
					<Vertex X="79782" Y="23966" Z="0"/>
					<Vertex X="79729" Y="23913" Z="0"/>
					<Vertex X="79462" Y="23807" Z="0"/>
					<Vertex X="79303" Y="23753" Z="0"/>
					<Vertex X="79036" Y="23594" Z="0"/>
					<Vertex X="78983" Y="23540" Z="0"/>
					<Vertex X="78717" Y="23434" Z="0"/>
					<Vertex X="78504" Y="23274" Z="0"/>
					<Vertex X="78397" Y="23221" Z="0"/>
					<Vertex X="78184" Y="23114" Z="0"/>
					<Vertex X="78078" Y="23008" Z="0"/>
					<Vertex X="78024" Y="23008" Z="0"/>
					<Vertex X="77865" Y="22901" Z="0"/>
					<Vertex X="77758" Y="22795" Z="0"/>
					<Vertex X="77758" Y="22741" Z="0"/>
					<Vertex X="77598" Y="22688" Z="0"/>
					<Vertex X="77545" Y="22582" Z="0"/>
					<Vertex X="77385" Y="22528" Z="0"/>
					<Vertex X="77279" Y="22422" Z="0"/>
					<Vertex X="77172" Y="22315" Z="0"/>
					<Vertex X="77119" Y="22262" Z="0"/>
					<Vertex X="77066" Y="22209" Z="0"/>
					<Vertex X="76959" Y="22049" Z="0"/>
					<Vertex X="76906" Y="21943" Z="0"/>
					<Vertex X="76853" Y="21889" Z="0"/>
					<Vertex X="76800" Y="21783" Z="0"/>
					<Vertex X="76693" Y="21676" Z="0"/>
					<Vertex X="76586" Y="21623" Z="0"/>
					<Vertex X="76480" Y="21463" Z="0"/>
					<Vertex X="76427" Y="21357" Z="0"/>
					<Vertex X="76373" Y="21357" Z="0"/>
					<Vertex X="76320" Y="21250" Z="0"/>
					<Vertex X="76214" Y="21144" Z="0"/>
					<Vertex X="76054" Y="21037" Z="0"/>
					<Vertex X="75947" Y="20931" Z="0"/>
					<Vertex X="75894" Y="20877" Z="0"/>
					<Vertex X="75788" Y="20771" Z="0"/>
					<Vertex X="75734" Y="20718" Z="0"/>
					<Vertex X="75628" Y="20611" Z="0"/>
					<Vertex X="75575" Y="20558" Z="0"/>
					<Vertex X="75415" Y="20398" Z="0"/>
					<Vertex X="75308" Y="20345" Z="0"/>
					<Vertex X="75255" Y="20238" Z="0"/>
					<Vertex X="75148" Y="20185" Z="0"/>
					<Vertex X="74989" Y="20079" Z="0"/>
					<Vertex X="74882" Y="19972" Z="0"/>
					<Vertex X="74776" Y="19919" Z="0"/>
					<Vertex X="74616" Y="19812" Z="0"/>
					<Vertex X="74403" Y="19759" Z="0"/>
					<Vertex X="74243" Y="19546" Z="0"/>
					<Vertex X="74030" Y="19493" Z="0"/>
					<Vertex X="73870" Y="19386" Z="0"/>
					<Vertex X="73604" Y="19280" Z="0"/>
					<Vertex X="73444" Y="19120" Z="0"/>
					<Vertex X="73284" Y="19067" Z="0"/>
					<Vertex X="73071" Y="18960" Z="0"/>
					<Vertex X="72858" Y="18854" Z="0"/>
					<Vertex X="72699" Y="18747" Z="0"/>
					<Vertex X="72539" Y="18694" Z="0"/>
					<Vertex X="72379" Y="18534" Z="0"/>
					<Vertex X="72113" Y="18481" Z="0"/>
					<Vertex X="72006" Y="18428" Z="0"/>
					<Vertex X="71846" Y="18321" Z="0"/>
					<Vertex X="71793" Y="18321" Z="0"/>
					<Vertex X="71687" Y="18268" Z="0"/>
					<Vertex X="71633" Y="18214" Z="0"/>
					<Vertex X="71580" Y="18161" Z="0"/>
					<Vertex X="71474" Y="18108" Z="0"/>
					<Vertex X="71420" Y="18055" Z="0"/>
					<Vertex X="71367" Y="18001" Z="0"/>
					<Vertex X="71314" Y="18001" Z="0"/>
					<Vertex X="71207" Y="18001" Z="0"/>
					<Vertex X="71101" Y="17948" Z="0"/>
					<Vertex X="70941" Y="17842" Z="0"/>
					<Vertex X="70888" Y="17842" Z="0"/>
					<Vertex X="70835" Y="17842" Z="0"/>
					<Vertex X="70728" Y="17842" Z="0"/>
					<Vertex X="70728" Y="17788" Z="0"/>
					<Vertex X="70568" Y="17735" Z="0"/>
					<Vertex X="70515" Y="17735" Z="0"/>
					<Vertex X="70408" Y="17735" Z="0"/>
					<Vertex X="70355" Y="17735" Z="0"/>
					<Vertex X="70195" Y="17735" Z="0"/>
					<Vertex X="70089" Y="17735" Z="0"/>
					<Vertex X="69876" Y="17735" Z="0"/>
					<Vertex X="69823" Y="17735" Z="0"/>
					<Vertex X="69503" Y="17735" Z="0"/>
					<Vertex X="69397" Y="17735" Z="0"/>
					<Vertex X="69237" Y="17735" Z="0"/>
					<Vertex X="69077" Y="17735" Z="0"/>
					<Vertex X="68917" Y="17735" Z="0"/>
					<Vertex X="68651" Y="17735" Z="0"/>
					<Vertex X="68598" Y="17735" Z="0"/>
					<Vertex X="68544" Y="17735" Z="0"/>
					<Vertex X="68491" Y="17735" Z="0"/>
					<Vertex X="68438" Y="17735" Z="0"/>
					<Vertex X="68331" Y="17842" Z="0"/>
					<Vertex X="68225" Y="18001" Z="0"/>
					<Vertex X="68118" Y="18108" Z="0"/>
					<Vertex X="67959" Y="18214" Z="0"/>
					<Vertex X="67852" Y="18268" Z="0"/>
					<Vertex X="67746" Y="18268" Z="0"/>
					<Vertex X="67532" Y="18374" Z="0"/>
					<Vertex X="67266" Y="18481" Z="0"/>
					<Vertex X="67053" Y="18534" Z="0"/>
					<Vertex X="66947" Y="18534" Z="0"/>
					<Vertex X="66521" Y="18587" Z="0"/>
					<Vertex X="66361" Y="18587" Z="0"/>
					<Vertex X="66201" Y="18641" Z="0"/>
					<Vertex X="66095" Y="18641" Z="0"/>
					<Vertex X="65935" Y="18641" Z="0"/>
					<Vertex X="65828" Y="18641" Z="0"/>
					<Vertex X="65668" Y="18641" Z="0"/>
					<Vertex X="65615" Y="18641" Z="0"/>
					<Vertex X="65509" Y="18641" Z="0"/>
					<Vertex X="65349" Y="18641" Z="0"/>
					<Vertex X="65242" Y="18641" Z="0"/>
					<Vertex X="65136" Y="18641" Z="0"/>
					<Vertex X="65029" Y="18641" Z="0"/>
					<Vertex X="64976" Y="18641" Z="0"/>
					<Vertex X="64923" Y="18641" Z="0"/>
					<Vertex X="64870" Y="18641" Z="0"/>
					<Vertex X="64816" Y="18641" Z="0"/>
					<Vertex X="64763" Y="18641" Z="0"/>
					<Vertex X="64710" Y="18587" Z="0"/>
					<Vertex X="64657" Y="18534" Z="0"/>
					<Vertex X="64657" Y="18481" Z="0"/>
					<Vertex X="64603" Y="18481" Z="0"/>
					<Vertex X="64550" Y="18481" Z="0"/>
					<Vertex X="64497" Y="18428" Z="0"/>
					<Vertex X="64497" Y="18374" Z="0"/>
					<Vertex X="64443" Y="18321" Z="0"/>
					<Vertex X="64390" Y="18321" Z="0"/>
					<Vertex X="64390" Y="18268" Z="0"/>
					<Vertex X="64337" Y="18214" Z="0"/>
					<Vertex X="64284" Y="18214" Z="0"/>
					<Vertex X="64230" Y="18214" Z="0"/>
					<Vertex X="64177" Y="18161" Z="0"/>
					<Vertex X="64124" Y="18055" Z="0"/>
					<Vertex X="64071" Y="18055" Z="0"/>
					<Vertex X="63964" Y="18055" Z="0"/>
					<Vertex X="63911" Y="18001" Z="0"/>
					<Vertex X="63911" Y="17948" Z="0"/>
					<Vertex X="63858" Y="17895" Z="0"/>
					<Vertex X="63804" Y="17895" Z="0"/>
					<Vertex X="63751" Y="17842" Z="0"/>
					<Vertex X="63698" Y="17842" Z="0"/>
					<Vertex X="63645" Y="17842" Z="0"/>
					<Vertex X="63591" Y="17842" Z="0"/>
					<Vertex X="63538" Y="17842" Z="0"/>
					<Vertex X="63485" Y="17842" Z="0"/>
					<Vertex X="63485" Y="17788" Z="0"/>
					<Vertex X="63378" Y="17682" Z="0"/>
				</Vertices>
			</Region>
		</Regions>
		<Plots/>
	</Annotation>
</Annotations>
