<Annotations MicronsPerPixel="0.252700">
	<Annotation Id="1" Name="" ReadOnly="0" NameReadOnly="0" LineColorReadOnly="0" Incremental="0" Type="4" LineColor="65535" Visible="1" Selected="1" MarkupImagePath="" MacroName="">
		<Attributes/>
		<Regions>
			<RegionAttributeHeaders/>
			<Region Id="1" Type="0" Zoom="0.011422" Selected="1" ImageLocation="" ImageFocus="-1" Length="180848.0" Area="1668117096.0" LengthMicrons="45700.3" AreaMicrons="106521438.0" Text="" NegativeROA="0" InputRegionId="0" Analyze="1" DisplayId="1">
				<Attributes/>
				<Vertices>
					<Vertex X="33435" Y="36726" Z="0"/>
					<Vertex X="32482" Y="37852" Z="0"/>
					<Vertex X="32308" Y="38112" Z="0"/>
					<Vertex X="32222" Y="38198" Z="0"/>
					<Vertex X="31962" Y="38372" Z="0"/>
					<Vertex X="31702" Y="38545" Z="0"/>
					<Vertex X="31529" Y="38718" Z="0"/>
					<Vertex X="31356" Y="38805" Z="0"/>
					<Vertex X="31182" Y="38978" Z="0"/>
					<Vertex X="31096" Y="39065" Z="0"/>
					<Vertex X="30836" Y="39238" Z="0"/>
					<Vertex X="30576" Y="39324" Z="0"/>
					<Vertex X="30403" Y="39498" Z="0"/>
					<Vertex X="30316" Y="39498" Z="0"/>
					<Vertex X="30056" Y="39584" Z="0"/>
					<Vertex X="29883" Y="39758" Z="0"/>
					<Vertex X="29623" Y="39844" Z="0"/>
					<Vertex X="29363" Y="40017" Z="0"/>
					<Vertex X="28930" Y="40277" Z="0"/>
					<Vertex X="28584" Y="40277" Z="0"/>
					<Vertex X="28324" Y="40451" Z="0"/>
					<Vertex X="28151" Y="40537" Z="0"/>
					<Vertex X="27978" Y="40624" Z="0"/>
					<Vertex X="27891" Y="40624" Z="0"/>
					<Vertex X="27718" Y="40710" Z="0"/>
					<Vertex X="27631" Y="40710" Z="0"/>
					<Vertex X="27544" Y="40710" Z="0"/>
					<Vertex X="27544" Y="40797" Z="0"/>
					<Vertex X="27458" Y="40797" Z="0"/>
					<Vertex X="27285" Y="40797" Z="0"/>
					<Vertex X="27025" Y="40797" Z="0"/>
					<Vertex X="26852" Y="40797" Z="0"/>
					<Vertex X="26765" Y="40797" Z="0"/>
					<Vertex X="26678" Y="40797" Z="0"/>
					<Vertex X="26505" Y="40797" Z="0"/>
					<Vertex X="26159" Y="40797" Z="0"/>
					<Vertex X="25726" Y="40797" Z="0"/>
					<Vertex X="25466" Y="40624" Z="0"/>
					<Vertex X="25119" Y="40624" Z="0"/>
					<Vertex X="24946" Y="40624" Z="0"/>
					<Vertex X="24859" Y="40537" Z="0"/>
					<Vertex X="24773" Y="40537" Z="0"/>
					<Vertex X="24253" Y="40537" Z="0"/>
					<Vertex X="23733" Y="40537" Z="0"/>
					<Vertex X="23127" Y="40537" Z="0"/>
					<Vertex X="22607" Y="40537" Z="0"/>
					<Vertex X="22001" Y="40537" Z="0"/>
					<Vertex X="21395" Y="40537" Z="0"/>
					<Vertex X="20875" Y="40537" Z="0"/>
					<Vertex X="20442" Y="40537" Z="0"/>
					<Vertex X="20095" Y="40624" Z="0"/>
					<Vertex X="19922" Y="40624" Z="0"/>
					<Vertex X="19836" Y="40624" Z="0"/>
					<Vertex X="19576" Y="40710" Z="0"/>
					<Vertex X="19489" Y="40797" Z="0"/>
					<Vertex X="19402" Y="40797" Z="0"/>
					<Vertex X="19229" Y="40884" Z="0"/>
					<Vertex X="19143" Y="40970" Z="0"/>
					<Vertex X="18969" Y="40970" Z="0"/>
					<Vertex X="18883" Y="41057" Z="0"/>
					<Vertex X="18709" Y="41143" Z="0"/>
					<Vertex X="18623" Y="41230" Z="0"/>
					<Vertex X="18450" Y="41317" Z="0"/>
					<Vertex X="18276" Y="41403" Z="0"/>
					<Vertex X="18190" Y="41403" Z="0"/>
					<Vertex X="18103" Y="41403" Z="0"/>
					<Vertex X="17930" Y="41403" Z="0"/>
					<Vertex X="17843" Y="41403" Z="0"/>
					<Vertex X="17670" Y="41490" Z="0"/>
					<Vertex X="17497" Y="41577" Z="0"/>
					<Vertex X="17324" Y="41577" Z="0"/>
					<Vertex X="17150" Y="41577" Z="0"/>
					<Vertex X="16977" Y="41663" Z="0"/>
					<Vertex X="16717" Y="41750" Z="0"/>
					<Vertex X="16457" Y="41750" Z="0"/>
					<Vertex X="16111" Y="41750" Z="0"/>
					<Vertex X="15938" Y="41836" Z="0"/>
					<Vertex X="15764" Y="41836" Z="0"/>
					<Vertex X="15591" Y="41836" Z="0"/>
					<Vertex X="15505" Y="41836" Z="0"/>
					<Vertex X="15418" Y="41836" Z="0"/>
					<Vertex X="15331" Y="41836" Z="0"/>
					<Vertex X="15245" Y="41836" Z="0"/>
					<Vertex X="15245" Y="41923" Z="0"/>
					<Vertex X="15072" Y="41923" Z="0"/>
					<Vertex X="14898" Y="41923" Z="0"/>
					<Vertex X="14638" Y="41923" Z="0"/>
					<Vertex X="14379" Y="41923" Z="0"/>
					<Vertex X="14205" Y="41923" Z="0"/>
					<Vertex X="13859" Y="41923" Z="0"/>
					<Vertex X="13599" Y="41923" Z="0"/>
					<Vertex X="13339" Y="41923" Z="0"/>
					<Vertex X="13166" Y="41923" Z="0"/>
					<Vertex X="12993" Y="41923" Z="0"/>
					<Vertex X="12819" Y="41923" Z="0"/>
					<Vertex X="12560" Y="42010" Z="0"/>
					<Vertex X="12300" Y="42010" Z="0"/>
					<Vertex X="12040" Y="42010" Z="0"/>
					<Vertex X="11780" Y="42096" Z="0"/>
					<Vertex X="11520" Y="42183" Z="0"/>
					<Vertex X="11347" Y="42270" Z="0"/>
					<Vertex X="11000" Y="42270" Z="0"/>
					<Vertex X="10567" Y="42270" Z="0"/>
					<Vertex X="10308" Y="42356" Z="0"/>
					<Vertex X="10048" Y="42443" Z="0"/>
					<Vertex X="9701" Y="42443" Z="0"/>
					<Vertex X="9615" Y="42529" Z="0"/>
					<Vertex X="9355" Y="42529" Z="0"/>
					<Vertex X="9268" Y="42616" Z="0"/>
					<Vertex X="9182" Y="42616" Z="0"/>
					<Vertex X="9095" Y="42703" Z="0"/>
					<Vertex X="9008" Y="42789" Z="0"/>
					<Vertex X="8835" Y="42876" Z="0"/>
					<Vertex X="8835" Y="42962" Z="0"/>
					<Vertex X="8748" Y="43049" Z="0"/>
					<Vertex X="8662" Y="43136" Z="0"/>
					<Vertex X="8575" Y="43136" Z="0"/>
					<Vertex X="8575" Y="43309" Z="0"/>
					<Vertex X="8402" Y="43396" Z="0"/>
					<Vertex X="8315" Y="43482" Z="0"/>
					<Vertex X="8229" Y="43742" Z="0"/>
					<Vertex X="8229" Y="43829" Z="0"/>
					<Vertex X="8142" Y="43915" Z="0"/>
					<Vertex X="8055" Y="44088" Z="0"/>
					<Vertex X="8055" Y="44262" Z="0"/>
					<Vertex X="7969" Y="44348" Z="0"/>
					<Vertex X="7969" Y="44522" Z="0"/>
					<Vertex X="7969" Y="44608" Z="0"/>
					<Vertex X="7969" Y="44781" Z="0"/>
					<Vertex X="7969" Y="44868" Z="0"/>
					<Vertex X="7969" Y="44955" Z="0"/>
					<Vertex X="7969" Y="45128" Z="0"/>
					<Vertex X="7969" Y="45388" Z="0"/>
					<Vertex X="7969" Y="45474" Z="0"/>
					<Vertex X="7969" Y="45648" Z="0"/>
					<Vertex X="7969" Y="45907" Z="0"/>
					<Vertex X="7969" Y="46167" Z="0"/>
					<Vertex X="7969" Y="46254" Z="0"/>
					<Vertex X="7969" Y="46427" Z="0"/>
					<Vertex X="7969" Y="46687" Z="0"/>
					<Vertex X="7969" Y="46774" Z="0"/>
					<Vertex X="7969" Y="46947" Z="0"/>
					<Vertex X="7969" Y="47033" Z="0"/>
					<Vertex X="8055" Y="47120" Z="0"/>
					<Vertex X="8055" Y="47207" Z="0"/>
					<Vertex X="8055" Y="47293" Z="0"/>
					<Vertex X="8229" Y="47553" Z="0"/>
					<Vertex X="8315" Y="47640" Z="0"/>
					<Vertex X="8402" Y="47900" Z="0"/>
					<Vertex X="8402" Y="48073" Z="0"/>
					<Vertex X="8489" Y="48160" Z="0"/>
					<Vertex X="8575" Y="48333" Z="0"/>
					<Vertex X="8575" Y="48419" Z="0"/>
					<Vertex X="8575" Y="48506" Z="0"/>
					<Vertex X="8748" Y="48593" Z="0"/>
					<Vertex X="8748" Y="48766" Z="0"/>
					<Vertex X="8835" Y="48939" Z="0"/>
					<Vertex X="9008" Y="49112" Z="0"/>
					<Vertex X="9008" Y="49372" Z="0"/>
					<Vertex X="9182" Y="49632" Z="0"/>
					<Vertex X="9441" Y="50152" Z="0"/>
					<Vertex X="9874" Y="50845" Z="0"/>
					<Vertex X="10048" Y="51278" Z="0"/>
					<Vertex X="10221" Y="51451" Z="0"/>
					<Vertex X="10308" Y="51711" Z="0"/>
					<Vertex X="10567" Y="51971" Z="0"/>
					<Vertex X="10654" Y="52144" Z="0"/>
					<Vertex X="10741" Y="52231" Z="0"/>
					<Vertex X="10827" Y="52404" Z="0"/>
					<Vertex X="10914" Y="52577" Z="0"/>
					<Vertex X="10914" Y="52664" Z="0"/>
					<Vertex X="11087" Y="52837" Z="0"/>
					<Vertex X="11087" Y="53010" Z="0"/>
					<Vertex X="11260" Y="53183" Z="0"/>
					<Vertex X="11347" Y="53357" Z="0"/>
					<Vertex X="11434" Y="53703" Z="0"/>
					<Vertex X="11607" Y="53963" Z="0"/>
					<Vertex X="11693" Y="54050" Z="0"/>
					<Vertex X="11780" Y="54223" Z="0"/>
					<Vertex X="11867" Y="54309" Z="0"/>
					<Vertex X="11953" Y="54396" Z="0"/>
					<Vertex X="12040" Y="54483" Z="0"/>
					<Vertex X="12127" Y="54656" Z="0"/>
					<Vertex X="12300" Y="54829" Z="0"/>
					<Vertex X="12646" Y="55176" Z="0"/>
					<Vertex X="12819" Y="55435" Z="0"/>
					<Vertex X="13079" Y="55609" Z="0"/>
					<Vertex X="13253" Y="55782" Z="0"/>
					<Vertex X="13426" Y="55869" Z="0"/>
					<Vertex X="13512" Y="55869" Z="0"/>
					<Vertex X="13512" Y="55955" Z="0"/>
					<Vertex X="13599" Y="55955" Z="0"/>
					<Vertex X="13599" Y="56042" Z="0"/>
					<Vertex X="13945" Y="56388" Z="0"/>
					<Vertex X="14465" Y="56735" Z="0"/>
					<Vertex X="14898" Y="57081" Z="0"/>
					<Vertex X="15331" Y="57254" Z="0"/>
					<Vertex X="15591" Y="57428" Z="0"/>
					<Vertex X="15678" Y="57514" Z="0"/>
					<Vertex X="15764" Y="57514" Z="0"/>
					<Vertex X="15764" Y="57601" Z="0"/>
					<Vertex X="15851" Y="57687" Z="0"/>
					<Vertex X="16024" Y="57947" Z="0"/>
					<Vertex X="16198" Y="58121" Z="0"/>
					<Vertex X="16371" Y="58294" Z="0"/>
					<Vertex X="16631" Y="58727" Z="0"/>
					<Vertex X="16804" Y="58900" Z="0"/>
					<Vertex X="16977" Y="59073" Z="0"/>
					<Vertex X="17150" Y="59333" Z="0"/>
					<Vertex X="17324" Y="59506" Z="0"/>
					<Vertex X="17497" Y="59680" Z="0"/>
					<Vertex X="17670" Y="59853" Z="0"/>
					<Vertex X="17843" Y="60113" Z="0"/>
					<Vertex X="18103" Y="60286" Z="0"/>
					<Vertex X="18276" Y="60459" Z="0"/>
					<Vertex X="18450" Y="60632" Z="0"/>
					<Vertex X="18623" Y="60806" Z="0"/>
					<Vertex X="18796" Y="61066" Z="0"/>
					<Vertex X="19056" Y="61239" Z="0"/>
					<Vertex X="19143" Y="61325" Z="0"/>
					<Vertex X="19316" Y="61499" Z="0"/>
					<Vertex X="19489" Y="61585" Z="0"/>
					<Vertex X="19662" Y="61759" Z="0"/>
					<Vertex X="19749" Y="61845" Z="0"/>
					<Vertex X="20095" Y="62018" Z="0"/>
					<Vertex X="20442" Y="62365" Z="0"/>
					<Vertex X="20875" Y="62538" Z="0"/>
					<Vertex X="21395" Y="62798" Z="0"/>
					<Vertex X="22001" Y="63144" Z="0"/>
					<Vertex X="22694" Y="63577" Z="0"/>
					<Vertex X="23387" Y="63837" Z="0"/>
					<Vertex X="23993" Y="64184" Z="0"/>
					<Vertex X="24426" Y="64357" Z="0"/>
					<Vertex X="24946" Y="64617" Z="0"/>
					<Vertex X="25206" Y="64704" Z="0"/>
					<Vertex X="25379" Y="64790" Z="0"/>
					<Vertex X="25552" Y="64877" Z="0"/>
					<Vertex X="25726" Y="64877" Z="0"/>
					<Vertex X="25812" Y="65050" Z="0"/>
					<Vertex X="25899" Y="65137" Z="0"/>
					<Vertex X="26332" Y="65223" Z="0"/>
					<Vertex X="26678" Y="65483" Z="0"/>
					<Vertex X="27198" Y="65656" Z="0"/>
					<Vertex X="27718" Y="65916" Z="0"/>
					<Vertex X="28237" Y="66003" Z="0"/>
					<Vertex X="28497" Y="66089" Z="0"/>
					<Vertex X="28671" Y="66176" Z="0"/>
					<Vertex X="28757" Y="66263" Z="0"/>
					<Vertex X="28844" Y="66263" Z="0"/>
					<Vertex X="28844" Y="66349" Z="0"/>
					<Vertex X="29537" Y="66609" Z="0"/>
					<Vertex X="29623" Y="66696" Z="0"/>
					<Vertex X="29797" Y="66696" Z="0"/>
					<Vertex X="29970" Y="66782" Z="0"/>
					<Vertex X="30143" Y="66782" Z="0"/>
					<Vertex X="30230" Y="66869" Z="0"/>
					<Vertex X="30316" Y="66956" Z="0"/>
					<Vertex X="30403" Y="66956" Z="0"/>
					<Vertex X="30576" Y="67042" Z="0"/>
					<Vertex X="30663" Y="67129" Z="0"/>
					<Vertex X="30836" Y="67215" Z="0"/>
					<Vertex X="31096" Y="67389" Z="0"/>
					<Vertex X="31442" Y="67475" Z="0"/>
					<Vertex X="31529" Y="67562" Z="0"/>
					<Vertex X="31616" Y="67649" Z="0"/>
					<Vertex X="31962" Y="67822" Z="0"/>
					<Vertex X="32135" Y="67908" Z="0"/>
					<Vertex X="32482" Y="68082" Z="0"/>
					<Vertex X="32742" Y="68168" Z="0"/>
					<Vertex X="32915" Y="68341" Z="0"/>
					<Vertex X="33175" Y="68515" Z="0"/>
					<Vertex X="33694" Y="68688" Z="0"/>
					<Vertex X="33868" Y="68775" Z="0"/>
					<Vertex X="34041" Y="68861" Z="0"/>
					<Vertex X="34214" Y="68948" Z="0"/>
					<Vertex X="34387" Y="69034" Z="0"/>
					<Vertex X="34561" Y="69034" Z="0"/>
					<Vertex X="34647" Y="69034" Z="0"/>
					<Vertex X="34734" Y="69034" Z="0"/>
					<Vertex X="34994" Y="69034" Z="0"/>
					<Vertex X="35253" Y="69034" Z="0"/>
					<Vertex X="35687" Y="69034" Z="0"/>
					<Vertex X="36206" Y="68948" Z="0"/>
					<Vertex X="36639" Y="68948" Z="0"/>
					<Vertex X="37159" Y="68948" Z="0"/>
					<Vertex X="37419" Y="68861" Z="0"/>
					<Vertex X="37679" Y="68861" Z="0"/>
					<Vertex X="37765" Y="68775" Z="0"/>
					<Vertex X="37852" Y="68775" Z="0"/>
					<Vertex X="37939" Y="68775" Z="0"/>
					<Vertex X="38112" Y="68688" Z="0"/>
					<Vertex X="38198" Y="68688" Z="0"/>
					<Vertex X="38285" Y="68688" Z="0"/>
					<Vertex X="38458" Y="68688" Z="0"/>
					<Vertex X="38718" Y="68601" Z="0"/>
					<Vertex X="38891" Y="68601" Z="0"/>
					<Vertex X="39151" Y="68515" Z="0"/>
					<Vertex X="39325" Y="68515" Z="0"/>
					<Vertex X="39498" Y="68428" Z="0"/>
					<Vertex X="39671" Y="68428" Z="0"/>
					<Vertex X="39758" Y="68428" Z="0"/>
					<Vertex X="39844" Y="68341" Z="0"/>
					<Vertex X="40017" Y="68341" Z="0"/>
					<Vertex X="40017" Y="68255" Z="0"/>
					<Vertex X="40104" Y="68255" Z="0"/>
					<Vertex X="40277" Y="68168" Z="0"/>
					<Vertex X="40537" Y="68082" Z="0"/>
					<Vertex X="41057" Y="67822" Z="0"/>
					<Vertex X="41403" Y="67649" Z="0"/>
					<Vertex X="41577" Y="67649" Z="0"/>
					<Vertex X="41750" Y="67562" Z="0"/>
					<Vertex X="41836" Y="67475" Z="0"/>
					<Vertex X="42010" Y="67389" Z="0"/>
					<Vertex X="42183" Y="67389" Z="0"/>
					<Vertex X="42270" Y="67389" Z="0"/>
					<Vertex X="42443" Y="67302" Z="0"/>
					<Vertex X="42703" Y="67129" Z="0"/>
					<Vertex X="42876" Y="67129" Z="0"/>
					<Vertex X="43136" Y="66956" Z="0"/>
					<Vertex X="43482" Y="66869" Z="0"/>
					<Vertex X="43742" Y="66782" Z="0"/>
					<Vertex X="43915" Y="66696" Z="0"/>
					<Vertex X="44089" Y="66609" Z="0"/>
					<Vertex X="44175" Y="66609" Z="0"/>
					<Vertex X="44348" Y="66609" Z="0"/>
					<Vertex X="44435" Y="66522" Z="0"/>
					<Vertex X="44522" Y="66436" Z="0"/>
					<Vertex X="44695" Y="66436" Z="0"/>
					<Vertex X="44868" Y="66349" Z="0"/>
					<Vertex X="45128" Y="66349" Z="0"/>
					<Vertex X="45474" Y="66176" Z="0"/>
					<Vertex X="45907" Y="66089" Z="0"/>
					<Vertex X="46167" Y="66003" Z="0"/>
					<Vertex X="46427" Y="66003" Z="0"/>
					<Vertex X="46600" Y="65916" Z="0"/>
					<Vertex X="46774" Y="65830" Z="0"/>
					<Vertex X="46947" Y="65743" Z="0"/>
					<Vertex X="47034" Y="65743" Z="0"/>
					<Vertex X="47120" Y="65743" Z="0"/>
					<Vertex X="47207" Y="65743" Z="0"/>
					<Vertex X="47293" Y="65656" Z="0"/>
					<Vertex X="47380" Y="65656" Z="0"/>
					<Vertex X="47553" Y="65570" Z="0"/>
					<Vertex X="47640" Y="65483" Z="0"/>
					<Vertex X="47813" Y="65483" Z="0"/>
					<Vertex X="47900" Y="65483" Z="0"/>
					<Vertex X="48160" Y="65483" Z="0"/>
					<Vertex X="48246" Y="65483" Z="0"/>
					<Vertex X="48419" Y="65483" Z="0"/>
					<Vertex X="48593" Y="65483" Z="0"/>
					<Vertex X="48766" Y="65483" Z="0"/>
					<Vertex X="49112" Y="65483" Z="0"/>
					<Vertex X="49199" Y="65483" Z="0"/>
					<Vertex X="49286" Y="65483" Z="0"/>
					<Vertex X="49372" Y="65483" Z="0"/>
					<Vertex X="49459" Y="65483" Z="0"/>
					<Vertex X="49545" Y="65483" Z="0"/>
					<Vertex X="49719" Y="65483" Z="0"/>
					<Vertex X="49805" Y="65483" Z="0"/>
					<Vertex X="49979" Y="65483" Z="0"/>
					<Vertex X="50152" Y="65483" Z="0"/>
					<Vertex X="50238" Y="65483" Z="0"/>
					<Vertex X="50412" Y="65570" Z="0"/>
					<Vertex X="50671" Y="65570" Z="0"/>
					<Vertex X="50845" Y="65570" Z="0"/>
					<Vertex X="50931" Y="65570" Z="0"/>
					<Vertex X="51018" Y="65743" Z="0"/>
					<Vertex X="51451" Y="65830" Z="0"/>
					<Vertex X="51884" Y="65916" Z="0"/>
					<Vertex X="52231" Y="66003" Z="0"/>
					<Vertex X="52750" Y="66176" Z="0"/>
					<Vertex X="53010" Y="66349" Z="0"/>
					<Vertex X="53443" Y="66522" Z="0"/>
					<Vertex X="53703" Y="66609" Z="0"/>
					<Vertex X="53876" Y="66696" Z="0"/>
					<Vertex X="54050" Y="66782" Z="0"/>
					<Vertex X="54136" Y="66782" Z="0"/>
					<Vertex X="54136" Y="66869" Z="0"/>
					<Vertex X="55002" Y="67822" Z="0"/>
					<Vertex X="55349" Y="68168" Z="0"/>
					<Vertex X="55609" Y="68515" Z="0"/>
					<Vertex X="55955" Y="68775" Z="0"/>
					<Vertex X="56128" Y="68948" Z="0"/>
					<Vertex X="56302" Y="69121" Z="0"/>
					<Vertex X="56388" Y="69208" Z="0"/>
					<Vertex X="56475" Y="69381" Z="0"/>
					<Vertex X="56561" Y="69468" Z="0"/>
					<Vertex X="56648" Y="69554" Z="0"/>
					<Vertex X="56735" Y="69727" Z="0"/>
					<Vertex X="56908" Y="69814" Z="0"/>
					<Vertex X="56995" Y="69987" Z="0"/>
					<Vertex X="57168" Y="70074" Z="0"/>
					<Vertex X="57254" Y="70247" Z="0"/>
					<Vertex X="57341" Y="70334" Z="0"/>
					<Vertex X="57341" Y="70420" Z="0"/>
					<Vertex X="57428" Y="70420" Z="0"/>
					<Vertex X="57514" Y="70507" Z="0"/>
					<Vertex X="57514" Y="70680" Z="0"/>
					<Vertex X="57514" Y="70767" Z="0"/>
					<Vertex X="57601" Y="70853" Z="0"/>
					<Vertex X="57601" Y="70940" Z="0"/>
					<Vertex X="57687" Y="71113" Z="0"/>
					<Vertex X="57774" Y="71200" Z="0"/>
					<Vertex X="57774" Y="71286" Z="0"/>
					<Vertex X="57774" Y="71373" Z="0"/>
					<Vertex X="57861" Y="71460" Z="0"/>
					<Vertex X="57947" Y="71546" Z="0"/>
					<Vertex X="57947" Y="71633" Z="0"/>
					<Vertex X="58034" Y="71633" Z="0"/>
					<Vertex X="58034" Y="71720" Z="0"/>
					<Vertex X="58814" Y="71806" Z="0"/>
					<Vertex X="59593" Y="71893" Z="0"/>
					<Vertex X="61412" Y="72066" Z="0"/>
					<Vertex X="62278" Y="72153" Z="0"/>
					<Vertex X="63058" Y="72239" Z="0"/>
					<Vertex X="63751" Y="72239" Z="0"/>
					<Vertex X="64270" Y="72239" Z="0"/>
					<Vertex X="64617" Y="72239" Z="0"/>
					<Vertex X="64877" Y="72239" Z="0"/>
					<Vertex X="64963" Y="72239" Z="0"/>
					<Vertex X="65050" Y="72239" Z="0"/>
					<Vertex X="65223" Y="72239" Z="0"/>
					<Vertex X="65396" Y="72239" Z="0"/>
					<Vertex X="65570" Y="72153" Z="0"/>
					<Vertex X="66003" Y="72153" Z="0"/>
					<Vertex X="66263" Y="72153" Z="0"/>
					<Vertex X="66349" Y="72066" Z="0"/>
					<Vertex X="66523" Y="72066" Z="0"/>
					<Vertex X="66696" Y="72066" Z="0"/>
					<Vertex X="66782" Y="72066" Z="0"/>
					<Vertex X="66956" Y="72066" Z="0"/>
					<Vertex X="67042" Y="72066" Z="0"/>
					<Vertex X="67215" Y="71979" Z="0"/>
					<Vertex X="67562" Y="71979" Z="0"/>
					<Vertex X="67822" Y="71893" Z="0"/>
					<Vertex X="67908" Y="71893" Z="0"/>
					<Vertex X="67995" Y="71893" Z="0"/>
					<Vertex X="68168" Y="71893" Z="0"/>
					<Vertex X="68341" Y="71893" Z="0"/>
					<Vertex X="68601" Y="71893" Z="0"/>
					<Vertex X="69641" Y="72239" Z="0"/>
					<Vertex X="69727" Y="72326" Z="0"/>
					<Vertex X="69901" Y="72326" Z="0"/>
					<Vertex X="69987" Y="72413" Z="0"/>
					<Vertex X="70074" Y="72413" Z="0"/>
					<Vertex X="70247" Y="72499" Z="0"/>
					<Vertex X="70334" Y="72586" Z="0"/>
					<Vertex X="70420" Y="72586" Z="0"/>
					<Vertex X="70594" Y="72586" Z="0"/>
					<Vertex X="70767" Y="72672" Z="0"/>
					<Vertex X="70853" Y="72759" Z="0"/>
					<Vertex X="71113" Y="72846" Z="0"/>
					<Vertex X="71200" Y="72932" Z="0"/>
					<Vertex X="71460" Y="73019" Z="0"/>
					<Vertex X="71546" Y="73105" Z="0"/>
					<Vertex X="71806" Y="73192" Z="0"/>
					<Vertex X="72066" Y="73279" Z="0"/>
					<Vertex X="72153" Y="73365" Z="0"/>
					<Vertex X="72326" Y="73452" Z="0"/>
					<Vertex X="72672" Y="73539" Z="0"/>
					<Vertex X="72759" Y="73539" Z="0"/>
					<Vertex X="72846" Y="73539" Z="0"/>
					<Vertex X="73279" Y="73539" Z="0"/>
					<Vertex X="73885" Y="73365" Z="0"/>
					<Vertex X="74232" Y="73365" Z="0"/>
					<Vertex X="74838" Y="73192" Z="0"/>
					<Vertex X="75358" Y="73105" Z="0"/>
					<Vertex X="75617" Y="73019" Z="0"/>
					<Vertex X="75877" Y="72846" Z="0"/>
					<Vertex X="76050" Y="72759" Z="0"/>
					<Vertex X="76137" Y="72586" Z="0"/>
					<Vertex X="76310" Y="72499" Z="0"/>
					<Vertex X="76484" Y="72326" Z="0"/>
					<Vertex X="76657" Y="71979" Z="0"/>
					<Vertex X="76917" Y="71546" Z="0"/>
					<Vertex X="77090" Y="71373" Z="0"/>
					<Vertex X="77177" Y="70940" Z="0"/>
					<Vertex X="77177" Y="70853" Z="0"/>
					<Vertex X="77263" Y="70420" Z="0"/>
					<Vertex X="77350" Y="70247" Z="0"/>
					<Vertex X="77350" Y="70074" Z="0"/>
					<Vertex X="77350" Y="69901" Z="0"/>
					<Vertex X="77350" Y="69641" Z="0"/>
					<Vertex X="77350" Y="69208" Z="0"/>
					<Vertex X="77350" Y="68948" Z="0"/>
					<Vertex X="77263" Y="68601" Z="0"/>
					<Vertex X="77177" Y="68168" Z="0"/>
					<Vertex X="77090" Y="67649" Z="0"/>
					<Vertex X="77003" Y="67389" Z="0"/>
					<Vertex X="76917" Y="67129" Z="0"/>
					<Vertex X="76657" Y="66436" Z="0"/>
					<Vertex X="76570" Y="66176" Z="0"/>
					<Vertex X="76397" Y="65916" Z="0"/>
					<Vertex X="76310" Y="65570" Z="0"/>
					<Vertex X="75964" Y="65050" Z="0"/>
					<Vertex X="75964" Y="64877" Z="0"/>
					<Vertex X="75791" Y="64617" Z="0"/>
					<Vertex X="75704" Y="64357" Z="0"/>
					<Vertex X="75531" Y="64097" Z="0"/>
					<Vertex X="75444" Y="64011" Z="0"/>
					<Vertex X="75271" Y="63577" Z="0"/>
					<Vertex X="75184" Y="63404" Z="0"/>
					<Vertex X="75011" Y="63318" Z="0"/>
					<Vertex X="74838" Y="62885" Z="0"/>
					<Vertex X="74751" Y="62798" Z="0"/>
					<Vertex X="74751" Y="62711" Z="0"/>
					<Vertex X="74578" Y="62365" Z="0"/>
					<Vertex X="74405" Y="62192" Z="0"/>
					<Vertex X="74318" Y="62018" Z="0"/>
					<Vertex X="74058" Y="61672" Z="0"/>
					<Vertex X="74058" Y="61585" Z="0"/>
					<Vertex X="73885" Y="61325" Z="0"/>
					<Vertex X="73712" Y="61066" Z="0"/>
					<Vertex X="73452" Y="60546" Z="0"/>
					<Vertex X="73192" Y="60286" Z="0"/>
					<Vertex X="73105" Y="60026" Z="0"/>
					<Vertex X="72759" Y="59333" Z="0"/>
					<Vertex X="72759" Y="59160" Z="0"/>
					<Vertex X="72586" Y="58987" Z="0"/>
					<Vertex X="72413" Y="58554" Z="0"/>
					<Vertex X="72239" Y="58207" Z="0"/>
					<Vertex X="72153" Y="57861" Z="0"/>
					<Vertex X="71979" Y="57514" Z="0"/>
					<Vertex X="71806" Y="57081" Z="0"/>
					<Vertex X="71460" Y="56215" Z="0"/>
					<Vertex X="71200" Y="55695" Z="0"/>
					<Vertex X="70940" Y="55176" Z="0"/>
					<Vertex X="70767" Y="54916" Z="0"/>
					<Vertex X="70680" Y="54656" Z="0"/>
					<Vertex X="70420" Y="54136" Z="0"/>
					<Vertex X="70074" Y="53616" Z="0"/>
					<Vertex X="69987" Y="53357" Z="0"/>
					<Vertex X="69814" Y="53010" Z="0"/>
					<Vertex X="69641" Y="52664" Z="0"/>
					<Vertex X="69554" Y="52404" Z="0"/>
					<Vertex X="69381" Y="52231" Z="0"/>
					<Vertex X="69121" Y="51711" Z="0"/>
					<Vertex X="68948" Y="51191" Z="0"/>
					<Vertex X="68601" Y="50498" Z="0"/>
					<Vertex X="68515" Y="50325" Z="0"/>
					<Vertex X="68255" Y="50065" Z="0"/>
					<Vertex X="67995" Y="49459" Z="0"/>
					<Vertex X="67908" Y="49286" Z="0"/>
					<Vertex X="67735" Y="49112" Z="0"/>
					<Vertex X="67562" Y="48852" Z="0"/>
					<Vertex X="67475" Y="48766" Z="0"/>
					<Vertex X="67389" Y="48593" Z="0"/>
					<Vertex X="67302" Y="48419" Z="0"/>
					<Vertex X="67215" Y="48333" Z="0"/>
					<Vertex X="66869" Y="47986" Z="0"/>
					<Vertex X="66696" Y="47726" Z="0"/>
					<Vertex X="66609" Y="47640" Z="0"/>
					<Vertex X="66523" Y="47467" Z="0"/>
					<Vertex X="66436" Y="47380" Z="0"/>
					<Vertex X="66263" Y="47293" Z="0"/>
					<Vertex X="66176" Y="47120" Z="0"/>
					<Vertex X="65830" Y="46687" Z="0"/>
					<Vertex X="65743" Y="46514" Z="0"/>
					<Vertex X="65570" Y="46341" Z="0"/>
					<Vertex X="65396" Y="46167" Z="0"/>
					<Vertex X="65310" Y="46081" Z="0"/>
					<Vertex X="65223" Y="46081" Z="0"/>
					<Vertex X="65223" Y="45994" Z="0"/>
					<Vertex X="65050" Y="45907" Z="0"/>
					<Vertex X="64877" Y="45734" Z="0"/>
					<Vertex X="64704" Y="45474" Z="0"/>
					<Vertex X="64444" Y="45388" Z="0"/>
					<Vertex X="64270" Y="45215" Z="0"/>
					<Vertex X="64097" Y="45128" Z="0"/>
					<Vertex X="63924" Y="44955" Z="0"/>
					<Vertex X="63664" Y="44781" Z="0"/>
					<Vertex X="63404" Y="44608" Z="0"/>
					<Vertex X="63144" Y="44435" Z="0"/>
					<Vertex X="62365" Y="43915" Z="0"/>
					<Vertex X="62192" Y="43829" Z="0"/>
					<Vertex X="62018" Y="43655" Z="0"/>
					<Vertex X="61845" Y="43569" Z="0"/>
					<Vertex X="61672" Y="43482" Z="0"/>
					<Vertex X="61499" Y="43396" Z="0"/>
					<Vertex X="61412" Y="43309" Z="0"/>
					<Vertex X="61239" Y="43222" Z="0"/>
					<Vertex X="61066" Y="43136" Z="0"/>
					<Vertex X="60633" Y="42789" Z="0"/>
					<Vertex X="60373" Y="42703" Z="0"/>
					<Vertex X="60113" Y="42529" Z="0"/>
					<Vertex X="59766" Y="42443" Z="0"/>
					<Vertex X="59506" Y="42270" Z="0"/>
					<Vertex X="59333" Y="42183" Z="0"/>
					<Vertex X="59247" Y="42010" Z="0"/>
					<Vertex X="59073" Y="41923" Z="0"/>
					<Vertex X="58900" Y="41836" Z="0"/>
					<Vertex X="58640" Y="41750" Z="0"/>
					<Vertex X="58554" Y="41663" Z="0"/>
					<Vertex X="58380" Y="41577" Z="0"/>
					<Vertex X="58121" Y="41403" Z="0"/>
					<Vertex X="57861" Y="41230" Z="0"/>
					<Vertex X="57687" Y="41230" Z="0"/>
					<Vertex X="57514" Y="41057" Z="0"/>
					<Vertex X="57254" Y="40884" Z="0"/>
					<Vertex X="56995" Y="40797" Z="0"/>
					<Vertex X="56735" Y="40624" Z="0"/>
					<Vertex X="56302" Y="40364" Z="0"/>
					<Vertex X="56042" Y="40277" Z="0"/>
					<Vertex X="55695" Y="40017" Z="0"/>
					<Vertex X="55522" Y="39931" Z="0"/>
					<Vertex X="55349" Y="39758" Z="0"/>
					<Vertex X="55089" Y="39671" Z="0"/>
					<Vertex X="54916" Y="39584" Z="0"/>
					<Vertex X="54829" Y="39411" Z="0"/>
					<Vertex X="54483" Y="39324" Z="0"/>
					<Vertex X="54396" Y="39238" Z="0"/>
					<Vertex X="54223" Y="39238" Z="0"/>
					<Vertex X="54136" Y="39151" Z="0"/>
					<Vertex X="54050" Y="39065" Z="0"/>
					<Vertex X="53530" Y="38718" Z="0"/>
					<Vertex X="53357" Y="38718" Z="0"/>
					<Vertex X="53270" Y="38545" Z="0"/>
					<Vertex X="53183" Y="38545" Z="0"/>
					<Vertex X="53097" Y="38545" Z="0"/>
					<Vertex X="53010" Y="38458" Z="0"/>
					<Vertex X="52837" Y="38372" Z="0"/>
					<Vertex X="52317" Y="38112" Z="0"/>
					<Vertex X="51711" Y="37852" Z="0"/>
					<Vertex X="51018" Y="37419" Z="0"/>
					<Vertex X="50238" Y="37072" Z="0"/>
					<Vertex X="49979" Y="36899" Z="0"/>
					<Vertex X="49805" Y="36813" Z="0"/>
					<Vertex X="49719" Y="36813" Z="0"/>
					<Vertex X="49719" Y="36726" Z="0"/>
					<Vertex X="49632" Y="36726" Z="0"/>
					<Vertex X="49545" Y="36726" Z="0"/>
					<Vertex X="49459" Y="36639" Z="0"/>
					<Vertex X="49112" Y="36553" Z="0"/>
					<Vertex X="48766" Y="36466" Z="0"/>
					<Vertex X="48419" Y="36293" Z="0"/>
					<Vertex X="47900" Y="36120" Z="0"/>
					<Vertex X="47553" Y="36033" Z="0"/>
					<Vertex X="47034" Y="35946" Z="0"/>
					<Vertex X="46860" Y="35860" Z="0"/>
					<Vertex X="46687" Y="35773" Z="0"/>
					<Vertex X="46254" Y="35687" Z="0"/>
					<Vertex X="45994" Y="35687" Z="0"/>
					<Vertex X="45734" Y="35600" Z="0"/>
					<Vertex X="45561" Y="35513" Z="0"/>
					<Vertex X="45128" Y="35513" Z="0"/>
					<Vertex X="44868" Y="35427" Z="0"/>
					<Vertex X="44608" Y="35340" Z="0"/>
					<Vertex X="44175" Y="35253" Z="0"/>
					<Vertex X="43915" Y="35167" Z="0"/>
					<Vertex X="43482" Y="35167" Z="0"/>
					<Vertex X="43049" Y="34994" Z="0"/>
					<Vertex X="42789" Y="34907" Z="0"/>
					<Vertex X="42443" Y="34907" Z="0"/>
					<Vertex X="42270" Y="34907" Z="0"/>
					<Vertex X="42096" Y="34820" Z="0"/>
					<Vertex X="41663" Y="34734" Z="0"/>
					<Vertex X="41577" Y="34734" Z="0"/>
					<Vertex X="41143" Y="34647" Z="0"/>
					<Vertex X="41057" Y="34647" Z="0"/>
					<Vertex X="40970" Y="34647" Z="0"/>
					<Vertex X="40624" Y="34647" Z="0"/>
					<Vertex X="40537" Y="34647" Z="0"/>
					<Vertex X="40451" Y="34561" Z="0"/>
					<Vertex X="40191" Y="34561" Z="0"/>
					<Vertex X="39931" Y="34561" Z="0"/>
					<Vertex X="39844" Y="34561" Z="0"/>
					<Vertex X="39671" Y="34561" Z="0"/>
					<Vertex X="39498" Y="34561" Z="0"/>
					<Vertex X="39151" Y="34561" Z="0"/>
					<Vertex X="39065" Y="34561" Z="0"/>
					<Vertex X="38891" Y="34561" Z="0"/>
					<Vertex X="38805" Y="34647" Z="0"/>
					<Vertex X="38458" Y="34820" Z="0"/>
					<Vertex X="38372" Y="34820" Z="0"/>
					<Vertex X="38198" Y="34907" Z="0"/>
					<Vertex X="38025" Y="34994" Z="0"/>
					<Vertex X="37852" Y="35080" Z="0"/>
					<Vertex X="37765" Y="35080" Z="0"/>
					<Vertex X="37679" Y="35167" Z="0"/>
					<Vertex X="37592" Y="35167" Z="0"/>
					<Vertex X="37159" Y="35340" Z="0"/>
					<Vertex X="36986" Y="35427" Z="0"/>
					<Vertex X="36726" Y="35427" Z="0"/>
					<Vertex X="36553" Y="35513" Z="0"/>
					<Vertex X="36206" Y="35600" Z="0"/>
					<Vertex X="36033" Y="35600" Z="0"/>
					<Vertex X="35946" Y="35600" Z="0"/>
					<Vertex X="35687" Y="35687" Z="0"/>
					<Vertex X="35600" Y="35773" Z="0"/>
					<Vertex X="35427" Y="35773" Z="0"/>
					<Vertex X="35340" Y="35860" Z="0"/>
					<Vertex X="35253" Y="35860" Z="0"/>
					<Vertex X="35080" Y="35946" Z="0"/>
					<Vertex X="34994" Y="36033" Z="0"/>
					<Vertex X="34820" Y="36033" Z="0"/>
					<Vertex X="34734" Y="36120" Z="0"/>
					<Vertex X="34647" Y="36120" Z="0"/>
					<Vertex X="34561" Y="36120" Z="0"/>
					<Vertex X="34561" Y="36206" Z="0"/>
					<Vertex X="34474" Y="36206" Z="0"/>
					<Vertex X="33435" Y="36726" Z="0"/>
				</Vertices>
			</Region>
		</Regions>
		<Plots/>
	</Annotation>
</Annotations>
