<Annotations MicronsPerPixel="0.252700">
	<Annotation Id="1" Name="" ReadOnly="0" NameReadOnly="0" LineColorReadOnly="0" Incremental="0" Type="4" LineColor="16711935" Visible="1" Selected="1" MarkupImagePath="" MacroName="">
		<Attributes/>
		<Regions>
			<RegionAttributeHeaders/>
			<Region Id="1" Type="0" Zoom="0.008206" Selected="0" ImageLocation="" ImageFocus="-1" Length="71091.3" Area="192916240.5" LengthMicrons="17964.8" AreaMicrons="12319108.4" Text="" NegativeROA="0" InputRegionId="0" Analyze="1" DisplayId="1">
				<Attributes/>
				<Vertices>
					<Vertex X="49431" Y="52566" Z="0"/>
					<Vertex X="49551" Y="52566" Z="0"/>
					<Vertex X="50154" Y="52807" Z="0"/>
					<Vertex X="50516" Y="52807" Z="0"/>
					<Vertex X="50878" Y="52807" Z="0"/>
					<Vertex X="51239" Y="52807" Z="0"/>
					<Vertex X="51480" Y="52807" Z="0"/>
					<Vertex X="51601" Y="52807" Z="0"/>
					<Vertex X="51842" Y="52807" Z="0"/>
					<Vertex X="51963" Y="52807" Z="0"/>
					<Vertex X="52204" Y="52807" Z="0"/>
					<Vertex X="52324" Y="52807" Z="0"/>
					<Vertex X="52565" Y="52807" Z="0"/>
					<Vertex X="52565" Y="52566" Z="0"/>
					<Vertex X="52686" Y="52686" Z="0"/>
					<Vertex X="53168" Y="52927" Z="0"/>
					<Vertex X="53289" Y="52927" Z="0"/>
					<Vertex X="53409" Y="52927" Z="0"/>
					<Vertex X="53530" Y="53048" Z="0"/>
					<Vertex X="53530" Y="52927" Z="0"/>
					<Vertex X="54012" Y="53289" Z="0"/>
					<Vertex X="54012" Y="53409" Z="0"/>
					<Vertex X="54253" Y="53651" Z="0"/>
					<Vertex X="54736" Y="54133" Z="0"/>
					<Vertex X="54977" Y="54495" Z="0"/>
					<Vertex X="55218" Y="54856" Z="0"/>
					<Vertex X="55459" Y="55218" Z="0"/>
					<Vertex X="55821" Y="55821" Z="0"/>
					<Vertex X="55941" Y="55821" Z="0"/>
					<Vertex X="56062" Y="56062" Z="0"/>
					<Vertex X="56062" Y="56303" Z="0"/>
					<Vertex X="56182" Y="56544" Z="0"/>
					<Vertex X="56303" Y="56785" Z="0"/>
					<Vertex X="56303" Y="56906" Z="0"/>
					<Vertex X="56423" Y="57147" Z="0"/>
					<Vertex X="56423" Y="57268" Z="0"/>
					<Vertex X="56544" Y="57750" Z="0"/>
					<Vertex X="56544" Y="58111" Z="0"/>
					<Vertex X="56423" Y="58232" Z="0"/>
					<Vertex X="56544" Y="58594" Z="0"/>
					<Vertex X="56906" Y="58835" Z="0"/>
					<Vertex X="57026" Y="59197" Z="0"/>
					<Vertex X="57026" Y="59438" Z="0"/>
					<Vertex X="57147" Y="59438" Z="0"/>
					<Vertex X="57026" Y="59438" Z="0"/>
					<Vertex X="57388" Y="59920" Z="0"/>
					<Vertex X="57509" Y="60161" Z="0"/>
					<Vertex X="57629" Y="60282" Z="0"/>
					<Vertex X="57750" Y="60523" Z="0"/>
					<Vertex X="57991" Y="60764" Z="0"/>
					<Vertex X="58111" Y="60884" Z="0"/>
					<Vertex X="58232" Y="61126" Z="0"/>
					<Vertex X="58352" Y="61246" Z="0"/>
					<Vertex X="58352" Y="61367" Z="0"/>
					<Vertex X="58594" Y="61608" Z="0"/>
					<Vertex X="58473" Y="61608" Z="0"/>
					<Vertex X="58835" Y="61969" Z="0"/>
					<Vertex X="58955" Y="62090" Z="0"/>
					<Vertex X="58955" Y="62211" Z="0"/>
					<Vertex X="58835" Y="62211" Z="0"/>
					<Vertex X="59196" Y="62693" Z="0"/>
					<Vertex X="58955" Y="62693" Z="0"/>
					<Vertex X="59317" Y="63175" Z="0"/>
					<Vertex X="59317" Y="63416" Z="0"/>
					<Vertex X="59317" Y="63537" Z="0"/>
					<Vertex X="59317" Y="63778" Z="0"/>
					<Vertex X="59317" Y="64019" Z="0"/>
					<Vertex X="59317" Y="64140" Z="0"/>
					<Vertex X="59317" Y="64501" Z="0"/>
					<Vertex X="59196" Y="64742" Z="0"/>
					<Vertex X="59196" Y="65104" Z="0"/>
					<Vertex X="58835" Y="64984" Z="0"/>
					<Vertex X="58714" Y="65466" Z="0"/>
					<Vertex X="58714" Y="66310" Z="0"/>
					<Vertex X="58594" Y="66671" Z="0"/>
					<Vertex X="58473" Y="67033" Z="0"/>
					<Vertex X="58111" Y="67154" Z="0"/>
					<Vertex X="58232" Y="67757" Z="0"/>
					<Vertex X="57870" Y="67636" Z="0"/>
					<Vertex X="57991" Y="68118" Z="0"/>
					<Vertex X="57870" Y="68359" Z="0"/>
					<Vertex X="57750" Y="68480" Z="0"/>
					<Vertex X="57629" Y="68600" Z="0"/>
					<Vertex X="57509" Y="68721" Z="0"/>
					<Vertex X="57147" Y="68600" Z="0"/>
					<Vertex X="57147" Y="68962" Z="0"/>
					<Vertex X="57026" Y="69083" Z="0"/>
					<Vertex X="56906" Y="69203" Z="0"/>
					<Vertex X="56665" Y="69324" Z="0"/>
					<Vertex X="56544" Y="69324" Z="0"/>
					<Vertex X="56423" Y="69444" Z="0"/>
					<Vertex X="56303" Y="69444" Z="0"/>
					<Vertex X="56182" Y="69565" Z="0"/>
					<Vertex X="55941" Y="69565" Z="0"/>
					<Vertex X="55821" Y="69565" Z="0"/>
					<Vertex X="55700" Y="69565" Z="0"/>
					<Vertex X="55580" Y="69565" Z="0"/>
					<Vertex X="55218" Y="69444" Z="0"/>
					<Vertex X="55338" Y="69686" Z="0"/>
					<Vertex X="55097" Y="69686" Z="0"/>
					<Vertex X="54977" Y="69686" Z="0"/>
					<Vertex X="54736" Y="69686" Z="0"/>
					<Vertex X="54615" Y="69686" Z="0"/>
					<Vertex X="54494" Y="69686" Z="0"/>
					<Vertex X="54374" Y="69686" Z="0"/>
					<Vertex X="54133" Y="69686" Z="0"/>
					<Vertex X="54012" Y="69686" Z="0"/>
					<Vertex X="53892" Y="69686" Z="0"/>
					<Vertex X="53771" Y="69686" Z="0"/>
					<Vertex X="53168" Y="69565" Z="0"/>
					<Vertex X="53289" Y="69927" Z="0"/>
					<Vertex X="53048" Y="70047" Z="0"/>
					<Vertex X="52927" Y="70047" Z="0"/>
					<Vertex X="52807" Y="70168" Z="0"/>
					<Vertex X="52565" Y="70168" Z="0"/>
					<Vertex X="52204" Y="69927" Z="0"/>
					<Vertex X="52324" Y="70168" Z="0"/>
					<Vertex X="51963" Y="69927" Z="0"/>
					<Vertex X="52083" Y="70168" Z="0"/>
					<Vertex X="51842" Y="70168" Z="0"/>
					<Vertex X="51601" Y="70168" Z="0"/>
					<Vertex X="51480" Y="70168" Z="0"/>
					<Vertex X="51360" Y="70168" Z="0"/>
					<Vertex X="51239" Y="70168" Z="0"/>
					<Vertex X="51119" Y="70168" Z="0"/>
					<Vertex X="50878" Y="69927" Z="0"/>
					<Vertex X="50878" Y="70047" Z="0"/>
					<Vertex X="50757" Y="70047" Z="0"/>
					<Vertex X="50516" Y="70047" Z="0"/>
					<Vertex X="50154" Y="69686" Z="0"/>
					<Vertex X="50154" Y="69927" Z="0"/>
					<Vertex X="49913" Y="69806" Z="0"/>
					<Vertex X="49792" Y="69806" Z="0"/>
					<Vertex X="49551" Y="69686" Z="0"/>
					<Vertex X="49431" Y="69686" Z="0"/>
					<Vertex X="49069" Y="69565" Z="0"/>
					<Vertex X="48949" Y="69565" Z="0"/>
					<Vertex X="48707" Y="69324" Z="0"/>
					<Vertex X="48587" Y="69324" Z="0"/>
					<Vertex X="48466" Y="69203" Z="0"/>
					<Vertex X="48225" Y="69203" Z="0"/>
					<Vertex X="48105" Y="69083" Z="0"/>
					<Vertex X="47743" Y="68721" Z="0"/>
					<Vertex X="47622" Y="68721" Z="0"/>
					<Vertex X="47502" Y="68600" Z="0"/>
					<Vertex X="47381" Y="68480" Z="0"/>
					<Vertex X="46899" Y="68118" Z="0"/>
					<Vertex X="46778" Y="67877" Z="0"/>
					<Vertex X="46537" Y="67636" Z="0"/>
					<Vertex X="46417" Y="67515" Z="0"/>
					<Vertex X="46296" Y="67274" Z="0"/>
					<Vertex X="46055" Y="66913" Z="0"/>
					<Vertex X="45814" Y="66551" Z="0"/>
					<Vertex X="45693" Y="66310" Z="0"/>
					<Vertex X="45573" Y="66069" Z="0"/>
					<Vertex X="45452" Y="65948" Z="0"/>
					<Vertex X="45332" Y="65707" Z="0"/>
					<Vertex X="45211" Y="65586" Z="0"/>
					<Vertex X="45091" Y="65345" Z="0"/>
					<Vertex X="44849" Y="64984" Z="0"/>
					<Vertex X="44849" Y="64863" Z="0"/>
					<Vertex X="44729" Y="64622" Z="0"/>
					<Vertex X="44608" Y="64381" Z="0"/>
					<Vertex X="44367" Y="64019" Z="0"/>
					<Vertex X="44488" Y="64019" Z="0"/>
					<Vertex X="44488" Y="63657" Z="0"/>
					<Vertex X="44367" Y="63296" Z="0"/>
					<Vertex X="44005" Y="62934" Z="0"/>
					<Vertex X="44247" Y="62813" Z="0"/>
					<Vertex X="44247" Y="62572" Z="0"/>
					<Vertex X="44247" Y="62331" Z="0"/>
					<Vertex X="44247" Y="62090" Z="0"/>
					<Vertex X="44247" Y="61849" Z="0"/>
					<Vertex X="44247" Y="61608" Z="0"/>
					<Vertex X="44247" Y="61367" Z="0"/>
					<Vertex X="44247" Y="61126" Z="0"/>
					<Vertex X="44247" Y="60884" Z="0"/>
					<Vertex X="44247" Y="60764" Z="0"/>
					<Vertex X="44005" Y="60402" Z="0"/>
					<Vertex X="44247" Y="60402" Z="0"/>
					<Vertex X="44247" Y="60282" Z="0"/>
					<Vertex X="44247" Y="60040" Z="0"/>
					<Vertex X="48949" Y="52445" Z="0"/>
					<Vertex X="49190" Y="52686" Z="0"/>
					<Vertex X="49190" Y="52807" Z="0"/>
					<Vertex X="49069" Y="52807" Z="0"/>
					<Vertex X="48949" Y="52927" Z="0"/>
					<Vertex X="48828" Y="52927" Z="0"/>
					<Vertex X="48828" Y="53048" Z="0"/>
					<Vertex X="48707" Y="53048" Z="0"/>
					<Vertex X="48707" Y="53168" Z="0"/>
					<Vertex X="48587" Y="53289" Z="0"/>
					<Vertex X="48466" Y="53409" Z="0"/>
					<Vertex X="48466" Y="53651" Z="0"/>
					<Vertex X="48346" Y="53771" Z="0"/>
					<Vertex X="48346" Y="53892" Z="0"/>
					<Vertex X="48225" Y="53892" Z="0"/>
					<Vertex X="48225" Y="54133" Z="0"/>
					<Vertex X="48225" Y="54253" Z="0"/>
					<Vertex X="48225" Y="54374" Z="0"/>
					<Vertex X="48105" Y="54374" Z="0"/>
					<Vertex X="47863" Y="54253" Z="0"/>
					<Vertex X="48105" Y="54495" Z="0"/>
					<Vertex X="48105" Y="54615" Z="0"/>
					<Vertex X="47984" Y="54736" Z="0"/>
					<Vertex X="47863" Y="54736" Z="0"/>
					<Vertex X="47863" Y="54856" Z="0"/>
					<Vertex X="47743" Y="54977" Z="0"/>
					<Vertex X="47622" Y="55097" Z="0"/>
					<Vertex X="47622" Y="55218" Z="0"/>
					<Vertex X="47261" Y="55097" Z="0"/>
					<Vertex X="47381" Y="55459" Z="0"/>
					<Vertex X="47261" Y="55580" Z="0"/>
					<Vertex X="47140" Y="55700" Z="0"/>
					<Vertex X="47020" Y="55821" Z="0"/>
					<Vertex X="46899" Y="55941" Z="0"/>
					<Vertex X="46778" Y="55941" Z="0"/>
					<Vertex X="46658" Y="56062" Z="0"/>
					<Vertex X="46537" Y="56062" Z="0"/>
					<Vertex X="46537" Y="56182" Z="0"/>
					<Vertex X="46417" Y="56303" Z="0"/>
					<Vertex X="46296" Y="56303" Z="0"/>
					<Vertex X="46296" Y="56424" Z="0"/>
					<Vertex X="46176" Y="56424" Z="0"/>
					<Vertex X="46055" Y="56544" Z="0"/>
					<Vertex X="45693" Y="56424" Z="0"/>
					<Vertex X="45814" Y="56785" Z="0"/>
					<Vertex X="45693" Y="56906" Z="0"/>
					<Vertex X="45693" Y="57026" Z="0"/>
					<Vertex X="45452" Y="57268" Z="0"/>
					<Vertex X="45332" Y="57388" Z="0"/>
					<Vertex X="45332" Y="57629" Z="0"/>
					<Vertex X="44970" Y="57509" Z="0"/>
					<Vertex X="45091" Y="57870" Z="0"/>
					<Vertex X="44970" Y="58111" Z="0"/>
					<Vertex X="44729" Y="57870" Z="0"/>
					<Vertex X="44849" Y="58232" Z="0"/>
					<Vertex X="44849" Y="58353" Z="0"/>
					<Vertex X="44729" Y="58473" Z="0"/>
					<Vertex X="44729" Y="58594" Z="0"/>
					<Vertex X="44488" Y="58473" Z="0"/>
					<Vertex X="44608" Y="58835" Z="0"/>
					<Vertex X="44608" Y="58955" Z="0"/>
					<Vertex X="44488" Y="59197" Z="0"/>
					<Vertex X="44488" Y="59317" Z="0"/>
					<Vertex X="44488" Y="59438" Z="0"/>
					<Vertex X="44488" Y="59558" Z="0"/>
					<Vertex X="44367" Y="59799" Z="0"/>
					<Vertex X="44126" Y="59679" Z="0"/>
				</Vertices>
			</Region>
			<Region Id="2" Type="0" Zoom="0.008206" Selected="0" ImageLocation="" ImageFocus="-1" Length="75899.9" Area="199293196.0" LengthMicrons="19179.9" AreaMicrons="12726323.5" Text="" NegativeROA="0" InputRegionId="0" Analyze="1" DisplayId="2">
				<Attributes/>
				<Vertices>
					<Vertex X="62331" Y="35687" Z="0"/>
					<Vertex X="62210" Y="35687" Z="0"/>
					<Vertex X="62331" Y="35928" Z="0"/>
					<Vertex X="62210" Y="35928" Z="0"/>
					<Vertex X="61969" Y="35928" Z="0"/>
					<Vertex X="61849" Y="35928" Z="0"/>
					<Vertex X="61487" Y="35687" Z="0"/>
					<Vertex X="61487" Y="35928" Z="0"/>
					<Vertex X="61367" Y="35928" Z="0"/>
					<Vertex X="61246" Y="36048" Z="0"/>
					<Vertex X="61005" Y="36410" Z="0"/>
					<Vertex X="60643" Y="36169" Z="0"/>
					<Vertex X="60764" Y="36531" Z="0"/>
					<Vertex X="60643" Y="36651" Z="0"/>
					<Vertex X="60523" Y="36772" Z="0"/>
					<Vertex X="60402" Y="36772" Z="0"/>
					<Vertex X="60402" Y="36892" Z="0"/>
					<Vertex X="60281" Y="37013" Z="0"/>
					<Vertex X="59920" Y="36772" Z="0"/>
					<Vertex X="59920" Y="37133" Z="0"/>
					<Vertex X="59679" Y="37013" Z="0"/>
					<Vertex X="59799" Y="37375" Z="0"/>
					<Vertex X="59438" Y="37254" Z="0"/>
					<Vertex X="59438" Y="37616" Z="0"/>
					<Vertex X="59438" Y="37736" Z="0"/>
					<Vertex X="59317" Y="37736" Z="0"/>
					<Vertex X="59196" Y="37857" Z="0"/>
					<Vertex X="59076" Y="37977" Z="0"/>
					<Vertex X="58955" Y="38098" Z="0"/>
					<Vertex X="58955" Y="38219" Z="0"/>
					<Vertex X="58594" Y="38098" Z="0"/>
					<Vertex X="58714" Y="38460" Z="0"/>
					<Vertex X="58352" Y="38339" Z="0"/>
					<Vertex X="58473" Y="38701" Z="0"/>
					<Vertex X="58473" Y="38821" Z="0"/>
					<Vertex X="57991" Y="38821" Z="0"/>
					<Vertex X="58111" Y="39304" Z="0"/>
					<Vertex X="58111" Y="39424" Z="0"/>
					<Vertex X="57991" Y="39786" Z="0"/>
					<Vertex X="57870" Y="39906" Z="0"/>
					<Vertex X="57870" Y="40148" Z="0"/>
					<Vertex X="57509" Y="40027" Z="0"/>
					<Vertex X="57750" Y="40509" Z="0"/>
					<Vertex X="57750" Y="40630" Z="0"/>
					<Vertex X="57750" Y="40750" Z="0"/>
					<Vertex X="57629" Y="41112" Z="0"/>
					<Vertex X="57629" Y="41233" Z="0"/>
					<Vertex X="57629" Y="41474" Z="0"/>
					<Vertex X="57509" Y="41474" Z="0"/>
					<Vertex X="57267" Y="41353" Z="0"/>
					<Vertex X="57267" Y="41594" Z="0"/>
					<Vertex X="57388" Y="42077" Z="0"/>
					<Vertex X="57388" Y="42197" Z="0"/>
					<Vertex X="57267" Y="42438" Z="0"/>
					<Vertex X="57267" Y="42559" Z="0"/>
					<Vertex X="56906" Y="42438" Z="0"/>
					<Vertex X="57026" Y="43041" Z="0"/>
					<Vertex X="57026" Y="43162" Z="0"/>
					<Vertex X="56665" Y="43041" Z="0"/>
					<Vertex X="56906" Y="43403" Z="0"/>
					<Vertex X="56785" Y="43523" Z="0"/>
					<Vertex X="56665" Y="43644" Z="0"/>
					<Vertex X="56544" Y="43885" Z="0"/>
					<Vertex X="56423" Y="44006" Z="0"/>
					<Vertex X="56303" Y="44126" Z="0"/>
					<Vertex X="56182" Y="44367" Z="0"/>
					<Vertex X="56062" Y="44608" Z="0"/>
					<Vertex X="55821" Y="44367" Z="0"/>
					<Vertex X="55941" Y="44729" Z="0"/>
					<Vertex X="55821" Y="44850" Z="0"/>
					<Vertex X="55459" Y="44729" Z="0"/>
					<Vertex X="55700" Y="45091" Z="0"/>
					<Vertex X="55580" Y="45211" Z="0"/>
					<Vertex X="55580" Y="45332" Z="0"/>
					<Vertex X="55218" Y="45332" Z="0"/>
					<Vertex X="55338" Y="45693" Z="0"/>
					<Vertex X="55338" Y="45814" Z="0"/>
					<Vertex X="55218" Y="45935" Z="0"/>
					<Vertex X="55097" Y="46055" Z="0"/>
					<Vertex X="54856" Y="45935" Z="0"/>
					<Vertex X="54736" Y="46176" Z="0"/>
					<Vertex X="54856" Y="46537" Z="0"/>
					<Vertex X="54856" Y="46658" Z="0"/>
					<Vertex X="54736" Y="46899" Z="0"/>
					<Vertex X="54615" Y="47020" Z="0"/>
					<Vertex X="54615" Y="47140" Z="0"/>
					<Vertex X="54253" Y="47020" Z="0"/>
					<Vertex X="54494" Y="47261" Z="0"/>
					<Vertex X="54494" Y="47381" Z="0"/>
					<Vertex X="54494" Y="47502" Z="0"/>
					<Vertex X="54494" Y="47622" Z="0"/>
					<Vertex X="54253" Y="47502" Z="0"/>
					<Vertex X="54494" Y="47864" Z="0"/>
					<Vertex X="54253" Y="47743" Z="0"/>
					<Vertex X="54253" Y="48105" Z="0"/>
					<Vertex X="54253" Y="48225" Z="0"/>
					<Vertex X="54374" Y="48466" Z="0"/>
					<Vertex X="54494" Y="48587" Z="0"/>
					<Vertex X="54736" Y="48949" Z="0"/>
					<Vertex X="54977" Y="49190" Z="0"/>
					<Vertex X="55097" Y="49431" Z="0"/>
					<Vertex X="55218" Y="49551" Z="0"/>
					<Vertex X="55459" Y="49793" Z="0"/>
					<Vertex X="55700" Y="50154" Z="0"/>
					<Vertex X="55821" Y="50395" Z="0"/>
					<Vertex X="55941" Y="50516" Z="0"/>
					<Vertex X="56062" Y="50637" Z="0"/>
					<Vertex X="56062" Y="50757" Z="0"/>
					<Vertex X="56182" Y="50878" Z="0"/>
					<Vertex X="56182" Y="50998" Z="0"/>
					<Vertex X="56303" Y="51239" Z="0"/>
					<Vertex X="56544" Y="51480" Z="0"/>
					<Vertex X="56544" Y="51601" Z="0"/>
					<Vertex X="56665" Y="51722" Z="0"/>
					<Vertex X="56665" Y="51842" Z="0"/>
					<Vertex X="56785" Y="52083" Z="0"/>
					<Vertex X="56906" Y="52204" Z="0"/>
					<Vertex X="56906" Y="52324" Z="0"/>
					<Vertex X="57026" Y="52566" Z="0"/>
					<Vertex X="57026" Y="52686" Z="0"/>
					<Vertex X="57147" Y="52927" Z="0"/>
					<Vertex X="56906" Y="52927" Z="0"/>
					<Vertex X="57267" Y="53530" Z="0"/>
					<Vertex X="57267" Y="53771" Z="0"/>
					<Vertex X="57388" Y="53892" Z="0"/>
					<Vertex X="57388" Y="54133" Z="0"/>
					<Vertex X="57509" Y="54253" Z="0"/>
					<Vertex X="57267" Y="54253" Z="0"/>
					<Vertex X="57509" Y="54495" Z="0"/>
					<Vertex X="57388" Y="54495" Z="0"/>
					<Vertex X="57870" Y="54977" Z="0"/>
					<Vertex X="57991" Y="55097" Z="0"/>
					<Vertex X="57991" Y="55218" Z="0"/>
					<Vertex X="58111" Y="55338" Z="0"/>
					<Vertex X="58232" Y="55459" Z="0"/>
					<Vertex X="58352" Y="55700" Z="0"/>
					<Vertex X="58473" Y="55941" Z="0"/>
					<Vertex X="58955" Y="56303" Z="0"/>
					<Vertex X="58835" Y="56303" Z="0"/>
					<Vertex X="59196" Y="56665" Z="0"/>
					<Vertex X="59438" Y="56785" Z="0"/>
					<Vertex X="59558" Y="56906" Z="0"/>
					<Vertex X="59799" Y="57026" Z="0"/>
					<Vertex X="59920" Y="57147" Z="0"/>
					<Vertex X="60161" Y="57268" Z="0"/>
					<Vertex X="60402" Y="57268" Z="0"/>
					<Vertex X="60523" Y="57388" Z="0"/>
					<Vertex X="60643" Y="57388" Z="0"/>
					<Vertex X="61005" Y="57509" Z="0"/>
					<Vertex X="61246" Y="57509" Z="0"/>
					<Vertex X="61367" Y="57509" Z="0"/>
					<Vertex X="61487" Y="57629" Z="0"/>
					<Vertex X="61608" Y="57388" Z="0"/>
					<Vertex X="61969" Y="57629" Z="0"/>
					<Vertex X="62210" Y="57629" Z="0"/>
					<Vertex X="62331" Y="57629" Z="0"/>
					<Vertex X="62934" Y="57629" Z="0"/>
					<Vertex X="62934" Y="57388" Z="0"/>
					<Vertex X="63175" Y="57388" Z="0"/>
					<Vertex X="63657" Y="57629" Z="0"/>
					<Vertex X="63898" Y="57629" Z="0"/>
					<Vertex X="64260" Y="57629" Z="0"/>
					<Vertex X="64501" Y="57509" Z="0"/>
					<Vertex X="64622" Y="57388" Z="0"/>
					<Vertex X="64863" Y="57268" Z="0"/>
					<Vertex X="64742" Y="56906" Z="0"/>
					<Vertex X="65345" Y="57026" Z="0"/>
					<Vertex X="65225" Y="56665" Z="0"/>
					<Vertex X="65466" Y="56424" Z="0"/>
					<Vertex X="65948" Y="56544" Z="0"/>
					<Vertex X="66069" Y="56303" Z="0"/>
					<Vertex X="66310" Y="56182" Z="0"/>
					<Vertex X="66310" Y="55821" Z="0"/>
					<Vertex X="66671" Y="55821" Z="0"/>
					<Vertex X="66792" Y="55700" Z="0"/>
					<Vertex X="66551" Y="55338" Z="0"/>
					<Vertex X="66912" Y="55459" Z="0"/>
					<Vertex X="66912" Y="55338" Z="0"/>
					<Vertex X="67033" Y="55218" Z="0"/>
					<Vertex X="67154" Y="54977" Z="0"/>
					<Vertex X="67274" Y="54736" Z="0"/>
					<Vertex X="67395" Y="54495" Z="0"/>
					<Vertex X="67515" Y="54133" Z="0"/>
					<Vertex X="67636" Y="53892" Z="0"/>
					<Vertex X="67515" Y="53409" Z="0"/>
					<Vertex X="67756" Y="53409" Z="0"/>
					<Vertex X="67877" Y="53048" Z="0"/>
					<Vertex X="67877" Y="52927" Z="0"/>
					<Vertex X="67877" Y="52807" Z="0"/>
					<Vertex X="67636" Y="52324" Z="0"/>
					<Vertex X="67877" Y="52324" Z="0"/>
					<Vertex X="67877" Y="52083" Z="0"/>
					<Vertex X="67877" Y="51842" Z="0"/>
					<Vertex X="67877" Y="51601" Z="0"/>
					<Vertex X="67877" Y="51360" Z="0"/>
					<Vertex X="67877" Y="51119" Z="0"/>
					<Vertex X="67877" Y="50878" Z="0"/>
					<Vertex X="67877" Y="50757" Z="0"/>
					<Vertex X="67877" Y="50516" Z="0"/>
					<Vertex X="67877" Y="50395" Z="0"/>
					<Vertex X="67636" Y="49913" Z="0"/>
					<Vertex X="67877" Y="49913" Z="0"/>
					<Vertex X="67756" Y="49672" Z="0"/>
					<Vertex X="67756" Y="49551" Z="0"/>
					<Vertex X="67756" Y="49310" Z="0"/>
					<Vertex X="67515" Y="48949" Z="0"/>
					<Vertex X="67756" Y="48828" Z="0"/>
					<Vertex X="67756" Y="48587" Z="0"/>
					<Vertex X="67756" Y="48466" Z="0"/>
					<Vertex X="67515" Y="47984" Z="0"/>
					<Vertex X="67756" Y="47984" Z="0"/>
					<Vertex X="67756" Y="47622" Z="0"/>
					<Vertex X="67756" Y="47502" Z="0"/>
					<Vertex X="67756" Y="47261" Z="0"/>
					<Vertex X="67756" Y="47020" Z="0"/>
					<Vertex X="67756" Y="46779" Z="0"/>
					<Vertex X="67756" Y="46537" Z="0"/>
					<Vertex X="67756" Y="46417" Z="0"/>
					<Vertex X="67756" Y="46176" Z="0"/>
					<Vertex X="67756" Y="45693" Z="0"/>
					<Vertex X="67636" Y="45452" Z="0"/>
					<Vertex X="67636" Y="45332" Z="0"/>
					<Vertex X="67515" Y="45091" Z="0"/>
					<Vertex X="67515" Y="44970" Z="0"/>
					<Vertex X="67395" Y="44729" Z="0"/>
					<Vertex X="67154" Y="44367" Z="0"/>
					<Vertex X="67274" Y="44488" Z="0"/>
					<Vertex X="67274" Y="44247" Z="0"/>
					<Vertex X="67154" Y="44006" Z="0"/>
					<Vertex X="66912" Y="43644" Z="0"/>
					<Vertex X="67033" Y="43644" Z="0"/>
					<Vertex X="67033" Y="43403" Z="0"/>
					<Vertex X="66912" Y="43162" Z="0"/>
					<Vertex X="66792" Y="42920" Z="0"/>
					<Vertex X="66671" Y="42679" Z="0"/>
					<Vertex X="66551" Y="42559" Z="0"/>
					<Vertex X="66430" Y="42318" Z="0"/>
					<Vertex X="66310" Y="42077" Z="0"/>
					<Vertex X="66189" Y="41956" Z="0"/>
					<Vertex X="66069" Y="41835" Z="0"/>
					<Vertex X="65827" Y="41715" Z="0"/>
					<Vertex X="65586" Y="41474" Z="0"/>
					<Vertex X="65345" Y="41233" Z="0"/>
					<Vertex X="65225" Y="41233" Z="0"/>
					<Vertex X="64983" Y="40991" Z="0"/>
					<Vertex X="64863" Y="40750" Z="0"/>
					<Vertex X="64742" Y="40630" Z="0"/>
					<Vertex X="64622" Y="40509" Z="0"/>
					<Vertex X="64381" Y="40027" Z="0"/>
					<Vertex X="64260" Y="39906" Z="0"/>
					<Vertex X="62813" Y="36290" Z="0"/>
					<Vertex X="63054" Y="36531" Z="0"/>
					<Vertex X="62813" Y="36410" Z="0"/>
					<Vertex X="63054" Y="36651" Z="0"/>
					<Vertex X="63054" Y="36772" Z="0"/>
					<Vertex X="63054" Y="36892" Z="0"/>
					<Vertex X="63175" Y="36892" Z="0"/>
					<Vertex X="63175" Y="37013" Z="0"/>
					<Vertex X="63175" Y="37133" Z="0"/>
					<Vertex X="63175" Y="37254" Z="0"/>
					<Vertex X="62934" Y="37133" Z="0"/>
					<Vertex X="63175" Y="37375" Z="0"/>
					<Vertex X="62934" Y="37254" Z="0"/>
					<Vertex X="63296" Y="37616" Z="0"/>
					<Vertex X="63296" Y="37736" Z="0"/>
					<Vertex X="63054" Y="37616" Z="0"/>
					<Vertex X="63416" Y="37977" Z="0"/>
					<Vertex X="63537" Y="38219" Z="0"/>
					<Vertex X="63537" Y="38339" Z="0"/>
					<Vertex X="63657" Y="38460" Z="0"/>
					<Vertex X="63657" Y="38580" Z="0"/>
					<Vertex X="63778" Y="38821" Z="0"/>
					<Vertex X="63778" Y="38942" Z="0"/>
					<Vertex X="63657" Y="38942" Z="0"/>
					<Vertex X="63898" Y="39304" Z="0"/>
					<Vertex X="64019" Y="39424" Z="0"/>
					<Vertex X="64019" Y="39545" Z="0"/>
					<Vertex X="63898" Y="39545" Z="0"/>
				</Vertices>
			</Region>
			<Region Id="3" Type="0" Zoom="0.008206" Selected="0" ImageLocation="" ImageFocus="-1" Length="43072.0" Area="86724446.0" LengthMicrons="10884.3" AreaMicrons="5537988.1" Text="" NegativeROA="0" InputRegionId="0" Analyze="1" DisplayId="3">
				<Attributes/>
				<Vertices>
					<Vertex X="70529" Y="31588" Z="0"/>
					<Vertex X="70770" Y="31949" Z="0"/>
					<Vertex X="70891" Y="31949" Z="0"/>
					<Vertex X="71012" Y="32070" Z="0"/>
					<Vertex X="71132" Y="32190" Z="0"/>
					<Vertex X="71253" Y="32311" Z="0"/>
					<Vertex X="71373" Y="32311" Z="0"/>
					<Vertex X="71494" Y="32431" Z="0"/>
					<Vertex X="71614" Y="32431" Z="0"/>
					<Vertex X="71856" Y="32793" Z="0"/>
					<Vertex X="71976" Y="33034" Z="0"/>
					<Vertex X="72097" Y="33155" Z="0"/>
					<Vertex X="72217" Y="33275" Z="0"/>
					<Vertex X="72097" Y="33275" Z="0"/>
					<Vertex X="72338" Y="33517" Z="0"/>
					<Vertex X="72458" Y="33758" Z="0"/>
					<Vertex X="72458" Y="33878" Z="0"/>
					<Vertex X="72699" Y="34240" Z="0"/>
					<Vertex X="72699" Y="34361" Z="0"/>
					<Vertex X="72820" Y="34481" Z="0"/>
					<Vertex X="72941" Y="34843" Z="0"/>
					<Vertex X="72820" Y="34843" Z="0"/>
					<Vertex X="73302" Y="35446" Z="0"/>
					<Vertex X="73302" Y="35566" Z="0"/>
					<Vertex X="73543" Y="35928" Z="0"/>
					<Vertex X="73423" Y="35928" Z="0"/>
					<Vertex X="73664" Y="36410" Z="0"/>
					<Vertex X="73785" Y="36531" Z="0"/>
					<Vertex X="73905" Y="36772" Z="0"/>
					<Vertex X="74026" Y="37133" Z="0"/>
					<Vertex X="74026" Y="37254" Z="0"/>
					<Vertex X="74146" Y="37495" Z="0"/>
					<Vertex X="74146" Y="37736" Z="0"/>
					<Vertex X="74267" Y="37977" Z="0"/>
					<Vertex X="74267" Y="38098" Z="0"/>
					<Vertex X="74387" Y="38219" Z="0"/>
					<Vertex X="74387" Y="38460" Z="0"/>
					<Vertex X="74508" Y="38580" Z="0"/>
					<Vertex X="74387" Y="38701" Z="0"/>
					<Vertex X="74628" Y="39183" Z="0"/>
					<Vertex X="74749" Y="39545" Z="0"/>
					<Vertex X="74870" Y="39786" Z="0"/>
					<Vertex X="74870" Y="40148" Z="0"/>
					<Vertex X="74870" Y="40389" Z="0"/>
					<Vertex X="74628" Y="40389" Z="0"/>
					<Vertex X="74870" Y="40750" Z="0"/>
					<Vertex X="74628" Y="40750" Z="0"/>
					<Vertex X="74870" Y="41112" Z="0"/>
					<Vertex X="74508" Y="41474" Z="0"/>
					<Vertex X="74749" Y="41715" Z="0"/>
					<Vertex X="74628" Y="41835" Z="0"/>
					<Vertex X="74508" Y="41956" Z="0"/>
					<Vertex X="74387" Y="42077" Z="0"/>
					<Vertex X="73905" Y="41956" Z="0"/>
					<Vertex X="74026" Y="42318" Z="0"/>
					<Vertex X="73785" Y="42438" Z="0"/>
					<Vertex X="73543" Y="42438" Z="0"/>
					<Vertex X="73182" Y="42438" Z="0"/>
					<Vertex X="73061" Y="42438" Z="0"/>
					<Vertex X="72820" Y="42438" Z="0"/>
					<Vertex X="72458" Y="42438" Z="0"/>
					<Vertex X="72338" Y="42438" Z="0"/>
					<Vertex X="71735" Y="42197" Z="0"/>
					<Vertex X="71132" Y="42077" Z="0"/>
					<Vertex X="71012" Y="42318" Z="0"/>
					<Vertex X="70891" Y="42318" Z="0"/>
					<Vertex X="70288" Y="41956" Z="0"/>
					<Vertex X="70288" Y="42197" Z="0"/>
					<Vertex X="70047" Y="42077" Z="0"/>
					<Vertex X="69806" Y="41956" Z="0"/>
					<Vertex X="69565" Y="41956" Z="0"/>
					<Vertex X="69203" Y="41715" Z="0"/>
					<Vertex X="69083" Y="41715" Z="0"/>
					<Vertex X="68962" Y="41594" Z="0"/>
					<Vertex X="68480" Y="41112" Z="0"/>
					<Vertex X="68480" Y="41233" Z="0"/>
					<Vertex X="68118" Y="40750" Z="0"/>
					<Vertex X="67998" Y="40630" Z="0"/>
					<Vertex X="67636" Y="40389" Z="0"/>
					<Vertex X="67515" Y="40148" Z="0"/>
					<Vertex X="67033" Y="39665" Z="0"/>
					<Vertex X="67033" Y="39665" Z="0"/>
					<Vertex X="66792" Y="39545" Z="0"/>
					<Vertex X="66671" Y="39424" Z="0"/>
					<Vertex X="66551" Y="39183" Z="0"/>
					<Vertex X="66069" Y="38821" Z="0"/>
					<Vertex X="66069" Y="38821" Z="0"/>
					<Vertex X="65827" Y="38580" Z="0"/>
					<Vertex X="65707" Y="38580" Z="0"/>
					<Vertex X="65586" Y="38219" Z="0"/>
					<Vertex X="65225" Y="37857" Z="0"/>
					<Vertex X="65104" Y="37616" Z="0"/>
					<Vertex X="64622" Y="37133" Z="0"/>
					<Vertex X="64742" Y="37133" Z="0"/>
					<Vertex X="64622" Y="36892" Z="0"/>
					<Vertex X="64260" Y="36531" Z="0"/>
					<Vertex X="64501" Y="36531" Z="0"/>
					<Vertex X="64381" Y="36290" Z="0"/>
					<Vertex X="64260" Y="36048" Z="0"/>
					<Vertex X="64139" Y="35807" Z="0"/>
					<Vertex X="64139" Y="35687" Z="0"/>
					<Vertex X="64019" Y="35446" Z="0"/>
					<Vertex X="64019" Y="35204" Z="0"/>
					<Vertex X="64019" Y="34963" Z="0"/>
					<Vertex X="63778" Y="34481" Z="0"/>
					<Vertex X="63778" Y="34119" Z="0"/>
					<Vertex X="64019" Y="34240" Z="0"/>
					<Vertex X="64019" Y="34119" Z="0"/>
					<Vertex X="64019" Y="33758" Z="0"/>
					<Vertex X="64019" Y="33517" Z="0"/>
					<Vertex X="64139" Y="33275" Z="0"/>
					<Vertex X="63898" Y="32914" Z="0"/>
					<Vertex X="64139" Y="33034" Z="0"/>
					<Vertex X="64260" Y="32793" Z="0"/>
					<Vertex X="64260" Y="32673" Z="0"/>
					<Vertex X="64381" Y="32552" Z="0"/>
					<Vertex X="64381" Y="32431" Z="0"/>
					<Vertex X="64501" Y="32431" Z="0"/>
					<Vertex X="64260" Y="32070" Z="0"/>
					<Vertex X="64501" Y="32190" Z="0"/>
					<Vertex X="64381" Y="31829" Z="0"/>
					<Vertex X="64622" Y="32070" Z="0"/>
					<Vertex X="64742" Y="32070" Z="0"/>
					<Vertex X="64863" Y="31949" Z="0"/>
					<Vertex X="64983" Y="31829" Z="0"/>
					<Vertex X="65104" Y="31829" Z="0"/>
					<Vertex X="65225" Y="31708" Z="0"/>
					<Vertex X="65345" Y="31708" Z="0"/>
					<Vertex X="65466" Y="31588" Z="0"/>
					<Vertex X="65586" Y="31588" Z="0"/>
					<Vertex X="65707" Y="31588" Z="0"/>
					<Vertex X="65707" Y="31226" Z="0"/>
					<Vertex X="65948" Y="31467" Z="0"/>
					<Vertex X="66189" Y="31467" Z="0"/>
					<Vertex X="66189" Y="31105" Z="0"/>
					<Vertex X="66551" Y="31346" Z="0"/>
					<Vertex X="66792" Y="31226" Z="0"/>
					<Vertex X="66912" Y="31226" Z="0"/>
					<Vertex X="67033" Y="31226" Z="0"/>
					<Vertex X="67154" Y="31105" Z="0"/>
					<Vertex X="67274" Y="31105" Z="0"/>
					<Vertex X="67515" Y="30985" Z="0"/>
					<Vertex X="67756" Y="30985" Z="0"/>
					<Vertex X="67877" Y="30985" Z="0"/>
					<Vertex X="68118" Y="30985" Z="0"/>
					<Vertex X="68239" Y="30985" Z="0"/>
					<Vertex X="68359" Y="30985" Z="0"/>
					<Vertex X="68480" Y="30985" Z="0"/>
					<Vertex X="68600" Y="30985" Z="0"/>
					<Vertex X="68721" Y="30985" Z="0"/>
					<Vertex X="68962" Y="30985" Z="0"/>
					<Vertex X="69083" Y="30985" Z="0"/>
					<Vertex X="69203" Y="30985" Z="0"/>
					<Vertex X="69444" Y="30985" Z="0"/>
					<Vertex X="70288" Y="31467" Z="0"/>
					<Vertex X="69927" Y="31346" Z="0"/>
					<Vertex X="70168" Y="31588" Z="0"/>
					<Vertex X="70288" Y="31588" Z="0"/>
					<Vertex X="70409" Y="31708" Z="0"/>
					<Vertex X="70529" Y="31588" Z="0"/>
				</Vertices>
			</Region>
			<Region Id="4" Type="0" Zoom="0.008206" Selected="1" ImageLocation="" ImageFocus="-1" Length="63694.8" Area="186933478.0" LengthMicrons="16095.7" AreaMicrons="11937065.4" Text="" NegativeROA="0" InputRegionId="0" Analyze="1" DisplayId="4">
				<Attributes/>
				<Vertices>
					<Vertex X="75231" Y="26403" Z="0"/>
					<Vertex X="74870" Y="26283" Z="0"/>
					<Vertex X="75111" Y="26524" Z="0"/>
					<Vertex X="74870" Y="26524" Z="0"/>
					<Vertex X="74990" Y="26765" Z="0"/>
					<Vertex X="74749" Y="26644" Z="0"/>
					<Vertex X="74870" Y="27127" Z="0"/>
					<Vertex X="74870" Y="27368" Z="0"/>
					<Vertex X="74749" Y="27488" Z="0"/>
					<Vertex X="74749" Y="27609" Z="0"/>
					<Vertex X="74387" Y="27609" Z="0"/>
					<Vertex X="74628" Y="27971" Z="0"/>
					<Vertex X="74628" Y="28091" Z="0"/>
					<Vertex X="74267" Y="28091" Z="0"/>
					<Vertex X="74508" Y="28453" Z="0"/>
					<Vertex X="74508" Y="28694" Z="0"/>
					<Vertex X="74508" Y="28815" Z="0"/>
					<Vertex X="74267" Y="28815" Z="0"/>
					<Vertex X="74267" Y="29056" Z="0"/>
					<Vertex X="74508" Y="29297" Z="0"/>
					<Vertex X="74508" Y="29659" Z="0"/>
					<Vertex X="74508" Y="29779" Z="0"/>
					<Vertex X="74508" Y="29900" Z="0"/>
					<Vertex X="74508" Y="30382" Z="0"/>
					<Vertex X="74508" Y="30623" Z="0"/>
					<Vertex X="74508" Y="30744" Z="0"/>
					<Vertex X="74508" Y="30985" Z="0"/>
					<Vertex X="74508" Y="31226" Z="0"/>
					<Vertex X="74508" Y="31467" Z="0"/>
					<Vertex X="74508" Y="31588" Z="0"/>
					<Vertex X="74628" Y="31949" Z="0"/>
					<Vertex X="74749" Y="32311" Z="0"/>
					<Vertex X="74749" Y="32673" Z="0"/>
					<Vertex X="74870" Y="32793" Z="0"/>
					<Vertex X="75231" Y="33396" Z="0"/>
					<Vertex X="75834" Y="33999" Z="0"/>
					<Vertex X="76437" Y="34602" Z="0"/>
					<Vertex X="76799" Y="35204" Z="0"/>
					<Vertex X="76919" Y="35566" Z="0"/>
					<Vertex X="77401" Y="36169" Z="0"/>
					<Vertex X="77522" Y="36531" Z="0"/>
					<Vertex X="77643" Y="36772" Z="0"/>
					<Vertex X="78004" Y="37254" Z="0"/>
					<Vertex X="78366" Y="37616" Z="0"/>
					<Vertex X="78607" Y="37857" Z="0"/>
					<Vertex X="78607" Y="37977" Z="0"/>
					<Vertex X="78848" Y="38098" Z="0"/>
					<Vertex X="79210" Y="38339" Z="0"/>
					<Vertex X="79451" Y="38580" Z="0"/>
					<Vertex X="79692" Y="38821" Z="0"/>
					<Vertex X="79813" Y="38942" Z="0"/>
					<Vertex X="80054" Y="39062" Z="0"/>
					<Vertex X="80174" Y="39062" Z="0"/>
					<Vertex X="80657" Y="39304" Z="0"/>
					<Vertex X="81139" Y="39545" Z="0"/>
					<Vertex X="81259" Y="39665" Z="0"/>
					<Vertex X="81742" Y="39906" Z="0"/>
					<Vertex X="81862" Y="40027" Z="0"/>
					<Vertex X="82345" Y="40268" Z="0"/>
					<Vertex X="82465" Y="40389" Z="0"/>
					<Vertex X="82947" Y="40509" Z="0"/>
					<Vertex X="83188" Y="40750" Z="0"/>
					<Vertex X="83550" Y="40991" Z="0"/>
					<Vertex X="83791" Y="41112" Z="0"/>
					<Vertex X="84032" Y="41112" Z="0"/>
					<Vertex X="84635" Y="41474" Z="0"/>
					<Vertex X="85359" Y="41594" Z="0"/>
					<Vertex X="85600" Y="41594" Z="0"/>
					<Vertex X="85961" Y="41594" Z="0"/>
					<Vertex X="86323" Y="41594" Z="0"/>
					<Vertex X="86564" Y="41594" Z="0"/>
					<Vertex X="86805" Y="41594" Z="0"/>
					<Vertex X="86805" Y="41353" Z="0"/>
					<Vertex X="87408" Y="41474" Z="0"/>
					<Vertex X="87649" Y="41112" Z="0"/>
					<Vertex X="87890" Y="40991" Z="0"/>
					<Vertex X="88252" Y="41233" Z="0"/>
					<Vertex X="88373" Y="41112" Z="0"/>
					<Vertex X="88734" Y="40991" Z="0"/>
					<Vertex X="88976" Y="40871" Z="0"/>
					<Vertex X="89096" Y="40750" Z="0"/>
					<Vertex X="89337" Y="40630" Z="0"/>
					<Vertex X="89578" Y="40389" Z="0"/>
					<Vertex X="89940" Y="40148" Z="0"/>
					<Vertex X="90181" Y="40027" Z="0"/>
					<Vertex X="90302" Y="39545" Z="0"/>
					<Vertex X="90663" Y="39183" Z="0"/>
					<Vertex X="91266" Y="39304" Z="0"/>
					<Vertex X="91507" Y="39062" Z="0"/>
					<Vertex X="91990" Y="38821" Z="0"/>
					<Vertex X="91990" Y="38701" Z="0"/>
					<Vertex X="92351" Y="38460" Z="0"/>
					<Vertex X="92713" Y="38219" Z="0"/>
					<Vertex X="92954" Y="37977" Z="0"/>
					<Vertex X="93195" Y="37736" Z="0"/>
					<Vertex X="93436" Y="37495" Z="0"/>
					<Vertex X="93557" Y="37375" Z="0"/>
					<Vertex X="93677" Y="37254" Z="0"/>
					<Vertex X="93677" Y="37133" Z="0"/>
					<Vertex X="93798" Y="36892" Z="0"/>
					<Vertex X="93557" Y="36410" Z="0"/>
					<Vertex X="93919" Y="36410" Z="0"/>
					<Vertex X="93919" Y="36048" Z="0"/>
					<Vertex X="93919" Y="35687" Z="0"/>
					<Vertex X="93919" Y="35325" Z="0"/>
					<Vertex X="93919" Y="34963" Z="0"/>
					<Vertex X="93677" Y="34602" Z="0"/>
					<Vertex X="93677" Y="34481" Z="0"/>
					<Vertex X="93919" Y="34240" Z="0"/>
					<Vertex X="93798" Y="34119" Z="0"/>
					<Vertex X="93557" Y="33637" Z="0"/>
					<Vertex X="93677" Y="33517" Z="0"/>
					<Vertex X="93677" Y="33275" Z="0"/>
					<Vertex X="93557" Y="33155" Z="0"/>
					<Vertex X="93436" Y="33034" Z="0"/>
					<Vertex X="93316" Y="32793" Z="0"/>
					<Vertex X="93075" Y="32673" Z="0"/>
					<Vertex X="92834" Y="32311" Z="0"/>
					<Vertex X="92834" Y="32431" Z="0"/>
					<Vertex X="92592" Y="32311" Z="0"/>
					<Vertex X="92351" Y="32190" Z="0"/>
					<Vertex X="91990" Y="31829" Z="0"/>
					<Vertex X="91628" Y="31588" Z="0"/>
					<Vertex X="91507" Y="31588" Z="0"/>
					<Vertex X="91387" Y="31467" Z="0"/>
					<Vertex X="91266" Y="31467" Z="0"/>
					<Vertex X="90905" Y="31346" Z="0"/>
					<Vertex X="90543" Y="31226" Z="0"/>
					<Vertex X="90302" Y="31346" Z="0"/>
					<Vertex X="89578" Y="30985" Z="0"/>
					<Vertex X="89578" Y="31105" Z="0"/>
					<Vertex X="89217" Y="30985" Z="0"/>
					<Vertex X="88614" Y="30623" Z="0"/>
					<Vertex X="88614" Y="30744" Z="0"/>
					<Vertex X="88373" Y="30623" Z="0"/>
					<Vertex X="88011" Y="30502" Z="0"/>
					<Vertex X="87770" Y="30382" Z="0"/>
					<Vertex X="87408" Y="30382" Z="0"/>
					<Vertex X="87046" Y="30261" Z="0"/>
					<Vertex X="86444" Y="30020" Z="0"/>
					<Vertex X="86444" Y="30141" Z="0"/>
					<Vertex X="85961" Y="30141" Z="0"/>
					<Vertex X="85600" Y="30141" Z="0"/>
					<Vertex X="85238" Y="30020" Z="0"/>
					<Vertex X="84635" Y="29659" Z="0"/>
					<Vertex X="84635" Y="29779" Z="0"/>
					<Vertex X="84274" Y="29779" Z="0"/>
					<Vertex X="84032" Y="29659" Z="0"/>
					<Vertex X="83791" Y="29659" Z="0"/>
					<Vertex X="83550" Y="29538" Z="0"/>
					<Vertex X="83068" Y="29297" Z="0"/>
					<Vertex X="82706" Y="29056" Z="0"/>
					<Vertex X="82465" Y="29176" Z="0"/>
					<Vertex X="81983" Y="28815" Z="0"/>
					<Vertex X="81983" Y="28935" Z="0"/>
					<Vertex X="81501" Y="28694" Z="0"/>
					<Vertex X="81380" Y="28573" Z="0"/>
					<Vertex X="81018" Y="28453" Z="0"/>
					<Vertex X="80657" Y="28332" Z="0"/>
					<Vertex X="80174" Y="28212" Z="0"/>
					<Vertex X="79692" Y="27971" Z="0"/>
					<Vertex X="79330" Y="27850" Z="0"/>
					<Vertex X="78487" Y="27368" Z="0"/>
					<Vertex X="78245" Y="27127" Z="0"/>
					<Vertex X="78004" Y="26886" Z="0"/>
					<Vertex X="77763" Y="26765" Z="0"/>
					<Vertex X="77643" Y="26644" Z="0"/>
					<Vertex X="77401" Y="26403" Z="0"/>
					<Vertex X="77281" Y="26042" Z="0"/>
					<Vertex X="76919" Y="25801" Z="0"/>
					<Vertex X="76799" Y="25559" Z="0"/>
					<Vertex X="76558" Y="25318" Z="0"/>
					<Vertex X="76196" Y="24957" Z="0"/>
					<Vertex X="75955" Y="24715" Z="0"/>
					<Vertex X="75834" Y="24715" Z="0"/>
					<Vertex X="75955" Y="24957" Z="0"/>
					<Vertex X="75593" Y="25077" Z="0"/>
					<Vertex X="75472" Y="25077" Z="0"/>
					<Vertex X="75714" Y="25318" Z="0"/>
					<Vertex X="75714" Y="25439" Z="0"/>
					<Vertex X="75593" Y="25559" Z="0"/>
					<Vertex X="75352" Y="25439" Z="0"/>
					<Vertex X="75472" Y="25801" Z="0"/>
					<Vertex X="75472" Y="25921" Z="0"/>
					<Vertex X="75111" Y="25801" Z="0"/>
					<Vertex X="75111" Y="25921" Z="0"/>
					<Vertex X="75231" Y="26283" Z="0"/>
					<Vertex X="75231" Y="26403" Z="0"/>
				</Vertices>
			</Region>
		</Regions>
		<Plots/>
	</Annotation>
</Annotations>
