<Annotations MicronsPerPixel="0.252700">
	<Annotation Id="1" Name="" ReadOnly="0" NameReadOnly="0" LineColorReadOnly="0" Incremental="0" Type="4" LineColor="16711935" Visible="1" Selected="1" MarkupImagePath="" MacroName="">
		<Attributes/>
		<Regions>
			<RegionAttributeHeaders/>
			<Region Id="1" Type="0" Zoom="0.008692" Selected="1" ImageLocation="" ImageFocus="-1" Length="173986.0" Area="1081548555.5" LengthMicrons="43966.3" AreaMicrons="69064760.3" Text="" NegativeROA="0" InputRegionId="0" Analyze="1" DisplayId="1">
				<Attributes/>
				<Vertices>
					<Vertex X="40176" Y="51216" Z="0"/>
					<Vertex X="40403" Y="51102" Z="0"/>
					<Vertex X="40631" Y="50874" Z="0"/>
					<Vertex X="40859" Y="50419" Z="0"/>
					<Vertex X="41314" Y="50191" Z="0"/>
					<Vertex X="42566" Y="49964" Z="0"/>
					<Vertex X="42907" Y="49736" Z="0"/>
					<Vertex X="43249" Y="49508" Z="0"/>
					<Vertex X="44046" Y="49167" Z="0"/>
					<Vertex X="45070" Y="48598" Z="0"/>
					<Vertex X="45411" Y="48484" Z="0"/>
					<Vertex X="45639" Y="48029" Z="0"/>
					<Vertex X="46663" Y="48029" Z="0"/>
					<Vertex X="47005" Y="47915" Z="0"/>
					<Vertex X="47346" Y="47801" Z="0"/>
					<Vertex X="47688" Y="47687" Z="0"/>
					<Vertex X="47915" Y="47574" Z="0"/>
					<Vertex X="48029" Y="47460" Z="0"/>
					<Vertex X="48143" Y="47346" Z="0"/>
					<Vertex X="48143" Y="47232" Z="0"/>
					<Vertex X="48257" Y="47118" Z="0"/>
					<Vertex X="48484" Y="46891" Z="0"/>
					<Vertex X="48598" Y="46777" Z="0"/>
					<Vertex X="49167" Y="46435" Z="0"/>
					<Vertex X="49395" Y="46322" Z="0"/>
					<Vertex X="49736" Y="46094" Z="0"/>
					<Vertex X="49964" Y="45866" Z="0"/>
					<Vertex X="50647" Y="45980" Z="0"/>
					<Vertex X="50874" Y="45639" Z="0"/>
					<Vertex X="51330" Y="45753" Z="0"/>
					<Vertex X="51785" Y="45411" Z="0"/>
					<Vertex X="52468" Y="45525" Z="0"/>
					<Vertex X="52923" Y="45411" Z="0"/>
					<Vertex X="53151" Y="45411" Z="0"/>
					<Vertex X="53492" Y="45411" Z="0"/>
					<Vertex X="54061" Y="45297" Z="0"/>
					<Vertex X="54175" Y="45297" Z="0"/>
					<Vertex X="54744" Y="45297" Z="0"/>
					<Vertex X="55199" Y="45183" Z="0"/>
					<Vertex X="55427" Y="45070" Z="0"/>
					<Vertex X="55541" Y="44956" Z="0"/>
					<Vertex X="55768" Y="44614" Z="0"/>
					<Vertex X="55882" Y="44501" Z="0"/>
					<Vertex X="56337" Y="44614" Z="0"/>
					<Vertex X="56679" Y="44501" Z="0"/>
					<Vertex X="57020" Y="44273" Z="0"/>
					<Vertex X="57362" Y="44159" Z="0"/>
					<Vertex X="57589" Y="44045" Z="0"/>
					<Vertex X="57817" Y="44045" Z="0"/>
					<Vertex X="57931" Y="43932" Z="0"/>
					<Vertex X="58158" Y="43932" Z="0"/>
					<Vertex X="58386" Y="43818" Z="0"/>
					<Vertex X="58614" Y="43818" Z="0"/>
					<Vertex X="58727" Y="43818" Z="0"/>
					<Vertex X="58841" Y="43818" Z="0"/>
					<Vertex X="59069" Y="43818" Z="0"/>
					<Vertex X="59296" Y="43818" Z="0"/>
					<Vertex X="59638" Y="43818" Z="0"/>
					<Vertex X="59752" Y="43818" Z="0"/>
					<Vertex X="59979" Y="43818" Z="0"/>
					<Vertex X="60093" Y="43818" Z="0"/>
					<Vertex X="60435" Y="43818" Z="0"/>
					<Vertex X="60548" Y="43818" Z="0"/>
					<Vertex X="60662" Y="43818" Z="0"/>
					<Vertex X="60776" Y="43704" Z="0"/>
					<Vertex X="61231" Y="43704" Z="0"/>
					<Vertex X="61459" Y="43704" Z="0"/>
					<Vertex X="62142" Y="43932" Z="0"/>
					<Vertex X="62483" Y="43932" Z="0"/>
					<Vertex X="62711" Y="43932" Z="0"/>
					<Vertex X="63166" Y="44045" Z="0"/>
					<Vertex X="63849" Y="44045" Z="0"/>
					<Vertex X="63849" Y="43818" Z="0"/>
					<Vertex X="64418" Y="44045" Z="0"/>
					<Vertex X="64873" Y="43818" Z="0"/>
					<Vertex X="65329" Y="43818" Z="0"/>
					<Vertex X="65898" Y="44045" Z="0"/>
					<Vertex X="66011" Y="43818" Z="0"/>
					<Vertex X="66467" Y="44045" Z="0"/>
					<Vertex X="66694" Y="44045" Z="0"/>
					<Vertex X="66922" Y="44045" Z="0"/>
					<Vertex X="67263" Y="44159" Z="0"/>
					<Vertex X="67377" Y="44159" Z="0"/>
					<Vertex X="67605" Y="44159" Z="0"/>
					<Vertex X="67946" Y="44273" Z="0"/>
					<Vertex X="68060" Y="44273" Z="0"/>
					<Vertex X="68288" Y="44387" Z="0"/>
					<Vertex X="68402" Y="44159" Z="0"/>
					<Vertex X="68857" Y="44501" Z="0"/>
					<Vertex X="68857" Y="44273" Z="0"/>
					<Vertex X="69312" Y="44501" Z="0"/>
					<Vertex X="69312" Y="44387" Z="0"/>
					<Vertex X="69540" Y="44614" Z="0"/>
					<Vertex X="70109" Y="44728" Z="0"/>
					<Vertex X="70223" Y="44842" Z="0"/>
					<Vertex X="70223" Y="44614" Z="0"/>
					<Vertex X="70678" Y="44956" Z="0"/>
					<Vertex X="70792" Y="44956" Z="0"/>
					<Vertex X="70905" Y="45070" Z="0"/>
					<Vertex X="71019" Y="45070" Z="0"/>
					<Vertex X="71133" Y="45070" Z="0"/>
					<Vertex X="71702" Y="45411" Z="0"/>
					<Vertex X="71816" Y="45411" Z="0"/>
					<Vertex X="72271" Y="45753" Z="0"/>
					<Vertex X="72271" Y="45525" Z="0"/>
					<Vertex X="72385" Y="45525" Z="0"/>
					<Vertex X="72840" Y="45980" Z="0"/>
					<Vertex X="72954" Y="45980" Z="0"/>
					<Vertex X="73068" Y="45866" Z="0"/>
					<Vertex X="73182" Y="45980" Z="0"/>
					<Vertex X="73409" Y="46094" Z="0"/>
					<Vertex X="73751" Y="46435" Z="0"/>
					<Vertex X="73865" Y="46435" Z="0"/>
					<Vertex X="73978" Y="46549" Z="0"/>
					<Vertex X="73978" Y="46663" Z="0"/>
					<Vertex X="74092" Y="46777" Z="0"/>
					<Vertex X="73978" Y="46891" Z="0"/>
					<Vertex X="73978" Y="47118" Z="0"/>
					<Vertex X="74206" Y="47460" Z="0"/>
					<Vertex X="74206" Y="47687" Z="0"/>
					<Vertex X="74206" Y="47801" Z="0"/>
					<Vertex X="74206" Y="48029" Z="0"/>
					<Vertex X="74206" Y="48143" Z="0"/>
					<Vertex X="74206" Y="48256" Z="0"/>
					<Vertex X="74206" Y="48484" Z="0"/>
					<Vertex X="74206" Y="48598" Z="0"/>
					<Vertex X="74206" Y="48825" Z="0"/>
					<Vertex X="74206" Y="48939" Z="0"/>
					<Vertex X="73978" Y="48825" Z="0"/>
					<Vertex X="74206" Y="49167" Z="0"/>
					<Vertex X="74206" Y="49395" Z="0"/>
					<Vertex X="74206" Y="49508" Z="0"/>
					<Vertex X="74206" Y="49622" Z="0"/>
					<Vertex X="74206" Y="49736" Z="0"/>
					<Vertex X="74092" Y="49736" Z="0"/>
					<Vertex X="74206" Y="49964" Z="0"/>
					<Vertex X="74434" Y="50191" Z="0"/>
					<Vertex X="74434" Y="50419" Z="0"/>
					<Vertex X="74434" Y="50533" Z="0"/>
					<Vertex X="74434" Y="50646" Z="0"/>
					<Vertex X="74434" Y="50874" Z="0"/>
					<Vertex X="74434" Y="50988" Z="0"/>
					<Vertex X="74434" Y="51102" Z="0"/>
					<Vertex X="74206" Y="51216" Z="0"/>
					<Vertex X="74206" Y="51329" Z="0"/>
					<Vertex X="73978" Y="51443" Z="0"/>
					<Vertex X="73751" Y="51557" Z="0"/>
					<Vertex X="73523" Y="51671" Z="0"/>
					<Vertex X="73409" Y="51785" Z="0"/>
					<Vertex X="73182" Y="51785" Z="0"/>
					<Vertex X="72499" Y="52012" Z="0"/>
					<Vertex X="72271" Y="52012" Z="0"/>
					<Vertex X="72157" Y="52012" Z="0"/>
					<Vertex X="71930" Y="52012" Z="0"/>
					<Vertex X="71816" Y="52012" Z="0"/>
					<Vertex X="71588" Y="51785" Z="0"/>
					<Vertex X="71702" Y="52012" Z="0"/>
					<Vertex X="71588" Y="52012" Z="0"/>
					<Vertex X="71361" Y="51785" Z="0"/>
					<Vertex X="71474" Y="52126" Z="0"/>
					<Vertex X="71133" Y="52012" Z="0"/>
					<Vertex X="71133" Y="52126" Z="0"/>
					<Vertex X="71247" Y="52468" Z="0"/>
					<Vertex X="71019" Y="52240" Z="0"/>
					<Vertex X="71133" Y="52695" Z="0"/>
					<Vertex X="71019" Y="52809" Z="0"/>
					<Vertex X="71019" Y="52923" Z="0"/>
					<Vertex X="70678" Y="52695" Z="0"/>
					<Vertex X="70905" Y="53037" Z="0"/>
					<Vertex X="70905" Y="53150" Z="0"/>
					<Vertex X="70905" Y="53264" Z="0"/>
					<Vertex X="70905" Y="53378" Z="0"/>
					<Vertex X="70905" Y="53492" Z="0"/>
					<Vertex X="70905" Y="53606" Z="0"/>
					<Vertex X="70905" Y="53833" Z="0"/>
					<Vertex X="70905" Y="53947" Z="0"/>
					<Vertex X="70678" Y="53947" Z="0"/>
					<Vertex X="70905" Y="54175" Z="0"/>
					<Vertex X="70905" Y="54402" Z="0"/>
					<Vertex X="70678" Y="54402" Z="0"/>
					<Vertex X="70678" Y="54630" Z="0"/>
					<Vertex X="70905" Y="54971" Z="0"/>
					<Vertex X="70905" Y="55085" Z="0"/>
					<Vertex X="70905" Y="55199" Z="0"/>
					<Vertex X="71019" Y="55313" Z="0"/>
					<Vertex X="70905" Y="55313" Z="0"/>
					<Vertex X="71133" Y="55654" Z="0"/>
					<Vertex X="71133" Y="55768" Z="0"/>
					<Vertex X="71247" Y="55882" Z="0"/>
					<Vertex X="71247" Y="55996" Z="0"/>
					<Vertex X="71133" Y="55996" Z="0"/>
					<Vertex X="71361" Y="56110" Z="0"/>
					<Vertex X="71588" Y="56451" Z="0"/>
					<Vertex X="71702" Y="56565" Z="0"/>
					<Vertex X="71816" Y="56792" Z="0"/>
					<Vertex X="71930" Y="56792" Z="0"/>
					<Vertex X="72044" Y="56906" Z="0"/>
					<Vertex X="72044" Y="56792" Z="0"/>
					<Vertex X="72157" Y="56792" Z="0"/>
					<Vertex X="72385" Y="57020" Z="0"/>
					<Vertex X="72499" Y="57134" Z="0"/>
					<Vertex X="72613" Y="56906" Z="0"/>
					<Vertex X="72954" Y="57134" Z="0"/>
					<Vertex X="72954" Y="57248" Z="0"/>
					<Vertex X="73182" Y="57248" Z="0"/>
					<Vertex X="73295" Y="57361" Z="0"/>
					<Vertex X="73409" Y="57361" Z="0"/>
					<Vertex X="73523" Y="57361" Z="0"/>
					<Vertex X="73637" Y="57475" Z="0"/>
					<Vertex X="73751" Y="57475" Z="0"/>
					<Vertex X="73751" Y="57589" Z="0"/>
					<Vertex X="73751" Y="57589" Z="0"/>
					<Vertex X="74092" Y="57931" Z="0"/>
					<Vertex X="74092" Y="58044" Z="0"/>
					<Vertex X="74206" Y="58158" Z="0"/>
					<Vertex X="74092" Y="58386" Z="0"/>
					<Vertex X="74320" Y="58613" Z="0"/>
					<Vertex X="74320" Y="58841" Z="0"/>
					<Vertex X="74320" Y="58955" Z="0"/>
					<Vertex X="74206" Y="59069" Z="0"/>
					<Vertex X="74206" Y="59410" Z="0"/>
					<Vertex X="74547" Y="59865" Z="0"/>
					<Vertex X="74547" Y="60093" Z="0"/>
					<Vertex X="74547" Y="60321" Z="0"/>
					<Vertex X="74661" Y="60662" Z="0"/>
					<Vertex X="74661" Y="60890" Z="0"/>
					<Vertex X="74661" Y="61003" Z="0"/>
					<Vertex X="74661" Y="61345" Z="0"/>
					<Vertex X="74661" Y="61573" Z="0"/>
					<Vertex X="74661" Y="61686" Z="0"/>
					<Vertex X="74661" Y="62028" Z="0"/>
					<Vertex X="74661" Y="62255" Z="0"/>
					<Vertex X="74661" Y="62483" Z="0"/>
					<Vertex X="74661" Y="62711" Z="0"/>
					<Vertex X="74434" Y="62711" Z="0"/>
					<Vertex X="74661" Y="63280" Z="0"/>
					<Vertex X="74547" Y="63621" Z="0"/>
					<Vertex X="74547" Y="63735" Z="0"/>
					<Vertex X="74434" Y="63963" Z="0"/>
					<Vertex X="74320" Y="64190" Z="0"/>
					<Vertex X="74206" Y="64304" Z="0"/>
					<Vertex X="73865" Y="64304" Z="0"/>
					<Vertex X="74092" Y="64646" Z="0"/>
					<Vertex X="73751" Y="64532" Z="0"/>
					<Vertex X="73865" Y="64873" Z="0"/>
					<Vertex X="73751" Y="65101" Z="0"/>
					<Vertex X="73637" Y="65215" Z="0"/>
					<Vertex X="73637" Y="65328" Z="0"/>
					<Vertex X="73523" Y="65442" Z="0"/>
					<Vertex X="73182" Y="65670" Z="0"/>
					<Vertex X="73182" Y="65784" Z="0"/>
					<Vertex X="72954" Y="65897" Z="0"/>
					<Vertex X="72499" Y="65897" Z="0"/>
					<Vertex X="72385" Y="65897" Z="0"/>
					<Vertex X="72271" Y="66239" Z="0"/>
					<Vertex X="71930" Y="66125" Z="0"/>
					<Vertex X="71930" Y="66353" Z="0"/>
					<Vertex X="71816" Y="66353" Z="0"/>
					<Vertex X="71133" Y="66125" Z="0"/>
					<Vertex X="71247" Y="66353" Z="0"/>
					<Vertex X="70678" Y="66125" Z="0"/>
					<Vertex X="70564" Y="66353" Z="0"/>
					<Vertex X="70223" Y="66353" Z="0"/>
					<Vertex X="69881" Y="66353" Z="0"/>
					<Vertex X="69540" Y="66125" Z="0"/>
					<Vertex X="69540" Y="66353" Z="0"/>
					<Vertex X="69426" Y="66353" Z="0"/>
					<Vertex X="69198" Y="66353" Z="0"/>
					<Vertex X="68971" Y="66353" Z="0"/>
					<Vertex X="68629" Y="66125" Z="0"/>
					<Vertex X="68629" Y="66353" Z="0"/>
					<Vertex X="68288" Y="66353" Z="0"/>
					<Vertex X="68060" Y="66353" Z="0"/>
					<Vertex X="67605" Y="66353" Z="0"/>
					<Vertex X="67377" Y="66239" Z="0"/>
					<Vertex X="67150" Y="66239" Z="0"/>
					<Vertex X="66808" Y="66125" Z="0"/>
					<Vertex X="66467" Y="66125" Z="0"/>
					<Vertex X="66125" Y="65784" Z="0"/>
					<Vertex X="65784" Y="65897" Z="0"/>
					<Vertex X="65670" Y="65897" Z="0"/>
					<Vertex X="64873" Y="65556" Z="0"/>
					<Vertex X="64760" Y="65556" Z="0"/>
					<Vertex X="64646" Y="65784" Z="0"/>
					<Vertex X="64190" Y="65784" Z="0"/>
					<Vertex X="63621" Y="65670" Z="0"/>
					<Vertex X="63280" Y="65670" Z="0"/>
					<Vertex X="63166" Y="65670" Z="0"/>
					<Vertex X="62711" Y="65670" Z="0"/>
					<Vertex X="62369" Y="65442" Z="0"/>
					<Vertex X="62369" Y="65670" Z="0"/>
					<Vertex X="62028" Y="65556" Z="0"/>
					<Vertex X="61914" Y="65556" Z="0"/>
					<Vertex X="61687" Y="65556" Z="0"/>
					<Vertex X="61459" Y="65442" Z="0"/>
					<Vertex X="61345" Y="65442" Z="0"/>
					<Vertex X="61231" Y="65442" Z="0"/>
					<Vertex X="60890" Y="65442" Z="0"/>
					<Vertex X="60776" Y="65442" Z="0"/>
					<Vertex X="60662" Y="65442" Z="0"/>
					<Vertex X="60435" Y="65442" Z="0"/>
					<Vertex X="60321" Y="65442" Z="0"/>
					<Vertex X="60093" Y="65556" Z="0"/>
					<Vertex X="59979" Y="65556" Z="0"/>
					<Vertex X="59752" Y="65784" Z="0"/>
					<Vertex X="59638" Y="65784" Z="0"/>
					<Vertex X="59183" Y="65670" Z="0"/>
					<Vertex X="59296" Y="66011" Z="0"/>
					<Vertex X="59069" Y="66125" Z="0"/>
					<Vertex X="58841" Y="66239" Z="0"/>
					<Vertex X="58500" Y="66125" Z="0"/>
					<Vertex X="58272" Y="66239" Z="0"/>
					<Vertex X="58158" Y="66239" Z="0"/>
					<Vertex X="58045" Y="66353" Z="0"/>
					<Vertex X="58272" Y="66694" Z="0"/>
					<Vertex X="58158" Y="66694" Z="0"/>
					<Vertex X="58158" Y="66808" Z="0"/>
					<Vertex X="58045" Y="66922" Z="0"/>
					<Vertex X="57817" Y="67263" Z="0"/>
					<Vertex X="57589" Y="67491" Z="0"/>
					<Vertex X="57362" Y="67946" Z="0"/>
					<Vertex X="57248" Y="68174" Z="0"/>
					<Vertex X="57020" Y="68515" Z="0"/>
					<Vertex X="56906" Y="68629" Z="0"/>
					<Vertex X="56679" Y="68857" Z="0"/>
					<Vertex X="56565" Y="68970" Z="0"/>
					<Vertex X="56337" Y="69426" Z="0"/>
					<Vertex X="56224" Y="69539" Z="0"/>
					<Vertex X="55996" Y="69881" Z="0"/>
					<Vertex X="55541" Y="70450" Z="0"/>
					<Vertex X="55427" Y="70564" Z="0"/>
					<Vertex X="55199" Y="70905" Z="0"/>
					<Vertex X="54972" Y="71247" Z="0"/>
					<Vertex X="54630" Y="71588" Z="0"/>
					<Vertex X="54516" Y="71702" Z="0"/>
					<Vertex X="54175" Y="72043" Z="0"/>
					<Vertex X="54175" Y="72157" Z="0"/>
					<Vertex X="53720" Y="72043" Z="0"/>
					<Vertex X="53606" Y="72612" Z="0"/>
					<Vertex X="53492" Y="72612" Z="0"/>
					<Vertex X="53264" Y="72840" Z="0"/>
					<Vertex X="53151" Y="72954" Z="0"/>
					<Vertex X="52923" Y="73068" Z="0"/>
					<Vertex X="52923" Y="73182" Z="0"/>
					<Vertex X="52354" Y="73182" Z="0"/>
					<Vertex X="52468" Y="73409" Z="0"/>
					<Vertex X="52240" Y="73523" Z="0"/>
					<Vertex X="52012" Y="73637" Z="0"/>
					<Vertex X="51899" Y="73751" Z="0"/>
					<Vertex X="51785" Y="73864" Z="0"/>
					<Vertex X="51557" Y="73864" Z="0"/>
					<Vertex X="51330" Y="73751" Z="0"/>
					<Vertex X="51330" Y="74092" Z="0"/>
					<Vertex X="50874" Y="73864" Z="0"/>
					<Vertex X="50760" Y="73978" Z="0"/>
					<Vertex X="50760" Y="74320" Z="0"/>
					<Vertex X="50533" Y="74433" Z="0"/>
					<Vertex X="49964" Y="74320" Z="0"/>
					<Vertex X="50191" Y="74661" Z="0"/>
					<Vertex X="49736" Y="74547" Z="0"/>
					<Vertex X="49736" Y="74889" Z="0"/>
					<Vertex X="49167" Y="75003" Z="0"/>
					<Vertex X="49167" Y="75344" Z="0"/>
					<Vertex X="48939" Y="75572" Z="0"/>
					<Vertex X="48826" Y="75572" Z="0"/>
					<Vertex X="48712" Y="75799" Z="0"/>
					<Vertex X="48598" Y="75913" Z="0"/>
					<Vertex X="48257" Y="75799" Z="0"/>
					<Vertex X="48257" Y="76141" Z="0"/>
					<Vertex X="48143" Y="76254" Z="0"/>
					<Vertex X="47801" Y="76254" Z="0"/>
					<Vertex X="47574" Y="76482" Z="0"/>
					<Vertex X="47574" Y="76937" Z="0"/>
					<Vertex X="47346" Y="77051" Z="0"/>
					<Vertex X="47118" Y="77165" Z="0"/>
					<Vertex X="46777" Y="77279" Z="0"/>
					<Vertex X="46436" Y="77393" Z="0"/>
					<Vertex X="45867" Y="77393" Z="0"/>
					<Vertex X="45525" Y="77165" Z="0"/>
					<Vertex X="45411" Y="77393" Z="0"/>
					<Vertex X="45070" Y="77393" Z="0"/>
					<Vertex X="44728" Y="77393" Z="0"/>
					<Vertex X="44501" Y="77393" Z="0"/>
					<Vertex X="44046" Y="77165" Z="0"/>
					<Vertex X="43932" Y="77279" Z="0"/>
					<Vertex X="43590" Y="77165" Z="0"/>
					<Vertex X="43249" Y="77051" Z="0"/>
					<Vertex X="43135" Y="77051" Z="0"/>
					<Vertex X="42680" Y="77051" Z="0"/>
					<Vertex X="42224" Y="76710" Z="0"/>
					<Vertex X="42111" Y="76937" Z="0"/>
					<Vertex X="41883" Y="76824" Z="0"/>
					<Vertex X="41655" Y="76710" Z="0"/>
					<Vertex X="41542" Y="76710" Z="0"/>
					<Vertex X="41086" Y="76368" Z="0"/>
					<Vertex X="41086" Y="76482" Z="0"/>
					<Vertex X="40745" Y="76368" Z="0"/>
					<Vertex X="40631" Y="76254" Z="0"/>
					<Vertex X="40517" Y="76141" Z="0"/>
					<Vertex X="40290" Y="76027" Z="0"/>
					<Vertex X="40176" Y="75913" Z="0"/>
					<Vertex X="40062" Y="75799" Z="0"/>
					<Vertex X="39948" Y="75685" Z="0"/>
					<Vertex X="39834" Y="75685" Z="0"/>
					<Vertex X="39607" Y="75685" Z="0"/>
					<Vertex X="39379" Y="75685" Z="0"/>
					<Vertex X="38469" Y="75572" Z="0"/>
					<Vertex X="37900" Y="75572" Z="0"/>
					<Vertex X="37558" Y="75458" Z="0"/>
					<Vertex X="36534" Y="75230" Z="0"/>
					<Vertex X="36192" Y="75116" Z="0"/>
					<Vertex X="35396" Y="74889" Z="0"/>
					<Vertex X="35054" Y="74775" Z="0"/>
					<Vertex X="34485" Y="74661" Z="0"/>
					<Vertex X="34030" Y="74320" Z="0"/>
					<Vertex X="33461" Y="74320" Z="0"/>
					<Vertex X="33233" Y="74206" Z="0"/>
					<Vertex X="32664" Y="73751" Z="0"/>
					<Vertex X="32323" Y="73864" Z="0"/>
					<Vertex X="31981" Y="73523" Z="0"/>
					<Vertex X="31981" Y="73637" Z="0"/>
					<Vertex X="31640" Y="73409" Z="0"/>
					<Vertex X="31640" Y="73523" Z="0"/>
					<Vertex X="31526" Y="73409" Z="0"/>
					<Vertex X="31298" Y="73295" Z="0"/>
					<Vertex X="31185" Y="73182" Z="0"/>
					<Vertex X="30957" Y="73068" Z="0"/>
					<Vertex X="30729" Y="73068" Z="0"/>
					<Vertex X="30616" Y="72954" Z="0"/>
					<Vertex X="30388" Y="72840" Z="0"/>
					<Vertex X="30274" Y="72840" Z="0"/>
					<Vertex X="30160" Y="72840" Z="0"/>
					<Vertex X="30046" Y="72726" Z="0"/>
					<Vertex X="29819" Y="72612" Z="0"/>
					<Vertex X="29591" Y="72612" Z="0"/>
					<Vertex X="29477" Y="72499" Z="0"/>
					<Vertex X="29364" Y="72499" Z="0"/>
					<Vertex X="29250" Y="72385" Z="0"/>
					<Vertex X="29136" Y="72385" Z="0"/>
					<Vertex X="28795" Y="72157" Z="0"/>
					<Vertex X="28795" Y="72271" Z="0"/>
					<Vertex X="28681" Y="72157" Z="0"/>
					<Vertex X="28453" Y="72043" Z="0"/>
					<Vertex X="28112" Y="71816" Z="0"/>
					<Vertex X="27770" Y="71588" Z="0"/>
					<Vertex X="27543" Y="71360" Z="0"/>
					<Vertex X="27201" Y="71019" Z="0"/>
					<Vertex X="26746" Y="70450" Z="0"/>
					<Vertex X="26291" Y="69881" Z="0"/>
					<Vertex X="26063" Y="69653" Z="0"/>
					<Vertex X="25835" Y="69426" Z="0"/>
					<Vertex X="25722" Y="69312" Z="0"/>
					<Vertex X="25494" Y="68970" Z="0"/>
					<Vertex X="25153" Y="68743" Z="0"/>
					<Vertex X="24925" Y="68515" Z="0"/>
					<Vertex X="24811" Y="68401" Z="0"/>
					<Vertex X="24583" Y="68174" Z="0"/>
					<Vertex X="24470" Y="68174" Z="0"/>
					<Vertex X="24470" Y="68060" Z="0"/>
					<Vertex X="24356" Y="68060" Z="0"/>
					<Vertex X="24356" Y="67718" Z="0"/>
					<Vertex X="24242" Y="67491" Z="0"/>
					<Vertex X="24014" Y="67036" Z="0"/>
					<Vertex X="23787" Y="66353" Z="0"/>
					<Vertex X="23787" Y="66125" Z="0"/>
					<Vertex X="23673" Y="65556" Z="0"/>
					<Vertex X="23559" Y="65215" Z="0"/>
					<Vertex X="23559" Y="65101" Z="0"/>
					<Vertex X="23445" Y="64532" Z="0"/>
					<Vertex X="23218" Y="63849" Z="0"/>
					<Vertex X="23445" Y="63507" Z="0"/>
					<Vertex X="23445" Y="63394" Z="0"/>
					<Vertex X="23218" Y="62938" Z="0"/>
					<Vertex X="23445" Y="62938" Z="0"/>
					<Vertex X="23445" Y="62825" Z="0"/>
					<Vertex X="23445" Y="62711" Z="0"/>
					<Vertex X="23559" Y="62483" Z="0"/>
					<Vertex X="23673" Y="62142" Z="0"/>
					<Vertex X="23673" Y="62028" Z="0"/>
					<Vertex X="23787" Y="61800" Z="0"/>
					<Vertex X="23901" Y="61573" Z="0"/>
					<Vertex X="23787" Y="61117" Z="0"/>
					<Vertex X="23787" Y="60890" Z="0"/>
					<Vertex X="24242" Y="60776" Z="0"/>
					<Vertex X="24356" Y="60434" Z="0"/>
					<Vertex X="24242" Y="60093" Z="0"/>
					<Vertex X="24697" Y="59865" Z="0"/>
					<Vertex X="24811" Y="59752" Z="0"/>
					<Vertex X="25039" Y="59410" Z="0"/>
					<Vertex X="25039" Y="58955" Z="0"/>
					<Vertex X="25380" Y="59182" Z="0"/>
					<Vertex X="25608" Y="58955" Z="0"/>
					<Vertex X="25722" Y="58727" Z="0"/>
					<Vertex X="25608" Y="58386" Z="0"/>
					<Vertex X="26063" Y="58500" Z="0"/>
					<Vertex X="26291" Y="58272" Z="0"/>
					<Vertex X="26404" Y="58158" Z="0"/>
					<Vertex X="26632" Y="58044" Z="0"/>
					<Vertex X="26860" Y="57817" Z="0"/>
					<Vertex X="26746" Y="57589" Z="0"/>
					<Vertex X="27315" Y="57589" Z="0"/>
					<Vertex X="27656" Y="57475" Z="0"/>
					<Vertex X="27770" Y="57361" Z="0"/>
					<Vertex X="27884" Y="57248" Z="0"/>
					<Vertex X="27998" Y="57248" Z="0"/>
					<Vertex X="28225" Y="57020" Z="0"/>
					<Vertex X="28339" Y="57020" Z="0"/>
					<Vertex X="28567" Y="56906" Z="0"/>
					<Vertex X="28681" Y="56792" Z="0"/>
					<Vertex X="29022" Y="56679" Z="0"/>
					<Vertex X="29022" Y="56223" Z="0"/>
					<Vertex X="29364" Y="56451" Z="0"/>
					<Vertex X="29477" Y="56337" Z="0"/>
					<Vertex X="29591" Y="56337" Z="0"/>
					<Vertex X="29819" Y="56223" Z="0"/>
					<Vertex X="29933" Y="56110" Z="0"/>
					<Vertex X="30160" Y="55996" Z="0"/>
					<Vertex X="30388" Y="55996" Z="0"/>
					<Vertex X="30502" Y="55996" Z="0"/>
					<Vertex X="30843" Y="55882" Z="0"/>
					<Vertex X="30957" Y="55882" Z="0"/>
					<Vertex X="31185" Y="55768" Z="0"/>
					<Vertex X="31071" Y="55540" Z="0"/>
					<Vertex X="31526" Y="55654" Z="0"/>
					<Vertex X="31412" Y="55427" Z="0"/>
					<Vertex X="31867" Y="55654" Z="0"/>
					<Vertex X="31981" Y="55654" Z="0"/>
					<Vertex X="32209" Y="55654" Z="0"/>
					<Vertex X="32550" Y="55654" Z="0"/>
					<Vertex X="32664" Y="55654" Z="0"/>
					<Vertex X="32892" Y="55654" Z="0"/>
					<Vertex X="33006" Y="55654" Z="0"/>
					<Vertex X="33347" Y="55654" Z="0"/>
					<Vertex X="33575" Y="55768" Z="0"/>
					<Vertex X="33689" Y="55882" Z="0"/>
					<Vertex X="33689" Y="55768" Z="0"/>
					<Vertex X="34030" Y="55996" Z="0"/>
					<Vertex X="34144" Y="56223" Z="0"/>
					<Vertex X="34371" Y="56337" Z="0"/>
					<Vertex X="34485" Y="56451" Z="0"/>
					<Vertex X="34599" Y="56565" Z="0"/>
					<Vertex X="34713" Y="56792" Z="0"/>
					<Vertex X="34827" Y="56906" Z="0"/>
					<Vertex X="34940" Y="57134" Z="0"/>
					<Vertex X="35168" Y="57475" Z="0"/>
					<Vertex X="35396" Y="57703" Z="0"/>
					<Vertex X="35510" Y="57931" Z="0"/>
					<Vertex X="35851" Y="58272" Z="0"/>
					<Vertex X="35965" Y="58386" Z="0"/>
					<Vertex X="36079" Y="58386" Z="0"/>
					<Vertex X="36192" Y="58386" Z="0"/>
					<Vertex X="36534" Y="58727" Z="0"/>
					<Vertex X="36648" Y="58727" Z="0"/>
					<Vertex X="36761" Y="58727" Z="0"/>
					<Vertex X="36989" Y="58841" Z="0"/>
					<Vertex X="37217" Y="58841" Z="0"/>
					<Vertex X="37331" Y="58841" Z="0"/>
					<Vertex X="37444" Y="58841" Z="0"/>
					<Vertex X="37558" Y="58841" Z="0"/>
					<Vertex X="37672" Y="58841" Z="0"/>
					<Vertex X="37786" Y="58841" Z="0"/>
					<Vertex X="37786" Y="58613" Z="0"/>
					<Vertex X="38241" Y="58727" Z="0"/>
					<Vertex X="38241" Y="58613" Z="0"/>
					<Vertex X="38355" Y="58613" Z="0"/>
					<Vertex X="38469" Y="58386" Z="0"/>
					<Vertex X="38582" Y="58272" Z="0"/>
					<Vertex X="38696" Y="58158" Z="0"/>
					<Vertex X="38469" Y="57703" Z="0"/>
					<Vertex X="38810" Y="57817" Z="0"/>
					<Vertex X="38810" Y="57703" Z="0"/>
					<Vertex X="38924" Y="57475" Z="0"/>
					<Vertex X="39038" Y="57248" Z="0"/>
					<Vertex X="39038" Y="57134" Z="0"/>
					<Vertex X="39152" Y="57020" Z="0"/>
					<Vertex X="39265" Y="56906" Z="0"/>
					<Vertex X="39265" Y="56679" Z="0"/>
					<Vertex X="39379" Y="56565" Z="0"/>
					<Vertex X="39379" Y="56337" Z="0"/>
					<Vertex X="39379" Y="56223" Z="0"/>
					<Vertex X="39379" Y="56110" Z="0"/>
					<Vertex X="39379" Y="55882" Z="0"/>
					<Vertex X="39379" Y="55768" Z="0"/>
					<Vertex X="39379" Y="55540" Z="0"/>
					<Vertex X="39379" Y="55313" Z="0"/>
					<Vertex X="39379" Y="55085" Z="0"/>
					<Vertex X="39379" Y="54744" Z="0"/>
					<Vertex X="39379" Y="54516" Z="0"/>
					<Vertex X="39379" Y="54289" Z="0"/>
					<Vertex X="39379" Y="54175" Z="0"/>
					<Vertex X="39379" Y="53947" Z="0"/>
					<Vertex X="39493" Y="53606" Z="0"/>
					<Vertex X="39265" Y="53264" Z="0"/>
					<Vertex X="39265" Y="53150" Z="0"/>
					<Vertex X="39493" Y="53150" Z="0"/>
					<Vertex X="39607" Y="53037" Z="0"/>
					<Vertex X="39607" Y="52923" Z="0"/>
					<Vertex X="39607" Y="52809" Z="0"/>
					<Vertex X="39721" Y="52695" Z="0"/>
					<Vertex X="39493" Y="52468" Z="0"/>
					<Vertex X="39834" Y="52581" Z="0"/>
					<Vertex X="39834" Y="52468" Z="0"/>
					<Vertex X="39948" Y="52354" Z="0"/>
					<Vertex X="39948" Y="52240" Z="0"/>
					<Vertex X="39721" Y="52012" Z="0"/>
					<Vertex X="39834" Y="51898" Z="0"/>
					<Vertex X="40062" Y="52126" Z="0"/>
					<Vertex X="39834" Y="51898" Z="0"/>
					<Vertex X="40176" Y="51216" Z="0"/>
				</Vertices>
			</Region>
		</Regions>
		<Plots/>
	</Annotation>
</Annotations>
