<Annotations MicronsPerPixel="0.252000">
	<Annotation Id="1" Name="" ReadOnly="0" NameReadOnly="0" LineColorReadOnly="0" Incremental="0" Type="4" LineColor="16776960" Visible="1" Selected="1" MarkupImagePath="" MacroName="">
		<Attributes/>
		<Regions>
			<RegionAttributeHeaders/>
			<Region Id="1" Type="0" Zoom="0.015974" Selected="0" ImageLocation="" ImageFocus="-1" Length="85900.7" Area="437708308.5" LengthMicrons="21647.0" AreaMicrons="27796229.3" Text="" NegativeROA="0" InputRegionId="0" Analyze="1" DisplayId="1">
				<Attributes/>
				<Vertices>
					<Vertex X="18258" Y="10061" Z="0"/>
					<Vertex X="18382" Y="10123" Z="0"/>
					<Vertex X="18444" Y="10123" Z="0"/>
					<Vertex X="18506" Y="10123" Z="0"/>
					<Vertex X="18631" Y="9936" Z="0"/>
					<Vertex X="18817" Y="9874" Z="0"/>
					<Vertex X="19003" Y="9750" Z="0"/>
					<Vertex X="19190" Y="9688" Z="0"/>
					<Vertex X="19438" Y="9688" Z="0"/>
					<Vertex X="19438" Y="9564" Z="0"/>
					<Vertex X="19873" Y="9688" Z="0"/>
					<Vertex X="19997" Y="9688" Z="0"/>
					<Vertex X="20680" Y="9688" Z="0"/>
					<Vertex X="20804" Y="9564" Z="0"/>
					<Vertex X="21053" Y="9750" Z="0"/>
					<Vertex X="21177" Y="9688" Z="0"/>
					<Vertex X="21487" Y="9874" Z="0"/>
					<Vertex X="21736" Y="9999" Z="0"/>
					<Vertex X="21984" Y="10061" Z="0"/>
					<Vertex X="22171" Y="10185" Z="0"/>
					<Vertex X="22295" Y="10123" Z="0"/>
					<Vertex X="22667" Y="10309" Z="0"/>
					<Vertex X="22916" Y="10433" Z="0"/>
					<Vertex X="22916" Y="10309" Z="0"/>
					<Vertex X="23288" Y="10495" Z="0"/>
					<Vertex X="23599" Y="10558" Z="0"/>
					<Vertex X="23909" Y="10620" Z="0"/>
					<Vertex X="24220" Y="10682" Z="0"/>
					<Vertex X="24468" Y="10682" Z="0"/>
					<Vertex X="24717" Y="10744" Z="0"/>
					<Vertex X="24779" Y="10806" Z="0"/>
					<Vertex X="25089" Y="10930" Z="0"/>
					<Vertex X="25338" Y="11054" Z="0"/>
					<Vertex X="25400" Y="11054" Z="0"/>
					<Vertex X="25586" Y="11116" Z="0"/>
					<Vertex X="25710" Y="11489" Z="0"/>
					<Vertex X="25772" Y="11613" Z="0"/>
					<Vertex X="25710" Y="11737" Z="0"/>
					<Vertex X="26145" Y="12296" Z="0"/>
					<Vertex X="26394" Y="12669" Z="0"/>
					<Vertex X="26642" Y="12917" Z="0"/>
					<Vertex X="26890" Y="13228" Z="0"/>
					<Vertex X="27077" Y="13414" Z="0"/>
					<Vertex X="27139" Y="13476" Z="0"/>
					<Vertex X="27449" Y="13663" Z="0"/>
					<Vertex X="27573" Y="13787" Z="0"/>
					<Vertex X="27760" Y="13911" Z="0"/>
					<Vertex X="28070" Y="14097" Z="0"/>
					<Vertex X="28505" Y="14284" Z="0"/>
					<Vertex X="28940" Y="14532" Z="0"/>
					<Vertex X="29312" Y="14718" Z="0"/>
					<Vertex X="29499" Y="14656" Z="0"/>
					<Vertex X="29871" Y="14905" Z="0"/>
					<Vertex X="30182" Y="14905" Z="0"/>
					<Vertex X="30492" Y="14967" Z="0"/>
					<Vertex X="30803" Y="15029" Z="0"/>
					<Vertex X="30803" Y="14905" Z="0"/>
					<Vertex X="31300" Y="15153" Z="0"/>
					<Vertex X="31424" Y="15215" Z="0"/>
					<Vertex X="31610" Y="15277" Z="0"/>
					<Vertex X="31983" Y="15464" Z="0"/>
					<Vertex X="32231" Y="15588" Z="0"/>
					<Vertex X="32542" Y="15774" Z="0"/>
					<Vertex X="32604" Y="15774" Z="0"/>
					<Vertex X="32976" Y="16085" Z="0"/>
					<Vertex X="33163" Y="16147" Z="0"/>
					<Vertex X="33349" Y="16271" Z="0"/>
					<Vertex X="33411" Y="16209" Z="0"/>
					<Vertex X="33846" Y="16457" Z="0"/>
					<Vertex X="34094" Y="16457" Z="0"/>
					<Vertex X="34405" Y="16706" Z="0"/>
					<Vertex X="34591" Y="16830" Z="0"/>
					<Vertex X="34715" Y="16830" Z="0"/>
					<Vertex X="34715" Y="16768" Z="0"/>
					<Vertex X="34964" Y="16892" Z="0"/>
					<Vertex X="35088" Y="16954" Z="0"/>
					<Vertex X="35461" Y="17140" Z="0"/>
					<Vertex X="35771" Y="17265" Z="0"/>
					<Vertex X="36144" Y="17575" Z="0"/>
					<Vertex X="36454" Y="17637" Z="0"/>
					<Vertex X="36641" Y="17824" Z="0"/>
					<Vertex X="36951" Y="18010" Z="0"/>
					<Vertex X="37199" Y="18134" Z="0"/>
					<Vertex X="37448" Y="18320" Z="0"/>
					<Vertex X="37634" Y="18382" Z="0"/>
					<Vertex X="37883" Y="18507" Z="0"/>
					<Vertex X="38007" Y="18631" Z="0"/>
					<Vertex X="38193" Y="18755" Z="0"/>
					<Vertex X="38379" Y="18817" Z="0"/>
					<Vertex X="38379" Y="18879" Z="0"/>
					<Vertex X="38504" Y="19004" Z="0"/>
					<Vertex X="38504" Y="19128" Z="0"/>
					<Vertex X="38752" Y="19376" Z="0"/>
					<Vertex X="38814" Y="19562" Z="0"/>
					<Vertex X="38814" Y="19687" Z="0"/>
					<Vertex X="39000" Y="20059" Z="0"/>
					<Vertex X="39063" Y="20121" Z="0"/>
					<Vertex X="39125" Y="20432" Z="0"/>
					<Vertex X="39187" Y="20494" Z="0"/>
					<Vertex X="39187" Y="20618" Z="0"/>
					<Vertex X="39249" Y="20805" Z="0"/>
					<Vertex X="39311" Y="20929" Z="0"/>
					<Vertex X="39311" Y="21115" Z="0"/>
					<Vertex X="39311" Y="21239" Z="0"/>
					<Vertex X="39311" Y="21363" Z="0"/>
					<Vertex X="39311" Y="21550" Z="0"/>
					<Vertex X="39311" Y="21674" Z="0"/>
					<Vertex X="39249" Y="21798" Z="0"/>
					<Vertex X="39187" Y="21922" Z="0"/>
					<Vertex X="39063" Y="21922" Z="0"/>
					<Vertex X="39125" Y="22171" Z="0"/>
					<Vertex X="39063" Y="22295" Z="0"/>
					<Vertex X="39000" Y="22481" Z="0"/>
					<Vertex X="38938" Y="22605" Z="0"/>
					<Vertex X="38876" Y="22730" Z="0"/>
					<Vertex X="38814" Y="22854" Z="0"/>
					<Vertex X="38752" Y="22978" Z="0"/>
					<Vertex X="38628" Y="23289" Z="0"/>
					<Vertex X="38628" Y="23351" Z="0"/>
					<Vertex X="38504" Y="23599" Z="0"/>
					<Vertex X="38442" Y="23785" Z="0"/>
					<Vertex X="38317" Y="24034" Z="0"/>
					<Vertex X="38069" Y="24158" Z="0"/>
					<Vertex X="38069" Y="24531" Z="0"/>
					<Vertex X="37945" Y="24779" Z="0"/>
					<Vertex X="37883" Y="25028" Z="0"/>
					<Vertex X="37758" Y="25276" Z="0"/>
					<Vertex X="37572" Y="25276" Z="0"/>
					<Vertex X="37510" Y="25773" Z="0"/>
					<Vertex X="37386" Y="25959" Z="0"/>
					<Vertex X="37262" Y="26083" Z="0"/>
					<Vertex X="37075" Y="26332" Z="0"/>
					<Vertex X="36889" Y="26580" Z="0"/>
					<Vertex X="36641" Y="26829" Z="0"/>
					<Vertex X="36392" Y="27015" Z="0"/>
					<Vertex X="36206" Y="27015" Z="0"/>
					<Vertex X="36144" Y="27387" Z="0"/>
					<Vertex X="35957" Y="27574" Z="0"/>
					<Vertex X="35833" Y="27822" Z="0"/>
					<Vertex X="35771" Y="27884" Z="0"/>
					<Vertex X="35336" Y="28195" Z="0"/>
					<Vertex X="35274" Y="28381" Z="0"/>
					<Vertex X="35026" Y="28940" Z="0"/>
					<Vertex X="34777" Y="29313" Z="0"/>
					<Vertex X="34405" Y="29561" Z="0"/>
					<Vertex X="34343" Y="29872" Z="0"/>
					<Vertex X="34094" Y="29934" Z="0"/>
					<Vertex X="33846" Y="30306" Z="0"/>
					<Vertex X="33784" Y="30741" Z="0"/>
					<Vertex X="33535" Y="31052" Z="0"/>
					<Vertex X="33349" Y="31362" Z="0"/>
					<Vertex X="33163" Y="31735" Z="0"/>
					<Vertex X="32976" Y="31735" Z="0"/>
					<Vertex X="32790" Y="32231" Z="0"/>
					<Vertex X="32604" Y="32356" Z="0"/>
					<Vertex X="32480" Y="32356" Z="0"/>
					<Vertex X="32293" Y="32480" Z="0"/>
					<Vertex X="31859" Y="32666" Z="0"/>
					<Vertex X="31672" Y="33039" Z="0"/>
					<Vertex X="31548" Y="33225" Z="0"/>
					<Vertex X="30803" Y="33846" Z="0"/>
					<Vertex X="30492" Y="34095" Z="0"/>
					<Vertex X="30120" Y="34343" Z="0"/>
					<Vertex X="29747" Y="34591" Z="0"/>
					<Vertex X="29561" Y="34653" Z="0"/>
					<Vertex X="29126" Y="34840" Z="0"/>
					<Vertex X="28878" Y="34902" Z="0"/>
					<Vertex X="28629" Y="34964" Z="0"/>
					<Vertex X="28319" Y="35026" Z="0"/>
					<Vertex X="28070" Y="35088" Z="0"/>
					<Vertex X="27822" Y="35088" Z="0"/>
					<Vertex X="27698" Y="35150" Z="0"/>
					<Vertex X="27511" Y="35150" Z="0"/>
					<Vertex X="27263" Y="35150" Z="0"/>
					<Vertex X="27015" Y="35150" Z="0"/>
					<Vertex X="26766" Y="35150" Z="0"/>
					<Vertex X="26518" Y="35150" Z="0"/>
					<Vertex X="26331" Y="35150" Z="0"/>
					<Vertex X="26083" Y="35026" Z="0"/>
					<Vertex X="26021" Y="35150" Z="0"/>
					<Vertex X="25772" Y="35150" Z="0"/>
					<Vertex X="25586" Y="35150" Z="0"/>
					<Vertex X="25400" Y="35150" Z="0"/>
					<Vertex X="25214" Y="35088" Z="0"/>
					<Vertex X="25027" Y="35026" Z="0"/>
					<Vertex X="24779" Y="34964" Z="0"/>
					<Vertex X="24655" Y="34964" Z="0"/>
					<Vertex X="24468" Y="34902" Z="0"/>
					<Vertex X="24344" Y="34902" Z="0"/>
					<Vertex X="24158" Y="34902" Z="0"/>
					<Vertex X="23972" Y="34716" Z="0"/>
					<Vertex X="23785" Y="34840" Z="0"/>
					<Vertex X="23599" Y="34840" Z="0"/>
					<Vertex X="23350" Y="34840" Z="0"/>
					<Vertex X="23102" Y="34778" Z="0"/>
					<Vertex X="22854" Y="34778" Z="0"/>
					<Vertex X="22605" Y="34716" Z="0"/>
					<Vertex X="22357" Y="34591" Z="0"/>
					<Vertex X="22171" Y="34467" Z="0"/>
					<Vertex X="22046" Y="34405" Z="0"/>
					<Vertex X="21674" Y="34032" Z="0"/>
					<Vertex X="21612" Y="33908" Z="0"/>
					<Vertex X="21425" Y="33660" Z="0"/>
					<Vertex X="21239" Y="33474" Z="0"/>
					<Vertex X="21115" Y="33287" Z="0"/>
					<Vertex X="21053" Y="33163" Z="0"/>
					<Vertex X="20991" Y="33101" Z="0"/>
					<Vertex X="20804" Y="32790" Z="0"/>
					<Vertex X="20618" Y="32604" Z="0"/>
					<Vertex X="20494" Y="32356" Z="0"/>
					<Vertex X="20183" Y="32045" Z="0"/>
					<Vertex X="19997" Y="31735" Z="0"/>
					<Vertex X="19935" Y="31610" Z="0"/>
					<Vertex X="19749" Y="31424" Z="0"/>
					<Vertex X="19624" Y="31114" Z="0"/>
					<Vertex X="19438" Y="30927" Z="0"/>
					<Vertex X="19314" Y="30679" Z="0"/>
					<Vertex X="19065" Y="30368" Z="0"/>
					<Vertex X="18941" Y="30120" Z="0"/>
					<Vertex X="18817" Y="29934" Z="0"/>
					<Vertex X="18506" Y="29499" Z="0"/>
					<Vertex X="18382" Y="29313" Z="0"/>
					<Vertex X="18258" Y="29064" Z="0"/>
					<Vertex X="18010" Y="28692" Z="0"/>
					<Vertex X="17885" Y="28567" Z="0"/>
					<Vertex X="17699" Y="28257" Z="0"/>
					<Vertex X="17575" Y="27946" Z="0"/>
					<Vertex X="17513" Y="27822" Z="0"/>
					<Vertex X="17513" Y="27698" Z="0"/>
					<Vertex X="17451" Y="27636" Z="0"/>
					<Vertex X="17140" Y="27387" Z="0"/>
					<Vertex X="16705" Y="27015" Z="0"/>
					<Vertex X="16147" Y="26518" Z="0"/>
					<Vertex X="15712" Y="26083" Z="0"/>
					<Vertex X="15153" Y="25586" Z="0"/>
					<Vertex X="14656" Y="25152" Z="0"/>
					<Vertex X="14408" Y="24965" Z="0"/>
					<Vertex X="13849" Y="24469" Z="0"/>
					<Vertex X="13600" Y="24282" Z="0"/>
					<Vertex X="13476" Y="24158" Z="0"/>
					<Vertex X="13352" Y="24034" Z="0"/>
					<Vertex X="13228" Y="23910" Z="0"/>
					<Vertex X="13103" Y="23785" Z="0"/>
					<Vertex X="13041" Y="23785" Z="0"/>
					<Vertex X="12979" Y="23723" Z="0"/>
					<Vertex X="12917" Y="23661" Z="0"/>
					<Vertex X="12855" Y="23661" Z="0"/>
					<Vertex X="12793" Y="23661" Z="0"/>
					<Vertex X="12731" Y="23599" Z="0"/>
					<Vertex X="12669" Y="23537" Z="0"/>
					<Vertex X="12669" Y="23475" Z="0"/>
					<Vertex X="12482" Y="23289" Z="0"/>
					<Vertex X="12545" Y="23227" Z="0"/>
					<Vertex X="12545" Y="22978" Z="0"/>
					<Vertex X="12482" Y="22792" Z="0"/>
					<Vertex X="12482" Y="22543" Z="0"/>
					<Vertex X="12482" Y="22233" Z="0"/>
					<Vertex X="12296" Y="21798" Z="0"/>
					<Vertex X="12420" Y="21736" Z="0"/>
					<Vertex X="12420" Y="21550" Z="0"/>
					<Vertex X="12420" Y="21363" Z="0"/>
					<Vertex X="12420" Y="21301" Z="0"/>
					<Vertex X="12420" Y="21177" Z="0"/>
					<Vertex X="12482" Y="21115" Z="0"/>
					<Vertex X="12545" Y="20991" Z="0"/>
					<Vertex X="12482" Y="20680" Z="0"/>
					<Vertex X="12731" Y="20680" Z="0"/>
					<Vertex X="12607" Y="20494" Z="0"/>
					<Vertex X="12917" Y="20370" Z="0"/>
					<Vertex X="12979" Y="20308" Z="0"/>
					<Vertex X="13166" Y="19997" Z="0"/>
					<Vertex X="13290" Y="19811" Z="0"/>
					<Vertex X="13290" Y="19438" Z="0"/>
					<Vertex X="13476" Y="19190" Z="0"/>
					<Vertex X="13662" Y="19128" Z="0"/>
					<Vertex X="13849" Y="18879" Z="0"/>
					<Vertex X="13911" Y="18693" Z="0"/>
					<Vertex X="13911" Y="18382" Z="0"/>
					<Vertex X="14159" Y="18258" Z="0"/>
					<Vertex X="14097" Y="18010" Z="0"/>
					<Vertex X="14283" Y="17948" Z="0"/>
					<Vertex X="14346" Y="17824" Z="0"/>
					<Vertex X="14346" Y="17761" Z="0"/>
					<Vertex X="14470" Y="17637" Z="0"/>
					<Vertex X="14470" Y="17327" Z="0"/>
					<Vertex X="14656" Y="17265" Z="0"/>
					<Vertex X="14780" Y="17078" Z="0"/>
					<Vertex X="14967" Y="16892" Z="0"/>
					<Vertex X="14904" Y="16644" Z="0"/>
					<Vertex X="15153" Y="16644" Z="0"/>
					<Vertex X="15215" Y="16519" Z="0"/>
					<Vertex X="15339" Y="16271" Z="0"/>
					<Vertex X="15401" Y="16085" Z="0"/>
					<Vertex X="15525" Y="15898" Z="0"/>
					<Vertex X="15650" Y="15650" Z="0"/>
					<Vertex X="15712" Y="15402" Z="0"/>
					<Vertex X="15836" Y="15215" Z="0"/>
					<Vertex X="15898" Y="15091" Z="0"/>
					<Vertex X="15898" Y="15029" Z="0"/>
					<Vertex X="15898" Y="14967" Z="0"/>
					<Vertex X="15960" Y="14656" Z="0"/>
					<Vertex X="16022" Y="14532" Z="0"/>
					<Vertex X="16147" Y="13973" Z="0"/>
					<Vertex X="16271" Y="13601" Z="0"/>
					<Vertex X="16209" Y="13228" Z="0"/>
					<Vertex X="16457" Y="12793" Z="0"/>
					<Vertex X="16519" Y="12607" Z="0"/>
					<Vertex X="16643" Y="12296" Z="0"/>
					<Vertex X="16581" Y="11924" Z="0"/>
					<Vertex X="16768" Y="11862" Z="0"/>
					<Vertex X="16892" Y="11613" Z="0"/>
					<Vertex X="16830" Y="11365" Z="0"/>
					<Vertex X="17016" Y="11303" Z="0"/>
					<Vertex X="16954" Y="11116" Z="0"/>
					<Vertex X="17140" Y="11116" Z="0"/>
					<Vertex X="17202" Y="10992" Z="0"/>
					<Vertex X="17202" Y="10868" Z="0"/>
					<Vertex X="17140" Y="10744" Z="0"/>
					<Vertex X="17202" Y="10620" Z="0"/>
					<Vertex X="17389" Y="10682" Z="0"/>
					<Vertex X="17389" Y="10620" Z="0"/>
					<Vertex X="17451" Y="10558" Z="0"/>
					<Vertex X="17513" Y="10495" Z="0"/>
					<Vertex X="17575" Y="10433" Z="0"/>
					<Vertex X="17451" Y="10309" Z="0"/>
					<Vertex X="17637" Y="10371" Z="0"/>
					<Vertex X="17699" Y="10371" Z="0"/>
					<Vertex X="17761" Y="10371" Z="0"/>
					<Vertex X="17761" Y="10309" Z="0"/>
					<Vertex X="17637" Y="10185" Z="0"/>
					<Vertex X="17823" Y="10309" Z="0"/>
					<Vertex X="17885" Y="10309" Z="0"/>
					<Vertex X="17948" Y="10309" Z="0"/>
					<Vertex X="17948" Y="10247" Z="0"/>
					<Vertex X="18010" Y="10247" Z="0"/>
					<Vertex X="18072" Y="10247" Z="0"/>
					<Vertex X="18134" Y="10185" Z="0"/>
					<Vertex X="18010" Y="10061" Z="0"/>
					<Vertex X="18134" Y="10185" Z="0"/>
					<Vertex X="18196" Y="10185" Z="0"/>
					<Vertex X="18072" Y="10061" Z="0"/>
					<Vertex X="18258" Y="10061" Z="0"/>
				</Vertices>
			</Region>
			<Region Id="2" Type="0" Zoom="0.015974" Selected="1" ImageLocation="" ImageFocus="-1" Length="44550.0" Area="96663969.0" LengthMicrons="11226.6" AreaMicrons="6138548.9" Text="" NegativeROA="0" InputRegionId="0" Analyze="1" DisplayId="2">
				<Attributes/>
				<Vertices>
					<Vertex X="23661" Y="6707" Z="0"/>
					<Vertex X="23661" Y="6459" Z="0"/>
					<Vertex X="23910" Y="6397" Z="0"/>
					<Vertex X="24034" Y="6273" Z="0"/>
					<Vertex X="24158" Y="6086" Z="0"/>
					<Vertex X="24282" Y="5962" Z="0"/>
					<Vertex X="24469" Y="5838" Z="0"/>
					<Vertex X="24655" Y="5651" Z="0"/>
					<Vertex X="24903" Y="5527" Z="0"/>
					<Vertex X="25090" Y="5403" Z="0"/>
					<Vertex X="25214" Y="5403" Z="0"/>
					<Vertex X="25152" Y="5155" Z="0"/>
					<Vertex X="25649" Y="5155" Z="0"/>
					<Vertex X="25835" Y="5030" Z="0"/>
					<Vertex X="26021" Y="4968" Z="0"/>
					<Vertex X="26207" Y="4906" Z="0"/>
					<Vertex X="26394" Y="4782" Z="0"/>
					<Vertex X="26580" Y="4782" Z="0"/>
					<Vertex X="26580" Y="4658" Z="0"/>
					<Vertex X="26891" Y="4720" Z="0"/>
					<Vertex X="27077" Y="4658" Z="0"/>
					<Vertex X="27263" Y="4658" Z="0"/>
					<Vertex X="27449" Y="4596" Z="0"/>
					<Vertex X="27636" Y="4596" Z="0"/>
					<Vertex X="27760" Y="4596" Z="0"/>
					<Vertex X="27946" Y="4534" Z="0"/>
					<Vertex X="27946" Y="4409" Z="0"/>
					<Vertex X="28319" Y="4534" Z="0"/>
					<Vertex X="28692" Y="4534" Z="0"/>
					<Vertex X="28878" Y="4534" Z="0"/>
					<Vertex X="29002" Y="4534" Z="0"/>
					<Vertex X="29313" Y="4534" Z="0"/>
					<Vertex X="29375" Y="4596" Z="0"/>
					<Vertex X="29561" Y="4596" Z="0"/>
					<Vertex X="29809" Y="4658" Z="0"/>
					<Vertex X="29996" Y="4720" Z="0"/>
					<Vertex X="30244" Y="4782" Z="0"/>
					<Vertex X="30493" Y="4906" Z="0"/>
					<Vertex X="30803" Y="5030" Z="0"/>
					<Vertex X="30865" Y="5030" Z="0"/>
					<Vertex X="31176" Y="5155" Z="0"/>
					<Vertex X="31362" Y="5279" Z="0"/>
					<Vertex X="31610" Y="5403" Z="0"/>
					<Vertex X="31673" Y="5341" Z="0"/>
					<Vertex X="31983" Y="5589" Z="0"/>
					<Vertex X="32231" Y="5714" Z="0"/>
					<Vertex X="32418" Y="5838" Z="0"/>
					<Vertex X="32666" Y="5962" Z="0"/>
					<Vertex X="32790" Y="5962" Z="0"/>
					<Vertex X="32977" Y="6024" Z="0"/>
					<Vertex X="33536" Y="6397" Z="0"/>
					<Vertex X="33660" Y="6459" Z="0"/>
					<Vertex X="34032" Y="6583" Z="0"/>
					<Vertex X="34219" Y="6707" Z="0"/>
					<Vertex X="34716" Y="6956" Z="0"/>
					<Vertex X="35026" Y="7018" Z="0"/>
					<Vertex X="35337" Y="7142" Z="0"/>
					<Vertex X="35833" Y="7452" Z="0"/>
					<Vertex X="36206" Y="7577" Z="0"/>
					<Vertex X="36454" Y="7701" Z="0"/>
					<Vertex X="36765" Y="7825" Z="0"/>
					<Vertex X="36889" Y="7887" Z="0"/>
					<Vertex X="37013" Y="7887" Z="0"/>
					<Vertex X="37138" Y="8011" Z="0"/>
					<Vertex X="37138" Y="7949" Z="0"/>
					<Vertex X="37138" Y="7949" Z="0"/>
					<Vertex X="37324" Y="8074" Z="0"/>
					<Vertex X="37448" Y="8198" Z="0"/>
					<Vertex X="37572" Y="8260" Z="0"/>
					<Vertex X="38007" Y="8570" Z="0"/>
					<Vertex X="38380" Y="8881" Z="0"/>
					<Vertex X="38690" Y="9129" Z="0"/>
					<Vertex X="39249" Y="9688" Z="0"/>
					<Vertex X="39311" Y="9688" Z="0"/>
					<Vertex X="39746" Y="10061" Z="0"/>
					<Vertex X="40119" Y="10496" Z="0"/>
					<Vertex X="40243" Y="10620" Z="0"/>
					<Vertex X="40367" Y="10806" Z="0"/>
					<Vertex X="40491" Y="10992" Z="0"/>
					<Vertex X="40553" Y="11179" Z="0"/>
					<Vertex X="40615" Y="11365" Z="0"/>
					<Vertex X="40677" Y="11675" Z="0"/>
					<Vertex X="40802" Y="11986" Z="0"/>
					<Vertex X="40802" Y="12110" Z="0"/>
					<Vertex X="40802" Y="12297" Z="0"/>
					<Vertex X="40802" Y="12421" Z="0"/>
					<Vertex X="40802" Y="12545" Z="0"/>
					<Vertex X="40802" Y="12669" Z="0"/>
					<Vertex X="40677" Y="12731" Z="0"/>
					<Vertex X="40740" Y="12980" Z="0"/>
					<Vertex X="40677" Y="13166" Z="0"/>
					<Vertex X="40553" Y="13290" Z="0"/>
					<Vertex X="40553" Y="13352" Z="0"/>
					<Vertex X="40429" Y="13539" Z="0"/>
					<Vertex X="40305" Y="13663" Z="0"/>
					<Vertex X="40181" Y="13787" Z="0"/>
					<Vertex X="39994" Y="13911" Z="0"/>
					<Vertex X="39808" Y="14035" Z="0"/>
					<Vertex X="39560" Y="14222" Z="0"/>
					<Vertex X="39311" Y="14222" Z="0"/>
					<Vertex X="39125" Y="14346" Z="0"/>
					<Vertex X="39001" Y="14594" Z="0"/>
					<Vertex X="38939" Y="14594" Z="0"/>
					<Vertex X="38752" Y="14719" Z="0"/>
					<Vertex X="38504" Y="14843" Z="0"/>
					<Vertex X="38255" Y="14905" Z="0"/>
					<Vertex X="38007" Y="15029" Z="0"/>
					<Vertex X="37696" Y="15091" Z="0"/>
					<Vertex X="37510" Y="15091" Z="0"/>
					<Vertex X="37262" Y="15153" Z="0"/>
					<Vertex X="37075" Y="15153" Z="0"/>
					<Vertex X="36889" Y="15153" Z="0"/>
					<Vertex X="36765" Y="15153" Z="0"/>
					<Vertex X="36579" Y="15153" Z="0"/>
					<Vertex X="36330" Y="15153" Z="0"/>
					<Vertex X="36144" Y="15091" Z="0"/>
					<Vertex X="35958" Y="15029" Z="0"/>
					<Vertex X="35771" Y="14967" Z="0"/>
					<Vertex X="35647" Y="14967" Z="0"/>
					<Vertex X="35461" Y="14843" Z="0"/>
					<Vertex X="35212" Y="14719" Z="0"/>
					<Vertex X="34902" Y="14532" Z="0"/>
					<Vertex X="34716" Y="14346" Z="0"/>
					<Vertex X="34281" Y="14035" Z="0"/>
					<Vertex X="34157" Y="13911" Z="0"/>
					<Vertex X="33908" Y="13663" Z="0"/>
					<Vertex X="33784" Y="13539" Z="0"/>
					<Vertex X="33473" Y="13228" Z="0"/>
					<Vertex X="33225" Y="12980" Z="0"/>
					<Vertex X="33163" Y="12918" Z="0"/>
					<Vertex X="33039" Y="12855" Z="0"/>
					<Vertex X="32728" Y="12669" Z="0"/>
					<Vertex X="32542" Y="12545" Z="0"/>
					<Vertex X="32418" Y="12545" Z="0"/>
					<Vertex X="32231" Y="12421" Z="0"/>
					<Vertex X="32045" Y="12359" Z="0"/>
					<Vertex X="31859" Y="12297" Z="0"/>
					<Vertex X="31673" Y="12234" Z="0"/>
					<Vertex X="31486" Y="12234" Z="0"/>
					<Vertex X="31362" Y="12172" Z="0"/>
					<Vertex X="31238" Y="12110" Z="0"/>
					<Vertex X="31114" Y="12110" Z="0"/>
					<Vertex X="30927" Y="12048" Z="0"/>
					<Vertex X="30741" Y="11924" Z="0"/>
					<Vertex X="30555" Y="11862" Z="0"/>
					<Vertex X="30244" Y="11675" Z="0"/>
					<Vertex X="30182" Y="11675" Z="0"/>
					<Vertex X="29996" Y="11613" Z="0"/>
					<Vertex X="29809" Y="11489" Z="0"/>
					<Vertex X="29623" Y="11365" Z="0"/>
					<Vertex X="29437" Y="11241" Z="0"/>
					<Vertex X="29375" Y="11179" Z="0"/>
					<Vertex X="29188" Y="11054" Z="0"/>
					<Vertex X="29002" Y="10868" Z="0"/>
					<Vertex X="28816" Y="10682" Z="0"/>
					<Vertex X="28505" Y="10371" Z="0"/>
					<Vertex X="28505" Y="10309" Z="0"/>
					<Vertex X="28257" Y="10185" Z="0"/>
					<Vertex X="28071" Y="9937" Z="0"/>
					<Vertex X="28008" Y="9937" Z="0"/>
					<Vertex X="27822" Y="9812" Z="0"/>
					<Vertex X="27574" Y="9564" Z="0"/>
					<Vertex X="27387" Y="9502" Z="0"/>
					<Vertex X="27263" Y="9440" Z="0"/>
					<Vertex X="27015" Y="9316" Z="0"/>
					<Vertex X="26766" Y="9253" Z="0"/>
					<Vertex X="26580" Y="9191" Z="0"/>
					<Vertex X="26270" Y="9005" Z="0"/>
					<Vertex X="26083" Y="8943" Z="0"/>
					<Vertex X="25835" Y="8757" Z="0"/>
					<Vertex X="25773" Y="8819" Z="0"/>
					<Vertex X="25711" Y="8819" Z="0"/>
					<Vertex X="25524" Y="8695" Z="0"/>
					<Vertex X="25462" Y="8695" Z="0"/>
					<Vertex X="25338" Y="8632" Z="0"/>
					<Vertex X="25214" Y="8570" Z="0"/>
					<Vertex X="25152" Y="8508" Z="0"/>
					<Vertex X="24965" Y="8384" Z="0"/>
					<Vertex X="24903" Y="8322" Z="0"/>
					<Vertex X="24779" Y="8260" Z="0"/>
					<Vertex X="24717" Y="8198" Z="0"/>
					<Vertex X="24717" Y="8136" Z="0"/>
					<Vertex X="24717" Y="8074" Z="0"/>
					<Vertex X="24655" Y="8011" Z="0"/>
					<Vertex X="24593" Y="7949" Z="0"/>
					<Vertex X="24593" Y="7887" Z="0"/>
					<Vertex X="24593" Y="7825" Z="0"/>
					<Vertex X="24531" Y="7825" Z="0"/>
					<Vertex X="24406" Y="7825" Z="0"/>
					<Vertex X="24282" Y="7763" Z="0"/>
					<Vertex X="24158" Y="7701" Z="0"/>
					<Vertex X="24096" Y="7577" Z="0"/>
					<Vertex X="24034" Y="7577" Z="0"/>
					<Vertex X="23972" Y="7515" Z="0"/>
					<Vertex X="23910" Y="7452" Z="0"/>
					<Vertex X="23848" Y="7390" Z="0"/>
					<Vertex X="23848" Y="7328" Z="0"/>
					<Vertex X="23848" Y="7266" Z="0"/>
					<Vertex X="23785" Y="7204" Z="0"/>
					<Vertex X="23723" Y="7142" Z="0"/>
					<Vertex X="23661" Y="7080" Z="0"/>
					<Vertex X="23661" Y="7018" Z="0"/>
					<Vertex X="23661" Y="6956" Z="0"/>
					<Vertex X="23475" Y="6831" Z="0"/>
					<Vertex X="23599" Y="6894" Z="0"/>
					<Vertex X="23537" Y="6894" Z="0"/>
					<Vertex X="23537" Y="6831" Z="0"/>
					<Vertex X="23413" Y="6707" Z="0"/>
					<Vertex X="23661" Y="6707" Z="0"/>
				</Vertices>
			</Region>
		</Regions>
		<Plots/>
	</Annotation>
</Annotations>
