<Annotations MicronsPerPixel="0.252700">
	<Annotation Id="1" Name="" ReadOnly="0" NameReadOnly="0" LineColorReadOnly="0" Incremental="0" Type="4" LineColor="65535" Visible="1" Selected="1" MarkupImagePath="" MacroName="">
		<Attributes/>
		<Regions>
			<RegionAttributeHeaders/>
			<Region Id="1" Type="0" Zoom="0.008077" Selected="1" ImageLocation="" ImageFocus="-1" Length="255780.7" Area="3410580616.5" LengthMicrons="64635.8" AreaMicrons="217790437.2" Text="" NegativeROA="0" InputRegionId="0" Analyze="1" DisplayId="1">
				<Attributes/>
				<Vertices>
					<Vertex X="30866" Y="20210" Z="0"/>
					<Vertex X="30988" Y="20088" Z="0"/>
					<Vertex X="31233" Y="19965" Z="0"/>
					<Vertex X="31601" Y="19720" Z="0"/>
					<Vertex X="31846" Y="19231" Z="0"/>
					<Vertex X="32458" Y="19231" Z="0"/>
					<Vertex X="33193" Y="18863" Z="0"/>
					<Vertex X="33683" Y="18373" Z="0"/>
					<Vertex X="34418" Y="18496" Z="0"/>
					<Vertex X="35520" Y="17883" Z="0"/>
					<Vertex X="36745" Y="17883" Z="0"/>
					<Vertex X="37847" Y="17638" Z="0"/>
					<Vertex X="38460" Y="17393" Z="0"/>
					<Vertex X="39072" Y="17271" Z="0"/>
					<Vertex X="40052" Y="17026" Z="0"/>
					<Vertex X="40420" Y="17026" Z="0"/>
					<Vertex X="40909" Y="16903" Z="0"/>
					<Vertex X="41767" Y="16903" Z="0"/>
					<Vertex X="42012" Y="16903" Z="0"/>
					<Vertex X="42992" Y="16903" Z="0"/>
					<Vertex X="43359" Y="16903" Z="0"/>
					<Vertex X="43727" Y="16658" Z="0"/>
					<Vertex X="44217" Y="16903" Z="0"/>
					<Vertex X="45074" Y="17026" Z="0"/>
					<Vertex X="45686" Y="17148" Z="0"/>
					<Vertex X="46054" Y="17271" Z="0"/>
					<Vertex X="47034" Y="17516" Z="0"/>
					<Vertex X="47401" Y="17638" Z="0"/>
					<Vertex X="47646" Y="17638" Z="0"/>
					<Vertex X="48504" Y="18006" Z="0"/>
					<Vertex X="49116" Y="18251" Z="0"/>
					<Vertex X="49851" Y="18618" Z="0"/>
					<Vertex X="50463" Y="19108" Z="0"/>
					<Vertex X="50586" Y="18986" Z="0"/>
					<Vertex X="50953" Y="19353" Z="0"/>
					<Vertex X="50831" Y="19231" Z="0"/>
					<Vertex X="51198" Y="19476" Z="0"/>
					<Vertex X="51811" Y="19843" Z="0"/>
					<Vertex X="51933" Y="19965" Z="0"/>
					<Vertex X="52423" Y="20333" Z="0"/>
					<Vertex X="53280" Y="21068" Z="0"/>
					<Vertex X="53648" Y="21313" Z="0"/>
					<Vertex X="54015" Y="21680" Z="0"/>
					<Vertex X="54628" Y="22293" Z="0"/>
					<Vertex X="54995" Y="22660" Z="0"/>
					<Vertex X="55853" Y="23518" Z="0"/>
					<Vertex X="55975" Y="23640" Z="0"/>
					<Vertex X="56220" Y="23885" Z="0"/>
					<Vertex X="56343" Y="24007" Z="0"/>
					<Vertex X="56833" Y="24497" Z="0"/>
					<Vertex X="56955" Y="24620" Z="0"/>
					<Vertex X="57445" Y="25110" Z="0"/>
					<Vertex X="57690" Y="25355" Z="0"/>
					<Vertex X="57935" Y="25600" Z="0"/>
					<Vertex X="58180" Y="25845" Z="0"/>
					<Vertex X="58302" Y="25967" Z="0"/>
					<Vertex X="58547" Y="26090" Z="0"/>
					<Vertex X="58915" Y="26335" Z="0"/>
					<Vertex X="59282" Y="26580" Z="0"/>
					<Vertex X="59405" Y="26580" Z="0"/>
					<Vertex X="59895" Y="26825" Z="0"/>
					<Vertex X="60262" Y="26825" Z="0"/>
					<Vertex X="60385" Y="26947" Z="0"/>
					<Vertex X="60875" Y="27070" Z="0"/>
					<Vertex X="61364" Y="27070" Z="0"/>
					<Vertex X="61854" Y="27192" Z="0"/>
					<Vertex X="62099" Y="27315" Z="0"/>
					<Vertex X="62589" Y="27437" Z="0"/>
					<Vertex X="62589" Y="27192" Z="0"/>
					<Vertex X="63079" Y="27437" Z="0"/>
					<Vertex X="63079" Y="27315" Z="0"/>
					<Vertex X="63814" Y="27682" Z="0"/>
					<Vertex X="63937" Y="27682" Z="0"/>
					<Vertex X="64427" Y="27927" Z="0"/>
					<Vertex X="64794" Y="28049" Z="0"/>
					<Vertex X="65039" Y="28049" Z="0"/>
					<Vertex X="65406" Y="28294" Z="0"/>
					<Vertex X="65529" Y="28049" Z="0"/>
					<Vertex X="66509" Y="28417" Z="0"/>
					<Vertex X="67856" Y="28784" Z="0"/>
					<Vertex X="68346" Y="28907" Z="0"/>
					<Vertex X="70061" Y="29397" Z="0"/>
					<Vertex X="70551" Y="29519" Z="0"/>
					<Vertex X="71286" Y="29642" Z="0"/>
					<Vertex X="72143" Y="29887" Z="0"/>
					<Vertex X="73001" Y="30009" Z="0"/>
					<Vertex X="73980" Y="30009" Z="0"/>
					<Vertex X="74348" Y="30009" Z="0"/>
					<Vertex X="74593" Y="30009" Z="0"/>
					<Vertex X="75083" Y="30009" Z="0"/>
					<Vertex X="75450" Y="29642" Z="0"/>
					<Vertex X="76185" Y="29642" Z="0"/>
					<Vertex X="76798" Y="29519" Z="0"/>
					<Vertex X="77288" Y="29519" Z="0"/>
					<Vertex X="77165" Y="29152" Z="0"/>
					<Vertex X="78022" Y="29397" Z="0"/>
					<Vertex X="78022" Y="29029" Z="0"/>
					<Vertex X="78635" Y="29274" Z="0"/>
					<Vertex X="79002" Y="29274" Z="0"/>
					<Vertex X="79370" Y="29274" Z="0"/>
					<Vertex X="79982" Y="29274" Z="0"/>
					<Vertex X="80227" Y="29274" Z="0"/>
					<Vertex X="80472" Y="29029" Z="0"/>
					<Vertex X="80840" Y="29152" Z="0"/>
					<Vertex X="81330" Y="29152" Z="0"/>
					<Vertex X="81452" Y="29152" Z="0"/>
					<Vertex X="81574" Y="29029" Z="0"/>
					<Vertex X="81697" Y="29029" Z="0"/>
					<Vertex X="81819" Y="29029" Z="0"/>
					<Vertex X="82064" Y="29029" Z="0"/>
					<Vertex X="82432" Y="29152" Z="0"/>
					<Vertex X="82677" Y="29152" Z="0"/>
					<Vertex X="84147" Y="30132" Z="0"/>
					<Vertex X="84637" Y="30499" Z="0"/>
					<Vertex X="85616" Y="31234" Z="0"/>
					<Vertex X="86474" Y="31969" Z="0"/>
					<Vertex X="86841" Y="32336" Z="0"/>
					<Vertex X="87576" Y="32949" Z="0"/>
					<Vertex X="88679" Y="33929" Z="0"/>
					<Vertex X="89414" Y="34419" Z="0"/>
					<Vertex X="90026" Y="34786" Z="0"/>
					<Vertex X="90516" Y="35031" Z="0"/>
					<Vertex X="91006" Y="35521" Z="0"/>
					<Vertex X="91986" Y="36133" Z="0"/>
					<Vertex X="92108" Y="36256" Z="0"/>
					<Vertex X="93088" Y="36868" Z="0"/>
					<Vertex X="93211" Y="36991" Z="0"/>
					<Vertex X="93823" Y="37236" Z="0"/>
					<Vertex X="94190" Y="37481" Z="0"/>
					<Vertex X="94313" Y="37603" Z="0"/>
					<Vertex X="94680" Y="37726" Z="0"/>
					<Vertex X="94803" Y="37726" Z="0"/>
					<Vertex X="95293" Y="38093" Z="0"/>
					<Vertex X="95660" Y="38338" Z="0"/>
					<Vertex X="96273" Y="38951" Z="0"/>
					<Vertex X="97253" Y="39930" Z="0"/>
					<Vertex X="99090" Y="41523" Z="0"/>
					<Vertex X="99457" Y="41890" Z="0"/>
					<Vertex X="100805" Y="43238" Z="0"/>
					<Vertex X="102519" Y="45075" Z="0"/>
					<Vertex X="102887" Y="45565" Z="0"/>
					<Vertex X="103867" Y="46912" Z="0"/>
					<Vertex X="104969" Y="48259" Z="0"/>
					<Vertex X="105337" Y="48627" Z="0"/>
					<Vertex X="105704" Y="49729" Z="0"/>
					<Vertex X="106194" Y="50342" Z="0"/>
					<Vertex X="106439" Y="50709" Z="0"/>
					<Vertex X="106806" Y="51199" Z="0"/>
					<Vertex X="106806" Y="51199" Z="0"/>
					<Vertex X="107174" Y="51689" Z="0"/>
					<Vertex X="107419" Y="52179" Z="0"/>
					<Vertex X="107786" Y="52546" Z="0"/>
					<Vertex X="108276" Y="53404" Z="0"/>
					<Vertex X="108766" Y="54506" Z="0"/>
					<Vertex X="108889" Y="54874" Z="0"/>
					<Vertex X="109256" Y="55854" Z="0"/>
					<Vertex X="109379" Y="56588" Z="0"/>
					<Vertex X="109624" Y="57323" Z="0"/>
					<Vertex X="109746" Y="57691" Z="0"/>
					<Vertex X="109868" Y="58548" Z="0"/>
					<Vertex X="109991" Y="58916" Z="0"/>
					<Vertex X="110113" Y="59406" Z="0"/>
					<Vertex X="110236" Y="60141" Z="0"/>
					<Vertex X="110358" Y="60385" Z="0"/>
					<Vertex X="110358" Y="60875" Z="0"/>
					<Vertex X="110481" Y="60998" Z="0"/>
					<Vertex X="110603" Y="61488" Z="0"/>
					<Vertex X="110603" Y="61733" Z="0"/>
					<Vertex X="110726" Y="62223" Z="0"/>
					<Vertex X="110726" Y="62345" Z="0"/>
					<Vertex X="110848" Y="62713" Z="0"/>
					<Vertex X="110971" Y="62958" Z="0"/>
					<Vertex X="110848" Y="62958" Z="0"/>
					<Vertex X="111216" Y="63325" Z="0"/>
					<Vertex X="111216" Y="64060" Z="0"/>
					<Vertex X="111216" Y="64427" Z="0"/>
					<Vertex X="111216" Y="64795" Z="0"/>
					<Vertex X="111216" Y="65407" Z="0"/>
					<Vertex X="111338" Y="66387" Z="0"/>
					<Vertex X="111461" Y="67122" Z="0"/>
					<Vertex X="111583" Y="67980" Z="0"/>
					<Vertex X="111706" Y="68592" Z="0"/>
					<Vertex X="111461" Y="68714" Z="0"/>
					<Vertex X="111828" Y="69939" Z="0"/>
					<Vertex X="111951" Y="70184" Z="0"/>
					<Vertex X="111951" Y="70674" Z="0"/>
					<Vertex X="112073" Y="71042" Z="0"/>
					<Vertex X="112196" Y="71409" Z="0"/>
					<Vertex X="111951" Y="71409" Z="0"/>
					<Vertex X="112318" Y="72267" Z="0"/>
					<Vertex X="112318" Y="72511" Z="0"/>
					<Vertex X="112196" Y="73001" Z="0"/>
					<Vertex X="112441" Y="73491" Z="0"/>
					<Vertex X="112196" Y="73491" Z="0"/>
					<Vertex X="112441" Y="74104" Z="0"/>
					<Vertex X="112196" Y="74104" Z="0"/>
					<Vertex X="112441" Y="74716" Z="0"/>
					<Vertex X="112441" Y="74839" Z="0"/>
					<Vertex X="112441" Y="75329" Z="0"/>
					<Vertex X="112196" Y="75329" Z="0"/>
					<Vertex X="112318" Y="75941" Z="0"/>
					<Vertex X="112196" Y="76186" Z="0"/>
					<Vertex X="112196" Y="76431" Z="0"/>
					<Vertex X="112073" Y="76676" Z="0"/>
					<Vertex X="112073" Y="76921" Z="0"/>
					<Vertex X="112073" Y="77288" Z="0"/>
					<Vertex X="111951" Y="77288" Z="0"/>
					<Vertex X="111706" Y="77288" Z="0"/>
					<Vertex X="111828" Y="77656" Z="0"/>
					<Vertex X="111828" Y="77901" Z="0"/>
					<Vertex X="111828" Y="78146" Z="0"/>
					<Vertex X="111828" Y="78758" Z="0"/>
					<Vertex X="111828" Y="79003" Z="0"/>
					<Vertex X="111583" Y="79248" Z="0"/>
					<Vertex X="111828" Y="79861" Z="0"/>
					<Vertex X="111828" Y="80840" Z="0"/>
					<Vertex X="111828" Y="81330" Z="0"/>
					<Vertex X="111828" Y="81575" Z="0"/>
					<Vertex X="111461" Y="81943" Z="0"/>
					<Vertex X="111706" Y="82433" Z="0"/>
					<Vertex X="111583" Y="82800" Z="0"/>
					<Vertex X="111338" Y="82800" Z="0"/>
					<Vertex X="111216" Y="83290" Z="0"/>
					<Vertex X="111093" Y="83535" Z="0"/>
					<Vertex X="111338" Y="83903" Z="0"/>
					<Vertex X="111216" Y="84148" Z="0"/>
					<Vertex X="110848" Y="84025" Z="0"/>
					<Vertex X="111093" Y="84515" Z="0"/>
					<Vertex X="110726" Y="84515" Z="0"/>
					<Vertex X="110848" Y="85127" Z="0"/>
					<Vertex X="110726" Y="85372" Z="0"/>
					<Vertex X="110726" Y="85617" Z="0"/>
					<Vertex X="110603" Y="85862" Z="0"/>
					<Vertex X="110358" Y="85740" Z="0"/>
					<Vertex X="110358" Y="86107" Z="0"/>
					<Vertex X="110113" Y="85985" Z="0"/>
					<Vertex X="110236" Y="86352" Z="0"/>
					<Vertex X="110113" Y="86475" Z="0"/>
					<Vertex X="109991" Y="86597" Z="0"/>
					<Vertex X="109868" Y="86720" Z="0"/>
					<Vertex X="109501" Y="86842" Z="0"/>
					<Vertex X="108766" Y="86842" Z="0"/>
					<Vertex X="108766" Y="87087" Z="0"/>
					<Vertex X="108276" Y="87332" Z="0"/>
					<Vertex X="107909" Y="87332" Z="0"/>
					<Vertex X="107419" Y="87455" Z="0"/>
					<Vertex X="106929" Y="87577" Z="0"/>
					<Vertex X="106194" Y="87700" Z="0"/>
					<Vertex X="105826" Y="87700" Z="0"/>
					<Vertex X="105337" Y="87822" Z="0"/>
					<Vertex X="104479" Y="87945" Z="0"/>
					<Vertex X="104234" Y="87945" Z="0"/>
					<Vertex X="103622" Y="87945" Z="0"/>
					<Vertex X="103009" Y="87945" Z="0"/>
					<Vertex X="102519" Y="87700" Z="0"/>
					<Vertex X="102152" Y="87945" Z="0"/>
					<Vertex X="101417" Y="87945" Z="0"/>
					<Vertex X="100927" Y="87945" Z="0"/>
					<Vertex X="100682" Y="87945" Z="0"/>
					<Vertex X="100437" Y="87945" Z="0"/>
					<Vertex X="99702" Y="87945" Z="0"/>
					<Vertex X="99212" Y="88067" Z="0"/>
					<Vertex X="98722" Y="88067" Z="0"/>
					<Vertex X="98355" Y="88067" Z="0"/>
					<Vertex X="97742" Y="88067" Z="0"/>
					<Vertex X="97375" Y="88067" Z="0"/>
					<Vertex X="96885" Y="88067" Z="0"/>
					<Vertex X="96640" Y="88067" Z="0"/>
					<Vertex X="96028" Y="88067" Z="0"/>
					<Vertex X="95783" Y="88067" Z="0"/>
					<Vertex X="95293" Y="88067" Z="0"/>
					<Vertex X="94803" Y="87945" Z="0"/>
					<Vertex X="93945" Y="87577" Z="0"/>
					<Vertex X="93578" Y="87455" Z="0"/>
					<Vertex X="93456" Y="87332" Z="0"/>
					<Vertex X="93088" Y="87087" Z="0"/>
					<Vertex X="92721" Y="86842" Z="0"/>
					<Vertex X="92353" Y="86720" Z="0"/>
					<Vertex X="92108" Y="86475" Z="0"/>
					<Vertex X="91618" Y="86230" Z="0"/>
					<Vertex X="91251" Y="85985" Z="0"/>
					<Vertex X="91006" Y="85862" Z="0"/>
					<Vertex X="90638" Y="85617" Z="0"/>
					<Vertex X="90271" Y="85372" Z="0"/>
					<Vertex X="89781" Y="85005" Z="0"/>
					<Vertex X="89658" Y="84760" Z="0"/>
					<Vertex X="89291" Y="84637" Z="0"/>
					<Vertex X="88679" Y="84270" Z="0"/>
					<Vertex X="88556" Y="84148" Z="0"/>
					<Vertex X="88311" Y="84025" Z="0"/>
					<Vertex X="87699" Y="83535" Z="0"/>
					<Vertex X="87576" Y="83413" Z="0"/>
					<Vertex X="87209" Y="83168" Z="0"/>
					<Vertex X="86841" Y="82923" Z="0"/>
					<Vertex X="86596" Y="82800" Z="0"/>
					<Vertex X="86474" Y="82800" Z="0"/>
					<Vertex X="85984" Y="82555" Z="0"/>
					<Vertex X="85494" Y="82555" Z="0"/>
					<Vertex X="84637" Y="82188" Z="0"/>
					<Vertex X="84147" Y="81943" Z="0"/>
					<Vertex X="82554" Y="81330" Z="0"/>
					<Vertex X="82064" Y="81208" Z="0"/>
					<Vertex X="81085" Y="80718" Z="0"/>
					<Vertex X="79860" Y="80228" Z="0"/>
					<Vertex X="79492" Y="80106" Z="0"/>
					<Vertex X="78512" Y="79738" Z="0"/>
					<Vertex X="78267" Y="79616" Z="0"/>
					<Vertex X="77777" Y="79371" Z="0"/>
					<Vertex X="77043" Y="78881" Z="0"/>
					<Vertex X="76798" Y="78758" Z="0"/>
					<Vertex X="76430" Y="78513" Z="0"/>
					<Vertex X="75940" Y="78146" Z="0"/>
					<Vertex X="75818" Y="78146" Z="0"/>
					<Vertex X="75328" Y="77901" Z="0"/>
					<Vertex X="75083" Y="77656" Z="0"/>
					<Vertex X="74593" Y="77411" Z="0"/>
					<Vertex X="73980" Y="77043" Z="0"/>
					<Vertex X="73490" Y="76798" Z="0"/>
					<Vertex X="72633" Y="76309" Z="0"/>
					<Vertex X="72266" Y="76064" Z="0"/>
					<Vertex X="71653" Y="75941" Z="0"/>
					<Vertex X="71408" Y="75819" Z="0"/>
					<Vertex X="70673" Y="75574" Z="0"/>
					<Vertex X="70428" Y="75451" Z="0"/>
					<Vertex X="70061" Y="75329" Z="0"/>
					<Vertex X="69448" Y="75084" Z="0"/>
					<Vertex X="68959" Y="74839" Z="0"/>
					<Vertex X="68469" Y="74471" Z="0"/>
					<Vertex X="68346" Y="74349" Z="0"/>
					<Vertex X="67979" Y="74104" Z="0"/>
					<Vertex X="67489" Y="73859" Z="0"/>
					<Vertex X="67489" Y="73981" Z="0"/>
					<Vertex X="66999" Y="73859" Z="0"/>
					<Vertex X="66509" Y="73736" Z="0"/>
					<Vertex X="66264" Y="73614" Z="0"/>
					<Vertex X="65039" Y="73246" Z="0"/>
					<Vertex X="64794" Y="73246" Z="0"/>
					<Vertex X="64182" Y="73124" Z="0"/>
					<Vertex X="62957" Y="72879" Z="0"/>
					<Vertex X="62222" Y="72634" Z="0"/>
					<Vertex X="61732" Y="72879" Z="0"/>
					<Vertex X="60875" Y="72756" Z="0"/>
					<Vertex X="60630" Y="72634" Z="0"/>
					<Vertex X="59650" Y="72267" Z="0"/>
					<Vertex X="59405" Y="72267" Z="0"/>
					<Vertex X="59037" Y="72144" Z="0"/>
					<Vertex X="58792" Y="72267" Z="0"/>
					<Vertex X="58057" Y="71899" Z="0"/>
					<Vertex X="57935" Y="72022" Z="0"/>
					<Vertex X="57690" Y="71899" Z="0"/>
					<Vertex X="57077" Y="71532" Z="0"/>
					<Vertex X="56955" Y="71654" Z="0"/>
					<Vertex X="56588" Y="71532" Z="0"/>
					<Vertex X="56098" Y="71287" Z="0"/>
					<Vertex X="55975" Y="71287" Z="0"/>
					<Vertex X="55730" Y="71164" Z="0"/>
					<Vertex X="55485" Y="71042" Z="0"/>
					<Vertex X="55240" Y="71042" Z="0"/>
					<Vertex X="54750" Y="70919" Z="0"/>
					<Vertex X="53403" Y="69939" Z="0"/>
					<Vertex X="52668" Y="69572" Z="0"/>
					<Vertex X="51443" Y="68714" Z="0"/>
					<Vertex X="50953" Y="68347" Z="0"/>
					<Vertex X="50463" Y="68102" Z="0"/>
					<Vertex X="49238" Y="67245" Z="0"/>
					<Vertex X="48993" Y="67367" Z="0"/>
					<Vertex X="48871" Y="67122" Z="0"/>
					<Vertex X="48259" Y="66877" Z="0"/>
					<Vertex X="47891" Y="66755" Z="0"/>
					<Vertex X="47646" Y="66755" Z="0"/>
					<Vertex X="47401" Y="66510" Z="0"/>
					<Vertex X="47034" Y="66265" Z="0"/>
					<Vertex X="46789" Y="66265" Z="0"/>
					<Vertex X="46544" Y="66020" Z="0"/>
					<Vertex X="46176" Y="65775" Z="0"/>
					<Vertex X="46054" Y="65652" Z="0"/>
					<Vertex X="45931" Y="65407" Z="0"/>
					<Vertex X="45686" Y="65162" Z="0"/>
					<Vertex X="45441" Y="64917" Z="0"/>
					<Vertex X="45074" Y="64550" Z="0"/>
					<Vertex X="45074" Y="64305" Z="0"/>
					<Vertex X="44829" Y="64183" Z="0"/>
					<Vertex X="44707" Y="63815" Z="0"/>
					<Vertex X="44217" Y="63080" Z="0"/>
					<Vertex X="44217" Y="62835" Z="0"/>
					<Vertex X="43849" Y="62223" Z="0"/>
					<Vertex X="43849" Y="61978" Z="0"/>
					<Vertex X="43849" Y="61733" Z="0"/>
					<Vertex X="43727" Y="61243" Z="0"/>
					<Vertex X="43604" Y="60875" Z="0"/>
					<Vertex X="43482" Y="60141" Z="0"/>
					<Vertex X="43359" Y="59773" Z="0"/>
					<Vertex X="43359" Y="59528" Z="0"/>
					<Vertex X="43359" Y="58793" Z="0"/>
					<Vertex X="43359" Y="58548" Z="0"/>
					<Vertex X="43359" Y="58181" Z="0"/>
					<Vertex X="43359" Y="57936" Z="0"/>
					<Vertex X="43359" Y="57446" Z="0"/>
					<Vertex X="43359" Y="57201" Z="0"/>
					<Vertex X="43359" Y="57078" Z="0"/>
					<Vertex X="43359" Y="56711" Z="0"/>
					<Vertex X="43359" Y="56466" Z="0"/>
					<Vertex X="43359" Y="56221" Z="0"/>
					<Vertex X="43359" Y="55976" Z="0"/>
					<Vertex X="43359" Y="55731" Z="0"/>
					<Vertex X="43359" Y="55119" Z="0"/>
					<Vertex X="43237" Y="54139" Z="0"/>
					<Vertex X="43114" Y="52791" Z="0"/>
					<Vertex X="43114" Y="52179" Z="0"/>
					<Vertex X="42869" Y="51199" Z="0"/>
					<Vertex X="42624" Y="49974" Z="0"/>
					<Vertex X="42257" Y="49117" Z="0"/>
					<Vertex X="42257" Y="48872" Z="0"/>
					<Vertex X="41767" Y="48014" Z="0"/>
					<Vertex X="41767" Y="47770" Z="0"/>
					<Vertex X="41522" Y="47402" Z="0"/>
					<Vertex X="41399" Y="47157" Z="0"/>
					<Vertex X="40909" Y="46545" Z="0"/>
					<Vertex X="40665" Y="46177" Z="0"/>
					<Vertex X="40542" Y="45932" Z="0"/>
					<Vertex X="40297" Y="45687" Z="0"/>
					<Vertex X="40175" Y="45442" Z="0"/>
					<Vertex X="39930" Y="45320" Z="0"/>
					<Vertex X="39807" Y="45075" Z="0"/>
					<Vertex X="39685" Y="44952" Z="0"/>
					<Vertex X="39562" Y="44952" Z="0"/>
					<Vertex X="39440" Y="44830" Z="0"/>
					<Vertex X="39440" Y="44830" Z="0"/>
					<Vertex X="39317" Y="43972" Z="0"/>
					<Vertex X="39195" Y="43605" Z="0"/>
					<Vertex X="38827" Y="42625" Z="0"/>
					<Vertex X="38460" Y="42013" Z="0"/>
					<Vertex X="38092" Y="41523" Z="0"/>
					<Vertex X="37847" Y="41033" Z="0"/>
					<Vertex X="37357" Y="40298" Z="0"/>
					<Vertex X="37112" Y="39808" Z="0"/>
					<Vertex X="36990" Y="39563" Z="0"/>
					<Vertex X="36623" Y="38951" Z="0"/>
					<Vertex X="36378" Y="38461" Z="0"/>
					<Vertex X="36378" Y="38216" Z="0"/>
					<Vertex X="36010" Y="37358" Z="0"/>
					<Vertex X="36133" Y="37358" Z="0"/>
					<Vertex X="36010" Y="36868" Z="0"/>
					<Vertex X="35888" Y="36501" Z="0"/>
					<Vertex X="35888" Y="36133" Z="0"/>
					<Vertex X="35520" Y="35766" Z="0"/>
					<Vertex X="35765" Y="35766" Z="0"/>
					<Vertex X="35643" Y="35644" Z="0"/>
					<Vertex X="35643" Y="35154" Z="0"/>
					<Vertex X="35643" Y="34909" Z="0"/>
					<Vertex X="35153" Y="33806" Z="0"/>
					<Vertex X="35275" Y="33194" Z="0"/>
					<Vertex X="35153" Y="32704" Z="0"/>
					<Vertex X="34540" Y="31479" Z="0"/>
					<Vertex X="34663" Y="31112" Z="0"/>
					<Vertex X="34540" Y="30622" Z="0"/>
					<Vertex X="34418" Y="30377" Z="0"/>
					<Vertex X="34173" Y="29519" Z="0"/>
					<Vertex X="34050" Y="29152" Z="0"/>
					<Vertex X="33928" Y="28907" Z="0"/>
					<Vertex X="33560" Y="28294" Z="0"/>
					<Vertex X="33683" Y="28294" Z="0"/>
					<Vertex X="33560" Y="27927" Z="0"/>
					<Vertex X="33438" Y="27682" Z="0"/>
					<Vertex X="33315" Y="27192" Z="0"/>
					<Vertex X="33193" Y="26825" Z="0"/>
					<Vertex X="33193" Y="26702" Z="0"/>
					<Vertex X="33070" Y="26457" Z="0"/>
					<Vertex X="33070" Y="26212" Z="0"/>
					<Vertex X="32948" Y="26090" Z="0"/>
					<Vertex X="32948" Y="25967" Z="0"/>
					<Vertex X="32825" Y="25845" Z="0"/>
					<Vertex X="32825" Y="25722" Z="0"/>
					<Vertex X="32703" Y="25600" Z="0"/>
					<Vertex X="32581" Y="25232" Z="0"/>
					<Vertex X="32458" Y="25110" Z="0"/>
					<Vertex X="32458" Y="24987" Z="0"/>
					<Vertex X="32336" Y="24742" Z="0"/>
					<Vertex X="32336" Y="24620" Z="0"/>
					<Vertex X="32213" Y="24497" Z="0"/>
					<Vertex X="32091" Y="24252" Z="0"/>
					<Vertex X="32091" Y="24130" Z="0"/>
					<Vertex X="32091" Y="24007" Z="0"/>
					<Vertex X="32091" Y="23885" Z="0"/>
					<Vertex X="31968" Y="23518" Z="0"/>
					<Vertex X="31968" Y="23273" Z="0"/>
					<Vertex X="31968" Y="22905" Z="0"/>
					<Vertex X="31968" Y="22783" Z="0"/>
					<Vertex X="31846" Y="22783" Z="0"/>
					<Vertex X="31846" Y="22538" Z="0"/>
					<Vertex X="31846" Y="22415" Z="0"/>
					<Vertex X="31846" Y="22293" Z="0"/>
					<Vertex X="31846" Y="22170" Z="0"/>
					<Vertex X="31846" Y="22048" Z="0"/>
					<Vertex X="31846" Y="21925" Z="0"/>
					<Vertex X="31846" Y="21925" Z="0"/>
					<Vertex X="31846" Y="21803" Z="0"/>
					<Vertex X="31723" Y="21680" Z="0"/>
					<Vertex X="31723" Y="21558" Z="0"/>
					<Vertex X="31601" Y="21435" Z="0"/>
					<Vertex X="31478" Y="21313" Z="0"/>
					<Vertex X="31356" Y="21313" Z="0"/>
					<Vertex X="31356" Y="21190" Z="0"/>
					<Vertex X="31233" Y="21190" Z="0"/>
					<Vertex X="31111" Y="21190" Z="0"/>
					<Vertex X="30988" Y="21068" Z="0"/>
					<Vertex X="30743" Y="20823" Z="0"/>
					<Vertex X="30866" Y="20210" Z="0"/>
				</Vertices>
			</Region>
		</Regions>
		<Plots/>
	</Annotation>
</Annotations>
