<Annotations MicronsPerPixel="0.252700">
	<Annotation Id="1" Name="" ReadOnly="0" NameReadOnly="0" LineColorReadOnly="0" Incremental="0" Type="4" LineColor="16776960" Visible="1" Selected="1" MarkupImagePath="" MacroName="">
		<Attributes/>
		<Regions>
			<RegionAttributeHeaders/>
			<Region Id="1" Type="0" Zoom="0.010342" Selected="1" ImageLocation="" ImageFocus="-1" Length="154598.9" Area="1290344434.5" LengthMicrons="39067.1" AreaMicrons="82397899.4" Text="" NegativeROA="0" InputRegionId="0" Analyze="1" DisplayId="1">
				<Attributes/>
				<Vertices>
					<Vertex X="49552" Y="23915" Z="0"/>
					<Vertex X="49647" Y="23915" Z="0"/>
					<Vertex X="49743" Y="23819" Z="0"/>
					<Vertex X="50030" Y="23723" Z="0"/>
					<Vertex X="50221" Y="23532" Z="0"/>
					<Vertex X="50317" Y="23436" Z="0"/>
					<Vertex X="50317" Y="23054" Z="0"/>
					<Vertex X="50604" Y="23149" Z="0"/>
					<Vertex X="50795" Y="22958" Z="0"/>
					<Vertex X="50987" Y="22767" Z="0"/>
					<Vertex X="51178" Y="22671" Z="0"/>
					<Vertex X="51369" Y="22480" Z="0"/>
					<Vertex X="51561" Y="22289" Z="0"/>
					<Vertex X="51752" Y="22193" Z="0"/>
					<Vertex X="51848" Y="22097" Z="0"/>
					<Vertex X="52039" Y="22002" Z="0"/>
					<Vertex X="52134" Y="21906" Z="0"/>
					<Vertex X="52134" Y="21619" Z="0"/>
					<Vertex X="52517" Y="21715" Z="0"/>
					<Vertex X="52613" Y="21619" Z="0"/>
					<Vertex X="52613" Y="21332" Z="0"/>
					<Vertex X="52995" Y="21428" Z="0"/>
					<Vertex X="53282" Y="21332" Z="0"/>
					<Vertex X="53474" Y="21141" Z="0"/>
					<Vertex X="53474" Y="20854" Z="0"/>
					<Vertex X="53761" Y="20949" Z="0"/>
					<Vertex X="53952" Y="20758" Z="0"/>
					<Vertex X="54048" Y="20662" Z="0"/>
					<Vertex X="54143" Y="20567" Z="0"/>
					<Vertex X="54239" Y="20471" Z="0"/>
					<Vertex X="54143" Y="20088" Z="0"/>
					<Vertex X="54430" Y="20088" Z="0"/>
					<Vertex X="54622" Y="19897" Z="0"/>
					<Vertex X="54717" Y="19706" Z="0"/>
					<Vertex X="54813" Y="19514" Z="0"/>
					<Vertex X="54909" Y="19419" Z="0"/>
					<Vertex X="55004" Y="19227" Z="0"/>
					<Vertex X="54909" Y="18940" Z="0"/>
					<Vertex X="55196" Y="18940" Z="0"/>
					<Vertex X="55387" Y="18845" Z="0"/>
					<Vertex X="55196" Y="18558" Z="0"/>
					<Vertex X="55578" Y="18558" Z="0"/>
					<Vertex X="55674" Y="18462" Z="0"/>
					<Vertex X="55865" Y="18366" Z="0"/>
					<Vertex X="55961" Y="18271" Z="0"/>
					<Vertex X="56057" Y="18175" Z="0"/>
					<Vertex X="56248" Y="17984" Z="0"/>
					<Vertex X="56535" Y="17793" Z="0"/>
					<Vertex X="56535" Y="17410" Z="0"/>
					<Vertex X="57013" Y="17314" Z="0"/>
					<Vertex X="57300" Y="17123" Z="0"/>
					<Vertex X="57587" Y="16836" Z="0"/>
					<Vertex X="57778" Y="16740" Z="0"/>
					<Vertex X="58065" Y="16453" Z="0"/>
					<Vertex X="58448" Y="16166" Z="0"/>
					<Vertex X="58831" Y="15879" Z="0"/>
					<Vertex X="59022" Y="15784" Z="0"/>
					<Vertex X="59309" Y="15592" Z="0"/>
					<Vertex X="59883" Y="15305" Z="0"/>
					<Vertex X="60170" Y="15305" Z="0"/>
					<Vertex X="60170" Y="15018" Z="0"/>
					<Vertex X="60935" Y="15114" Z="0"/>
					<Vertex X="61222" Y="15114" Z="0"/>
					<Vertex X="61414" Y="15114" Z="0"/>
					<Vertex X="61509" Y="15018" Z="0"/>
					<Vertex X="61605" Y="15018" Z="0"/>
					<Vertex X="61796" Y="15018" Z="0"/>
					<Vertex X="61700" Y="14827" Z="0"/>
					<Vertex X="62179" Y="15018" Z="0"/>
					<Vertex X="62466" Y="14827" Z="0"/>
					<Vertex X="62944" Y="14731" Z="0"/>
					<Vertex X="63422" Y="14444" Z="0"/>
					<Vertex X="63709" Y="14062" Z="0"/>
					<Vertex X="64379" Y="13966" Z="0"/>
					<Vertex X="64857" Y="13775" Z="0"/>
					<Vertex X="65336" Y="13488" Z="0"/>
					<Vertex X="65623" Y="13392" Z="0"/>
					<Vertex X="66197" Y="13201" Z="0"/>
					<Vertex X="66675" Y="13010" Z="0"/>
					<Vertex X="67249" Y="12818" Z="0"/>
					<Vertex X="67440" Y="12723" Z="0"/>
					<Vertex X="68110" Y="12436" Z="0"/>
					<Vertex X="68684" Y="12244" Z="0"/>
					<Vertex X="68875" Y="11957" Z="0"/>
					<Vertex X="69353" Y="11766" Z="0"/>
					<Vertex X="69545" Y="11670" Z="0"/>
					<Vertex X="69927" Y="11575" Z="0"/>
					<Vertex X="70501" Y="11670" Z="0"/>
					<Vertex X="70597" Y="11383" Z="0"/>
					<Vertex X="71171" Y="11575" Z="0"/>
					<Vertex X="71458" Y="11479" Z="0"/>
					<Vertex X="71649" Y="11288" Z="0"/>
					<Vertex X="72127" Y="11383" Z="0"/>
					<Vertex X="72606" Y="11383" Z="0"/>
					<Vertex X="72701" Y="11288" Z="0"/>
					<Vertex X="73180" Y="11192" Z="0"/>
					<Vertex X="73562" Y="11096" Z="0"/>
					<Vertex X="74041" Y="11001" Z="0"/>
					<Vertex X="74423" Y="10905" Z="0"/>
					<Vertex X="74806" Y="10809" Z="0"/>
					<Vertex X="75284" Y="10618" Z="0"/>
					<Vertex X="75667" Y="10522" Z="0"/>
					<Vertex X="75858" Y="10235" Z="0"/>
					<Vertex X="76241" Y="10331" Z="0"/>
					<Vertex X="76815" Y="10140" Z="0"/>
					<Vertex X="76815" Y="9853" Z="0"/>
					<Vertex X="77389" Y="9948" Z="0"/>
					<Vertex X="77293" Y="9757" Z="0"/>
					<Vertex X="77867" Y="9853" Z="0"/>
					<Vertex X="77963" Y="9757" Z="0"/>
					<Vertex X="78058" Y="9757" Z="0"/>
					<Vertex X="78250" Y="9757" Z="0"/>
					<Vertex X="78537" Y="9661" Z="0"/>
					<Vertex X="78919" Y="9566" Z="0"/>
					<Vertex X="79398" Y="9470" Z="0"/>
					<Vertex X="79493" Y="9183" Z="0"/>
					<Vertex X="80546" Y="9183" Z="0"/>
					<Vertex X="81119" Y="9087" Z="0"/>
					<Vertex X="81215" Y="9087" Z="0"/>
					<Vertex X="81598" Y="8800" Z="0"/>
					<Vertex X="82267" Y="8896" Z="0"/>
					<Vertex X="82650" Y="8896" Z="0"/>
					<Vertex X="83033" Y="8896" Z="0"/>
					<Vertex X="83415" Y="8896" Z="0"/>
					<Vertex X="83702" Y="8800" Z="0"/>
					<Vertex X="83989" Y="8800" Z="0"/>
					<Vertex X="84181" Y="8800" Z="0"/>
					<Vertex X="84372" Y="8800" Z="0"/>
					<Vertex X="84659" Y="8705" Z="0"/>
					<Vertex X="84755" Y="8705" Z="0"/>
					<Vertex X="84946" Y="8705" Z="0"/>
					<Vertex X="85042" Y="8705" Z="0"/>
					<Vertex X="85329" Y="8705" Z="0"/>
					<Vertex X="85233" Y="8513" Z="0"/>
					<Vertex X="85616" Y="8705" Z="0"/>
					<Vertex X="85520" Y="8705" Z="0"/>
					<Vertex X="85711" Y="8992" Z="0"/>
					<Vertex X="85807" Y="9087" Z="0"/>
					<Vertex X="85807" Y="9183" Z="0"/>
					<Vertex X="85902" Y="9470" Z="0"/>
					<Vertex X="85998" Y="9661" Z="0"/>
					<Vertex X="85998" Y="9853" Z="0"/>
					<Vertex X="86094" Y="10044" Z="0"/>
					<Vertex X="86094" Y="10140" Z="0"/>
					<Vertex X="85902" Y="10140" Z="0"/>
					<Vertex X="86189" Y="10522" Z="0"/>
					<Vertex X="86285" Y="10714" Z="0"/>
					<Vertex X="86189" Y="10714" Z="0"/>
					<Vertex X="86381" Y="11001" Z="0"/>
					<Vertex X="86476" Y="11096" Z="0"/>
					<Vertex X="86381" Y="11096" Z="0"/>
					<Vertex X="86572" Y="11575" Z="0"/>
					<Vertex X="86668" Y="11766" Z="0"/>
					<Vertex X="86668" Y="12053" Z="0"/>
					<Vertex X="86668" Y="12149" Z="0"/>
					<Vertex X="86668" Y="12436" Z="0"/>
					<Vertex X="86476" Y="12531" Z="0"/>
					<Vertex X="86763" Y="13010" Z="0"/>
					<Vertex X="86763" Y="13392" Z="0"/>
					<Vertex X="86763" Y="13775" Z="0"/>
					<Vertex X="86668" Y="13966" Z="0"/>
					<Vertex X="86955" Y="14540" Z="0"/>
					<Vertex X="87050" Y="14731" Z="0"/>
					<Vertex X="86955" Y="15018" Z="0"/>
					<Vertex X="87050" Y="15210" Z="0"/>
					<Vertex X="87337" Y="15592" Z="0"/>
					<Vertex X="87242" Y="15592" Z="0"/>
					<Vertex X="87242" Y="15784" Z="0"/>
					<Vertex X="87529" Y="16262" Z="0"/>
					<Vertex X="87624" Y="16645" Z="0"/>
					<Vertex X="87816" Y="16932" Z="0"/>
					<Vertex X="88007" Y="17410" Z="0"/>
					<Vertex X="88198" Y="17793" Z="0"/>
					<Vertex X="88294" Y="18175" Z="0"/>
					<Vertex X="88294" Y="18271" Z="0"/>
					<Vertex X="88390" Y="18749" Z="0"/>
					<Vertex X="88485" Y="18940" Z="0"/>
					<Vertex X="88581" Y="19227" Z="0"/>
					<Vertex X="88677" Y="19610" Z="0"/>
					<Vertex X="88677" Y="19706" Z="0"/>
					<Vertex X="88772" Y="20088" Z="0"/>
					<Vertex X="88677" Y="20088" Z="0"/>
					<Vertex X="88964" Y="20471" Z="0"/>
					<Vertex X="88868" Y="20471" Z="0"/>
					<Vertex X="89059" Y="20854" Z="0"/>
					<Vertex X="89059" Y="21045" Z="0"/>
					<Vertex X="89059" Y="21141" Z="0"/>
					<Vertex X="89059" Y="21332" Z="0"/>
					<Vertex X="89059" Y="21523" Z="0"/>
					<Vertex X="89059" Y="21619" Z="0"/>
					<Vertex X="88868" Y="21619" Z="0"/>
					<Vertex X="89059" Y="21906" Z="0"/>
					<Vertex X="89059" Y="22097" Z="0"/>
					<Vertex X="88868" Y="22002" Z="0"/>
					<Vertex X="89059" Y="22384" Z="0"/>
					<Vertex X="89059" Y="22480" Z="0"/>
					<Vertex X="89059" Y="22576" Z="0"/>
					<Vertex X="89059" Y="22671" Z="0"/>
					<Vertex X="89059" Y="22767" Z="0"/>
					<Vertex X="89059" Y="22862" Z="0"/>
					<Vertex X="88964" Y="22958" Z="0"/>
					<Vertex X="88964" Y="23054" Z="0"/>
					<Vertex X="88868" Y="23149" Z="0"/>
					<Vertex X="88581" Y="23054" Z="0"/>
					<Vertex X="88772" Y="23341" Z="0"/>
					<Vertex X="88485" Y="23245" Z="0"/>
					<Vertex X="88485" Y="23341" Z="0"/>
					<Vertex X="88581" Y="23723" Z="0"/>
					<Vertex X="88390" Y="23915" Z="0"/>
					<Vertex X="88103" Y="24297" Z="0"/>
					<Vertex X="87911" Y="24584" Z="0"/>
					<Vertex X="87529" Y="25063" Z="0"/>
					<Vertex X="87050" Y="25158" Z="0"/>
					<Vertex X="86955" Y="25732" Z="0"/>
					<Vertex X="86476" Y="26211" Z="0"/>
					<Vertex X="86094" Y="26593" Z="0"/>
					<Vertex X="85807" Y="26976" Z="0"/>
					<Vertex X="85520" Y="27359" Z="0"/>
					<Vertex X="85137" Y="27263" Z="0"/>
					<Vertex X="85137" Y="27741" Z="0"/>
					<Vertex X="84850" Y="28124" Z="0"/>
					<Vertex X="84563" Y="28411" Z="0"/>
					<Vertex X="84563" Y="28506" Z="0"/>
					<Vertex X="84372" Y="28698" Z="0"/>
					<Vertex X="84181" Y="28889" Z="0"/>
					<Vertex X="83989" Y="29176" Z="0"/>
					<Vertex X="83798" Y="29463" Z="0"/>
					<Vertex X="83607" Y="29750" Z="0"/>
					<Vertex X="83511" Y="30037" Z="0"/>
					<Vertex X="83320" Y="30324" Z="0"/>
					<Vertex X="83320" Y="30515" Z="0"/>
					<Vertex X="83224" Y="30707" Z="0"/>
					<Vertex X="83224" Y="30802" Z="0"/>
					<Vertex X="83128" Y="31089" Z="0"/>
					<Vertex X="82937" Y="30994" Z="0"/>
					<Vertex X="83128" Y="31472" Z="0"/>
					<Vertex X="83128" Y="31663" Z="0"/>
					<Vertex X="83128" Y="31950" Z="0"/>
					<Vertex X="83128" Y="32046" Z="0"/>
					<Vertex X="83128" Y="32237" Z="0"/>
					<Vertex X="83128" Y="32429" Z="0"/>
					<Vertex X="83320" Y="32715" Z="0"/>
					<Vertex X="83320" Y="32907" Z="0"/>
					<Vertex X="83415" Y="33098" Z="0"/>
					<Vertex X="83511" Y="33194" Z="0"/>
					<Vertex X="83607" Y="33385" Z="0"/>
					<Vertex X="83607" Y="33576" Z="0"/>
					<Vertex X="83511" Y="33672" Z="0"/>
					<Vertex X="83798" Y="34055" Z="0"/>
					<Vertex X="83607" Y="34055" Z="0"/>
					<Vertex X="83894" Y="34629" Z="0"/>
					<Vertex X="83894" Y="35011" Z="0"/>
					<Vertex X="83894" Y="35298" Z="0"/>
					<Vertex X="83702" Y="35394" Z="0"/>
					<Vertex X="83702" Y="35777" Z="0"/>
					<Vertex X="83894" Y="36159" Z="0"/>
					<Vertex X="83894" Y="36446" Z="0"/>
					<Vertex X="83894" Y="36542" Z="0"/>
					<Vertex X="83894" Y="37020" Z="0"/>
					<Vertex X="83798" Y="37403" Z="0"/>
					<Vertex X="83798" Y="37690" Z="0"/>
					<Vertex X="83511" Y="38359" Z="0"/>
					<Vertex X="83511" Y="39316" Z="0"/>
					<Vertex X="83224" Y="40081" Z="0"/>
					<Vertex X="82841" Y="40560" Z="0"/>
					<Vertex X="82746" Y="41421" Z="0"/>
					<Vertex X="82650" Y="41516" Z="0"/>
					<Vertex X="82363" Y="42281" Z="0"/>
					<Vertex X="82267" Y="42664" Z="0"/>
					<Vertex X="82076" Y="43142" Z="0"/>
					<Vertex X="81693" Y="43429" Z="0"/>
					<Vertex X="81789" Y="44003" Z="0"/>
					<Vertex X="81406" Y="44290" Z="0"/>
					<Vertex X="81502" Y="44577" Z="0"/>
					<Vertex X="81215" Y="45151" Z="0"/>
					<Vertex X="80928" Y="45534" Z="0"/>
					<Vertex X="80737" Y="45438" Z="0"/>
					<Vertex X="80546" Y="45821" Z="0"/>
					<Vertex X="80546" Y="46299" Z="0"/>
					<Vertex X="80354" Y="46682" Z="0"/>
					<Vertex X="80163" Y="46873" Z="0"/>
					<Vertex X="79972" Y="46778" Z="0"/>
					<Vertex X="79780" Y="47447" Z="0"/>
					<Vertex X="79685" Y="47543" Z="0"/>
					<Vertex X="79398" Y="47447" Z="0"/>
					<Vertex X="79493" Y="47734" Z="0"/>
					<Vertex X="79302" Y="47543" Z="0"/>
					<Vertex X="79493" Y="47734" Z="0"/>
					<Vertex X="79302" Y="47830" Z="0"/>
					<Vertex X="78632" Y="48499" Z="0"/>
					<Vertex X="78345" Y="48786" Z="0"/>
					<Vertex X="77580" Y="49073" Z="0"/>
					<Vertex X="77389" Y="49456" Z="0"/>
					<Vertex X="76719" Y="49934" Z="0"/>
					<Vertex X="76050" Y="50317" Z="0"/>
					<Vertex X="75380" Y="50604" Z="0"/>
					<Vertex X="74615" Y="50795" Z="0"/>
					<Vertex X="74423" Y="51178" Z="0"/>
					<Vertex X="73945" Y="51369" Z="0"/>
					<Vertex X="73562" Y="51561" Z="0"/>
					<Vertex X="73275" Y="51752" Z="0"/>
					<Vertex X="73084" Y="51752" Z="0"/>
					<Vertex X="72797" Y="51848" Z="0"/>
					<Vertex X="72701" Y="51943" Z="0"/>
					<Vertex X="72606" Y="51943" Z="0"/>
					<Vertex X="72414" Y="51943" Z="0"/>
					<Vertex X="72127" Y="51943" Z="0"/>
					<Vertex X="71840" Y="51943" Z="0"/>
					<Vertex X="71553" Y="52039" Z="0"/>
					<Vertex X="70884" Y="51943" Z="0"/>
					<Vertex X="70693" Y="52134" Z="0"/>
					<Vertex X="70406" Y="52230" Z="0"/>
					<Vertex X="70023" Y="52326" Z="0"/>
					<Vertex X="69640" Y="52421" Z="0"/>
					<Vertex X="69449" Y="52421" Z="0"/>
					<Vertex X="69162" Y="52421" Z="0"/>
					<Vertex X="68588" Y="52230" Z="0"/>
					<Vertex X="68492" Y="52517" Z="0"/>
					<Vertex X="68205" Y="52517" Z="0"/>
					<Vertex X="67918" Y="52517" Z="0"/>
					<Vertex X="67727" Y="52517" Z="0"/>
					<Vertex X="67536" Y="52517" Z="0"/>
					<Vertex X="67344" Y="52613" Z="0"/>
					<Vertex X="66866" Y="52900" Z="0"/>
					<Vertex X="66388" Y="52804" Z="0"/>
					<Vertex X="66101" Y="53091" Z="0"/>
					<Vertex X="65240" Y="53378" Z="0"/>
					<Vertex X="64379" Y="53474" Z="0"/>
					<Vertex X="63422" Y="53378" Z="0"/>
					<Vertex X="63040" Y="53378" Z="0"/>
					<Vertex X="62083" Y="53569" Z="0"/>
					<Vertex X="61509" Y="53569" Z="0"/>
					<Vertex X="60840" Y="53569" Z="0"/>
					<Vertex X="60361" Y="53378" Z="0"/>
					<Vertex X="60170" Y="53569" Z="0"/>
					<Vertex X="59692" Y="53569" Z="0"/>
					<Vertex X="59309" Y="53569" Z="0"/>
					<Vertex X="59213" Y="53569" Z="0"/>
					<Vertex X="58735" Y="53474" Z="0"/>
					<Vertex X="58544" Y="53378" Z="0"/>
					<Vertex X="58352" Y="53378" Z="0"/>
					<Vertex X="58065" Y="53282" Z="0"/>
					<Vertex X="57970" Y="53187" Z="0"/>
					<Vertex X="57874" Y="53187" Z="0"/>
					<Vertex X="57778" Y="53091" Z="0"/>
					<Vertex X="57683" Y="53091" Z="0"/>
					<Vertex X="57300" Y="52804" Z="0"/>
					<Vertex X="57300" Y="52900" Z="0"/>
					<Vertex X="57204" Y="52804" Z="0"/>
					<Vertex X="57013" Y="52708" Z="0"/>
					<Vertex X="56822" Y="52613" Z="0"/>
					<Vertex X="56726" Y="52517" Z="0"/>
					<Vertex X="56535" Y="52421" Z="0"/>
					<Vertex X="56439" Y="52326" Z="0"/>
					<Vertex X="56248" Y="52230" Z="0"/>
					<Vertex X="55961" Y="51943" Z="0"/>
					<Vertex X="55865" Y="52039" Z="0"/>
					<Vertex X="55770" Y="51848" Z="0"/>
					<Vertex X="55578" Y="51752" Z="0"/>
					<Vertex X="55387" Y="51465" Z="0"/>
					<Vertex X="55196" Y="51274" Z="0"/>
					<Vertex X="55100" Y="51178" Z="0"/>
					<Vertex X="54717" Y="50700" Z="0"/>
					<Vertex X="54622" Y="50508" Z="0"/>
					<Vertex X="54622" Y="50413" Z="0"/>
					<Vertex X="54526" Y="50221" Z="0"/>
					<Vertex X="54430" Y="49934" Z="0"/>
					<Vertex X="54239" Y="49743" Z="0"/>
					<Vertex X="54239" Y="49647" Z="0"/>
					<Vertex X="54048" Y="49169" Z="0"/>
					<Vertex X="53952" Y="49073" Z="0"/>
					<Vertex X="53856" Y="48786" Z="0"/>
					<Vertex X="53761" Y="48499" Z="0"/>
					<Vertex X="53665" Y="48212" Z="0"/>
					<Vertex X="53569" Y="47925" Z="0"/>
					<Vertex X="53474" Y="47638" Z="0"/>
					<Vertex X="53378" Y="47447" Z="0"/>
					<Vertex X="53378" Y="47256" Z="0"/>
					<Vertex X="53378" Y="47160" Z="0"/>
					<Vertex X="53282" Y="47064" Z="0"/>
					<Vertex X="53282" Y="46969" Z="0"/>
					<Vertex X="53091" Y="46778" Z="0"/>
					<Vertex X="53091" Y="46682" Z="0"/>
					<Vertex X="53187" Y="46586" Z="0"/>
					<Vertex X="52804" Y="46012" Z="0"/>
					<Vertex X="52804" Y="45821" Z="0"/>
					<Vertex X="52421" Y="45151" Z="0"/>
					<Vertex X="52421" Y="44960" Z="0"/>
					<Vertex X="52230" Y="44577" Z="0"/>
					<Vertex X="51943" Y="44195" Z="0"/>
					<Vertex X="51943" Y="43908" Z="0"/>
					<Vertex X="51752" Y="43429" Z="0"/>
					<Vertex X="51465" Y="42951" Z="0"/>
					<Vertex X="51178" Y="42473" Z="0"/>
					<Vertex X="51082" Y="41899" Z="0"/>
					<Vertex X="50795" Y="41421" Z="0"/>
					<Vertex X="50604" Y="41038" Z="0"/>
					<Vertex X="50413" Y="40655" Z="0"/>
					<Vertex X="50317" Y="40464" Z="0"/>
					<Vertex X="50221" Y="40273" Z="0"/>
					<Vertex X="50126" Y="39986" Z="0"/>
					<Vertex X="50030" Y="39699" Z="0"/>
					<Vertex X="49743" Y="39316" Z="0"/>
					<Vertex X="49647" Y="39029" Z="0"/>
					<Vertex X="49743" Y="39029" Z="0"/>
					<Vertex X="49552" Y="38742" Z="0"/>
					<Vertex X="49647" Y="38742" Z="0"/>
					<Vertex X="49552" Y="38551" Z="0"/>
					<Vertex X="49456" Y="38264" Z="0"/>
					<Vertex X="49456" Y="38168" Z="0"/>
					<Vertex X="49456" Y="38072" Z="0"/>
					<Vertex X="49456" Y="37498" Z="0"/>
					<Vertex X="49456" Y="37116" Z="0"/>
					<Vertex X="49552" Y="36638" Z="0"/>
					<Vertex X="49552" Y="36351" Z="0"/>
					<Vertex X="49456" Y="36064" Z="0"/>
					<Vertex X="49647" Y="36064" Z="0"/>
					<Vertex X="49743" Y="35872" Z="0"/>
					<Vertex X="49743" Y="35777" Z="0"/>
					<Vertex X="49647" Y="35490" Z="0"/>
					<Vertex X="49934" Y="35585" Z="0"/>
					<Vertex X="49934" Y="35490" Z="0"/>
					<Vertex X="49934" Y="35394" Z="0"/>
					<Vertex X="50030" Y="35298" Z="0"/>
					<Vertex X="50030" Y="35203" Z="0"/>
					<Vertex X="50126" Y="35011" Z="0"/>
					<Vertex X="50221" Y="34820" Z="0"/>
					<Vertex X="50221" Y="34533" Z="0"/>
					<Vertex X="50126" Y="33959" Z="0"/>
					<Vertex X="50126" Y="33576" Z="0"/>
					<Vertex X="50317" Y="33289" Z="0"/>
					<Vertex X="50317" Y="33098" Z="0"/>
					<Vertex X="50126" Y="32429" Z="0"/>
					<Vertex X="50317" Y="32142" Z="0"/>
					<Vertex X="50317" Y="31663" Z="0"/>
					<Vertex X="50317" Y="31185" Z="0"/>
					<Vertex X="50317" Y="30802" Z="0"/>
					<Vertex X="50317" Y="30611" Z="0"/>
					<Vertex X="50317" Y="30228" Z="0"/>
					<Vertex X="50317" Y="30133" Z="0"/>
					<Vertex X="50317" Y="29941" Z="0"/>
					<Vertex X="50317" Y="29846" Z="0"/>
					<Vertex X="50317" Y="29654" Z="0"/>
					<Vertex X="50317" Y="29367" Z="0"/>
					<Vertex X="50317" Y="28985" Z="0"/>
					<Vertex X="50221" Y="28602" Z="0"/>
					<Vertex X="50221" Y="28315" Z="0"/>
					<Vertex X="50126" Y="28028" Z="0"/>
					<Vertex X="49839" Y="27550" Z="0"/>
					<Vertex X="50030" Y="27550" Z="0"/>
					<Vertex X="49934" Y="27359" Z="0"/>
					<Vertex X="49839" Y="27167" Z="0"/>
					<Vertex X="49839" Y="26976" Z="0"/>
					<Vertex X="49743" Y="26689" Z="0"/>
					<Vertex X="49743" Y="26498" Z="0"/>
					<Vertex X="49647" Y="26402" Z="0"/>
					<Vertex X="49552" Y="26115" Z="0"/>
					<Vertex X="49552" Y="26019" Z="0"/>
					<Vertex X="49360" Y="25732" Z="0"/>
					<Vertex X="49456" Y="25732" Z="0"/>
					<Vertex X="49265" Y="25541" Z="0"/>
					<Vertex X="49360" Y="25350" Z="0"/>
					<Vertex X="49169" Y="25063" Z="0"/>
					<Vertex X="49360" Y="25158" Z="0"/>
					<Vertex X="49360" Y="25063" Z="0"/>
					<Vertex X="49360" Y="24967" Z="0"/>
					<Vertex X="49360" Y="24871" Z="0"/>
					<Vertex X="49169" Y="24584" Z="0"/>
					<Vertex X="49360" Y="24776" Z="0"/>
					<Vertex X="49360" Y="24680" Z="0"/>
					<Vertex X="49169" Y="24393" Z="0"/>
					<Vertex X="49169" Y="24871" Z="0"/>
					<Vertex X="49552" Y="23915" Z="0"/>
				</Vertices>
			</Region>
		</Regions>
		<Plots/>
	</Annotation>
</Annotations>
