<Annotations MicronsPerPixel="0.252000">
	<Annotation Id="1" Name="" ReadOnly="0" NameReadOnly="0" LineColorReadOnly="0" Incremental="0" Type="4" LineColor="255" Visible="1" Selected="1" MarkupImagePath="" MacroName="">
		<Attributes/>
		<Regions>
			<RegionAttributeHeaders/>
			<Region Id="1" Type="0" Zoom="0.011202" Selected="0" ImageLocation="" ImageFocus="-1" Length="77078.7" Area="334415642.0" LengthMicrons="19423.8" AreaMicrons="21236731.6" Text="" NegativeROA="0" InputRegionId="0" Analyze="1" DisplayId="1">
				<Attributes/>
				<Vertices>
					<Vertex X="4339" Y="16207" Z="0"/>
					<Vertex X="4339" Y="15942" Z="0"/>
					<Vertex X="4428" Y="15764" Z="0"/>
					<Vertex X="4782" Y="15056" Z="0"/>
					<Vertex X="4959" Y="14702" Z="0"/>
					<Vertex X="5314" Y="13816" Z="0"/>
					<Vertex X="5845" Y="12576" Z="0"/>
					<Vertex X="6022" Y="12222" Z="0"/>
					<Vertex X="6288" Y="11779" Z="0"/>
					<Vertex X="6288" Y="11071" Z="0"/>
					<Vertex X="6642" Y="10982" Z="0"/>
					<Vertex X="6819" Y="10805" Z="0"/>
					<Vertex X="6908" Y="10628" Z="0"/>
					<Vertex X="7085" Y="10539" Z="0"/>
					<Vertex X="7173" Y="10539" Z="0"/>
					<Vertex X="7439" Y="10362" Z="0"/>
					<Vertex X="7528" Y="10273" Z="0"/>
					<Vertex X="7793" Y="10185" Z="0"/>
					<Vertex X="7971" Y="10008" Z="0"/>
					<Vertex X="7971" Y="9742" Z="0"/>
					<Vertex X="8325" Y="9831" Z="0"/>
					<Vertex X="8325" Y="9476" Z="0"/>
					<Vertex X="8591" Y="9654" Z="0"/>
					<Vertex X="10008" Y="8679" Z="0"/>
					<Vertex X="9830" Y="8502" Z="0"/>
					<Vertex X="20458" Y="5225" Z="0"/>
					<Vertex X="20547" Y="5225" Z="0"/>
					<Vertex X="20724" Y="5137" Z="0"/>
					<Vertex X="20812" Y="5137" Z="0"/>
					<Vertex X="20812" Y="4960" Z="0"/>
					<Vertex X="21078" Y="5137" Z="0"/>
					<Vertex X="20990" Y="4960" Z="0"/>
					<Vertex X="21344" Y="5137" Z="0"/>
					<Vertex X="21344" Y="4960" Z="0"/>
					<Vertex X="21698" Y="5137" Z="0"/>
					<Vertex X="21787" Y="5137" Z="0"/>
					<Vertex X="21964" Y="5137" Z="0"/>
					<Vertex X="22141" Y="5137" Z="0"/>
					<Vertex X="22229" Y="4960" Z="0"/>
					<Vertex X="22495" Y="5137" Z="0"/>
					<Vertex X="22672" Y="5137" Z="0"/>
					<Vertex X="23027" Y="5402" Z="0"/>
					<Vertex X="23204" Y="5491" Z="0"/>
					<Vertex X="23292" Y="5580" Z="0"/>
					<Vertex X="23381" Y="5668" Z="0"/>
					<Vertex X="23824" Y="6022" Z="0"/>
					<Vertex X="23824" Y="6111" Z="0"/>
					<Vertex X="23912" Y="6111" Z="0"/>
					<Vertex X="24001" Y="6200" Z="0"/>
					<Vertex X="24089" Y="6288" Z="0"/>
					<Vertex X="24178" Y="6377" Z="0"/>
					<Vertex X="24266" Y="6465" Z="0"/>
					<Vertex X="24355" Y="6554" Z="0"/>
					<Vertex X="24444" Y="6642" Z="0"/>
					<Vertex X="24444" Y="6731" Z="0"/>
					<Vertex X="24886" Y="7174" Z="0"/>
					<Vertex X="25152" Y="7439" Z="0"/>
					<Vertex X="28252" Y="11691" Z="0"/>
					<Vertex X="28340" Y="11779" Z="0"/>
					<Vertex X="28429" Y="11868" Z="0"/>
					<Vertex X="28340" Y="11956" Z="0"/>
					<Vertex X="28340" Y="12045" Z="0"/>
					<Vertex X="28518" Y="12310" Z="0"/>
					<Vertex X="28518" Y="12399" Z="0"/>
					<Vertex X="28518" Y="12665" Z="0"/>
					<Vertex X="28518" Y="12842" Z="0"/>
					<Vertex X="28518" Y="12930" Z="0"/>
					<Vertex X="28429" Y="13196" Z="0"/>
					<Vertex X="28252" Y="13373" Z="0"/>
					<Vertex X="28163" Y="13550" Z="0"/>
					<Vertex X="28075" Y="13728" Z="0"/>
					<Vertex X="27898" Y="13905" Z="0"/>
					<Vertex X="27632" Y="13728" Z="0"/>
					<Vertex X="27543" Y="13905" Z="0"/>
					<Vertex X="27455" Y="14170" Z="0"/>
					<Vertex X="27366" Y="14259" Z="0"/>
					<Vertex X="27278" Y="14347" Z="0"/>
					<Vertex X="27101" Y="14436" Z="0"/>
					<Vertex X="27012" Y="14525" Z="0"/>
					<Vertex X="26923" Y="14613" Z="0"/>
					<Vertex X="26746" Y="14702" Z="0"/>
					<Vertex X="26658" Y="14702" Z="0"/>
					<Vertex X="26392" Y="14879" Z="0"/>
					<Vertex X="26303" Y="14879" Z="0"/>
					<Vertex X="25861" Y="14967" Z="0"/>
					<Vertex X="25861" Y="15145" Z="0"/>
					<Vertex X="25595" Y="15322" Z="0"/>
					<Vertex X="25064" Y="15410" Z="0"/>
					<Vertex X="25064" Y="15676" Z="0"/>
					<Vertex X="24798" Y="15853" Z="0"/>
					<Vertex X="24532" Y="16119" Z="0"/>
					<Vertex X="24089" Y="16384" Z="0"/>
					<Vertex X="23824" Y="16562" Z="0"/>
					<Vertex X="23469" Y="16827" Z="0"/>
					<Vertex X="23204" Y="17004" Z="0"/>
					<Vertex X="23027" Y="17093" Z="0"/>
					<Vertex X="22761" Y="17270" Z="0"/>
					<Vertex X="22318" Y="17359" Z="0"/>
					<Vertex X="22318" Y="17624" Z="0"/>
					<Vertex X="22052" Y="17801" Z="0"/>
					<Vertex X="21875" Y="17979" Z="0"/>
					<Vertex X="21521" Y="17979" Z="0"/>
					<Vertex X="21432" Y="18333" Z="0"/>
					<Vertex X="21344" Y="18421" Z="0"/>
					<Vertex X="21167" Y="18599" Z="0"/>
					<Vertex X="20901" Y="18864" Z="0"/>
					<Vertex X="20724" Y="19041" Z="0"/>
					<Vertex X="20547" Y="19219" Z="0"/>
					<Vertex X="20370" Y="19396" Z="0"/>
					<Vertex X="20281" Y="19573" Z="0"/>
					<Vertex X="20104" Y="19661" Z="0"/>
					<Vertex X="20104" Y="19750" Z="0"/>
					<Vertex X="19838" Y="19927" Z="0"/>
					<Vertex X="19838" Y="20016" Z="0"/>
					<Vertex X="19750" Y="20016" Z="0"/>
					<Vertex X="19661" Y="20104" Z="0"/>
					<Vertex X="19573" Y="20104" Z="0"/>
					<Vertex X="19573" Y="20370" Z="0"/>
					<Vertex X="19484" Y="20813" Z="0"/>
					<Vertex X="19395" Y="21078" Z="0"/>
					<Vertex X="19307" Y="21255" Z="0"/>
					<Vertex X="19130" Y="21787" Z="0"/>
					<Vertex X="18953" Y="22230" Z="0"/>
					<Vertex X="18775" Y="22584" Z="0"/>
					<Vertex X="18510" Y="22938" Z="0"/>
					<Vertex X="18333" Y="23204" Z="0"/>
					<Vertex X="18155" Y="23470" Z="0"/>
					<Vertex X="17978" Y="23470" Z="0"/>
					<Vertex X="17890" Y="24001" Z="0"/>
					<Vertex X="17713" Y="24267" Z="0"/>
					<Vertex X="17536" Y="24532" Z="0"/>
					<Vertex X="17536" Y="24621" Z="0"/>
					<Vertex X="17358" Y="24798" Z="0"/>
					<Vertex X="17270" Y="24975" Z="0"/>
					<Vertex X="17181" Y="25064" Z="0"/>
					<Vertex X="16916" Y="24975" Z="0"/>
					<Vertex X="16827" Y="25064" Z="0"/>
					<Vertex X="16916" Y="25507" Z="0"/>
					<Vertex X="16827" Y="25772" Z="0"/>
					<Vertex X="16738" Y="25861" Z="0"/>
					<Vertex X="16650" Y="25949" Z="0"/>
					<Vertex X="16650" Y="26038" Z="0"/>
					<Vertex X="16296" Y="26038" Z="0"/>
					<Vertex X="16207" Y="26127" Z="0"/>
					<Vertex X="16296" Y="26392" Z="0"/>
					<Vertex X="15853" Y="26304" Z="0"/>
					<Vertex X="15941" Y="26569" Z="0"/>
					<Vertex X="15764" Y="26658" Z="0"/>
					<Vertex X="15676" Y="26658" Z="0"/>
					<Vertex X="15410" Y="26658" Z="0"/>
					<Vertex X="15321" Y="26658" Z="0"/>
					<Vertex X="15144" Y="26658" Z="0"/>
					<Vertex X="14790" Y="26746" Z="0"/>
					<Vertex X="14701" Y="26746" Z="0"/>
					<Vertex X="14524" Y="26746" Z="0"/>
					<Vertex X="14347" Y="26746" Z="0"/>
					<Vertex X="14082" Y="26746" Z="0"/>
					<Vertex X="13816" Y="26835" Z="0"/>
					<Vertex X="13639" Y="26835" Z="0"/>
					<Vertex X="13284" Y="26835" Z="0"/>
					<Vertex X="13019" Y="26835" Z="0"/>
					<Vertex X="12664" Y="26658" Z="0"/>
					<Vertex X="12487" Y="26835" Z="0"/>
					<Vertex X="11956" Y="26658" Z="0"/>
					<Vertex X="11779" Y="26746" Z="0"/>
					<Vertex X="11513" Y="26658" Z="0"/>
					<Vertex X="10893" Y="26569" Z="0"/>
					<Vertex X="10627" Y="26569" Z="0"/>
					<Vertex X="10185" Y="26481" Z="0"/>
					<Vertex X="9919" Y="26304" Z="0"/>
					<Vertex X="9742" Y="26481" Z="0"/>
					<Vertex X="9653" Y="26481" Z="0"/>
					<Vertex X="9565" Y="26481" Z="0"/>
					<Vertex X="9388" Y="26481" Z="0"/>
					<Vertex X="9210" Y="26392" Z="0"/>
					<Vertex X="9122" Y="26392" Z="0"/>
					<Vertex X="9033" Y="26304" Z="0"/>
					<Vertex X="8945" Y="26304" Z="0"/>
					<Vertex X="8413" Y="25861" Z="0"/>
					<Vertex X="8236" Y="25861" Z="0"/>
					<Vertex X="7705" Y="25329" Z="0"/>
					<Vertex X="7351" Y="25064" Z="0"/>
					<Vertex X="7173" Y="24975" Z="0"/>
					<Vertex X="6996" Y="24710" Z="0"/>
					<Vertex X="6908" Y="24532" Z="0"/>
					<Vertex X="6554" Y="24090" Z="0"/>
					<Vertex X="6376" Y="23912" Z="0"/>
					<Vertex X="6288" Y="23558" Z="0"/>
					<Vertex X="6199" Y="23470" Z="0"/>
					<Vertex X="6111" Y="23292" Z="0"/>
					<Vertex X="6022" Y="23115" Z="0"/>
					<Vertex X="5756" Y="22761" Z="0"/>
					<Vertex X="5668" Y="22584" Z="0"/>
					<Vertex X="5756" Y="22495" Z="0"/>
					<Vertex X="5668" Y="22318" Z="0"/>
					<Vertex X="5579" Y="22141" Z="0"/>
					<Vertex X="5579" Y="21964" Z="0"/>
					<Vertex X="5491" Y="21875" Z="0"/>
					<Vertex X="5314" Y="21521" Z="0"/>
					<Vertex X="5314" Y="21433" Z="0"/>
					<Vertex X="5225" Y="21167" Z="0"/>
					<Vertex X="5136" Y="20990" Z="0"/>
					<Vertex X="5314" Y="20901" Z="0"/>
					<Vertex X="5048" Y="20636" Z="0"/>
					<Vertex X="5136" Y="20458" Z="0"/>
					<Vertex X="5136" Y="20370" Z="0"/>
					<Vertex X="4959" Y="19927" Z="0"/>
					<Vertex X="4871" Y="19750" Z="0"/>
					<Vertex X="4871" Y="19661" Z="0"/>
					<Vertex X="4871" Y="19484" Z="0"/>
					<Vertex X="4782" Y="19396" Z="0"/>
					<Vertex X="4782" Y="19219" Z="0"/>
					<Vertex X="4694" Y="19041" Z="0"/>
					<Vertex X="4694" Y="18864" Z="0"/>
					<Vertex X="4605" Y="18687" Z="0"/>
					<Vertex X="4517" Y="18510" Z="0"/>
					<Vertex X="4517" Y="18421" Z="0"/>
					<Vertex X="4517" Y="18333" Z="0"/>
					<Vertex X="4428" Y="18333" Z="0"/>
					<Vertex X="4428" Y="18156" Z="0"/>
					<Vertex X="4428" Y="18067" Z="0"/>
					<Vertex X="4428" Y="17890" Z="0"/>
					<Vertex X="4428" Y="17801" Z="0"/>
					<Vertex X="4428" Y="17624" Z="0"/>
					<Vertex X="4428" Y="17536" Z="0"/>
					<Vertex X="4428" Y="17447" Z="0"/>
					<Vertex X="4428" Y="17359" Z="0"/>
					<Vertex X="4251" Y="17093" Z="0"/>
					<Vertex X="4428" Y="17182" Z="0"/>
					<Vertex X="4428" Y="17093" Z="0"/>
					<Vertex X="4428" Y="17004" Z="0"/>
					<Vertex X="4251" Y="16827" Z="0"/>
					<Vertex X="4428" Y="16916" Z="0"/>
					<Vertex X="4428" Y="16827" Z="0"/>
					<Vertex X="4428" Y="16739" Z="0"/>
					<Vertex X="4251" Y="16562" Z="0"/>
					<Vertex X="4339" Y="16207" Z="0"/>
				</Vertices>
			</Region>
			<Region Id="2" Type="0" Zoom="0.011202" Selected="0" ImageLocation="" ImageFocus="-1" Length="97758.5" Area="372481230.5" LengthMicrons="24635.1" AreaMicrons="23654048.8" Text="" NegativeROA="0" InputRegionId="0" Analyze="1" DisplayId="2">
				<Attributes/>
				<Vertices>
					<Vertex X="30200" Y="46674" Z="0"/>
					<Vertex X="30200" Y="46585" Z="0"/>
					<Vertex X="30289" Y="46142" Z="0"/>
					<Vertex X="30466" Y="46142" Z="0"/>
					<Vertex X="31263" Y="44459" Z="0"/>
					<Vertex X="31086" Y="44282" Z="0"/>
					<Vertex X="31617" Y="43751" Z="0"/>
					<Vertex X="31706" Y="43042" Z="0"/>
					<Vertex X="31883" Y="42777" Z="0"/>
					<Vertex X="32326" Y="42511" Z="0"/>
					<Vertex X="32414" Y="42422" Z="0"/>
					<Vertex X="32592" Y="42157" Z="0"/>
					<Vertex X="32680" Y="42068" Z="0"/>
					<Vertex X="32769" Y="41891" Z="0"/>
					<Vertex X="32857" Y="41714" Z="0"/>
					<Vertex X="33123" Y="41448" Z="0"/>
					<Vertex X="33211" Y="41448" Z="0"/>
					<Vertex X="33477" Y="41183" Z="0"/>
					<Vertex X="33566" Y="41005" Z="0"/>
					<Vertex X="33654" Y="40917" Z="0"/>
					<Vertex X="33743" Y="40740" Z="0"/>
					<Vertex X="33831" Y="40563" Z="0"/>
					<Vertex X="33920" Y="40474" Z="0"/>
					<Vertex X="34009" Y="40385" Z="0"/>
					<Vertex X="34097" Y="40297" Z="0"/>
					<Vertex X="34097" Y="40208" Z="0"/>
					<Vertex X="34009" Y="40031" Z="0"/>
					<Vertex X="34274" Y="40208" Z="0"/>
					<Vertex X="36311" Y="39677" Z="0"/>
					<Vertex X="38525" Y="38968" Z="0"/>
					<Vertex X="38880" Y="37729" Z="0"/>
					<Vertex X="38968" Y="36223" Z="0"/>
					<Vertex X="39145" Y="36223" Z="0"/>
					<Vertex X="39057" Y="36134" Z="0"/>
					<Vertex X="38880" Y="35603" Z="0"/>
					<Vertex X="38791" Y="35249" Z="0"/>
					<Vertex X="38437" Y="34452" Z="0"/>
					<Vertex X="38437" Y="34363" Z="0"/>
					<Vertex X="38171" Y="33832" Z="0"/>
					<Vertex X="38083" Y="33655" Z="0"/>
					<Vertex X="37640" Y="33035" Z="0"/>
					<Vertex X="37728" Y="32946" Z="0"/>
					<Vertex X="37551" Y="32680" Z="0"/>
					<Vertex X="37197" Y="32149" Z="0"/>
					<Vertex X="36665" Y="30466" Z="0"/>
					<Vertex X="36400" Y="25595" Z="0"/>
					<Vertex X="37020" Y="24532" Z="0"/>
					<Vertex X="37640" Y="23558" Z="0"/>
					<Vertex X="38260" Y="22850" Z="0"/>
					<Vertex X="38348" Y="22230" Z="0"/>
					<Vertex X="38614" Y="22318" Z="0"/>
					<Vertex X="38525" Y="21964" Z="0"/>
					<Vertex X="38791" Y="22053" Z="0"/>
					<Vertex X="38880" Y="21964" Z="0"/>
					<Vertex X="38968" Y="21964" Z="0"/>
					<Vertex X="38880" Y="21698" Z="0"/>
					<Vertex X="39234" Y="21698" Z="0"/>
					<Vertex X="39322" Y="21610" Z="0"/>
					<Vertex X="39588" Y="21610" Z="0"/>
					<Vertex X="39588" Y="21521" Z="0"/>
					<Vertex X="39765" Y="21521" Z="0"/>
					<Vertex X="39588" Y="21344" Z="0"/>
					<Vertex X="39854" Y="21521" Z="0"/>
					<Vertex X="39677" Y="21344" Z="0"/>
					<Vertex X="40031" Y="21521" Z="0"/>
					<Vertex X="39942" Y="21344" Z="0"/>
					<Vertex X="45433" Y="26569" Z="0"/>
					<Vertex X="45699" Y="26924" Z="0"/>
					<Vertex X="45788" Y="27012" Z="0"/>
					<Vertex X="45876" Y="27189" Z="0"/>
					<Vertex X="45876" Y="27278" Z="0"/>
					<Vertex X="46053" Y="27721" Z="0"/>
					<Vertex X="46230" Y="27986" Z="0"/>
					<Vertex X="46319" Y="28164" Z="0"/>
					<Vertex X="46408" Y="28341" Z="0"/>
					<Vertex X="46496" Y="28518" Z="0"/>
					<Vertex X="46496" Y="28606" Z="0"/>
					<Vertex X="46585" Y="28695" Z="0"/>
					<Vertex X="46585" Y="28695" Z="0"/>
					<Vertex X="46762" Y="28872" Z="0"/>
					<Vertex X="46762" Y="28961" Z="0"/>
					<Vertex X="46762" Y="29138" Z="0"/>
					<Vertex X="46762" Y="29315" Z="0"/>
					<Vertex X="46850" Y="29492" Z="0"/>
					<Vertex X="46673" Y="29492" Z="0"/>
					<Vertex X="46939" Y="29935" Z="0"/>
					<Vertex X="46939" Y="30112" Z="0"/>
					<Vertex X="47559" Y="34983" Z="0"/>
					<Vertex X="47647" Y="35514" Z="0"/>
					<Vertex X="47559" Y="35869" Z="0"/>
					<Vertex X="47382" Y="36134" Z="0"/>
					<Vertex X="47382" Y="36223" Z="0"/>
					<Vertex X="47293" Y="36400" Z="0"/>
					<Vertex X="47028" Y="36489" Z="0"/>
					<Vertex X="47116" Y="36843" Z="0"/>
					<Vertex X="47116" Y="37109" Z="0"/>
					<Vertex X="46496" Y="40031" Z="0"/>
					<Vertex X="46408" Y="40208" Z="0"/>
					<Vertex X="46408" Y="40385" Z="0"/>
					<Vertex X="46408" Y="40474" Z="0"/>
					<Vertex X="46319" Y="40917" Z="0"/>
					<Vertex X="46319" Y="41005" Z="0"/>
					<Vertex X="46230" Y="41448" Z="0"/>
					<Vertex X="46230" Y="41537" Z="0"/>
					<Vertex X="46142" Y="41802" Z="0"/>
					<Vertex X="46053" Y="41980" Z="0"/>
					<Vertex X="45876" Y="41891" Z="0"/>
					<Vertex X="46053" Y="42068" Z="0"/>
					<Vertex X="46053" Y="42422" Z="0"/>
					<Vertex X="46053" Y="42600" Z="0"/>
					<Vertex X="45610" Y="47293" Z="0"/>
					<Vertex X="43662" Y="53582" Z="0"/>
					<Vertex X="43574" Y="53670" Z="0"/>
					<Vertex X="43574" Y="53759" Z="0"/>
					<Vertex X="43574" Y="53936" Z="0"/>
					<Vertex X="43574" Y="54024" Z="0"/>
					<Vertex X="43485" Y="54202" Z="0"/>
					<Vertex X="43396" Y="54556" Z="0"/>
					<Vertex X="43396" Y="54733" Z="0"/>
					<Vertex X="43308" Y="54999" Z="0"/>
					<Vertex X="43308" Y="55176" Z="0"/>
					<Vertex X="43219" Y="55619" Z="0"/>
					<Vertex X="42954" Y="55796" Z="0"/>
					<Vertex X="43042" Y="56150" Z="0"/>
					<Vertex X="43042" Y="56238" Z="0"/>
					<Vertex X="42865" Y="56150" Z="0"/>
					<Vertex X="42156" Y="57390" Z="0"/>
					<Vertex X="42245" Y="57744" Z="0"/>
					<Vertex X="42156" Y="57833" Z="0"/>
					<Vertex X="42068" Y="58010" Z="0"/>
					<Vertex X="41979" Y="58010" Z="0"/>
					<Vertex X="41714" Y="57921" Z="0"/>
					<Vertex X="41802" Y="58187" Z="0"/>
					<Vertex X="41714" Y="58187" Z="0"/>
					<Vertex X="41714" Y="58275" Z="0"/>
					<Vertex X="41448" Y="58187" Z="0"/>
					<Vertex X="41537" Y="58364" Z="0"/>
					<Vertex X="41448" Y="58453" Z="0"/>
					<Vertex X="41359" Y="58453" Z="0"/>
					<Vertex X="41271" Y="58541" Z="0"/>
					<Vertex X="41094" Y="58630" Z="0"/>
					<Vertex X="41005" Y="58630" Z="0"/>
					<Vertex X="40917" Y="58718" Z="0"/>
					<Vertex X="40828" Y="58718" Z="0"/>
					<Vertex X="40651" Y="58807" Z="0"/>
					<Vertex X="40562" Y="58807" Z="0"/>
					<Vertex X="40385" Y="58895" Z="0"/>
					<Vertex X="40119" Y="58718" Z="0"/>
					<Vertex X="40208" Y="58984" Z="0"/>
					<Vertex X="40119" Y="58984" Z="0"/>
					<Vertex X="39942" Y="58984" Z="0"/>
					<Vertex X="39854" Y="58984" Z="0"/>
					<Vertex X="39765" Y="58984" Z="0"/>
					<Vertex X="39588" Y="59073" Z="0"/>
					<Vertex X="39500" Y="59073" Z="0"/>
					<Vertex X="39322" Y="59073" Z="0"/>
					<Vertex X="39145" Y="59073" Z="0"/>
					<Vertex X="38880" Y="58895" Z="0"/>
					<Vertex X="38880" Y="59073" Z="0"/>
					<Vertex X="38791" Y="59073" Z="0"/>
					<Vertex X="38614" Y="59073" Z="0"/>
					<Vertex X="38525" Y="58984" Z="0"/>
					<Vertex X="38348" Y="58895" Z="0"/>
					<Vertex X="38171" Y="58807" Z="0"/>
					<Vertex X="37728" Y="58630" Z="0"/>
					<Vertex X="37463" Y="58541" Z="0"/>
					<Vertex X="37285" Y="58453" Z="0"/>
					<Vertex X="37108" Y="58364" Z="0"/>
					<Vertex X="36931" Y="58275" Z="0"/>
					<Vertex X="36665" Y="58010" Z="0"/>
					<Vertex X="36400" Y="57744" Z="0"/>
					<Vertex X="36223" Y="57567" Z="0"/>
					<Vertex X="36134" Y="57478" Z="0"/>
					<Vertex X="35957" Y="57301" Z="0"/>
					<Vertex X="35957" Y="57213" Z="0"/>
					<Vertex X="35691" Y="56947" Z="0"/>
					<Vertex X="35603" Y="56681" Z="0"/>
					<Vertex X="35426" Y="56504" Z="0"/>
					<Vertex X="35337" Y="56327" Z="0"/>
					<Vertex X="35337" Y="56238" Z="0"/>
					<Vertex X="35248" Y="55973" Z="0"/>
					<Vertex X="35248" Y="55884" Z="0"/>
					<Vertex X="35160" Y="55619" Z="0"/>
					<Vertex X="35071" Y="55353" Z="0"/>
					<Vertex X="35071" Y="55264" Z="0"/>
					<Vertex X="34983" Y="55087" Z="0"/>
					<Vertex X="34983" Y="54999" Z="0"/>
					<Vertex X="34894" Y="54821" Z="0"/>
					<Vertex X="34894" Y="54733" Z="0"/>
					<Vertex X="34806" Y="54556" Z="0"/>
					<Vertex X="34806" Y="54379" Z="0"/>
					<Vertex X="34540" Y="54113" Z="0"/>
					<Vertex X="34540" Y="54024" Z="0"/>
					<Vertex X="32237" Y="51279" Z="0"/>
					<Vertex X="31972" Y="51013" Z="0"/>
					<Vertex X="31883" Y="50836" Z="0"/>
					<Vertex X="31794" Y="50747" Z="0"/>
					<Vertex X="31529" Y="50482" Z="0"/>
					<Vertex X="31529" Y="50393" Z="0"/>
					<Vertex X="31440" Y="50216" Z="0"/>
					<Vertex X="31352" Y="50128" Z="0"/>
					<Vertex X="31352" Y="50039" Z="0"/>
					<Vertex X="31263" Y="49862" Z="0"/>
					<Vertex X="31174" Y="49685" Z="0"/>
					<Vertex X="31174" Y="49596" Z="0"/>
					<Vertex X="31174" Y="49508" Z="0"/>
					<Vertex X="31086" Y="49330" Z="0"/>
					<Vertex X="31086" Y="49153" Z="0"/>
					<Vertex X="31086" Y="48888" Z="0"/>
					<Vertex X="30997" Y="48622" Z="0"/>
					<Vertex X="30997" Y="48445" Z="0"/>
					<Vertex X="30997" Y="48268" Z="0"/>
					<Vertex X="30909" Y="48091" Z="0"/>
					<Vertex X="30909" Y="48002" Z="0"/>
					<Vertex X="30466" Y="46674" Z="0"/>
					<Vertex X="30200" Y="46674" Z="0"/>
				</Vertices>
			</Region>
			<Region Id="3" Type="0" Zoom="0.011202" Selected="0" ImageLocation="" ImageFocus="-1" Length="31038.1" Area="46057395.5" LengthMicrons="7821.6" AreaMicrons="2924828.9" Text="" NegativeROA="0" InputRegionId="0" Analyze="1" DisplayId="3">
				<Attributes/>
				<Vertices>
					<Vertex X="26923" Y="27632" Z="0"/>
					<Vertex X="27720" Y="25772" Z="0"/>
					<Vertex X="27898" Y="25418" Z="0"/>
					<Vertex X="28340" Y="24975" Z="0"/>
					<Vertex X="28340" Y="24798" Z="0"/>
					<Vertex X="28518" Y="24532" Z="0"/>
					<Vertex X="28606" Y="24267" Z="0"/>
					<Vertex X="28695" Y="24090" Z="0"/>
					<Vertex X="28783" Y="23912" Z="0"/>
					<Vertex X="28783" Y="23824" Z="0"/>
					<Vertex X="28872" Y="23735" Z="0"/>
					<Vertex X="28695" Y="23470" Z="0"/>
					<Vertex X="28960" Y="23558" Z="0"/>
					<Vertex X="28960" Y="23470" Z="0"/>
					<Vertex X="29049" Y="23292" Z="0"/>
					<Vertex X="28960" Y="23027" Z="0"/>
					<Vertex X="29226" Y="23027" Z="0"/>
					<Vertex X="29226" Y="22938" Z="0"/>
					<Vertex X="29315" Y="22850" Z="0"/>
					<Vertex X="29315" Y="22761" Z="0"/>
					<Vertex X="29403" Y="22584" Z="0"/>
					<Vertex X="29757" Y="21964" Z="0"/>
					<Vertex X="29846" Y="21787" Z="0"/>
					<Vertex X="29935" Y="21610" Z="0"/>
					<Vertex X="29846" Y="21344" Z="0"/>
					<Vertex X="29935" Y="21167" Z="0"/>
					<Vertex X="30289" Y="21167" Z="0"/>
					<Vertex X="30377" Y="21078" Z="0"/>
					<Vertex X="30466" Y="20990" Z="0"/>
					<Vertex X="30555" Y="20901" Z="0"/>
					<Vertex X="30466" Y="20636" Z="0"/>
					<Vertex X="30820" Y="20636" Z="0"/>
					<Vertex X="30909" Y="20547" Z="0"/>
					<Vertex X="31086" Y="20458" Z="0"/>
					<Vertex X="30909" Y="20281" Z="0"/>
					<Vertex X="31617" Y="20370" Z="0"/>
					<Vertex X="32857" Y="20016" Z="0"/>
					<Vertex X="33034" Y="20016" Z="0"/>
					<Vertex X="33566" Y="20104" Z="0"/>
					<Vertex X="33477" Y="19927" Z="0"/>
					<Vertex X="33654" Y="20104" Z="0"/>
					<Vertex X="34009" Y="20016" Z="0"/>
					<Vertex X="34009" Y="24710" Z="0"/>
					<Vertex X="33920" Y="24887" Z="0"/>
					<Vertex X="34009" Y="25152" Z="0"/>
					<Vertex X="33920" Y="25329" Z="0"/>
					<Vertex X="33743" Y="25329" Z="0"/>
					<Vertex X="33920" Y="25507" Z="0"/>
					<Vertex X="33389" Y="26924" Z="0"/>
					<Vertex X="33389" Y="27012" Z="0"/>
					<Vertex X="33300" Y="27189" Z="0"/>
					<Vertex X="33211" Y="27366" Z="0"/>
					<Vertex X="33123" Y="27544" Z="0"/>
					<Vertex X="33034" Y="27721" Z="0"/>
					<Vertex X="32946" Y="27809" Z="0"/>
					<Vertex X="32857" Y="27986" Z="0"/>
					<Vertex X="32680" Y="28164" Z="0"/>
					<Vertex X="32592" Y="28252" Z="0"/>
					<Vertex X="32503" Y="28341" Z="0"/>
					<Vertex X="32326" Y="28518" Z="0"/>
					<Vertex X="32237" Y="28695" Z="0"/>
					<Vertex X="32060" Y="28872" Z="0"/>
					<Vertex X="31794" Y="28961" Z="0"/>
					<Vertex X="31794" Y="29049" Z="0"/>
					<Vertex X="31529" Y="28872" Z="0"/>
					<Vertex X="31617" Y="29049" Z="0"/>
					<Vertex X="29935" Y="29138" Z="0"/>
					<Vertex X="29403" Y="29138" Z="0"/>
					<Vertex X="28518" Y="29226" Z="0"/>
					<Vertex X="27898" Y="29049" Z="0"/>
					<Vertex X="27986" Y="29226" Z="0"/>
					<Vertex X="27809" Y="29226" Z="0"/>
					<Vertex X="27720" Y="29138" Z="0"/>
					<Vertex X="27366" Y="28961" Z="0"/>
					<Vertex X="27366" Y="28872" Z="0"/>
					<Vertex X="27366" Y="28961" Z="0"/>
					<Vertex X="27189" Y="28783" Z="0"/>
					<Vertex X="27012" Y="28606" Z="0"/>
					<Vertex X="27101" Y="28606" Z="0"/>
					<Vertex X="27012" Y="28518" Z="0"/>
					<Vertex X="26923" Y="28341" Z="0"/>
					<Vertex X="26923" Y="28252" Z="0"/>
					<Vertex X="26835" Y="28075" Z="0"/>
					<Vertex X="26835" Y="27986" Z="0"/>
					<Vertex X="26746" Y="27809" Z="0"/>
					<Vertex X="26746" Y="27721" Z="0"/>
					<Vertex X="26569" Y="27544" Z="0"/>
					<Vertex X="26923" Y="27632" Z="0"/>
				</Vertices>
			</Region>
			<Region Id="4" Type="0" Zoom="0.011202" Selected="1" ImageLocation="" ImageFocus="-1" Length="19831.5" Area="21777184.0" LengthMicrons="4997.5" AreaMicrons="1382938.3" Text="" NegativeROA="0" InputRegionId="0" Analyze="1" DisplayId="4">
				<Attributes/>
				<Vertices>
					<Vertex X="22495" Y="20281" Z="0"/>
					<Vertex X="23824" Y="17536" Z="0"/>
					<Vertex X="24089" Y="17713" Z="0"/>
					<Vertex X="26215" Y="16296" Z="0"/>
					<Vertex X="26303" Y="16296" Z="0"/>
					<Vertex X="26126" Y="16119" Z="0"/>
					<Vertex X="27012" Y="16030" Z="0"/>
					<Vertex X="27189" Y="16207" Z="0"/>
					<Vertex X="27809" Y="16030" Z="0"/>
					<Vertex X="27986" Y="16207" Z="0"/>
					<Vertex X="28340" Y="16473" Z="0"/>
					<Vertex X="27455" Y="20281" Z="0"/>
					<Vertex X="25064" Y="22141" Z="0"/>
					<Vertex X="23558" Y="21521" Z="0"/>
					<Vertex X="23735" Y="21698" Z="0"/>
					<Vertex X="23381" Y="21344" Z="0"/>
					<Vertex X="23115" Y="20990" Z="0"/>
					<Vertex X="22849" Y="20636" Z="0"/>
					<Vertex X="22938" Y="20724" Z="0"/>
					<Vertex X="22495" Y="20104" Z="0"/>
				</Vertices>
			</Region>
		</Regions>
		<Plots/>
	</Annotation>
</Annotations>
