<Annotations MicronsPerPixel="0.252700">
	<Annotation Id="1" Name="" ReadOnly="0" NameReadOnly="0" LineColorReadOnly="0" Incremental="0" Type="4" LineColor="65535" Visible="1" Selected="1" MarkupImagePath="" MacroName="">
		<Attributes/>
		<Regions>
			<RegionAttributeHeaders/>
			<Region Id="1" Type="0" Zoom="0.014007" Selected="0" ImageLocation="" ImageFocus="-1" Length="109752.8" Area="663180692.5" LengthMicrons="27734.5" AreaMicrons="42348922.1" Text="" NegativeROA="0" InputRegionId="0" Analyze="1" DisplayId="1">
				<Attributes/>
				<Vertices>
					<Vertex X="44426" Y="13278" Z="0"/>
					<Vertex X="43932" Y="13773" Z="0"/>
					<Vertex X="43014" Y="14691" Z="0"/>
					<Vertex X="42661" Y="14903" Z="0"/>
					<Vertex X="42661" Y="14973" Z="0"/>
					<Vertex X="42519" Y="15397" Z="0"/>
					<Vertex X="42307" Y="15609" Z="0"/>
					<Vertex X="42166" Y="15821" Z="0"/>
					<Vertex X="42166" Y="15892" Z="0"/>
					<Vertex X="42096" Y="15962" Z="0"/>
					<Vertex X="42096" Y="16033" Z="0"/>
					<Vertex X="42025" Y="16104" Z="0"/>
					<Vertex X="41954" Y="16174" Z="0"/>
					<Vertex X="41954" Y="16315" Z="0"/>
					<Vertex X="41884" Y="16386" Z="0"/>
					<Vertex X="41813" Y="16457" Z="0"/>
					<Vertex X="41813" Y="16598" Z="0"/>
					<Vertex X="41742" Y="16669" Z="0"/>
					<Vertex X="41672" Y="16739" Z="0"/>
					<Vertex X="41601" Y="16951" Z="0"/>
					<Vertex X="41601" Y="17163" Z="0"/>
					<Vertex X="41530" Y="17234" Z="0"/>
					<Vertex X="41389" Y="17516" Z="0"/>
					<Vertex X="41319" Y="17657" Z="0"/>
					<Vertex X="41248" Y="17799" Z="0"/>
					<Vertex X="41248" Y="17869" Z="0"/>
					<Vertex X="41177" Y="18011" Z="0"/>
					<Vertex X="41107" Y="18011" Z="0"/>
					<Vertex X="41107" Y="18081" Z="0"/>
					<Vertex X="41107" Y="18222" Z="0"/>
					<Vertex X="41107" Y="18293" Z="0"/>
					<Vertex X="41036" Y="18364" Z="0"/>
					<Vertex X="41036" Y="18434" Z="0"/>
					<Vertex X="41036" Y="18505" Z="0"/>
					<Vertex X="40965" Y="18576" Z="0"/>
					<Vertex X="40965" Y="18646" Z="0"/>
					<Vertex X="40965" Y="18717" Z="0"/>
					<Vertex X="40965" Y="18787" Z="0"/>
					<Vertex X="40965" Y="18929" Z="0"/>
					<Vertex X="40895" Y="19070" Z="0"/>
					<Vertex X="40824" Y="19141" Z="0"/>
					<Vertex X="40754" Y="19282" Z="0"/>
					<Vertex X="40754" Y="19423" Z="0"/>
					<Vertex X="40683" Y="19494" Z="0"/>
					<Vertex X="40612" Y="19564" Z="0"/>
					<Vertex X="40612" Y="19635" Z="0"/>
					<Vertex X="40612" Y="19706" Z="0"/>
					<Vertex X="40542" Y="19776" Z="0"/>
					<Vertex X="40542" Y="19847" Z="0"/>
					<Vertex X="40471" Y="19988" Z="0"/>
					<Vertex X="40400" Y="20129" Z="0"/>
					<Vertex X="40330" Y="20200" Z="0"/>
					<Vertex X="40189" Y="20271" Z="0"/>
					<Vertex X="40189" Y="20483" Z="0"/>
					<Vertex X="40118" Y="20483" Z="0"/>
					<Vertex X="40047" Y="20553" Z="0"/>
					<Vertex X="39977" Y="20694" Z="0"/>
					<Vertex X="39906" Y="20765" Z="0"/>
					<Vertex X="39835" Y="20906" Z="0"/>
					<Vertex X="39765" Y="20977" Z="0"/>
					<Vertex X="39694" Y="21048" Z="0"/>
					<Vertex X="39623" Y="21189" Z="0"/>
					<Vertex X="39553" Y="21259" Z="0"/>
					<Vertex X="39482" Y="21330" Z="0"/>
					<Vertex X="39412" Y="21471" Z="0"/>
					<Vertex X="39341" Y="21542" Z="0"/>
					<Vertex X="39200" Y="21683" Z="0"/>
					<Vertex X="39129" Y="21754" Z="0"/>
					<Vertex X="38988" Y="21825" Z="0"/>
					<Vertex X="38917" Y="21966" Z="0"/>
					<Vertex X="38776" Y="22107" Z="0"/>
					<Vertex X="38705" Y="22248" Z="0"/>
					<Vertex X="38564" Y="22319" Z="0"/>
					<Vertex X="38493" Y="22390" Z="0"/>
					<Vertex X="38352" Y="22672" Z="0"/>
					<Vertex X="38140" Y="22884" Z="0"/>
					<Vertex X="37999" Y="23025" Z="0"/>
					<Vertex X="37928" Y="23166" Z="0"/>
					<Vertex X="37787" Y="23308" Z="0"/>
					<Vertex X="37646" Y="23449" Z="0"/>
					<Vertex X="37575" Y="23520" Z="0"/>
					<Vertex X="37505" Y="23590" Z="0"/>
					<Vertex X="37505" Y="23661" Z="0"/>
					<Vertex X="37434" Y="23661" Z="0"/>
					<Vertex X="37363" Y="23802" Z="0"/>
					<Vertex X="37293" Y="23873" Z="0"/>
					<Vertex X="37222" Y="24014" Z="0"/>
					<Vertex X="37222" Y="24085" Z="0"/>
					<Vertex X="37151" Y="24297" Z="0"/>
					<Vertex X="37010" Y="24508" Z="0"/>
					<Vertex X="36940" Y="24650" Z="0"/>
					<Vertex X="36869" Y="24720" Z="0"/>
					<Vertex X="36798" Y="24791" Z="0"/>
					<Vertex X="36798" Y="24932" Z="0"/>
					<Vertex X="36728" Y="25003" Z="0"/>
					<Vertex X="36657" Y="25073" Z="0"/>
					<Vertex X="36657" Y="25215" Z="0"/>
					<Vertex X="36657" Y="25285" Z="0"/>
					<Vertex X="36586" Y="25427" Z="0"/>
					<Vertex X="36516" Y="25568" Z="0"/>
					<Vertex X="36516" Y="25709" Z="0"/>
					<Vertex X="36516" Y="25780" Z="0"/>
					<Vertex X="36445" Y="25921" Z="0"/>
					<Vertex X="36445" Y="25992" Z="0"/>
					<Vertex X="36375" Y="26133" Z="0"/>
					<Vertex X="36375" Y="26204" Z="0"/>
					<Vertex X="36375" Y="26274" Z="0"/>
					<Vertex X="36375" Y="26345" Z="0"/>
					<Vertex X="36304" Y="26486" Z="0"/>
					<Vertex X="36304" Y="26557" Z="0"/>
					<Vertex X="36304" Y="26698" Z="0"/>
					<Vertex X="36304" Y="26910" Z="0"/>
					<Vertex X="36304" Y="27051" Z="0"/>
					<Vertex X="36304" Y="27263" Z="0"/>
					<Vertex X="36304" Y="27475" Z="0"/>
					<Vertex X="36304" Y="27616" Z="0"/>
					<Vertex X="36304" Y="27828" Z="0"/>
					<Vertex X="36375" Y="28111" Z="0"/>
					<Vertex X="36445" Y="28322" Z="0"/>
					<Vertex X="36586" Y="28605" Z="0"/>
					<Vertex X="36586" Y="28817" Z="0"/>
					<Vertex X="36657" Y="29029" Z="0"/>
					<Vertex X="36728" Y="29170" Z="0"/>
					<Vertex X="36798" Y="29241" Z="0"/>
					<Vertex X="36869" Y="29453" Z="0"/>
					<Vertex X="36940" Y="29594" Z="0"/>
					<Vertex X="37010" Y="29735" Z="0"/>
					<Vertex X="37151" Y="29876" Z="0"/>
					<Vertex X="37151" Y="30088" Z="0"/>
					<Vertex X="37293" Y="30371" Z="0"/>
					<Vertex X="37434" Y="30583" Z="0"/>
					<Vertex X="37505" Y="30724" Z="0"/>
					<Vertex X="37646" Y="30865" Z="0"/>
					<Vertex X="37646" Y="30936" Z="0"/>
					<Vertex X="37716" Y="31006" Z="0"/>
					<Vertex X="37787" Y="31218" Z="0"/>
					<Vertex X="37858" Y="31360" Z="0"/>
					<Vertex X="37928" Y="31501" Z="0"/>
					<Vertex X="37999" Y="31713" Z="0"/>
					<Vertex X="38070" Y="31995" Z="0"/>
					<Vertex X="38211" Y="32278" Z="0"/>
					<Vertex X="38282" Y="32490" Z="0"/>
					<Vertex X="38423" Y="32772" Z="0"/>
					<Vertex X="38423" Y="32984" Z="0"/>
					<Vertex X="38493" Y="33125" Z="0"/>
					<Vertex X="38493" Y="33196" Z="0"/>
					<Vertex X="38493" Y="33266" Z="0"/>
					<Vertex X="38564" Y="33337" Z="0"/>
					<Vertex X="38564" Y="33408" Z="0"/>
					<Vertex X="38564" Y="33620" Z="0"/>
					<Vertex X="38635" Y="33902" Z="0"/>
					<Vertex X="38705" Y="34114" Z="0"/>
					<Vertex X="38776" Y="34255" Z="0"/>
					<Vertex X="38776" Y="34397" Z="0"/>
					<Vertex X="38776" Y="34538" Z="0"/>
					<Vertex X="38776" Y="34679" Z="0"/>
					<Vertex X="38847" Y="34891" Z="0"/>
					<Vertex X="38847" Y="35032" Z="0"/>
					<Vertex X="38847" Y="35173" Z="0"/>
					<Vertex X="38847" Y="35385" Z="0"/>
					<Vertex X="38847" Y="35597" Z="0"/>
					<Vertex X="38847" Y="35880" Z="0"/>
					<Vertex X="38847" Y="36092" Z="0"/>
					<Vertex X="38847" Y="36374" Z="0"/>
					<Vertex X="38847" Y="37151" Z="0"/>
					<Vertex X="38847" Y="37434" Z="0"/>
					<Vertex X="38847" Y="37716" Z="0"/>
					<Vertex X="38847" Y="37999" Z="0"/>
					<Vertex X="38917" Y="38140" Z="0"/>
					<Vertex X="38917" Y="38281" Z="0"/>
					<Vertex X="38917" Y="38493" Z="0"/>
					<Vertex X="38917" Y="38564" Z="0"/>
					<Vertex X="38917" Y="38634" Z="0"/>
					<Vertex X="38917" Y="38776" Z="0"/>
					<Vertex X="38988" Y="38987" Z="0"/>
					<Vertex X="38988" Y="39058" Z="0"/>
					<Vertex X="38988" Y="39199" Z="0"/>
					<Vertex X="38988" Y="39341" Z="0"/>
					<Vertex X="38988" Y="39482" Z="0"/>
					<Vertex X="39058" Y="39694" Z="0"/>
					<Vertex X="39058" Y="39835" Z="0"/>
					<Vertex X="39058" Y="39906" Z="0"/>
					<Vertex X="39058" Y="40047" Z="0"/>
					<Vertex X="39058" Y="40118" Z="0"/>
					<Vertex X="39058" Y="40259" Z="0"/>
					<Vertex X="39058" Y="40329" Z="0"/>
					<Vertex X="39058" Y="40471" Z="0"/>
					<Vertex X="39058" Y="40612" Z="0"/>
					<Vertex X="39058" Y="40753" Z="0"/>
					<Vertex X="38988" Y="41036" Z="0"/>
					<Vertex X="38917" Y="41460" Z="0"/>
					<Vertex X="38776" Y="41671" Z="0"/>
					<Vertex X="38776" Y="41742" Z="0"/>
					<Vertex X="38776" Y="41883" Z="0"/>
					<Vertex X="38705" Y="42095" Z="0"/>
					<Vertex X="38635" Y="42236" Z="0"/>
					<Vertex X="38635" Y="42519" Z="0"/>
					<Vertex X="38564" Y="43013" Z="0"/>
					<Vertex X="38493" Y="43367" Z="0"/>
					<Vertex X="38493" Y="43508" Z="0"/>
					<Vertex X="38423" Y="43790" Z="0"/>
					<Vertex X="38423" Y="44002" Z="0"/>
					<Vertex X="38352" Y="44143" Z="0"/>
					<Vertex X="38352" Y="44285" Z="0"/>
					<Vertex X="38352" Y="44426" Z="0"/>
					<Vertex X="38352" Y="44567" Z="0"/>
					<Vertex X="38352" Y="44708" Z="0"/>
					<Vertex X="38352" Y="44850" Z="0"/>
					<Vertex X="38352" Y="45062" Z="0"/>
					<Vertex X="38352" Y="45203" Z="0"/>
					<Vertex X="38352" Y="45415" Z="0"/>
					<Vertex X="38352" Y="45556" Z="0"/>
					<Vertex X="38352" Y="45768" Z="0"/>
					<Vertex X="38352" Y="45909" Z="0"/>
					<Vertex X="38352" Y="45980" Z="0"/>
					<Vertex X="38352" Y="46050" Z="0"/>
					<Vertex X="38352" Y="46192" Z="0"/>
					<Vertex X="38352" Y="46333" Z="0"/>
					<Vertex X="38352" Y="46474" Z="0"/>
					<Vertex X="38352" Y="46686" Z="0"/>
					<Vertex X="38352" Y="46898" Z="0"/>
					<Vertex X="38352" Y="47322" Z="0"/>
					<Vertex X="38352" Y="47392" Z="0"/>
					<Vertex X="38352" Y="47534" Z="0"/>
					<Vertex X="38352" Y="47675" Z="0"/>
					<Vertex X="38423" Y="47816" Z="0"/>
					<Vertex X="38493" Y="47957" Z="0"/>
					<Vertex X="38493" Y="48028" Z="0"/>
					<Vertex X="38493" Y="48240" Z="0"/>
					<Vertex X="38564" Y="48311" Z="0"/>
					<Vertex X="38705" Y="48452" Z="0"/>
					<Vertex X="38776" Y="48593" Z="0"/>
					<Vertex X="38917" Y="48805" Z="0"/>
					<Vertex X="38988" Y="49017" Z="0"/>
					<Vertex X="39129" Y="49158" Z="0"/>
					<Vertex X="39200" Y="49229" Z="0"/>
					<Vertex X="39341" Y="49441" Z="0"/>
					<Vertex X="39482" Y="49511" Z="0"/>
					<Vertex X="39553" Y="49653" Z="0"/>
					<Vertex X="39694" Y="49794" Z="0"/>
					<Vertex X="39765" Y="49864" Z="0"/>
					<Vertex X="40118" Y="50288" Z="0"/>
					<Vertex X="40400" Y="50500" Z="0"/>
					<Vertex X="40471" Y="50571" Z="0"/>
					<Vertex X="40612" Y="50712" Z="0"/>
					<Vertex X="40754" Y="50853" Z="0"/>
					<Vertex X="40895" Y="50924" Z="0"/>
					<Vertex X="40965" Y="51065" Z="0"/>
					<Vertex X="41177" Y="51136" Z="0"/>
					<Vertex X="41177" Y="51277" Z="0"/>
					<Vertex X="41319" Y="51277" Z="0"/>
					<Vertex X="41319" Y="51348" Z="0"/>
					<Vertex X="41389" Y="51348" Z="0"/>
					<Vertex X="41460" Y="51489" Z="0"/>
					<Vertex X="41601" Y="51630" Z="0"/>
					<Vertex X="41672" Y="51701" Z="0"/>
					<Vertex X="41742" Y="51842" Z="0"/>
					<Vertex X="41884" Y="51913" Z="0"/>
					<Vertex X="41954" Y="52054" Z="0"/>
					<Vertex X="42025" Y="52195" Z="0"/>
					<Vertex X="42096" Y="52266" Z="0"/>
					<Vertex X="42237" Y="52407" Z="0"/>
					<Vertex X="42307" Y="52548" Z="0"/>
					<Vertex X="42449" Y="52619" Z="0"/>
					<Vertex X="42519" Y="52760" Z="0"/>
					<Vertex X="42661" Y="52902" Z="0"/>
					<Vertex X="43014" Y="53184" Z="0"/>
					<Vertex X="43296" Y="53396" Z="0"/>
					<Vertex X="43508" Y="53537" Z="0"/>
					<Vertex X="43932" Y="53820" Z="0"/>
					<Vertex X="44073" Y="53961" Z="0"/>
					<Vertex X="44214" Y="54032" Z="0"/>
					<Vertex X="44426" Y="54173" Z="0"/>
					<Vertex X="44638" Y="54243" Z="0"/>
					<Vertex X="44779" Y="54314" Z="0"/>
					<Vertex X="44921" Y="54455" Z="0"/>
					<Vertex X="45062" Y="54455" Z="0"/>
					<Vertex X="45274" Y="54526" Z="0"/>
					<Vertex X="45486" Y="54597" Z="0"/>
					<Vertex X="45698" Y="54667" Z="0"/>
					<Vertex X="45909" Y="54738" Z="0"/>
					<Vertex X="46121" Y="54879" Z="0"/>
					<Vertex X="46475" Y="55020" Z="0"/>
					<Vertex X="46616" Y="55020" Z="0"/>
					<Vertex X="46757" Y="55091" Z="0"/>
					<Vertex X="46898" Y="55162" Z="0"/>
					<Vertex X="47040" Y="55232" Z="0"/>
					<Vertex X="47181" Y="55232" Z="0"/>
					<Vertex X="47393" Y="55303" Z="0"/>
					<Vertex X="47605" Y="55374" Z="0"/>
					<Vertex X="47746" Y="55374" Z="0"/>
					<Vertex X="47958" Y="55374" Z="0"/>
					<Vertex X="48170" Y="55374" Z="0"/>
					<Vertex X="48311" Y="55444" Z="0"/>
					<Vertex X="48452" Y="55515" Z="0"/>
					<Vertex X="48593" Y="55585" Z="0"/>
					<Vertex X="48735" Y="55585" Z="0"/>
					<Vertex X="48947" Y="55585" Z="0"/>
					<Vertex X="49158" Y="55656" Z="0"/>
					<Vertex X="49300" Y="55727" Z="0"/>
					<Vertex X="49512" Y="55727" Z="0"/>
					<Vertex X="49794" Y="55797" Z="0"/>
					<Vertex X="50006" Y="55797" Z="0"/>
					<Vertex X="50218" Y="55797" Z="0"/>
					<Vertex X="50500" Y="55868" Z="0"/>
					<Vertex X="50854" Y="55939" Z="0"/>
					<Vertex X="51136" Y="56009" Z="0"/>
					<Vertex X="51419" Y="56009" Z="0"/>
					<Vertex X="51842" Y="56080" Z="0"/>
					<Vertex X="52125" Y="56150" Z="0"/>
					<Vertex X="52407" Y="56221" Z="0"/>
					<Vertex X="52761" Y="56292" Z="0"/>
					<Vertex X="52902" Y="56292" Z="0"/>
					<Vertex X="52972" Y="56292" Z="0"/>
					<Vertex X="53114" Y="56292" Z="0"/>
					<Vertex X="53184" Y="56292" Z="0"/>
					<Vertex X="53255" Y="56362" Z="0"/>
					<Vertex X="53608" Y="56433" Z="0"/>
					<Vertex X="53749" Y="56433" Z="0"/>
					<Vertex X="53961" Y="56433" Z="0"/>
					<Vertex X="54103" Y="56433" Z="0"/>
					<Vertex X="54244" Y="56433" Z="0"/>
					<Vertex X="54314" Y="56433" Z="0"/>
					<Vertex X="54385" Y="56433" Z="0"/>
					<Vertex X="54526" Y="56433" Z="0"/>
					<Vertex X="54597" Y="56433" Z="0"/>
					<Vertex X="54668" Y="56362" Z="0"/>
					<Vertex X="54879" Y="56362" Z="0"/>
					<Vertex X="55021" Y="56221" Z="0"/>
					<Vertex X="55233" Y="56150" Z="0"/>
					<Vertex X="55374" Y="56150" Z="0"/>
					<Vertex X="55515" Y="56080" Z="0"/>
					<Vertex X="55727" Y="56009" Z="0"/>
					<Vertex X="55798" Y="56009" Z="0"/>
					<Vertex X="55939" Y="55868" Z="0"/>
					<Vertex X="56080" Y="55797" Z="0"/>
					<Vertex X="56151" Y="55797" Z="0"/>
					<Vertex X="56292" Y="55656" Z="0"/>
					<Vertex X="56433" Y="55585" Z="0"/>
					<Vertex X="56575" Y="55515" Z="0"/>
					<Vertex X="56645" Y="55444" Z="0"/>
					<Vertex X="56786" Y="55303" Z="0"/>
					<Vertex X="56928" Y="55232" Z="0"/>
					<Vertex X="57069" Y="55232" Z="0"/>
					<Vertex X="57140" Y="55091" Z="0"/>
					<Vertex X="57210" Y="55091" Z="0"/>
					<Vertex X="57281" Y="55020" Z="0"/>
					<Vertex X="57351" Y="55020" Z="0"/>
					<Vertex X="57422" Y="54950" Z="0"/>
					<Vertex X="57493" Y="54879" Z="0"/>
					<Vertex X="57634" Y="54738" Z="0"/>
					<Vertex X="57705" Y="54667" Z="0"/>
					<Vertex X="57775" Y="54526" Z="0"/>
					<Vertex X="57917" Y="54455" Z="0"/>
					<Vertex X="57917" Y="54314" Z="0"/>
					<Vertex X="58058" Y="54243" Z="0"/>
					<Vertex X="58128" Y="54102" Z="0"/>
					<Vertex X="58199" Y="53961" Z="0"/>
					<Vertex X="58270" Y="53678" Z="0"/>
					<Vertex X="58411" Y="53467" Z="0"/>
					<Vertex X="58482" Y="53255" Z="0"/>
					<Vertex X="58552" Y="53113" Z="0"/>
					<Vertex X="58552" Y="52902" Z="0"/>
					<Vertex X="58693" Y="52760" Z="0"/>
					<Vertex X="58764" Y="52548" Z="0"/>
					<Vertex X="58764" Y="52336" Z="0"/>
					<Vertex X="58835" Y="52266" Z="0"/>
					<Vertex X="58976" Y="52054" Z="0"/>
					<Vertex X="59047" Y="51701" Z="0"/>
					<Vertex X="59047" Y="51560" Z="0"/>
					<Vertex X="59117" Y="51277" Z="0"/>
					<Vertex X="59117" Y="51065" Z="0"/>
					<Vertex X="59188" Y="50853" Z="0"/>
					<Vertex X="59258" Y="50712" Z="0"/>
					<Vertex X="59258" Y="50571" Z="0"/>
					<Vertex X="59258" Y="50359" Z="0"/>
					<Vertex X="59329" Y="50076" Z="0"/>
					<Vertex X="59400" Y="49864" Z="0"/>
					<Vertex X="59400" Y="49723" Z="0"/>
					<Vertex X="59470" Y="49441" Z="0"/>
					<Vertex X="59541" Y="49017" Z="0"/>
					<Vertex X="59541" Y="48734" Z="0"/>
					<Vertex X="59541" Y="48522" Z="0"/>
					<Vertex X="59612" Y="48240" Z="0"/>
					<Vertex X="59612" Y="47957" Z="0"/>
					<Vertex X="59612" Y="47675" Z="0"/>
					<Vertex X="59682" Y="47534" Z="0"/>
					<Vertex X="59682" Y="47322" Z="0"/>
					<Vertex X="59682" Y="47181" Z="0"/>
					<Vertex X="59682" Y="47110" Z="0"/>
					<Vertex X="59682" Y="47039" Z="0"/>
					<Vertex X="59682" Y="46969" Z="0"/>
					<Vertex X="59682" Y="46898" Z="0"/>
					<Vertex X="59682" Y="46827" Z="0"/>
					<Vertex X="59682" Y="46686" Z="0"/>
					<Vertex X="59682" Y="46545" Z="0"/>
					<Vertex X="59682" Y="46404" Z="0"/>
					<Vertex X="59682" Y="46192" Z="0"/>
					<Vertex X="59682" Y="46121" Z="0"/>
					<Vertex X="59682" Y="46050" Z="0"/>
					<Vertex X="59682" Y="45839" Z="0"/>
					<Vertex X="59682" Y="45768" Z="0"/>
					<Vertex X="59682" Y="45627" Z="0"/>
					<Vertex X="59682" Y="45415" Z="0"/>
					<Vertex X="59682" Y="45274" Z="0"/>
					<Vertex X="59682" Y="45132" Z="0"/>
					<Vertex X="59682" Y="44920" Z="0"/>
					<Vertex X="59612" Y="44708" Z="0"/>
					<Vertex X="59541" Y="44567" Z="0"/>
					<Vertex X="59541" Y="44426" Z="0"/>
					<Vertex X="59470" Y="44285" Z="0"/>
					<Vertex X="59470" Y="44214" Z="0"/>
					<Vertex X="59470" Y="44002" Z="0"/>
					<Vertex X="59470" Y="43932" Z="0"/>
					<Vertex X="59400" Y="43861" Z="0"/>
					<Vertex X="59400" Y="43720" Z="0"/>
					<Vertex X="59329" Y="43649" Z="0"/>
					<Vertex X="59329" Y="43508" Z="0"/>
					<Vertex X="59258" Y="43367" Z="0"/>
					<Vertex X="59188" Y="43155" Z="0"/>
					<Vertex X="59117" Y="42872" Z="0"/>
					<Vertex X="59047" Y="42660" Z="0"/>
					<Vertex X="58976" Y="42448" Z="0"/>
					<Vertex X="58905" Y="42307" Z="0"/>
					<Vertex X="58835" Y="42166" Z="0"/>
					<Vertex X="58835" Y="42025" Z="0"/>
					<Vertex X="58764" Y="42025" Z="0"/>
					<Vertex X="58764" Y="41883" Z="0"/>
					<Vertex X="58693" Y="41813" Z="0"/>
					<Vertex X="58693" Y="41742" Z="0"/>
					<Vertex X="58623" Y="41742" Z="0"/>
					<Vertex X="58623" Y="41671" Z="0"/>
					<Vertex X="58552" Y="41530" Z="0"/>
					<Vertex X="58482" Y="41389" Z="0"/>
					<Vertex X="58340" Y="41248" Z="0"/>
					<Vertex X="58199" Y="40965" Z="0"/>
					<Vertex X="58128" Y="40753" Z="0"/>
					<Vertex X="58058" Y="40612" Z="0"/>
					<Vertex X="57987" Y="40400" Z="0"/>
					<Vertex X="57917" Y="40259" Z="0"/>
					<Vertex X="57846" Y="40188" Z="0"/>
					<Vertex X="57846" Y="40118" Z="0"/>
					<Vertex X="57846" Y="40047" Z="0"/>
					<Vertex X="57846" Y="39976" Z="0"/>
					<Vertex X="57775" Y="39976" Z="0"/>
					<Vertex X="57775" Y="39835" Z="0"/>
					<Vertex X="57775" Y="39764" Z="0"/>
					<Vertex X="57775" Y="39694" Z="0"/>
					<Vertex X="57775" Y="39553" Z="0"/>
					<Vertex X="57775" Y="39482" Z="0"/>
					<Vertex X="57775" Y="39270" Z="0"/>
					<Vertex X="57775" Y="39129" Z="0"/>
					<Vertex X="57775" Y="38987" Z="0"/>
					<Vertex X="57775" Y="38776" Z="0"/>
					<Vertex X="57775" Y="38634" Z="0"/>
					<Vertex X="57775" Y="38493" Z="0"/>
					<Vertex X="57775" Y="38211" Z="0"/>
					<Vertex X="57775" Y="37999" Z="0"/>
					<Vertex X="57775" Y="37716" Z="0"/>
					<Vertex X="57775" Y="37504" Z="0"/>
					<Vertex X="57846" Y="37222" Z="0"/>
					<Vertex X="57846" Y="37010" Z="0"/>
					<Vertex X="57917" Y="36869" Z="0"/>
					<Vertex X="57917" Y="36727" Z="0"/>
					<Vertex X="57917" Y="36657" Z="0"/>
					<Vertex X="57917" Y="36515" Z="0"/>
					<Vertex X="57917" Y="36445" Z="0"/>
					<Vertex X="57917" Y="36304" Z="0"/>
					<Vertex X="57917" Y="36162" Z="0"/>
					<Vertex X="57917" Y="36021" Z="0"/>
					<Vertex X="57917" Y="35950" Z="0"/>
					<Vertex X="57917" Y="35809" Z="0"/>
					<Vertex X="57917" Y="35668" Z="0"/>
					<Vertex X="57917" Y="35527" Z="0"/>
					<Vertex X="57846" Y="35385" Z="0"/>
					<Vertex X="57775" Y="35173" Z="0"/>
					<Vertex X="57705" Y="34962" Z="0"/>
					<Vertex X="57634" Y="34750" Z="0"/>
					<Vertex X="57634" Y="34538" Z="0"/>
					<Vertex X="57493" Y="34397" Z="0"/>
					<Vertex X="57422" Y="34255" Z="0"/>
					<Vertex X="57351" Y="34043" Z="0"/>
					<Vertex X="57281" Y="33761" Z="0"/>
					<Vertex X="57069" Y="33408" Z="0"/>
					<Vertex X="56928" Y="33125" Z="0"/>
					<Vertex X="56857" Y="32843" Z="0"/>
					<Vertex X="56716" Y="32560" Z="0"/>
					<Vertex X="56575" Y="32278" Z="0"/>
					<Vertex X="56504" Y="32066" Z="0"/>
					<Vertex X="56433" Y="31995" Z="0"/>
					<Vertex X="56292" Y="31783" Z="0"/>
					<Vertex X="56292" Y="31642" Z="0"/>
					<Vertex X="56221" Y="31571" Z="0"/>
					<Vertex X="56151" Y="31430" Z="0"/>
					<Vertex X="56080" Y="31218" Z="0"/>
					<Vertex X="56010" Y="31077" Z="0"/>
					<Vertex X="55868" Y="30865" Z="0"/>
					<Vertex X="55798" Y="30653" Z="0"/>
					<Vertex X="55727" Y="30512" Z="0"/>
					<Vertex X="55656" Y="30441" Z="0"/>
					<Vertex X="55515" Y="30229" Z="0"/>
					<Vertex X="55303" Y="29806" Z="0"/>
					<Vertex X="55233" Y="29735" Z="0"/>
					<Vertex X="55233" Y="29594" Z="0"/>
					<Vertex X="55091" Y="29382" Z="0"/>
					<Vertex X="55021" Y="29241" Z="0"/>
					<Vertex X="54950" Y="29099" Z="0"/>
					<Vertex X="54809" Y="28887" Z="0"/>
					<Vertex X="54738" Y="28605" Z="0"/>
					<Vertex X="54526" Y="28181" Z="0"/>
					<Vertex X="54314" Y="27969" Z="0"/>
					<Vertex X="54032" Y="27475" Z="0"/>
					<Vertex X="53891" Y="27263" Z="0"/>
					<Vertex X="53749" Y="27122" Z="0"/>
					<Vertex X="53679" Y="26980" Z="0"/>
					<Vertex X="53537" Y="26769" Z="0"/>
					<Vertex X="53396" Y="26557" Z="0"/>
					<Vertex X="53326" Y="26415" Z="0"/>
					<Vertex X="53326" Y="26345" Z="0"/>
					<Vertex X="53255" Y="26274" Z="0"/>
					<Vertex X="53184" Y="26133" Z="0"/>
					<Vertex X="53114" Y="25992" Z="0"/>
					<Vertex X="52972" Y="25709" Z="0"/>
					<Vertex X="52902" Y="25568" Z="0"/>
					<Vertex X="52831" Y="25356" Z="0"/>
					<Vertex X="52761" Y="25285" Z="0"/>
					<Vertex X="52549" Y="25003" Z="0"/>
					<Vertex X="52549" Y="24932" Z="0"/>
					<Vertex X="52407" Y="24650" Z="0"/>
					<Vertex X="52337" Y="24508" Z="0"/>
					<Vertex X="52266" Y="24367" Z="0"/>
					<Vertex X="52125" Y="24297" Z="0"/>
					<Vertex X="52125" Y="24155" Z="0"/>
					<Vertex X="51984" Y="24014" Z="0"/>
					<Vertex X="51984" Y="23873" Z="0"/>
					<Vertex X="51772" Y="23520" Z="0"/>
					<Vertex X="51560" Y="23237" Z="0"/>
					<Vertex X="51277" Y="22884" Z="0"/>
					<Vertex X="51065" Y="22531" Z="0"/>
					<Vertex X="50995" Y="22390" Z="0"/>
					<Vertex X="50854" Y="22178" Z="0"/>
					<Vertex X="50783" Y="22107" Z="0"/>
					<Vertex X="50712" Y="22107" Z="0"/>
					<Vertex X="50712" Y="22036" Z="0"/>
					<Vertex X="50571" Y="21825" Z="0"/>
					<Vertex X="50500" Y="21683" Z="0"/>
					<Vertex X="50289" Y="21471" Z="0"/>
					<Vertex X="50147" Y="21330" Z="0"/>
					<Vertex X="49935" Y="21048" Z="0"/>
					<Vertex X="49865" Y="20906" Z="0"/>
					<Vertex X="49723" Y="20765" Z="0"/>
					<Vertex X="49653" Y="20694" Z="0"/>
					<Vertex X="49512" Y="20553" Z="0"/>
					<Vertex X="49512" Y="20483" Z="0"/>
					<Vertex X="49370" Y="20412" Z="0"/>
					<Vertex X="49158" Y="20200" Z="0"/>
					<Vertex X="48947" Y="20059" Z="0"/>
					<Vertex X="48876" Y="19988" Z="0"/>
					<Vertex X="48735" Y="19918" Z="0"/>
					<Vertex X="48735" Y="19847" Z="0"/>
					<Vertex X="48664" Y="19776" Z="0"/>
					<Vertex X="48593" Y="19776" Z="0"/>
					<Vertex X="48593" Y="19635" Z="0"/>
					<Vertex X="48452" Y="19564" Z="0"/>
					<Vertex X="48382" Y="19494" Z="0"/>
					<Vertex X="48311" Y="19423" Z="0"/>
					<Vertex X="48170" Y="19352" Z="0"/>
					<Vertex X="47958" Y="19070" Z="0"/>
					<Vertex X="47887" Y="19070" Z="0"/>
					<Vertex X="47816" Y="18999" Z="0"/>
					<Vertex X="47816" Y="18929" Z="0"/>
					<Vertex X="47746" Y="18929" Z="0"/>
					<Vertex X="47746" Y="18858" Z="0"/>
					<Vertex X="47251" Y="18222" Z="0"/>
					<Vertex X="47110" Y="18011" Z="0"/>
					<Vertex X="46898" Y="17728" Z="0"/>
					<Vertex X="46686" Y="17445" Z="0"/>
					<Vertex X="46616" Y="17304" Z="0"/>
					<Vertex X="46545" Y="17234" Z="0"/>
					<Vertex X="46475" Y="17234" Z="0"/>
					<Vertex X="46475" Y="17163" Z="0"/>
					<Vertex X="46475" Y="17092" Z="0"/>
					<Vertex X="46192" Y="16174" Z="0"/>
					<Vertex X="46121" Y="15821" Z="0"/>
					<Vertex X="46051" Y="15680" Z="0"/>
					<Vertex X="45980" Y="15538" Z="0"/>
					<Vertex X="45980" Y="15397" Z="0"/>
					<Vertex X="45980" Y="15327" Z="0"/>
					<Vertex X="45980" Y="15115" Z="0"/>
					<Vertex X="45909" Y="15044" Z="0"/>
					<Vertex X="45909" Y="14973" Z="0"/>
					<Vertex X="45839" Y="14408" Z="0"/>
					<Vertex X="45839" Y="14126" Z="0"/>
					<Vertex X="45839" Y="14055" Z="0"/>
					<Vertex X="45556" Y="13843" Z="0"/>
					<Vertex X="45415" Y="13773" Z="0"/>
					<Vertex X="45274" Y="13631" Z="0"/>
					<Vertex X="45203" Y="13631" Z="0"/>
					<Vertex X="45203" Y="13561" Z="0"/>
					<Vertex X="44426" Y="13278" Z="0"/>
				</Vertices>
			</Region>
			<Region Id="2" Type="0" Zoom="0.014007" Selected="0" ImageLocation="" ImageFocus="-1" Length="88938.6" Area="383073541.0" LengthMicrons="22474.8" AreaMicrons="24462038.4" Text="" NegativeROA="0" InputRegionId="0" Analyze="1" DisplayId="2">
				<Attributes/>
				<Vertices>
					<Vertex X="67028" Y="25780" Z="0"/>
					<Vertex X="66886" Y="25780" Z="0"/>
					<Vertex X="66604" Y="25780" Z="0"/>
					<Vertex X="66392" Y="25780" Z="0"/>
					<Vertex X="66110" Y="25709" Z="0"/>
					<Vertex X="66039" Y="25709" Z="0"/>
					<Vertex X="65686" Y="25709" Z="0"/>
					<Vertex X="65050" Y="25709" Z="0"/>
					<Vertex X="64344" Y="25568" Z="0"/>
					<Vertex X="63567" Y="25497" Z="0"/>
					<Vertex X="63496" Y="25497" Z="0"/>
					<Vertex X="63426" Y="25497" Z="0"/>
					<Vertex X="63355" Y="25497" Z="0"/>
					<Vertex X="62719" Y="25215" Z="0"/>
					<Vertex X="62296" Y="25073" Z="0"/>
					<Vertex X="61872" Y="24932" Z="0"/>
					<Vertex X="61589" Y="24791" Z="0"/>
					<Vertex X="61236" Y="24720" Z="0"/>
					<Vertex X="60883" Y="24579" Z="0"/>
					<Vertex X="60812" Y="24508" Z="0"/>
					<Vertex X="60671" Y="24297" Z="0"/>
					<Vertex X="60177" Y="24014" Z="0"/>
					<Vertex X="59894" Y="23873" Z="0"/>
					<Vertex X="59753" Y="23802" Z="0"/>
					<Vertex X="59612" Y="23732" Z="0"/>
					<Vertex X="59541" Y="23732" Z="0"/>
					<Vertex X="59470" Y="23661" Z="0"/>
					<Vertex X="59400" Y="23661" Z="0"/>
					<Vertex X="59400" Y="23590" Z="0"/>
					<Vertex X="59258" Y="23520" Z="0"/>
					<Vertex X="59188" Y="23520" Z="0"/>
					<Vertex X="58835" Y="23308" Z="0"/>
					<Vertex X="58482" Y="23237" Z="0"/>
					<Vertex X="58270" Y="23025" Z="0"/>
					<Vertex X="58128" Y="22955" Z="0"/>
					<Vertex X="57987" Y="22884" Z="0"/>
					<Vertex X="57775" Y="22813" Z="0"/>
					<Vertex X="57634" Y="22743" Z="0"/>
					<Vertex X="57493" Y="22672" Z="0"/>
					<Vertex X="57422" Y="22601" Z="0"/>
					<Vertex X="57281" Y="22601" Z="0"/>
					<Vertex X="57210" Y="22601" Z="0"/>
					<Vertex X="57069" Y="22743" Z="0"/>
					<Vertex X="56857" Y="22955" Z="0"/>
					<Vertex X="56786" Y="23096" Z="0"/>
					<Vertex X="56786" Y="23166" Z="0"/>
					<Vertex X="56786" Y="23237" Z="0"/>
					<Vertex X="56786" Y="23378" Z="0"/>
					<Vertex X="56786" Y="23449" Z="0"/>
					<Vertex X="56786" Y="23590" Z="0"/>
					<Vertex X="56786" Y="23661" Z="0"/>
					<Vertex X="56857" Y="23802" Z="0"/>
					<Vertex X="56998" Y="24014" Z="0"/>
					<Vertex X="57069" Y="24085" Z="0"/>
					<Vertex X="57140" Y="24155" Z="0"/>
					<Vertex X="57140" Y="24297" Z="0"/>
					<Vertex X="57210" Y="24367" Z="0"/>
					<Vertex X="57281" Y="24508" Z="0"/>
					<Vertex X="57493" Y="24720" Z="0"/>
					<Vertex X="57563" Y="24862" Z="0"/>
					<Vertex X="57634" Y="24932" Z="0"/>
					<Vertex X="57634" Y="25003" Z="0"/>
					<Vertex X="57705" Y="25073" Z="0"/>
					<Vertex X="57775" Y="25144" Z="0"/>
					<Vertex X="57846" Y="25215" Z="0"/>
					<Vertex X="57917" Y="25427" Z="0"/>
					<Vertex X="57987" Y="25497" Z="0"/>
					<Vertex X="58128" Y="25639" Z="0"/>
					<Vertex X="58340" Y="25921" Z="0"/>
					<Vertex X="58482" Y="26062" Z="0"/>
					<Vertex X="58482" Y="26133" Z="0"/>
					<Vertex X="58552" Y="26204" Z="0"/>
					<Vertex X="58623" Y="26274" Z="0"/>
					<Vertex X="58693" Y="26415" Z="0"/>
					<Vertex X="58764" Y="26557" Z="0"/>
					<Vertex X="58764" Y="26627" Z="0"/>
					<Vertex X="58905" Y="26769" Z="0"/>
					<Vertex X="58905" Y="26839" Z="0"/>
					<Vertex X="59047" Y="26980" Z="0"/>
					<Vertex X="59117" Y="27122" Z="0"/>
					<Vertex X="59188" Y="27263" Z="0"/>
					<Vertex X="59258" Y="27404" Z="0"/>
					<Vertex X="59329" Y="27546" Z="0"/>
					<Vertex X="59400" Y="27828" Z="0"/>
					<Vertex X="59470" Y="27969" Z="0"/>
					<Vertex X="59541" Y="28111" Z="0"/>
					<Vertex X="59612" Y="28393" Z="0"/>
					<Vertex X="59753" Y="28676" Z="0"/>
					<Vertex X="59753" Y="28817" Z="0"/>
					<Vertex X="59894" Y="29099" Z="0"/>
					<Vertex X="60035" Y="29311" Z="0"/>
					<Vertex X="60106" Y="29523" Z="0"/>
					<Vertex X="60177" Y="29594" Z="0"/>
					<Vertex X="60247" Y="29664" Z="0"/>
					<Vertex X="60247" Y="29806" Z="0"/>
					<Vertex X="60389" Y="30229" Z="0"/>
					<Vertex X="60459" Y="30512" Z="0"/>
					<Vertex X="60530" Y="30724" Z="0"/>
					<Vertex X="60600" Y="31006" Z="0"/>
					<Vertex X="60742" Y="31218" Z="0"/>
					<Vertex X="60812" Y="31360" Z="0"/>
					<Vertex X="60883" Y="31571" Z="0"/>
					<Vertex X="60954" Y="31713" Z="0"/>
					<Vertex X="60954" Y="31854" Z="0"/>
					<Vertex X="61024" Y="31925" Z="0"/>
					<Vertex X="61024" Y="32066" Z="0"/>
					<Vertex X="61024" Y="32419" Z="0"/>
					<Vertex X="61024" Y="32631" Z="0"/>
					<Vertex X="61024" Y="32843" Z="0"/>
					<Vertex X="61024" Y="33125" Z="0"/>
					<Vertex X="61024" Y="33408" Z="0"/>
					<Vertex X="61024" Y="33620" Z="0"/>
					<Vertex X="61024" Y="33902" Z="0"/>
					<Vertex X="61024" Y="34255" Z="0"/>
					<Vertex X="61024" Y="34467" Z="0"/>
					<Vertex X="61024" Y="34679" Z="0"/>
					<Vertex X="61024" Y="34891" Z="0"/>
					<Vertex X="61095" Y="35032" Z="0"/>
					<Vertex X="61095" Y="35173" Z="0"/>
					<Vertex X="61095" Y="35597" Z="0"/>
					<Vertex X="61165" Y="35809" Z="0"/>
					<Vertex X="61165" Y="36092" Z="0"/>
					<Vertex X="61236" Y="36304" Z="0"/>
					<Vertex X="61236" Y="36515" Z="0"/>
					<Vertex X="61236" Y="36657" Z="0"/>
					<Vertex X="61236" Y="36798" Z="0"/>
					<Vertex X="61236" Y="36939" Z="0"/>
					<Vertex X="61307" Y="37080" Z="0"/>
					<Vertex X="61377" Y="37292" Z="0"/>
					<Vertex X="61448" Y="37787" Z="0"/>
					<Vertex X="61448" Y="37999" Z="0"/>
					<Vertex X="61448" Y="38211" Z="0"/>
					<Vertex X="61519" Y="38493" Z="0"/>
					<Vertex X="61589" Y="38705" Z="0"/>
					<Vertex X="61660" Y="38917" Z="0"/>
					<Vertex X="61731" Y="39199" Z="0"/>
					<Vertex X="61801" Y="39553" Z="0"/>
					<Vertex X="61872" Y="39906" Z="0"/>
					<Vertex X="62013" Y="40118" Z="0"/>
					<Vertex X="62013" Y="40329" Z="0"/>
					<Vertex X="62084" Y="40541" Z="0"/>
					<Vertex X="62084" Y="40683" Z="0"/>
					<Vertex X="62225" Y="40965" Z="0"/>
					<Vertex X="62225" Y="41106" Z="0"/>
					<Vertex X="62296" Y="41318" Z="0"/>
					<Vertex X="62296" Y="41530" Z="0"/>
					<Vertex X="62296" Y="41671" Z="0"/>
					<Vertex X="62366" Y="41954" Z="0"/>
					<Vertex X="62507" Y="42025" Z="0"/>
					<Vertex X="62507" Y="42166" Z="0"/>
					<Vertex X="62649" Y="42660" Z="0"/>
					<Vertex X="62719" Y="42872" Z="0"/>
					<Vertex X="62719" Y="43013" Z="0"/>
					<Vertex X="62861" Y="43155" Z="0"/>
					<Vertex X="62931" Y="43367" Z="0"/>
					<Vertex X="62931" Y="43578" Z="0"/>
					<Vertex X="63002" Y="43790" Z="0"/>
					<Vertex X="63072" Y="44002" Z="0"/>
					<Vertex X="63143" Y="44143" Z="0"/>
					<Vertex X="63143" Y="44285" Z="0"/>
					<Vertex X="63143" Y="44355" Z="0"/>
					<Vertex X="63214" Y="44497" Z="0"/>
					<Vertex X="63214" Y="44708" Z="0"/>
					<Vertex X="63355" Y="45132" Z="0"/>
					<Vertex X="63355" Y="45274" Z="0"/>
					<Vertex X="63355" Y="45344" Z="0"/>
					<Vertex X="63355" Y="45485" Z="0"/>
					<Vertex X="63426" Y="45627" Z="0"/>
					<Vertex X="63426" Y="45697" Z="0"/>
					<Vertex X="63426" Y="45768" Z="0"/>
					<Vertex X="63496" Y="45909" Z="0"/>
					<Vertex X="63496" Y="46050" Z="0"/>
					<Vertex X="63496" Y="46192" Z="0"/>
					<Vertex X="63496" Y="46333" Z="0"/>
					<Vertex X="63496" Y="46545" Z="0"/>
					<Vertex X="63496" Y="46686" Z="0"/>
					<Vertex X="63567" Y="46898" Z="0"/>
					<Vertex X="63567" Y="47110" Z="0"/>
					<Vertex X="63567" Y="47251" Z="0"/>
					<Vertex X="63567" Y="47604" Z="0"/>
					<Vertex X="63567" Y="47816" Z="0"/>
					<Vertex X="63638" Y="47957" Z="0"/>
					<Vertex X="63638" Y="48099" Z="0"/>
					<Vertex X="63638" Y="48311" Z="0"/>
					<Vertex X="63708" Y="48522" Z="0"/>
					<Vertex X="63779" Y="48805" Z="0"/>
					<Vertex X="63779" Y="49229" Z="0"/>
					<Vertex X="63779" Y="49441" Z="0"/>
					<Vertex X="63849" Y="49582" Z="0"/>
					<Vertex X="63920" Y="49794" Z="0"/>
					<Vertex X="63991" Y="50006" Z="0"/>
					<Vertex X="64061" Y="50218" Z="0"/>
					<Vertex X="64132" Y="50571" Z="0"/>
					<Vertex X="64273" Y="50712" Z="0"/>
					<Vertex X="64273" Y="50783" Z="0"/>
					<Vertex X="64344" Y="50924" Z="0"/>
					<Vertex X="64414" Y="51136" Z="0"/>
					<Vertex X="64485" Y="51206" Z="0"/>
					<Vertex X="64556" Y="51348" Z="0"/>
					<Vertex X="64697" Y="51560" Z="0"/>
					<Vertex X="64768" Y="51630" Z="0"/>
					<Vertex X="64838" Y="51842" Z="0"/>
					<Vertex X="64909" Y="51913" Z="0"/>
					<Vertex X="64979" Y="51983" Z="0"/>
					<Vertex X="65050" Y="52125" Z="0"/>
					<Vertex X="65121" Y="52125" Z="0"/>
					<Vertex X="65121" Y="52195" Z="0"/>
					<Vertex X="65191" Y="52266" Z="0"/>
					<Vertex X="65262" Y="52478" Z="0"/>
					<Vertex X="65403" Y="52548" Z="0"/>
					<Vertex X="65403" Y="52690" Z="0"/>
					<Vertex X="65544" Y="52760" Z="0"/>
					<Vertex X="65544" Y="52902" Z="0"/>
					<Vertex X="65686" Y="52902" Z="0"/>
					<Vertex X="65756" Y="53043" Z="0"/>
					<Vertex X="65898" Y="53184" Z="0"/>
					<Vertex X="66110" Y="53396" Z="0"/>
					<Vertex X="66251" Y="53467" Z="0"/>
					<Vertex X="66251" Y="53537" Z="0"/>
					<Vertex X="66816" Y="53890" Z="0"/>
					<Vertex X="67805" Y="54385" Z="0"/>
					<Vertex X="68935" Y="54809" Z="0"/>
					<Vertex X="69217" Y="54879" Z="0"/>
					<Vertex X="69358" Y="54879" Z="0"/>
					<Vertex X="69500" Y="54879" Z="0"/>
					<Vertex X="69570" Y="54879" Z="0"/>
					<Vertex X="70347" Y="54879" Z="0"/>
					<Vertex X="70559" Y="54809" Z="0"/>
					<Vertex X="70771" Y="54738" Z="0"/>
					<Vertex X="70983" Y="54667" Z="0"/>
					<Vertex X="71054" Y="54597" Z="0"/>
					<Vertex X="71195" Y="54526" Z="0"/>
					<Vertex X="71336" Y="54455" Z="0"/>
					<Vertex X="71407" Y="54385" Z="0"/>
					<Vertex X="71407" Y="54314" Z="0"/>
					<Vertex X="71548" Y="54314" Z="0"/>
					<Vertex X="71548" Y="54243" Z="0"/>
					<Vertex X="71619" Y="54243" Z="0"/>
					<Vertex X="71760" Y="54102" Z="0"/>
					<Vertex X="71901" Y="53890" Z="0"/>
					<Vertex X="72396" Y="53537" Z="0"/>
					<Vertex X="72466" Y="53467" Z="0"/>
					<Vertex X="72607" Y="53325" Z="0"/>
					<Vertex X="72749" Y="53184" Z="0"/>
					<Vertex X="72819" Y="53113" Z="0"/>
					<Vertex X="72890" Y="53113" Z="0"/>
					<Vertex X="72961" Y="53043" Z="0"/>
					<Vertex X="73031" Y="52972" Z="0"/>
					<Vertex X="73031" Y="52902" Z="0"/>
					<Vertex X="73102" Y="52831" Z="0"/>
					<Vertex X="73243" Y="52760" Z="0"/>
					<Vertex X="73314" Y="52690" Z="0"/>
					<Vertex X="73455" Y="52619" Z="0"/>
					<Vertex X="73596" Y="52478" Z="0"/>
					<Vertex X="73667" Y="52478" Z="0"/>
					<Vertex X="73738" Y="52478" Z="0"/>
					<Vertex X="73808" Y="52336" Z="0"/>
					<Vertex X="73949" Y="52266" Z="0"/>
					<Vertex X="73949" Y="52195" Z="0"/>
					<Vertex X="74020" Y="52054" Z="0"/>
					<Vertex X="74091" Y="51983" Z="0"/>
					<Vertex X="74161" Y="51842" Z="0"/>
					<Vertex X="74232" Y="51630" Z="0"/>
					<Vertex X="74373" Y="51560" Z="0"/>
					<Vertex X="74444" Y="51418" Z="0"/>
					<Vertex X="74514" Y="51136" Z="0"/>
					<Vertex X="74514" Y="51065" Z="0"/>
					<Vertex X="74656" Y="50924" Z="0"/>
					<Vertex X="74656" Y="50783" Z="0"/>
					<Vertex X="74726" Y="50500" Z="0"/>
					<Vertex X="74797" Y="50429" Z="0"/>
					<Vertex X="74797" Y="50288" Z="0"/>
					<Vertex X="74868" Y="50218" Z="0"/>
					<Vertex X="74938" Y="49935" Z="0"/>
					<Vertex X="74938" Y="49864" Z="0"/>
					<Vertex X="75009" Y="49653" Z="0"/>
					<Vertex X="75009" Y="49511" Z="0"/>
					<Vertex X="75079" Y="49441" Z="0"/>
					<Vertex X="75079" Y="49158" Z="0"/>
					<Vertex X="75079" Y="48946" Z="0"/>
					<Vertex X="75150" Y="48734" Z="0"/>
					<Vertex X="75150" Y="48664" Z="0"/>
					<Vertex X="75150" Y="48522" Z="0"/>
					<Vertex X="75150" Y="48381" Z="0"/>
					<Vertex X="75150" Y="48240" Z="0"/>
					<Vertex X="75150" Y="48169" Z="0"/>
					<Vertex X="75150" Y="48099" Z="0"/>
					<Vertex X="75221" Y="48028" Z="0"/>
					<Vertex X="75221" Y="47957" Z="0"/>
					<Vertex X="75221" Y="47816" Z="0"/>
					<Vertex X="75221" Y="47746" Z="0"/>
					<Vertex X="75221" Y="47675" Z="0"/>
					<Vertex X="75221" Y="47534" Z="0"/>
					<Vertex X="75221" Y="47392" Z="0"/>
					<Vertex X="75221" Y="47251" Z="0"/>
					<Vertex X="75221" Y="47039" Z="0"/>
					<Vertex X="75221" Y="46827" Z="0"/>
					<Vertex X="75150" Y="46545" Z="0"/>
					<Vertex X="75150" Y="46404" Z="0"/>
					<Vertex X="75150" Y="46333" Z="0"/>
					<Vertex X="75150" Y="46262" Z="0"/>
					<Vertex X="75150" Y="46121" Z="0"/>
					<Vertex X="75079" Y="45839" Z="0"/>
					<Vertex X="75009" Y="45697" Z="0"/>
					<Vertex X="75009" Y="45556" Z="0"/>
					<Vertex X="75009" Y="45415" Z="0"/>
					<Vertex X="74938" Y="45203" Z="0"/>
					<Vertex X="74938" Y="44850" Z="0"/>
					<Vertex X="74938" Y="44638" Z="0"/>
					<Vertex X="74868" Y="44426" Z="0"/>
					<Vertex X="74797" Y="44214" Z="0"/>
					<Vertex X="74797" Y="44143" Z="0"/>
					<Vertex X="74797" Y="44073" Z="0"/>
					<Vertex X="74797" Y="43861" Z="0"/>
					<Vertex X="74797" Y="43649" Z="0"/>
					<Vertex X="74726" Y="43508" Z="0"/>
					<Vertex X="74726" Y="43225" Z="0"/>
					<Vertex X="74726" Y="43084" Z="0"/>
					<Vertex X="74726" Y="42660" Z="0"/>
					<Vertex X="74726" Y="42448" Z="0"/>
					<Vertex X="74726" Y="42236" Z="0"/>
					<Vertex X="74726" Y="41883" Z="0"/>
					<Vertex X="74797" Y="41671" Z="0"/>
					<Vertex X="74938" Y="41177" Z="0"/>
					<Vertex X="74938" Y="41036" Z="0"/>
					<Vertex X="74938" Y="40824" Z="0"/>
					<Vertex X="74938" Y="40683" Z="0"/>
					<Vertex X="75009" Y="40400" Z="0"/>
					<Vertex X="75150" Y="40047" Z="0"/>
					<Vertex X="75221" Y="39835" Z="0"/>
					<Vertex X="75221" Y="39623" Z="0"/>
					<Vertex X="75291" Y="39482" Z="0"/>
					<Vertex X="75362" Y="39199" Z="0"/>
					<Vertex X="75433" Y="38987" Z="0"/>
					<Vertex X="75503" Y="38634" Z="0"/>
					<Vertex X="75645" Y="38422" Z="0"/>
					<Vertex X="75645" Y="38352" Z="0"/>
					<Vertex X="75715" Y="38140" Z="0"/>
					<Vertex X="75786" Y="37928" Z="0"/>
					<Vertex X="75856" Y="37716" Z="0"/>
					<Vertex X="75927" Y="37575" Z="0"/>
					<Vertex X="75998" Y="37434" Z="0"/>
					<Vertex X="75998" Y="37363" Z="0"/>
					<Vertex X="76068" Y="37222" Z="0"/>
					<Vertex X="76139" Y="37010" Z="0"/>
					<Vertex X="76210" Y="36798" Z="0"/>
					<Vertex X="76280" Y="36657" Z="0"/>
					<Vertex X="76351" Y="36445" Z="0"/>
					<Vertex X="76421" Y="36233" Z="0"/>
					<Vertex X="76492" Y="36092" Z="0"/>
					<Vertex X="76563" Y="35950" Z="0"/>
					<Vertex X="76633" Y="35668" Z="0"/>
					<Vertex X="76704" Y="35456" Z="0"/>
					<Vertex X="76775" Y="35244" Z="0"/>
					<Vertex X="76775" Y="35103" Z="0"/>
					<Vertex X="76986" Y="34750" Z="0"/>
					<Vertex X="77057" Y="34467" Z="0"/>
					<Vertex X="77128" Y="34397" Z="0"/>
					<Vertex X="77198" Y="34185" Z="0"/>
					<Vertex X="77198" Y="34043" Z="0"/>
					<Vertex X="77269" Y="33973" Z="0"/>
					<Vertex X="77269" Y="33832" Z="0"/>
					<Vertex X="77340" Y="33690" Z="0"/>
					<Vertex X="77410" Y="33196" Z="0"/>
					<Vertex X="77552" Y="32843" Z="0"/>
					<Vertex X="77622" Y="32701" Z="0"/>
					<Vertex X="77622" Y="32631" Z="0"/>
					<Vertex X="77622" Y="32348" Z="0"/>
					<Vertex X="77622" Y="32207" Z="0"/>
					<Vertex X="77622" Y="31925" Z="0"/>
					<Vertex X="77622" Y="31360" Z="0"/>
					<Vertex X="77622" Y="31218" Z="0"/>
					<Vertex X="77622" Y="31148" Z="0"/>
					<Vertex X="77481" Y="30724" Z="0"/>
					<Vertex X="77340" Y="30512" Z="0"/>
					<Vertex X="77340" Y="30371" Z="0"/>
					<Vertex X="77128" Y="30159" Z="0"/>
					<Vertex X="77128" Y="29947" Z="0"/>
					<Vertex X="76916" Y="29664" Z="0"/>
					<Vertex X="76775" Y="29523" Z="0"/>
					<Vertex X="76563" Y="29241" Z="0"/>
					<Vertex X="76421" Y="29029" Z="0"/>
					<Vertex X="76280" Y="28887" Z="0"/>
					<Vertex X="76139" Y="28676" Z="0"/>
					<Vertex X="75927" Y="28605" Z="0"/>
					<Vertex X="75856" Y="28464" Z="0"/>
					<Vertex X="75574" Y="28322" Z="0"/>
					<Vertex X="75503" Y="28181" Z="0"/>
					<Vertex X="75221" Y="28040" Z="0"/>
					<Vertex X="75150" Y="27969" Z="0"/>
					<Vertex X="75009" Y="27899" Z="0"/>
					<Vertex X="74868" Y="27828" Z="0"/>
					<Vertex X="74797" Y="27757" Z="0"/>
					<Vertex X="74585" Y="27616" Z="0"/>
					<Vertex X="74232" Y="27475" Z="0"/>
					<Vertex X="73879" Y="27334" Z="0"/>
					<Vertex X="73596" Y="27192" Z="0"/>
					<Vertex X="73314" Y="27122" Z="0"/>
					<Vertex X="73102" Y="27051" Z="0"/>
					<Vertex X="72819" Y="26980" Z="0"/>
					<Vertex X="72678" Y="26980" Z="0"/>
					<Vertex X="72537" Y="26980" Z="0"/>
					<Vertex X="72396" Y="26910" Z="0"/>
					<Vertex X="72254" Y="26910" Z="0"/>
					<Vertex X="72184" Y="26839" Z="0"/>
					<Vertex X="72113" Y="26839" Z="0"/>
					<Vertex X="71972" Y="26839" Z="0"/>
					<Vertex X="71619" Y="26769" Z="0"/>
					<Vertex X="71477" Y="26769" Z="0"/>
					<Vertex X="71265" Y="26769" Z="0"/>
					<Vertex X="71124" Y="26769" Z="0"/>
					<Vertex X="70912" Y="26769" Z="0"/>
					<Vertex X="70912" Y="26698" Z="0"/>
					<Vertex X="70842" Y="26698" Z="0"/>
					<Vertex X="70771" Y="26698" Z="0"/>
					<Vertex X="70347" Y="26627" Z="0"/>
					<Vertex X="70206" Y="26627" Z="0"/>
					<Vertex X="70135" Y="26627" Z="0"/>
					<Vertex X="69712" Y="26557" Z="0"/>
					<Vertex X="69500" Y="26557" Z="0"/>
					<Vertex X="69288" Y="26486" Z="0"/>
					<Vertex X="69217" Y="26415" Z="0"/>
					<Vertex X="69076" Y="26415" Z="0"/>
					<Vertex X="69005" Y="26415" Z="0"/>
					<Vertex X="68935" Y="26415" Z="0"/>
					<Vertex X="68793" Y="26345" Z="0"/>
					<Vertex X="68582" Y="26274" Z="0"/>
					<Vertex X="68370" Y="26274" Z="0"/>
					<Vertex X="68299" Y="26204" Z="0"/>
					<Vertex X="68158" Y="26204" Z="0"/>
					<Vertex X="68087" Y="26133" Z="0"/>
					<Vertex X="68017" Y="26133" Z="0"/>
					<Vertex X="67875" Y="26062" Z="0"/>
					<Vertex X="67875" Y="25992" Z="0"/>
					<Vertex X="67028" Y="25780" Z="0"/>
				</Vertices>
			</Region>
			<Region Id="3" Type="0" Zoom="0.014007" Selected="1" ImageLocation="" ImageFocus="-1" Length="62761.0" Area="213986615.5" LengthMicrons="15859.7" AreaMicrons="13664605.5" Text="" NegativeROA="0" InputRegionId="0" Analyze="1" DisplayId="3">
				<Attributes/>
				<Vertices>
					<Vertex X="60741" Y="13066" Z="0"/>
					<Vertex X="61377" Y="13066" Z="0"/>
					<Vertex X="62013" Y="13137" Z="0"/>
					<Vertex X="62366" Y="13207" Z="0"/>
					<Vertex X="62578" Y="13278" Z="0"/>
					<Vertex X="62648" Y="13278" Z="0"/>
					<Vertex X="62790" Y="13278" Z="0"/>
					<Vertex X="64061" Y="13349" Z="0"/>
					<Vertex X="65615" Y="13561" Z="0"/>
					<Vertex X="66462" Y="13631" Z="0"/>
					<Vertex X="67098" Y="13702" Z="0"/>
					<Vertex X="68087" Y="13843" Z="0"/>
					<Vertex X="68228" Y="13843" Z="0"/>
					<Vertex X="68299" Y="13843" Z="0"/>
					<Vertex X="68369" Y="13843" Z="0"/>
					<Vertex X="69288" Y="14408" Z="0"/>
					<Vertex X="69711" Y="14620" Z="0"/>
					<Vertex X="70347" Y="14903" Z="0"/>
					<Vertex X="70630" Y="14973" Z="0"/>
					<Vertex X="70841" Y="15185" Z="0"/>
					<Vertex X="71195" Y="15256" Z="0"/>
					<Vertex X="71548" Y="15397" Z="0"/>
					<Vertex X="71760" Y="15468" Z="0"/>
					<Vertex X="72042" Y="15538" Z="0"/>
					<Vertex X="72113" Y="15609" Z="0"/>
					<Vertex X="72254" Y="15680" Z="0"/>
					<Vertex X="72466" Y="15750" Z="0"/>
					<Vertex X="72607" Y="15821" Z="0"/>
					<Vertex X="72819" Y="15891" Z="0"/>
					<Vertex X="72819" Y="15962" Z="0"/>
					<Vertex X="72890" Y="15962" Z="0"/>
					<Vertex X="72960" Y="16033" Z="0"/>
					<Vertex X="73172" Y="16245" Z="0"/>
					<Vertex X="73596" Y="16598" Z="0"/>
					<Vertex X="73737" Y="16739" Z="0"/>
					<Vertex X="74020" Y="16951" Z="0"/>
					<Vertex X="74090" Y="17021" Z="0"/>
					<Vertex X="74302" Y="17163" Z="0"/>
					<Vertex X="74373" Y="17233" Z="0"/>
					<Vertex X="74444" Y="17304" Z="0"/>
					<Vertex X="74726" Y="17375" Z="0"/>
					<Vertex X="75291" Y="17869" Z="0"/>
					<Vertex X="75715" Y="18010" Z="0"/>
					<Vertex X="76704" Y="18434" Z="0"/>
					<Vertex X="76845" Y="18505" Z="0"/>
					<Vertex X="77057" Y="18505" Z="0"/>
					<Vertex X="77057" Y="18575" Z="0"/>
					<Vertex X="77198" Y="18646" Z="0"/>
					<Vertex X="77410" Y="18717" Z="0"/>
					<Vertex X="77551" Y="18787" Z="0"/>
					<Vertex X="77763" Y="18928" Z="0"/>
					<Vertex X="77904" Y="18928" Z="0"/>
					<Vertex X="78046" Y="18999" Z="0"/>
					<Vertex X="78116" Y="18999" Z="0"/>
					<Vertex X="78116" Y="19070" Z="0"/>
					<Vertex X="78258" Y="19070" Z="0"/>
					<Vertex X="78469" Y="19282" Z="0"/>
					<Vertex X="78611" Y="19423" Z="0"/>
					<Vertex X="78823" Y="19494" Z="0"/>
					<Vertex X="78823" Y="19564" Z="0"/>
					<Vertex X="78893" Y="19564" Z="0"/>
					<Vertex X="79600" Y="20200" Z="0"/>
					<Vertex X="80023" Y="20553" Z="0"/>
					<Vertex X="80235" Y="20624" Z="0"/>
					<Vertex X="80306" Y="20694" Z="0"/>
					<Vertex X="80376" Y="20694" Z="0"/>
					<Vertex X="80447" Y="20765" Z="0"/>
					<Vertex X="81365" Y="21118" Z="0"/>
					<Vertex X="81577" Y="21259" Z="0"/>
					<Vertex X="81648" Y="21259" Z="0"/>
					<Vertex X="81930" Y="21683" Z="0"/>
					<Vertex X="82001" Y="21895" Z="0"/>
					<Vertex X="82142" Y="22177" Z="0"/>
					<Vertex X="82283" Y="22460" Z="0"/>
					<Vertex X="82354" Y="22531" Z="0"/>
					<Vertex X="82425" Y="22813" Z="0"/>
					<Vertex X="82495" Y="22884" Z="0"/>
					<Vertex X="82566" Y="23025" Z="0"/>
					<Vertex X="82566" Y="23166" Z="0"/>
					<Vertex X="82778" Y="23519" Z="0"/>
					<Vertex X="82778" Y="23802" Z="0"/>
					<Vertex X="82848" Y="23943" Z="0"/>
					<Vertex X="82919" Y="24084" Z="0"/>
					<Vertex X="82990" Y="24296" Z="0"/>
					<Vertex X="83060" Y="24367" Z="0"/>
					<Vertex X="83060" Y="24438" Z="0"/>
					<Vertex X="83060" Y="24508" Z="0"/>
					<Vertex X="83060" Y="24579" Z="0"/>
					<Vertex X="83060" Y="24720" Z="0"/>
					<Vertex X="83060" Y="24791" Z="0"/>
					<Vertex X="83060" Y="24932" Z="0"/>
					<Vertex X="83060" Y="25003" Z="0"/>
					<Vertex X="83060" Y="25073" Z="0"/>
					<Vertex X="83060" Y="25215" Z="0"/>
					<Vertex X="83060" Y="25285" Z="0"/>
					<Vertex X="83060" Y="25426" Z="0"/>
					<Vertex X="82990" Y="25497" Z="0"/>
					<Vertex X="82990" Y="25568" Z="0"/>
					<Vertex X="82919" Y="25638" Z="0"/>
					<Vertex X="82848" Y="25709" Z="0"/>
					<Vertex X="82848" Y="25780" Z="0"/>
					<Vertex X="82778" Y="25780" Z="0"/>
					<Vertex X="82707" Y="25850" Z="0"/>
					<Vertex X="82637" Y="25850" Z="0"/>
					<Vertex X="82495" Y="25991" Z="0"/>
					<Vertex X="82425" Y="25991" Z="0"/>
					<Vertex X="82283" Y="26062" Z="0"/>
					<Vertex X="81789" Y="26274" Z="0"/>
					<Vertex X="81648" Y="26415" Z="0"/>
					<Vertex X="81436" Y="26486" Z="0"/>
					<Vertex X="81224" Y="26698" Z="0"/>
					<Vertex X="81153" Y="26698" Z="0"/>
					<Vertex X="81012" Y="26768" Z="0"/>
					<Vertex X="80941" Y="26768" Z="0"/>
					<Vertex X="80941" Y="26839" Z="0"/>
					<Vertex X="80941" Y="26910" Z="0"/>
					<Vertex X="80800" Y="26910" Z="0"/>
					<Vertex X="80730" Y="26980" Z="0"/>
					<Vertex X="80518" Y="27051" Z="0"/>
					<Vertex X="80447" Y="27122" Z="0"/>
					<Vertex X="80306" Y="27192" Z="0"/>
					<Vertex X="80165" Y="27192" Z="0"/>
					<Vertex X="79953" Y="27263" Z="0"/>
					<Vertex X="79811" Y="27333" Z="0"/>
					<Vertex X="79670" Y="27333" Z="0"/>
					<Vertex X="79529" Y="27333" Z="0"/>
					<Vertex X="79388" Y="27333" Z="0"/>
					<Vertex X="79105" Y="27404" Z="0"/>
					<Vertex X="79035" Y="27475" Z="0"/>
					<Vertex X="78611" Y="27545" Z="0"/>
					<Vertex X="78469" Y="27545" Z="0"/>
					<Vertex X="78328" Y="27616" Z="0"/>
					<Vertex X="78258" Y="27687" Z="0"/>
					<Vertex X="78116" Y="27687" Z="0"/>
					<Vertex X="78046" Y="27687" Z="0"/>
					<Vertex X="77904" Y="27687" Z="0"/>
					<Vertex X="77622" Y="27757" Z="0"/>
					<Vertex X="77481" Y="27757" Z="0"/>
					<Vertex X="77339" Y="27757" Z="0"/>
					<Vertex X="77269" Y="27757" Z="0"/>
					<Vertex X="77057" Y="27757" Z="0"/>
					<Vertex X="76986" Y="27757" Z="0"/>
					<Vertex X="76845" Y="27757" Z="0"/>
					<Vertex X="76562" Y="27757" Z="0"/>
					<Vertex X="76492" Y="27757" Z="0"/>
					<Vertex X="76351" Y="27757" Z="0"/>
					<Vertex X="76280" Y="27757" Z="0"/>
					<Vertex X="76068" Y="27687" Z="0"/>
					<Vertex X="75786" Y="27545" Z="0"/>
					<Vertex X="75574" Y="27545" Z="0"/>
					<Vertex X="75432" Y="27404" Z="0"/>
					<Vertex X="75150" Y="27333" Z="0"/>
					<Vertex X="75079" Y="27263" Z="0"/>
					<Vertex X="74867" Y="27192" Z="0"/>
					<Vertex X="74726" Y="27122" Z="0"/>
					<Vertex X="74655" Y="27051" Z="0"/>
					<Vertex X="74232" Y="26839" Z="0"/>
					<Vertex X="74090" Y="26768" Z="0"/>
					<Vertex X="74020" Y="26768" Z="0"/>
					<Vertex X="73879" Y="26698" Z="0"/>
					<Vertex X="73737" Y="26627" Z="0"/>
					<Vertex X="73243" Y="26486" Z="0"/>
					<Vertex X="72113" Y="26203" Z="0"/>
					<Vertex X="70912" Y="25991" Z="0"/>
					<Vertex X="70488" Y="25850" Z="0"/>
					<Vertex X="70206" Y="25780" Z="0"/>
					<Vertex X="69994" Y="25709" Z="0"/>
					<Vertex X="69923" Y="25709" Z="0"/>
					<Vertex X="69853" Y="25638" Z="0"/>
					<Vertex X="69782" Y="25638" Z="0"/>
					<Vertex X="69711" Y="25568" Z="0"/>
					<Vertex X="69500" Y="25568" Z="0"/>
					<Vertex X="69288" Y="25568" Z="0"/>
					<Vertex X="68934" Y="25497" Z="0"/>
					<Vertex X="68652" Y="25356" Z="0"/>
					<Vertex X="68440" Y="25285" Z="0"/>
					<Vertex X="68228" Y="25285" Z="0"/>
					<Vertex X="67946" Y="25144" Z="0"/>
					<Vertex X="67875" Y="25073" Z="0"/>
					<Vertex X="67663" Y="25073" Z="0"/>
					<Vertex X="67522" Y="25003" Z="0"/>
					<Vertex X="67310" Y="24932" Z="0"/>
					<Vertex X="67098" Y="24861" Z="0"/>
					<Vertex X="67027" Y="24861" Z="0"/>
					<Vertex X="66957" Y="24791" Z="0"/>
					<Vertex X="66674" Y="24720" Z="0"/>
					<Vertex X="66533" Y="24579" Z="0"/>
					<Vertex X="66321" Y="24508" Z="0"/>
					<Vertex X="65968" Y="24367" Z="0"/>
					<Vertex X="65615" Y="24226" Z="0"/>
					<Vertex X="65474" Y="24226" Z="0"/>
					<Vertex X="65332" Y="24155" Z="0"/>
					<Vertex X="65191" Y="24084" Z="0"/>
					<Vertex X="65050" Y="24084" Z="0"/>
					<Vertex X="64979" Y="24014" Z="0"/>
					<Vertex X="64838" Y="23943" Z="0"/>
					<Vertex X="64697" Y="23873" Z="0"/>
					<Vertex X="64626" Y="23802" Z="0"/>
					<Vertex X="64273" Y="23731" Z="0"/>
					<Vertex X="63849" Y="23519" Z="0"/>
					<Vertex X="63708" Y="23449" Z="0"/>
					<Vertex X="63637" Y="23449" Z="0"/>
					<Vertex X="63567" Y="23449" Z="0"/>
					<Vertex X="63496" Y="23378" Z="0"/>
					<Vertex X="63425" Y="23378" Z="0"/>
					<Vertex X="63213" Y="23237" Z="0"/>
					<Vertex X="63072" Y="23237" Z="0"/>
					<Vertex X="62860" Y="23096" Z="0"/>
					<Vertex X="62366" Y="22884" Z="0"/>
					<Vertex X="62225" Y="22742" Z="0"/>
					<Vertex X="61730" Y="22601" Z="0"/>
					<Vertex X="61660" Y="22531" Z="0"/>
					<Vertex X="61448" Y="22460" Z="0"/>
					<Vertex X="61448" Y="22389" Z="0"/>
					<Vertex X="61377" Y="22389" Z="0"/>
					<Vertex X="61306" Y="22319" Z="0"/>
					<Vertex X="61024" Y="22036" Z="0"/>
					<Vertex X="60883" Y="21966" Z="0"/>
					<Vertex X="60530" Y="21754" Z="0"/>
					<Vertex X="60388" Y="21612" Z="0"/>
					<Vertex X="60318" Y="21542" Z="0"/>
					<Vertex X="60106" Y="21471" Z="0"/>
					<Vertex X="60035" Y="21330" Z="0"/>
					<Vertex X="59965" Y="21330" Z="0"/>
					<Vertex X="59823" Y="21189" Z="0"/>
					<Vertex X="59753" Y="21118" Z="0"/>
					<Vertex X="59682" Y="21047" Z="0"/>
					<Vertex X="59541" Y="20906" Z="0"/>
					<Vertex X="59541" Y="20835" Z="0"/>
					<Vertex X="59470" Y="20765" Z="0"/>
					<Vertex X="59470" Y="20694" Z="0"/>
					<Vertex X="59399" Y="20624" Z="0"/>
					<Vertex X="59329" Y="20553" Z="0"/>
					<Vertex X="59329" Y="20482" Z="0"/>
					<Vertex X="59329" Y="20412" Z="0"/>
					<Vertex X="59258" Y="20200" Z="0"/>
					<Vertex X="59258" Y="20129" Z="0"/>
					<Vertex X="59258" Y="20059" Z="0"/>
					<Vertex X="59258" Y="19917" Z="0"/>
					<Vertex X="59188" Y="19705" Z="0"/>
					<Vertex X="59188" Y="19564" Z="0"/>
					<Vertex X="59188" Y="19494" Z="0"/>
					<Vertex X="59188" Y="19352" Z="0"/>
					<Vertex X="59188" Y="19282" Z="0"/>
					<Vertex X="59188" Y="19211" Z="0"/>
					<Vertex X="59188" Y="19140" Z="0"/>
					<Vertex X="59188" Y="19070" Z="0"/>
					<Vertex X="59188" Y="18999" Z="0"/>
					<Vertex X="59258" Y="18858" Z="0"/>
					<Vertex X="59258" Y="18787" Z="0"/>
					<Vertex X="59329" Y="18717" Z="0"/>
					<Vertex X="59329" Y="18646" Z="0"/>
					<Vertex X="59399" Y="18505" Z="0"/>
					<Vertex X="59541" Y="18434" Z="0"/>
					<Vertex X="59611" Y="18293" Z="0"/>
					<Vertex X="59611" Y="18152" Z="0"/>
					<Vertex X="59682" Y="18081" Z="0"/>
					<Vertex X="59753" Y="17940" Z="0"/>
					<Vertex X="59823" Y="17869" Z="0"/>
					<Vertex X="59894" Y="17587" Z="0"/>
					<Vertex X="59965" Y="17587" Z="0"/>
					<Vertex X="59965" Y="17516" Z="0"/>
					<Vertex X="59965" Y="17445" Z="0"/>
					<Vertex X="60035" Y="17304" Z="0"/>
					<Vertex X="60035" Y="17233" Z="0"/>
					<Vertex X="60106" Y="17092" Z="0"/>
					<Vertex X="60106" Y="17021" Z="0"/>
					<Vertex X="60176" Y="16951" Z="0"/>
					<Vertex X="60176" Y="16880" Z="0"/>
					<Vertex X="60176" Y="16668" Z="0"/>
					<Vertex X="60176" Y="16598" Z="0"/>
					<Vertex X="60176" Y="16527" Z="0"/>
					<Vertex X="60176" Y="16456" Z="0"/>
					<Vertex X="60176" Y="16386" Z="0"/>
					<Vertex X="60176" Y="16245" Z="0"/>
					<Vertex X="60176" Y="16174" Z="0"/>
					<Vertex X="60247" Y="16033" Z="0"/>
					<Vertex X="60247" Y="15962" Z="0"/>
					<Vertex X="60247" Y="15891" Z="0"/>
					<Vertex X="60247" Y="15750" Z="0"/>
					<Vertex X="60318" Y="15468" Z="0"/>
					<Vertex X="60318" Y="15397" Z="0"/>
					<Vertex X="60388" Y="15326" Z="0"/>
					<Vertex X="60388" Y="15114" Z="0"/>
					<Vertex X="60388" Y="15044" Z="0"/>
					<Vertex X="60388" Y="14973" Z="0"/>
					<Vertex X="60388" Y="14903" Z="0"/>
					<Vertex X="60388" Y="14832" Z="0"/>
					<Vertex X="60388" Y="14691" Z="0"/>
					<Vertex X="60388" Y="14620" Z="0"/>
					<Vertex X="60388" Y="14479" Z="0"/>
					<Vertex X="60388" Y="14267" Z="0"/>
					<Vertex X="60388" Y="14196" Z="0"/>
					<Vertex X="60388" Y="14126" Z="0"/>
					<Vertex X="60388" Y="14055" Z="0"/>
					<Vertex X="60388" Y="13914" Z="0"/>
					<Vertex X="60388" Y="13843" Z="0"/>
					<Vertex X="60388" Y="13773" Z="0"/>
					<Vertex X="60459" Y="13631" Z="0"/>
					<Vertex X="60530" Y="13490" Z="0"/>
					<Vertex X="60530" Y="13419" Z="0"/>
					<Vertex X="60741" Y="13066" Z="0"/>
				</Vertices>
			</Region>
		</Regions>
		<Plots/>
	</Annotation>
</Annotations>
