<Annotations MicronsPerPixel="0.252700">
	<Annotation Id="1" Name="" ReadOnly="0" NameReadOnly="0" LineColorReadOnly="0" Incremental="0" Type="4" LineColor="16776960" Visible="1" Selected="1" MarkupImagePath="" MacroName="">
		<Attributes/>
		<Regions>
			<RegionAttributeHeaders/>
			<Region Id="1" Type="0" Zoom="0.012956" Selected="0" ImageLocation="" ImageFocus="-1" Length="106717.5" Area="656599532.0" LengthMicrons="26967.5" AreaMicrons="41928667.1" Text="" NegativeROA="0" InputRegionId="0" Analyze="1" DisplayId="1">
				<Attributes/>
				<Vertices>
					<Vertex X="25963" Y="8552" Z="0"/>
					<Vertex X="22527" Y="7865" Z="0"/>
					<Vertex X="22374" Y="7865" Z="0"/>
					<Vertex X="22221" Y="7865" Z="0"/>
					<Vertex X="22145" Y="7865" Z="0"/>
					<Vertex X="22069" Y="7865" Z="0"/>
					<Vertex X="21992" Y="7865" Z="0"/>
					<Vertex X="21916" Y="7865" Z="0"/>
					<Vertex X="21840" Y="7865" Z="0"/>
					<Vertex X="21763" Y="7865" Z="0"/>
					<Vertex X="21534" Y="7865" Z="0"/>
					<Vertex X="21382" Y="7942" Z="0"/>
					<Vertex X="21305" Y="8018" Z="0"/>
					<Vertex X="21229" Y="8018" Z="0"/>
					<Vertex X="21000" Y="8094" Z="0"/>
					<Vertex X="20847" Y="8094" Z="0"/>
					<Vertex X="20694" Y="8171" Z="0"/>
					<Vertex X="20542" Y="8247" Z="0"/>
					<Vertex X="20389" Y="8323" Z="0"/>
					<Vertex X="20160" Y="8323" Z="0"/>
					<Vertex X="20083" Y="8400" Z="0"/>
					<Vertex X="19931" Y="8476" Z="0"/>
					<Vertex X="19778" Y="8476" Z="0"/>
					<Vertex X="19549" Y="8705" Z="0"/>
					<Vertex X="19396" Y="8705" Z="0"/>
					<Vertex X="19243" Y="8782" Z="0"/>
					<Vertex X="19167" Y="8782" Z="0"/>
					<Vertex X="19091" Y="8858" Z="0"/>
					<Vertex X="19014" Y="8858" Z="0"/>
					<Vertex X="19014" Y="8934" Z="0"/>
					<Vertex X="18862" Y="8934" Z="0"/>
					<Vertex X="18785" Y="9011" Z="0"/>
					<Vertex X="18709" Y="9087" Z="0"/>
					<Vertex X="18633" Y="9163" Z="0"/>
					<Vertex X="18480" Y="9240" Z="0"/>
					<Vertex X="18480" Y="9316" Z="0"/>
					<Vertex X="18403" Y="9392" Z="0"/>
					<Vertex X="18327" Y="9469" Z="0"/>
					<Vertex X="18251" Y="9545" Z="0"/>
					<Vertex X="18174" Y="9698" Z="0"/>
					<Vertex X="18174" Y="9774" Z="0"/>
					<Vertex X="18098" Y="9851" Z="0"/>
					<Vertex X="18098" Y="10003" Z="0"/>
					<Vertex X="18098" Y="10080" Z="0"/>
					<Vertex X="18098" Y="10156" Z="0"/>
					<Vertex X="18098" Y="10309" Z="0"/>
					<Vertex X="18098" Y="10461" Z="0"/>
					<Vertex X="18098" Y="10538" Z="0"/>
					<Vertex X="18098" Y="10691" Z="0"/>
					<Vertex X="18098" Y="10843" Z="0"/>
					<Vertex X="18098" Y="10996" Z="0"/>
					<Vertex X="18174" Y="11301" Z="0"/>
					<Vertex X="18327" Y="11531" Z="0"/>
					<Vertex X="18403" Y="11683" Z="0"/>
					<Vertex X="18556" Y="11912" Z="0"/>
					<Vertex X="18633" Y="12218" Z="0"/>
					<Vertex X="18709" Y="12370" Z="0"/>
					<Vertex X="18862" Y="12600" Z="0"/>
					<Vertex X="19014" Y="12829" Z="0"/>
					<Vertex X="19243" Y="13134" Z="0"/>
					<Vertex X="19320" Y="13363" Z="0"/>
					<Vertex X="19549" Y="13516" Z="0"/>
					<Vertex X="19625" Y="13745" Z="0"/>
					<Vertex X="19778" Y="13821" Z="0"/>
					<Vertex X="19854" Y="13974" Z="0"/>
					<Vertex X="20083" Y="14279" Z="0"/>
					<Vertex X="20160" Y="14509" Z="0"/>
					<Vertex X="20389" Y="14738" Z="0"/>
					<Vertex X="20542" Y="15043" Z="0"/>
					<Vertex X="20771" Y="15425" Z="0"/>
					<Vertex X="20923" Y="15654" Z="0"/>
					<Vertex X="21076" Y="15883" Z="0"/>
					<Vertex X="21229" Y="16189" Z="0"/>
					<Vertex X="21382" Y="16494" Z="0"/>
					<Vertex X="21534" Y="16723" Z="0"/>
					<Vertex X="21534" Y="16952" Z="0"/>
					<Vertex X="21687" Y="17181" Z="0"/>
					<Vertex X="21763" Y="17487" Z="0"/>
					<Vertex X="21840" Y="17716" Z="0"/>
					<Vertex X="21916" Y="17945" Z="0"/>
					<Vertex X="21992" Y="18174" Z="0"/>
					<Vertex X="22069" Y="18403" Z="0"/>
					<Vertex X="22145" Y="18632" Z="0"/>
					<Vertex X="22298" Y="18861" Z="0"/>
					<Vertex X="22374" Y="19090" Z="0"/>
					<Vertex X="22374" Y="19319" Z="0"/>
					<Vertex X="22451" Y="19472" Z="0"/>
					<Vertex X="22451" Y="19777" Z="0"/>
					<Vertex X="22527" Y="20007" Z="0"/>
					<Vertex X="22527" Y="20312" Z="0"/>
					<Vertex X="22527" Y="20541" Z="0"/>
					<Vertex X="22603" Y="20847" Z="0"/>
					<Vertex X="22603" Y="21076" Z="0"/>
					<Vertex X="22603" Y="21381" Z="0"/>
					<Vertex X="22603" Y="21610" Z="0"/>
					<Vertex X="22603" Y="21839" Z="0"/>
					<Vertex X="22603" Y="22068" Z="0"/>
					<Vertex X="22603" Y="22297" Z="0"/>
					<Vertex X="22603" Y="22526" Z="0"/>
					<Vertex X="22527" Y="22756" Z="0"/>
					<Vertex X="22527" Y="22908" Z="0"/>
					<Vertex X="22527" Y="23061" Z="0"/>
					<Vertex X="22451" Y="23214" Z="0"/>
					<Vertex X="22374" Y="23290" Z="0"/>
					<Vertex X="22374" Y="23366" Z="0"/>
					<Vertex X="22298" Y="23443" Z="0"/>
					<Vertex X="22298" Y="23519" Z="0"/>
					<Vertex X="22221" Y="23596" Z="0"/>
					<Vertex X="22145" Y="23672" Z="0"/>
					<Vertex X="21992" Y="23748" Z="0"/>
					<Vertex X="21687" Y="24054" Z="0"/>
					<Vertex X="21382" Y="24283" Z="0"/>
					<Vertex X="20923" Y="24512" Z="0"/>
					<Vertex X="20542" Y="24665" Z="0"/>
					<Vertex X="20083" Y="24894" Z="0"/>
					<Vertex X="19854" Y="25046" Z="0"/>
					<Vertex X="19549" Y="25199" Z="0"/>
					<Vertex X="19320" Y="25275" Z="0"/>
					<Vertex X="19243" Y="25275" Z="0"/>
					<Vertex X="19167" Y="25352" Z="0"/>
					<Vertex X="19091" Y="25352" Z="0"/>
					<Vertex X="19014" Y="25352" Z="0"/>
					<Vertex X="19014" Y="25428" Z="0"/>
					<Vertex X="18938" Y="25428" Z="0"/>
					<Vertex X="18938" Y="25505" Z="0"/>
					<Vertex X="18785" Y="25505" Z="0"/>
					<Vertex X="18709" Y="25581" Z="0"/>
					<Vertex X="18556" Y="25657" Z="0"/>
					<Vertex X="18480" Y="25734" Z="0"/>
					<Vertex X="18403" Y="25734" Z="0"/>
					<Vertex X="18251" Y="25810" Z="0"/>
					<Vertex X="18251" Y="25886" Z="0"/>
					<Vertex X="18174" Y="25886" Z="0"/>
					<Vertex X="18174" Y="25963" Z="0"/>
					<Vertex X="18098" Y="25963" Z="0"/>
					<Vertex X="18022" Y="25963" Z="0"/>
					<Vertex X="18022" Y="26039" Z="0"/>
					<Vertex X="18022" Y="26115" Z="0"/>
					<Vertex X="17945" Y="26115" Z="0"/>
					<Vertex X="17945" Y="26192" Z="0"/>
					<Vertex X="17945" Y="26268" Z="0"/>
					<Vertex X="17869" Y="26345" Z="0"/>
					<Vertex X="17793" Y="26345" Z="0"/>
					<Vertex X="17793" Y="26497" Z="0"/>
					<Vertex X="17716" Y="26574" Z="0"/>
					<Vertex X="17640" Y="26726" Z="0"/>
					<Vertex X="17640" Y="26803" Z="0"/>
					<Vertex X="17563" Y="26955" Z="0"/>
					<Vertex X="17487" Y="27108" Z="0"/>
					<Vertex X="17487" Y="27261" Z="0"/>
					<Vertex X="17411" Y="27337" Z="0"/>
					<Vertex X="17334" Y="27490" Z="0"/>
					<Vertex X="17334" Y="27643" Z="0"/>
					<Vertex X="17258" Y="27795" Z="0"/>
					<Vertex X="17105" Y="27948" Z="0"/>
					<Vertex X="17105" Y="28101" Z="0"/>
					<Vertex X="17029" Y="28177" Z="0"/>
					<Vertex X="17029" Y="28254" Z="0"/>
					<Vertex X="16953" Y="28330" Z="0"/>
					<Vertex X="16953" Y="28483" Z="0"/>
					<Vertex X="16876" Y="28635" Z="0"/>
					<Vertex X="16800" Y="28712" Z="0"/>
					<Vertex X="16800" Y="28864" Z="0"/>
					<Vertex X="16723" Y="29094" Z="0"/>
					<Vertex X="16647" Y="29246" Z="0"/>
					<Vertex X="16647" Y="29399" Z="0"/>
					<Vertex X="16571" Y="29475" Z="0"/>
					<Vertex X="16571" Y="29628" Z="0"/>
					<Vertex X="16571" Y="29781" Z="0"/>
					<Vertex X="16571" Y="29857" Z="0"/>
					<Vertex X="16571" Y="30010" Z="0"/>
					<Vertex X="16494" Y="30163" Z="0"/>
					<Vertex X="16494" Y="30239" Z="0"/>
					<Vertex X="16494" Y="30392" Z="0"/>
					<Vertex X="16494" Y="30544" Z="0"/>
					<Vertex X="16494" Y="30697" Z="0"/>
					<Vertex X="16494" Y="30850" Z="0"/>
					<Vertex X="16494" Y="31079" Z="0"/>
					<Vertex X="16494" Y="31232" Z="0"/>
					<Vertex X="16494" Y="31384" Z="0"/>
					<Vertex X="16494" Y="31613" Z="0"/>
					<Vertex X="16494" Y="31843" Z="0"/>
					<Vertex X="16494" Y="32072" Z="0"/>
					<Vertex X="16571" Y="32224" Z="0"/>
					<Vertex X="16571" Y="32377" Z="0"/>
					<Vertex X="16571" Y="32530" Z="0"/>
					<Vertex X="16571" Y="32759" Z="0"/>
					<Vertex X="16647" Y="32912" Z="0"/>
					<Vertex X="16647" Y="32988" Z="0"/>
					<Vertex X="16647" Y="33064" Z="0"/>
					<Vertex X="16723" Y="33217" Z="0"/>
					<Vertex X="16723" Y="33293" Z="0"/>
					<Vertex X="16723" Y="33370" Z="0"/>
					<Vertex X="16723" Y="33446" Z="0"/>
					<Vertex X="16723" Y="33599" Z="0"/>
					<Vertex X="16800" Y="33675" Z="0"/>
					<Vertex X="16876" Y="33981" Z="0"/>
					<Vertex X="16953" Y="34057" Z="0"/>
					<Vertex X="17029" Y="34210" Z="0"/>
					<Vertex X="17105" Y="34362" Z="0"/>
					<Vertex X="17182" Y="34439" Z="0"/>
					<Vertex X="17182" Y="34592" Z="0"/>
					<Vertex X="17258" Y="34592" Z="0"/>
					<Vertex X="17334" Y="34668" Z="0"/>
					<Vertex X="17411" Y="34744" Z="0"/>
					<Vertex X="17487" Y="34821" Z="0"/>
					<Vertex X="17640" Y="34897" Z="0"/>
					<Vertex X="17640" Y="34973" Z="0"/>
					<Vertex X="17716" Y="35050" Z="0"/>
					<Vertex X="17716" Y="35126" Z="0"/>
					<Vertex X="17793" Y="35202" Z="0"/>
					<Vertex X="17869" Y="35355" Z="0"/>
					<Vertex X="17869" Y="35508" Z="0"/>
					<Vertex X="17945" Y="35661" Z="0"/>
					<Vertex X="17945" Y="35813" Z="0"/>
					<Vertex X="18022" Y="35966" Z="0"/>
					<Vertex X="18098" Y="36119" Z="0"/>
					<Vertex X="18098" Y="36195" Z="0"/>
					<Vertex X="18174" Y="36271" Z="0"/>
					<Vertex X="18251" Y="36348" Z="0"/>
					<Vertex X="18251" Y="36424" Z="0"/>
					<Vertex X="18251" Y="36501" Z="0"/>
					<Vertex X="18327" Y="36501" Z="0"/>
					<Vertex X="18327" Y="36653" Z="0"/>
					<Vertex X="18480" Y="36882" Z="0"/>
					<Vertex X="18556" Y="37111" Z="0"/>
					<Vertex X="18633" Y="37264" Z="0"/>
					<Vertex X="18785" Y="37340" Z="0"/>
					<Vertex X="18862" Y="37493" Z="0"/>
					<Vertex X="18938" Y="37570" Z="0"/>
					<Vertex X="18938" Y="37646" Z="0"/>
					<Vertex X="19014" Y="37646" Z="0"/>
					<Vertex X="19014" Y="37722" Z="0"/>
					<Vertex X="19167" Y="37722" Z="0"/>
					<Vertex X="19320" Y="37875" Z="0"/>
					<Vertex X="19549" Y="37951" Z="0"/>
					<Vertex X="19702" Y="37951" Z="0"/>
					<Vertex X="19854" Y="38028" Z="0"/>
					<Vertex X="19931" Y="38104" Z="0"/>
					<Vertex X="20083" Y="38104" Z="0"/>
					<Vertex X="20160" Y="38180" Z="0"/>
					<Vertex X="20236" Y="38257" Z="0"/>
					<Vertex X="20312" Y="38333" Z="0"/>
					<Vertex X="20542" Y="38486" Z="0"/>
					<Vertex X="20847" Y="38639" Z="0"/>
					<Vertex X="21229" Y="38868" Z="0"/>
					<Vertex X="21534" Y="39097" Z="0"/>
					<Vertex X="21916" Y="39326" Z="0"/>
					<Vertex X="22298" Y="39479" Z="0"/>
					<Vertex X="22527" Y="39708" Z="0"/>
					<Vertex X="22756" Y="39860" Z="0"/>
					<Vertex X="22909" Y="39860" Z="0"/>
					<Vertex X="22909" Y="39937" Z="0"/>
					<Vertex X="22985" Y="40013" Z="0"/>
					<Vertex X="23061" Y="40013" Z="0"/>
					<Vertex X="23061" Y="40089" Z="0"/>
					<Vertex X="23138" Y="40242" Z="0"/>
					<Vertex X="23367" Y="40395" Z="0"/>
					<Vertex X="23520" Y="40548" Z="0"/>
					<Vertex X="23672" Y="40700" Z="0"/>
					<Vertex X="23978" Y="40929" Z="0"/>
					<Vertex X="24207" Y="41235" Z="0"/>
					<Vertex X="24512" Y="41388" Z="0"/>
					<Vertex X="24741" Y="41540" Z="0"/>
					<Vertex X="25047" Y="41693" Z="0"/>
					<Vertex X="25200" Y="41846" Z="0"/>
					<Vertex X="25352" Y="41922" Z="0"/>
					<Vertex X="25505" Y="42075" Z="0"/>
					<Vertex X="25734" Y="42151" Z="0"/>
					<Vertex X="25887" Y="42151" Z="0"/>
					<Vertex X="25963" Y="42228" Z="0"/>
					<Vertex X="26116" Y="42304" Z="0"/>
					<Vertex X="26345" Y="42304" Z="0"/>
					<Vertex X="26421" Y="42304" Z="0"/>
					<Vertex X="26574" Y="42304" Z="0"/>
					<Vertex X="26727" Y="42380" Z="0"/>
					<Vertex X="26956" Y="42457" Z="0"/>
					<Vertex X="27261" Y="42457" Z="0"/>
					<Vertex X="27490" Y="42533" Z="0"/>
					<Vertex X="27872" Y="42533" Z="0"/>
					<Vertex X="28330" Y="42533" Z="0"/>
					<Vertex X="28636" Y="42533" Z="0"/>
					<Vertex X="28941" Y="42533" Z="0"/>
					<Vertex X="29247" Y="42533" Z="0"/>
					<Vertex X="29476" Y="42533" Z="0"/>
					<Vertex X="29705" Y="42533" Z="0"/>
					<Vertex X="29781" Y="42533" Z="0"/>
					<Vertex X="30010" Y="42533" Z="0"/>
					<Vertex X="30163" Y="42533" Z="0"/>
					<Vertex X="30392" Y="42457" Z="0"/>
					<Vertex X="30545" Y="42380" Z="0"/>
					<Vertex X="30774" Y="42380" Z="0"/>
					<Vertex X="31003" Y="42304" Z="0"/>
					<Vertex X="31156" Y="42151" Z="0"/>
					<Vertex X="31385" Y="42151" Z="0"/>
					<Vertex X="31538" Y="41999" Z="0"/>
					<Vertex X="31614" Y="41922" Z="0"/>
					<Vertex X="31767" Y="41846" Z="0"/>
					<Vertex X="31843" Y="41769" Z="0"/>
					<Vertex X="31919" Y="41693" Z="0"/>
					<Vertex X="32072" Y="41617" Z="0"/>
					<Vertex X="32225" Y="41464" Z="0"/>
					<Vertex X="32454" Y="41311" Z="0"/>
					<Vertex X="32683" Y="41159" Z="0"/>
					<Vertex X="32912" Y="41082" Z="0"/>
					<Vertex X="33065" Y="40929" Z="0"/>
					<Vertex X="33294" Y="40777" Z="0"/>
					<Vertex X="33599" Y="40624" Z="0"/>
					<Vertex X="33752" Y="40471" Z="0"/>
					<Vertex X="33981" Y="40319" Z="0"/>
					<Vertex X="34134" Y="40166" Z="0"/>
					<Vertex X="34439" Y="40013" Z="0"/>
					<Vertex X="34668" Y="39784" Z="0"/>
					<Vertex X="34974" Y="39708" Z="0"/>
					<Vertex X="35203" Y="39479" Z="0"/>
					<Vertex X="35661" Y="39250" Z="0"/>
					<Vertex X="35890" Y="39020" Z="0"/>
					<Vertex X="36119" Y="38944" Z="0"/>
					<Vertex X="36348" Y="38791" Z="0"/>
					<Vertex X="36425" Y="38715" Z="0"/>
					<Vertex X="36577" Y="38639" Z="0"/>
					<Vertex X="36654" Y="38486" Z="0"/>
					<Vertex X="36806" Y="38410" Z="0"/>
					<Vertex X="36959" Y="38180" Z="0"/>
					<Vertex X="37112" Y="38104" Z="0"/>
					<Vertex X="37265" Y="37951" Z="0"/>
					<Vertex X="37417" Y="37875" Z="0"/>
					<Vertex X="37417" Y="37799" Z="0"/>
					<Vertex X="37570" Y="37722" Z="0"/>
					<Vertex X="37570" Y="37646" Z="0"/>
					<Vertex X="37646" Y="37493" Z="0"/>
					<Vertex X="37799" Y="37340" Z="0"/>
					<Vertex X="37875" Y="37188" Z="0"/>
					<Vertex X="37952" Y="37035" Z="0"/>
					<Vertex X="38105" Y="36653" Z="0"/>
					<Vertex X="38181" Y="36501" Z="0"/>
					<Vertex X="38257" Y="36348" Z="0"/>
					<Vertex X="38410" Y="36119" Z="0"/>
					<Vertex X="38410" Y="35890" Z="0"/>
					<Vertex X="38486" Y="35661" Z="0"/>
					<Vertex X="38563" Y="35508" Z="0"/>
					<Vertex X="38563" Y="35431" Z="0"/>
					<Vertex X="38563" Y="35279" Z="0"/>
					<Vertex X="38639" Y="34973" Z="0"/>
					<Vertex X="38639" Y="34821" Z="0"/>
					<Vertex X="38639" Y="34592" Z="0"/>
					<Vertex X="38715" Y="34362" Z="0"/>
					<Vertex X="38715" Y="34133" Z="0"/>
					<Vertex X="38715" Y="33904" Z="0"/>
					<Vertex X="38715" Y="33828" Z="0"/>
					<Vertex X="38792" Y="33675" Z="0"/>
					<Vertex X="38792" Y="33522" Z="0"/>
					<Vertex X="38792" Y="33446" Z="0"/>
					<Vertex X="38792" Y="33370" Z="0"/>
					<Vertex X="38792" Y="33217" Z="0"/>
					<Vertex X="38792" Y="33141" Z="0"/>
					<Vertex X="38792" Y="32912" Z="0"/>
					<Vertex X="38792" Y="32530" Z="0"/>
					<Vertex X="38792" Y="32453" Z="0"/>
					<Vertex X="38792" Y="32301" Z="0"/>
					<Vertex X="38792" Y="32224" Z="0"/>
					<Vertex X="38792" Y="31995" Z="0"/>
					<Vertex X="38792" Y="31843" Z="0"/>
					<Vertex X="38792" Y="31766" Z="0"/>
					<Vertex X="38792" Y="31613" Z="0"/>
					<Vertex X="38792" Y="31384" Z="0"/>
					<Vertex X="38792" Y="31155" Z="0"/>
					<Vertex X="38868" Y="30773" Z="0"/>
					<Vertex X="38945" Y="30621" Z="0"/>
					<Vertex X="39097" Y="30315" Z="0"/>
					<Vertex X="39250" Y="30086" Z="0"/>
					<Vertex X="39326" Y="29781" Z="0"/>
					<Vertex X="39403" Y="29704" Z="0"/>
					<Vertex X="39479" Y="29552" Z="0"/>
					<Vertex X="39555" Y="29323" Z="0"/>
					<Vertex X="39632" Y="29170" Z="0"/>
					<Vertex X="39708" Y="29017" Z="0"/>
					<Vertex X="39708" Y="28864" Z="0"/>
					<Vertex X="39861" Y="28712" Z="0"/>
					<Vertex X="39937" Y="28559" Z="0"/>
					<Vertex X="40014" Y="28406" Z="0"/>
					<Vertex X="40243" Y="28101" Z="0"/>
					<Vertex X="40395" Y="27795" Z="0"/>
					<Vertex X="40624" Y="27566" Z="0"/>
					<Vertex X="40854" Y="27184" Z="0"/>
					<Vertex X="41083" Y="26879" Z="0"/>
					<Vertex X="41235" Y="26574" Z="0"/>
					<Vertex X="41464" Y="26268" Z="0"/>
					<Vertex X="41694" Y="25810" Z="0"/>
					<Vertex X="41923" Y="25581" Z="0"/>
					<Vertex X="42075" Y="25199" Z="0"/>
					<Vertex X="42304" Y="24741" Z="0"/>
					<Vertex X="42457" Y="24435" Z="0"/>
					<Vertex X="42686" Y="23825" Z="0"/>
					<Vertex X="42839" Y="23519" Z="0"/>
					<Vertex X="42915" Y="23290" Z="0"/>
					<Vertex X="42915" Y="23061" Z="0"/>
					<Vertex X="42992" Y="22832" Z="0"/>
					<Vertex X="42992" Y="22756" Z="0"/>
					<Vertex X="42992" Y="22603" Z="0"/>
					<Vertex X="42992" Y="22374" Z="0"/>
					<Vertex X="42992" Y="22145" Z="0"/>
					<Vertex X="42992" Y="21992" Z="0"/>
					<Vertex X="42992" Y="21839" Z="0"/>
					<Vertex X="42992" Y="21610" Z="0"/>
					<Vertex X="42915" Y="21381" Z="0"/>
					<Vertex X="42839" Y="21152" Z="0"/>
					<Vertex X="42839" Y="20999" Z="0"/>
					<Vertex X="42686" Y="20770" Z="0"/>
					<Vertex X="42610" Y="20541" Z="0"/>
					<Vertex X="42533" Y="20236" Z="0"/>
					<Vertex X="42457" Y="20007" Z="0"/>
					<Vertex X="42304" Y="19701" Z="0"/>
					<Vertex X="42228" Y="19472" Z="0"/>
					<Vertex X="42075" Y="19243" Z="0"/>
					<Vertex X="41999" Y="19090" Z="0"/>
					<Vertex X="41923" Y="18861" Z="0"/>
					<Vertex X="41770" Y="18556" Z="0"/>
					<Vertex X="41617" Y="18403" Z="0"/>
					<Vertex X="41541" Y="18174" Z="0"/>
					<Vertex X="41388" Y="17945" Z="0"/>
					<Vertex X="41388" Y="17868" Z="0"/>
					<Vertex X="41235" Y="17716" Z="0"/>
					<Vertex X="41159" Y="17563" Z="0"/>
					<Vertex X="40930" Y="17181" Z="0"/>
					<Vertex X="40777" Y="16952" Z="0"/>
					<Vertex X="40548" Y="16647" Z="0"/>
					<Vertex X="40395" Y="16494" Z="0"/>
					<Vertex X="40243" Y="16189" Z="0"/>
					<Vertex X="40166" Y="16112" Z="0"/>
					<Vertex X="40090" Y="16036" Z="0"/>
					<Vertex X="40014" Y="15959" Z="0"/>
					<Vertex X="39937" Y="15883" Z="0"/>
					<Vertex X="39861" Y="15807" Z="0"/>
					<Vertex X="39784" Y="15654" Z="0"/>
					<Vertex X="39708" Y="15578" Z="0"/>
					<Vertex X="39632" Y="15425" Z="0"/>
					<Vertex X="39632" Y="15349" Z="0"/>
					<Vertex X="39555" Y="15349" Z="0"/>
					<Vertex X="39555" Y="15272" Z="0"/>
					<Vertex X="39479" Y="15196" Z="0"/>
					<Vertex X="39326" Y="14814" Z="0"/>
					<Vertex X="39250" Y="14738" Z="0"/>
					<Vertex X="39021" Y="14356" Z="0"/>
					<Vertex X="38945" Y="14127" Z="0"/>
					<Vertex X="38868" Y="13898" Z="0"/>
					<Vertex X="38792" Y="13669" Z="0"/>
					<Vertex X="38486" Y="13058" Z="0"/>
					<Vertex X="38486" Y="12752" Z="0"/>
					<Vertex X="38334" Y="12600" Z="0"/>
					<Vertex X="38257" Y="12447" Z="0"/>
					<Vertex X="38181" Y="12141" Z="0"/>
					<Vertex X="38028" Y="12065" Z="0"/>
					<Vertex X="38028" Y="11836" Z="0"/>
					<Vertex X="37952" Y="11760" Z="0"/>
					<Vertex X="37799" Y="11531" Z="0"/>
					<Vertex X="37646" Y="11149" Z="0"/>
					<Vertex X="37494" Y="11072" Z="0"/>
					<Vertex X="37494" Y="10996" Z="0"/>
					<Vertex X="37417" Y="10996" Z="0"/>
					<Vertex X="37417" Y="10920" Z="0"/>
					<Vertex X="37341" Y="10843" Z="0"/>
					<Vertex X="37112" Y="10767" Z="0"/>
					<Vertex X="36806" Y="10385" Z="0"/>
					<Vertex X="36501" Y="10156" Z="0"/>
					<Vertex X="36119" Y="9927" Z="0"/>
					<Vertex X="35661" Y="9621" Z="0"/>
					<Vertex X="35203" Y="9392" Z="0"/>
					<Vertex X="34897" Y="9240" Z="0"/>
					<Vertex X="34439" Y="9087" Z="0"/>
					<Vertex X="34210" Y="9011" Z="0"/>
					<Vertex X="34057" Y="8934" Z="0"/>
					<Vertex X="33752" Y="8858" Z="0"/>
					<Vertex X="33523" Y="8782" Z="0"/>
					<Vertex X="33141" Y="8705" Z="0"/>
					<Vertex X="32912" Y="8705" Z="0"/>
					<Vertex X="32607" Y="8705" Z="0"/>
					<Vertex X="32148" Y="8552" Z="0"/>
					<Vertex X="31919" Y="8476" Z="0"/>
					<Vertex X="31767" Y="8476" Z="0"/>
					<Vertex X="31614" Y="8476" Z="0"/>
					<Vertex X="31461" Y="8476" Z="0"/>
					<Vertex X="31156" Y="8476" Z="0"/>
					<Vertex X="31079" Y="8476" Z="0"/>
					<Vertex X="30927" Y="8476" Z="0"/>
					<Vertex X="30774" Y="8476" Z="0"/>
					<Vertex X="30316" Y="8476" Z="0"/>
					<Vertex X="30163" Y="8476" Z="0"/>
					<Vertex X="30010" Y="8476" Z="0"/>
					<Vertex X="29705" Y="8476" Z="0"/>
					<Vertex X="29170" Y="8476" Z="0"/>
					<Vertex X="28865" Y="8476" Z="0"/>
					<Vertex X="28636" Y="8476" Z="0"/>
					<Vertex X="28407" Y="8476" Z="0"/>
					<Vertex X="28025" Y="8476" Z="0"/>
					<Vertex X="27949" Y="8476" Z="0"/>
					<Vertex X="27872" Y="8476" Z="0"/>
					<Vertex X="27796" Y="8476" Z="0"/>
					<Vertex X="27719" Y="8476" Z="0"/>
					<Vertex X="27261" Y="8400" Z="0"/>
					<Vertex X="26727" Y="8400" Z="0"/>
					<Vertex X="26192" Y="8400" Z="0"/>
					<Vertex X="26116" Y="8400" Z="0"/>
					<Vertex X="26040" Y="8400" Z="0"/>
					<Vertex X="25963" Y="8552" Z="0"/>
				</Vertices>
			</Region>
			<Region Id="2" Type="0" Zoom="0.012956" Selected="0" ImageLocation="" ImageFocus="-1" Length="79853.4" Area="372098306.0" LengthMicrons="20179.0" AreaMicrons="23761189.6" Text="" NegativeROA="0" InputRegionId="0" Analyze="1" DisplayId="2">
				<Attributes/>
				<Vertices>
					<Vertex X="44824" Y="45129" Z="0"/>
					<Vertex X="45282" Y="44748" Z="0"/>
					<Vertex X="47192" Y="43526" Z="0"/>
					<Vertex X="47879" Y="43068" Z="0"/>
					<Vertex X="48719" Y="42151" Z="0"/>
					<Vertex X="49101" Y="41846" Z="0"/>
					<Vertex X="49406" Y="41464" Z="0"/>
					<Vertex X="49635" Y="41159" Z="0"/>
					<Vertex X="49864" Y="40853" Z="0"/>
					<Vertex X="50017" Y="40624" Z="0"/>
					<Vertex X="50093" Y="40471" Z="0"/>
					<Vertex X="50246" Y="40319" Z="0"/>
					<Vertex X="50246" Y="40166" Z="0"/>
					<Vertex X="50322" Y="40013" Z="0"/>
					<Vertex X="50399" Y="39784" Z="0"/>
					<Vertex X="50475" Y="39631" Z="0"/>
					<Vertex X="50551" Y="39555" Z="0"/>
					<Vertex X="50551" Y="39479" Z="0"/>
					<Vertex X="50551" Y="39402" Z="0"/>
					<Vertex X="50551" Y="39326" Z="0"/>
					<Vertex X="50551" Y="39173" Z="0"/>
					<Vertex X="50628" Y="39097" Z="0"/>
					<Vertex X="50628" Y="38944" Z="0"/>
					<Vertex X="50628" Y="38868" Z="0"/>
					<Vertex X="50628" Y="38715" Z="0"/>
					<Vertex X="50628" Y="38486" Z="0"/>
					<Vertex X="50704" Y="38257" Z="0"/>
					<Vertex X="50780" Y="37951" Z="0"/>
					<Vertex X="50780" Y="37722" Z="0"/>
					<Vertex X="50780" Y="37493" Z="0"/>
					<Vertex X="50780" Y="37264" Z="0"/>
					<Vertex X="50780" Y="37111" Z="0"/>
					<Vertex X="50780" Y="36959" Z="0"/>
					<Vertex X="50780" Y="36806" Z="0"/>
					<Vertex X="50780" Y="36730" Z="0"/>
					<Vertex X="50780" Y="36501" Z="0"/>
					<Vertex X="50857" Y="36424" Z="0"/>
					<Vertex X="50857" Y="36271" Z="0"/>
					<Vertex X="50857" Y="36119" Z="0"/>
					<Vertex X="50857" Y="36042" Z="0"/>
					<Vertex X="50933" Y="35966" Z="0"/>
					<Vertex X="50933" Y="35661" Z="0"/>
					<Vertex X="50933" Y="35584" Z="0"/>
					<Vertex X="51010" Y="35431" Z="0"/>
					<Vertex X="51010" Y="35355" Z="0"/>
					<Vertex X="51086" Y="35126" Z="0"/>
					<Vertex X="51086" Y="35050" Z="0"/>
					<Vertex X="51162" Y="35050" Z="0"/>
					<Vertex X="51162" Y="34973" Z="0"/>
					<Vertex X="51239" Y="34897" Z="0"/>
					<Vertex X="51315" Y="34821" Z="0"/>
					<Vertex X="51391" Y="34668" Z="0"/>
					<Vertex X="51620" Y="34439" Z="0"/>
					<Vertex X="51697" Y="34362" Z="0"/>
					<Vertex X="51773" Y="34286" Z="0"/>
					<Vertex X="51850" Y="34286" Z="0"/>
					<Vertex X="51850" Y="34210" Z="0"/>
					<Vertex X="51926" Y="34210" Z="0"/>
					<Vertex X="52079" Y="34133" Z="0"/>
					<Vertex X="52308" Y="34057" Z="0"/>
					<Vertex X="52460" Y="33981" Z="0"/>
					<Vertex X="52613" Y="33981" Z="0"/>
					<Vertex X="52689" Y="33981" Z="0"/>
					<Vertex X="52842" Y="33981" Z="0"/>
					<Vertex X="52919" Y="33981" Z="0"/>
					<Vertex X="53071" Y="33981" Z="0"/>
					<Vertex X="53148" Y="33981" Z="0"/>
					<Vertex X="53300" Y="33981" Z="0"/>
					<Vertex X="53377" Y="33981" Z="0"/>
					<Vertex X="53453" Y="33981" Z="0"/>
					<Vertex X="53529" Y="33981" Z="0"/>
					<Vertex X="53606" Y="33981" Z="0"/>
					<Vertex X="53682" Y="33981" Z="0"/>
					<Vertex X="53835" Y="34057" Z="0"/>
					<Vertex X="53911" Y="34057" Z="0"/>
					<Vertex X="53988" Y="34133" Z="0"/>
					<Vertex X="54140" Y="34210" Z="0"/>
					<Vertex X="54217" Y="34210" Z="0"/>
					<Vertex X="54369" Y="34362" Z="0"/>
					<Vertex X="54599" Y="34439" Z="0"/>
					<Vertex X="54751" Y="34592" Z="0"/>
					<Vertex X="54904" Y="34668" Z="0"/>
					<Vertex X="55057" Y="34821" Z="0"/>
					<Vertex X="55286" Y="34897" Z="0"/>
					<Vertex X="55438" Y="34973" Z="0"/>
					<Vertex X="55591" Y="35050" Z="0"/>
					<Vertex X="55668" Y="35126" Z="0"/>
					<Vertex X="55744" Y="35202" Z="0"/>
					<Vertex X="55820" Y="35279" Z="0"/>
					<Vertex X="55973" Y="35355" Z="0"/>
					<Vertex X="56126" Y="35508" Z="0"/>
					<Vertex X="56355" Y="35661" Z="0"/>
					<Vertex X="56584" Y="35890" Z="0"/>
					<Vertex X="56737" Y="36042" Z="0"/>
					<Vertex X="56813" Y="36119" Z="0"/>
					<Vertex X="56966" Y="36348" Z="0"/>
					<Vertex X="57118" Y="36424" Z="0"/>
					<Vertex X="57271" Y="36501" Z="0"/>
					<Vertex X="57577" Y="36959" Z="0"/>
					<Vertex X="57729" Y="37188" Z="0"/>
					<Vertex X="57958" Y="37493" Z="0"/>
					<Vertex X="58264" Y="37951" Z="0"/>
					<Vertex X="58340" Y="38104" Z="0"/>
					<Vertex X="58569" Y="38257" Z="0"/>
					<Vertex X="58569" Y="38410" Z="0"/>
					<Vertex X="58722" Y="38715" Z="0"/>
					<Vertex X="58951" Y="39173" Z="0"/>
					<Vertex X="59104" Y="39555" Z="0"/>
					<Vertex X="59257" Y="39860" Z="0"/>
					<Vertex X="59257" Y="40013" Z="0"/>
					<Vertex X="59333" Y="40319" Z="0"/>
					<Vertex X="59409" Y="40624" Z="0"/>
					<Vertex X="59486" Y="41006" Z="0"/>
					<Vertex X="59562" Y="41235" Z="0"/>
					<Vertex X="59638" Y="41617" Z="0"/>
					<Vertex X="59638" Y="41846" Z="0"/>
					<Vertex X="59715" Y="41922" Z="0"/>
					<Vertex X="59715" Y="42151" Z="0"/>
					<Vertex X="59715" Y="42304" Z="0"/>
					<Vertex X="59715" Y="42457" Z="0"/>
					<Vertex X="59715" Y="42609" Z="0"/>
					<Vertex X="59791" Y="42762" Z="0"/>
					<Vertex X="59791" Y="42838" Z="0"/>
					<Vertex X="59791" Y="42915" Z="0"/>
					<Vertex X="59791" Y="43068" Z="0"/>
					<Vertex X="59791" Y="43144" Z="0"/>
					<Vertex X="59791" Y="43297" Z="0"/>
					<Vertex X="59791" Y="43373" Z="0"/>
					<Vertex X="59791" Y="43755" Z="0"/>
					<Vertex X="59791" Y="43831" Z="0"/>
					<Vertex X="59791" Y="44366" Z="0"/>
					<Vertex X="59791" Y="44595" Z="0"/>
					<Vertex X="59791" Y="44900" Z="0"/>
					<Vertex X="59791" Y="45053" Z="0"/>
					<Vertex X="59791" Y="45129" Z="0"/>
					<Vertex X="59791" Y="45282" Z="0"/>
					<Vertex X="59791" Y="45511" Z="0"/>
					<Vertex X="59791" Y="45664" Z="0"/>
					<Vertex X="59791" Y="45817" Z="0"/>
					<Vertex X="59791" Y="46122" Z="0"/>
					<Vertex X="59791" Y="46275" Z="0"/>
					<Vertex X="59638" Y="46733" Z="0"/>
					<Vertex X="59562" Y="47267" Z="0"/>
					<Vertex X="59562" Y="47496" Z="0"/>
					<Vertex X="59486" Y="47955" Z="0"/>
					<Vertex X="59486" Y="48184" Z="0"/>
					<Vertex X="59409" Y="48336" Z="0"/>
					<Vertex X="59409" Y="48489" Z="0"/>
					<Vertex X="59409" Y="48642" Z="0"/>
					<Vertex X="59333" Y="48795" Z="0"/>
					<Vertex X="59333" Y="49329" Z="0"/>
					<Vertex X="59257" Y="49558" Z="0"/>
					<Vertex X="59180" Y="49864" Z="0"/>
					<Vertex X="59104" Y="50169" Z="0"/>
					<Vertex X="59104" Y="50398" Z="0"/>
					<Vertex X="59027" Y="50627" Z="0"/>
					<Vertex X="59027" Y="50780" Z="0"/>
					<Vertex X="58951" Y="50933" Z="0"/>
					<Vertex X="58875" Y="51162" Z="0"/>
					<Vertex X="58798" Y="51391" Z="0"/>
					<Vertex X="58798" Y="51696" Z="0"/>
					<Vertex X="58646" Y="52155" Z="0"/>
					<Vertex X="58493" Y="52384" Z="0"/>
					<Vertex X="58340" Y="53071" Z="0"/>
					<Vertex X="58264" Y="53376" Z="0"/>
					<Vertex X="58187" Y="53605" Z="0"/>
					<Vertex X="58035" Y="53987" Z="0"/>
					<Vertex X="58035" Y="54293" Z="0"/>
					<Vertex X="57958" Y="54598" Z="0"/>
					<Vertex X="57882" Y="54827" Z="0"/>
					<Vertex X="57806" Y="55056" Z="0"/>
					<Vertex X="57806" Y="55133" Z="0"/>
					<Vertex X="57729" Y="55362" Z="0"/>
					<Vertex X="57653" Y="55514" Z="0"/>
					<Vertex X="57653" Y="55667" Z="0"/>
					<Vertex X="57653" Y="55743" Z="0"/>
					<Vertex X="57577" Y="55896" Z="0"/>
					<Vertex X="57500" Y="56049" Z="0"/>
					<Vertex X="57424" Y="56278" Z="0"/>
					<Vertex X="57424" Y="56431" Z="0"/>
					<Vertex X="57271" Y="56583" Z="0"/>
					<Vertex X="57195" Y="56889" Z="0"/>
					<Vertex X="57042" Y="57118" Z="0"/>
					<Vertex X="56966" Y="57194" Z="0"/>
					<Vertex X="56966" Y="57271" Z="0"/>
					<Vertex X="56966" Y="57423" Z="0"/>
					<Vertex X="56889" Y="57423" Z="0"/>
					<Vertex X="56889" Y="57500" Z="0"/>
					<Vertex X="56889" Y="57576" Z="0"/>
					<Vertex X="56813" Y="57653" Z="0"/>
					<Vertex X="56737" Y="57729" Z="0"/>
					<Vertex X="56660" Y="57882" Z="0"/>
					<Vertex X="56508" Y="58034" Z="0"/>
					<Vertex X="56355" Y="58263" Z="0"/>
					<Vertex X="56278" Y="58416" Z="0"/>
					<Vertex X="56126" Y="58492" Z="0"/>
					<Vertex X="56049" Y="58645" Z="0"/>
					<Vertex X="55973" Y="58722" Z="0"/>
					<Vertex X="55820" Y="58874" Z="0"/>
					<Vertex X="55668" Y="59027" Z="0"/>
					<Vertex X="55515" Y="59103" Z="0"/>
					<Vertex X="55362" Y="59332" Z="0"/>
					<Vertex X="55133" Y="59485" Z="0"/>
					<Vertex X="54980" Y="59638" Z="0"/>
					<Vertex X="54828" Y="59714" Z="0"/>
					<Vertex X="54599" Y="59943" Z="0"/>
					<Vertex X="54446" Y="60020" Z="0"/>
					<Vertex X="54369" Y="60096" Z="0"/>
					<Vertex X="54217" Y="60172" Z="0"/>
					<Vertex X="54140" Y="60249" Z="0"/>
					<Vertex X="53988" Y="60325" Z="0"/>
					<Vertex X="53835" Y="60401" Z="0"/>
					<Vertex X="53759" Y="60401" Z="0"/>
					<Vertex X="53682" Y="60478" Z="0"/>
					<Vertex X="53606" Y="60478" Z="0"/>
					<Vertex X="53453" Y="60631" Z="0"/>
					<Vertex X="53300" Y="60631" Z="0"/>
					<Vertex X="53224" Y="60707" Z="0"/>
					<Vertex X="52995" Y="60860" Z="0"/>
					<Vertex X="52689" Y="60860" Z="0"/>
					<Vertex X="52384" Y="61012" Z="0"/>
					<Vertex X="52155" Y="61165" Z="0"/>
					<Vertex X="51544" Y="61241" Z="0"/>
					<Vertex X="51391" Y="61318" Z="0"/>
					<Vertex X="51239" Y="61394" Z="0"/>
					<Vertex X="51162" Y="61394" Z="0"/>
					<Vertex X="50933" Y="61471" Z="0"/>
					<Vertex X="50780" Y="61471" Z="0"/>
					<Vertex X="50628" Y="61471" Z="0"/>
					<Vertex X="50551" Y="61471" Z="0"/>
					<Vertex X="50399" Y="61547" Z="0"/>
					<Vertex X="50246" Y="61547" Z="0"/>
					<Vertex X="50093" Y="61623" Z="0"/>
					<Vertex X="49864" Y="61700" Z="0"/>
					<Vertex X="49559" Y="61700" Z="0"/>
					<Vertex X="49101" Y="61700" Z="0"/>
					<Vertex X="48642" Y="61700" Z="0"/>
					<Vertex X="48108" Y="61700" Z="0"/>
					<Vertex X="47497" Y="61700" Z="0"/>
					<Vertex X="46428" Y="61700" Z="0"/>
					<Vertex X="46046" Y="61700" Z="0"/>
					<Vertex X="45664" Y="61700" Z="0"/>
					<Vertex X="45359" Y="61700" Z="0"/>
					<Vertex X="45130" Y="61700" Z="0"/>
					<Vertex X="45053" Y="61700" Z="0"/>
					<Vertex X="44977" Y="61700" Z="0"/>
					<Vertex X="44672" Y="61700" Z="0"/>
					<Vertex X="43984" Y="61700" Z="0"/>
					<Vertex X="42915" Y="61623" Z="0"/>
					<Vertex X="42304" Y="61471" Z="0"/>
					<Vertex X="41923" Y="61394" Z="0"/>
					<Vertex X="41464" Y="61241" Z="0"/>
					<Vertex X="41083" Y="61165" Z="0"/>
					<Vertex X="40854" Y="61089" Z="0"/>
					<Vertex X="40624" Y="61012" Z="0"/>
					<Vertex X="40548" Y="61012" Z="0"/>
					<Vertex X="40472" Y="61012" Z="0"/>
					<Vertex X="40243" Y="60783" Z="0"/>
					<Vertex X="40090" Y="60631" Z="0"/>
					<Vertex X="39937" Y="60478" Z="0"/>
					<Vertex X="39784" Y="60325" Z="0"/>
					<Vertex X="39708" Y="60249" Z="0"/>
					<Vertex X="39632" Y="60172" Z="0"/>
					<Vertex X="39632" Y="60096" Z="0"/>
					<Vertex X="39555" Y="60096" Z="0"/>
					<Vertex X="39555" Y="59943" Z="0"/>
					<Vertex X="39479" Y="59867" Z="0"/>
					<Vertex X="39403" Y="59791" Z="0"/>
					<Vertex X="39326" Y="59562" Z="0"/>
					<Vertex X="39326" Y="59409" Z="0"/>
					<Vertex X="39174" Y="59180" Z="0"/>
					<Vertex X="39097" Y="59103" Z="0"/>
					<Vertex X="39021" Y="58951" Z="0"/>
					<Vertex X="39021" Y="58874" Z="0"/>
					<Vertex X="38945" Y="58798" Z="0"/>
					<Vertex X="38945" Y="58722" Z="0"/>
					<Vertex X="38945" Y="58645" Z="0"/>
					<Vertex X="38945" Y="58569" Z="0"/>
					<Vertex X="38945" Y="58492" Z="0"/>
					<Vertex X="38945" Y="58416" Z="0"/>
					<Vertex X="38868" Y="58340" Z="0"/>
					<Vertex X="38868" Y="58263" Z="0"/>
					<Vertex X="38868" Y="58187" Z="0"/>
					<Vertex X="38868" Y="58111" Z="0"/>
					<Vertex X="38868" Y="58034" Z="0"/>
					<Vertex X="38868" Y="57958" Z="0"/>
					<Vertex X="38868" Y="57882" Z="0"/>
					<Vertex X="38868" Y="57805" Z="0"/>
					<Vertex X="38868" Y="57729" Z="0"/>
					<Vertex X="38945" Y="57653" Z="0"/>
					<Vertex X="38945" Y="57500" Z="0"/>
					<Vertex X="39021" Y="57423" Z="0"/>
					<Vertex X="39097" Y="57347" Z="0"/>
					<Vertex X="39097" Y="57271" Z="0"/>
					<Vertex X="39174" Y="57118" Z="0"/>
					<Vertex X="39250" Y="56889" Z="0"/>
					<Vertex X="39326" Y="56736" Z="0"/>
					<Vertex X="39403" Y="56660" Z="0"/>
					<Vertex X="39403" Y="56583" Z="0"/>
					<Vertex X="39479" Y="56354" Z="0"/>
					<Vertex X="39632" Y="56202" Z="0"/>
					<Vertex X="39632" Y="56049" Z="0"/>
					<Vertex X="39784" Y="55896" Z="0"/>
					<Vertex X="39861" Y="55667" Z="0"/>
					<Vertex X="39861" Y="55591" Z="0"/>
					<Vertex X="39937" Y="55438" Z="0"/>
					<Vertex X="40014" Y="55362" Z="0"/>
					<Vertex X="40014" Y="55209" Z="0"/>
					<Vertex X="40014" Y="55056" Z="0"/>
					<Vertex X="40090" Y="54904" Z="0"/>
					<Vertex X="40166" Y="54751" Z="0"/>
					<Vertex X="40243" Y="54598" Z="0"/>
					<Vertex X="40243" Y="54445" Z="0"/>
					<Vertex X="40472" Y="54140" Z="0"/>
					<Vertex X="40472" Y="53911" Z="0"/>
					<Vertex X="40548" Y="53682" Z="0"/>
					<Vertex X="40624" Y="53529" Z="0"/>
					<Vertex X="40701" Y="53376" Z="0"/>
					<Vertex X="40701" Y="53224" Z="0"/>
					<Vertex X="40777" Y="53071" Z="0"/>
					<Vertex X="40854" Y="52918" Z="0"/>
					<Vertex X="40854" Y="52842" Z="0"/>
					<Vertex X="40854" Y="52689" Z="0"/>
					<Vertex X="40930" Y="52536" Z="0"/>
					<Vertex X="41006" Y="52384" Z="0"/>
					<Vertex X="41083" Y="52231" Z="0"/>
					<Vertex X="41083" Y="52155" Z="0"/>
					<Vertex X="41235" Y="51696" Z="0"/>
					<Vertex X="41235" Y="51620" Z="0"/>
					<Vertex X="41312" Y="51467" Z="0"/>
					<Vertex X="41388" Y="51315" Z="0"/>
					<Vertex X="41464" Y="51162" Z="0"/>
					<Vertex X="41541" Y="51009" Z="0"/>
					<Vertex X="41617" Y="50780" Z="0"/>
					<Vertex X="41694" Y="50551" Z="0"/>
					<Vertex X="41770" Y="50322" Z="0"/>
					<Vertex X="41923" Y="50016" Z="0"/>
					<Vertex X="42075" Y="49787" Z="0"/>
					<Vertex X="42075" Y="49635" Z="0"/>
					<Vertex X="42228" Y="49482" Z="0"/>
					<Vertex X="42304" Y="49176" Z="0"/>
					<Vertex X="42381" Y="49024" Z="0"/>
					<Vertex X="42457" Y="48795" Z="0"/>
					<Vertex X="42533" Y="48489" Z="0"/>
					<Vertex X="42686" Y="48413" Z="0"/>
					<Vertex X="42686" Y="48336" Z="0"/>
					<Vertex X="42763" Y="48184" Z="0"/>
					<Vertex X="42839" Y="48107" Z="0"/>
					<Vertex X="42839" Y="47955" Z="0"/>
					<Vertex X="42915" Y="47878" Z="0"/>
					<Vertex X="42915" Y="47726" Z="0"/>
					<Vertex X="42992" Y="47726" Z="0"/>
					<Vertex X="42992" Y="47649" Z="0"/>
					<Vertex X="42992" Y="47573" Z="0"/>
					<Vertex X="43068" Y="47496" Z="0"/>
					<Vertex X="43068" Y="47420" Z="0"/>
					<Vertex X="43144" Y="47420" Z="0"/>
					<Vertex X="43221" Y="47267" Z="0"/>
					<Vertex X="43373" Y="46962" Z="0"/>
					<Vertex X="43450" Y="46809" Z="0"/>
					<Vertex X="43450" Y="46657" Z="0"/>
					<Vertex X="43603" Y="46504" Z="0"/>
					<Vertex X="43755" Y="46275" Z="0"/>
					<Vertex X="43832" Y="46198" Z="0"/>
					<Vertex X="43832" Y="46122" Z="0"/>
					<Vertex X="43908" Y="46046" Z="0"/>
					<Vertex X="43984" Y="45893" Z="0"/>
					<Vertex X="44061" Y="45817" Z="0"/>
					<Vertex X="44061" Y="45740" Z="0"/>
					<Vertex X="44137" Y="45664" Z="0"/>
					<Vertex X="44137" Y="45587" Z="0"/>
					<Vertex X="44213" Y="45587" Z="0"/>
					<Vertex X="44213" Y="45511" Z="0"/>
					<Vertex X="44290" Y="45435" Z="0"/>
					<Vertex X="44290" Y="45358" Z="0"/>
					<Vertex X="44366" Y="45358" Z="0"/>
					<Vertex X="44366" Y="45282" Z="0"/>
					<Vertex X="44443" Y="45282" Z="0"/>
					<Vertex X="44443" Y="45206" Z="0"/>
					<Vertex X="44443" Y="45129" Z="0"/>
					<Vertex X="44519" Y="45129" Z="0"/>
					<Vertex X="44519" Y="45053" Z="0"/>
					<Vertex X="44824" Y="45129" Z="0"/>
				</Vertices>
			</Region>
			<Region Id="3" Type="0" Zoom="0.012956" Selected="1" ImageLocation="" ImageFocus="-1" Length="76683.8" Area="333462631.5" LengthMicrons="19378.0" AreaMicrons="21294020.1" Text="" NegativeROA="0" InputRegionId="0" Analyze="1" DisplayId="3">
				<Attributes/>
				<Vertices>
					<Vertex X="31690" Y="43678" Z="0"/>
					<Vertex X="31385" Y="43678" Z="0"/>
					<Vertex X="30468" Y="43984" Z="0"/>
					<Vertex X="29628" Y="44137" Z="0"/>
					<Vertex X="29399" Y="44137" Z="0"/>
					<Vertex X="29323" Y="44137" Z="0"/>
					<Vertex X="29247" Y="44137" Z="0"/>
					<Vertex X="28712" Y="44213" Z="0"/>
					<Vertex X="28254" Y="44289" Z="0"/>
					<Vertex X="27490" Y="44442" Z="0"/>
					<Vertex X="26956" Y="44442" Z="0"/>
					<Vertex X="26727" Y="44442" Z="0"/>
					<Vertex X="26421" Y="44442" Z="0"/>
					<Vertex X="26116" Y="44442" Z="0"/>
					<Vertex X="26040" Y="44518" Z="0"/>
					<Vertex X="25963" Y="44518" Z="0"/>
					<Vertex X="25887" Y="44518" Z="0"/>
					<Vertex X="25810" Y="44518" Z="0"/>
					<Vertex X="25734" Y="44518" Z="0"/>
					<Vertex X="25581" Y="44518" Z="0"/>
					<Vertex X="25429" Y="44595" Z="0"/>
					<Vertex X="25200" Y="44671" Z="0"/>
					<Vertex X="24818" Y="44748" Z="0"/>
					<Vertex X="24589" Y="44748" Z="0"/>
					<Vertex X="24360" Y="44748" Z="0"/>
					<Vertex X="24207" Y="44748" Z="0"/>
					<Vertex X="24054" Y="44748" Z="0"/>
					<Vertex X="23901" Y="44748" Z="0"/>
					<Vertex X="23825" Y="44748" Z="0"/>
					<Vertex X="23749" Y="44748" Z="0"/>
					<Vertex X="23443" Y="44748" Z="0"/>
					<Vertex X="23061" Y="44900" Z="0"/>
					<Vertex X="22832" Y="44977" Z="0"/>
					<Vertex X="22603" Y="44977" Z="0"/>
					<Vertex X="22374" Y="44977" Z="0"/>
					<Vertex X="22221" Y="45053" Z="0"/>
					<Vertex X="22069" Y="45129" Z="0"/>
					<Vertex X="21763" Y="45282" Z="0"/>
					<Vertex X="21534" Y="45282" Z="0"/>
					<Vertex X="20923" Y="45587" Z="0"/>
					<Vertex X="20771" Y="45664" Z="0"/>
					<Vertex X="20465" Y="45817" Z="0"/>
					<Vertex X="20312" Y="45893" Z="0"/>
					<Vertex X="20236" Y="45969" Z="0"/>
					<Vertex X="19931" Y="46198" Z="0"/>
					<Vertex X="19702" Y="46351" Z="0"/>
					<Vertex X="19549" Y="46504" Z="0"/>
					<Vertex X="19396" Y="46657" Z="0"/>
					<Vertex X="19167" Y="46886" Z="0"/>
					<Vertex X="19014" Y="46962" Z="0"/>
					<Vertex X="18938" Y="47115" Z="0"/>
					<Vertex X="18785" Y="47267" Z="0"/>
					<Vertex X="18709" Y="47344" Z="0"/>
					<Vertex X="18556" Y="47496" Z="0"/>
					<Vertex X="18403" Y="47802" Z="0"/>
					<Vertex X="18251" Y="48031" Z="0"/>
					<Vertex X="18174" Y="48260" Z="0"/>
					<Vertex X="18022" Y="48489" Z="0"/>
					<Vertex X="17945" Y="48566" Z="0"/>
					<Vertex X="17869" Y="48718" Z="0"/>
					<Vertex X="17793" Y="48871" Z="0"/>
					<Vertex X="17716" Y="49024" Z="0"/>
					<Vertex X="17640" Y="49253" Z="0"/>
					<Vertex X="17411" Y="49787" Z="0"/>
					<Vertex X="17258" Y="50016" Z="0"/>
					<Vertex X="17258" Y="50245" Z="0"/>
					<Vertex X="17105" Y="50398" Z="0"/>
					<Vertex X="17105" Y="50627" Z="0"/>
					<Vertex X="17029" Y="50704" Z="0"/>
					<Vertex X="16953" Y="50780" Z="0"/>
					<Vertex X="16953" Y="50856" Z="0"/>
					<Vertex X="16953" Y="51009" Z="0"/>
					<Vertex X="16953" Y="51162" Z="0"/>
					<Vertex X="16876" Y="51315" Z="0"/>
					<Vertex X="16723" Y="51620" Z="0"/>
					<Vertex X="16723" Y="51773" Z="0"/>
					<Vertex X="16647" Y="52002" Z="0"/>
					<Vertex X="16647" Y="52155" Z="0"/>
					<Vertex X="16571" Y="52231" Z="0"/>
					<Vertex X="16571" Y="52536" Z="0"/>
					<Vertex X="16571" Y="52689" Z="0"/>
					<Vertex X="16494" Y="52765" Z="0"/>
					<Vertex X="16494" Y="52842" Z="0"/>
					<Vertex X="16418" Y="52994" Z="0"/>
					<Vertex X="16342" Y="53224" Z="0"/>
					<Vertex X="16342" Y="53376" Z="0"/>
					<Vertex X="16265" Y="53529" Z="0"/>
					<Vertex X="16189" Y="53758" Z="0"/>
					<Vertex X="16113" Y="53987" Z="0"/>
					<Vertex X="16036" Y="54064" Z="0"/>
					<Vertex X="16036" Y="54140" Z="0"/>
					<Vertex X="15884" Y="54293" Z="0"/>
					<Vertex X="15884" Y="54445" Z="0"/>
					<Vertex X="15807" Y="54522" Z="0"/>
					<Vertex X="15731" Y="54598" Z="0"/>
					<Vertex X="15731" Y="54751" Z="0"/>
					<Vertex X="15578" Y="55133" Z="0"/>
					<Vertex X="15502" Y="55285" Z="0"/>
					<Vertex X="15502" Y="55514" Z="0"/>
					<Vertex X="15425" Y="55973" Z="0"/>
					<Vertex X="15349" Y="56202" Z="0"/>
					<Vertex X="15273" Y="56583" Z="0"/>
					<Vertex X="15196" Y="56813" Z="0"/>
					<Vertex X="15196" Y="57042" Z="0"/>
					<Vertex X="15196" Y="57500" Z="0"/>
					<Vertex X="15044" Y="57882" Z="0"/>
					<Vertex X="14967" Y="58340" Z="0"/>
					<Vertex X="14891" Y="58569" Z="0"/>
					<Vertex X="14891" Y="58798" Z="0"/>
					<Vertex X="14814" Y="59409" Z="0"/>
					<Vertex X="14814" Y="59638" Z="0"/>
					<Vertex X="14738" Y="59867" Z="0"/>
					<Vertex X="14662" Y="60020" Z="0"/>
					<Vertex X="14585" Y="60401" Z="0"/>
					<Vertex X="14585" Y="60707" Z="0"/>
					<Vertex X="14509" Y="60783" Z="0"/>
					<Vertex X="14509" Y="61012" Z="0"/>
					<Vertex X="14509" Y="61165" Z="0"/>
					<Vertex X="14433" Y="61318" Z="0"/>
					<Vertex X="14433" Y="61623" Z="0"/>
					<Vertex X="14356" Y="61776" Z="0"/>
					<Vertex X="14356" Y="62005" Z="0"/>
					<Vertex X="14356" Y="62081" Z="0"/>
					<Vertex X="14356" Y="62158" Z="0"/>
					<Vertex X="14356" Y="62463" Z="0"/>
					<Vertex X="14356" Y="62540" Z="0"/>
					<Vertex X="14433" Y="62769" Z="0"/>
					<Vertex X="14433" Y="62845" Z="0"/>
					<Vertex X="14433" Y="62921" Z="0"/>
					<Vertex X="14509" Y="62998" Z="0"/>
					<Vertex X="14585" Y="63150" Z="0"/>
					<Vertex X="14662" Y="63303" Z="0"/>
					<Vertex X="14738" Y="63380" Z="0"/>
					<Vertex X="15044" Y="63761" Z="0"/>
					<Vertex X="15196" Y="63838" Z="0"/>
					<Vertex X="15273" Y="63990" Z="0"/>
					<Vertex X="15502" Y="64220" Z="0"/>
					<Vertex X="15578" Y="64220" Z="0"/>
					<Vertex X="15731" Y="64220" Z="0"/>
					<Vertex X="15731" Y="64296" Z="0"/>
					<Vertex X="15807" Y="64296" Z="0"/>
					<Vertex X="16113" Y="64296" Z="0"/>
					<Vertex X="16189" Y="64372" Z="0"/>
					<Vertex X="16342" Y="64372" Z="0"/>
					<Vertex X="16494" Y="64449" Z="0"/>
					<Vertex X="16571" Y="64449" Z="0"/>
					<Vertex X="16800" Y="64449" Z="0"/>
					<Vertex X="17029" Y="64449" Z="0"/>
					<Vertex X="17334" Y="64449" Z="0"/>
					<Vertex X="18251" Y="64449" Z="0"/>
					<Vertex X="18633" Y="64449" Z="0"/>
					<Vertex X="19243" Y="64449" Z="0"/>
					<Vertex X="19549" Y="64449" Z="0"/>
					<Vertex X="20236" Y="64449" Z="0"/>
					<Vertex X="20389" Y="64449" Z="0"/>
					<Vertex X="20542" Y="64449" Z="0"/>
					<Vertex X="20847" Y="64372" Z="0"/>
					<Vertex X="21076" Y="64220" Z="0"/>
					<Vertex X="21229" Y="64143" Z="0"/>
					<Vertex X="21458" Y="63990" Z="0"/>
					<Vertex X="21763" Y="63838" Z="0"/>
					<Vertex X="22145" Y="63609" Z="0"/>
					<Vertex X="22298" Y="63532" Z="0"/>
					<Vertex X="22451" Y="63456" Z="0"/>
					<Vertex X="22603" Y="63303" Z="0"/>
					<Vertex X="22680" Y="63227" Z="0"/>
					<Vertex X="22832" Y="63150" Z="0"/>
					<Vertex X="22832" Y="63074" Z="0"/>
					<Vertex X="22909" Y="63074" Z="0"/>
					<Vertex X="22909" Y="62998" Z="0"/>
					<Vertex X="23138" Y="62769" Z="0"/>
					<Vertex X="23214" Y="62616" Z="0"/>
					<Vertex X="23291" Y="62540" Z="0"/>
					<Vertex X="23443" Y="62311" Z="0"/>
					<Vertex X="23520" Y="62234" Z="0"/>
					<Vertex X="23596" Y="62081" Z="0"/>
					<Vertex X="23672" Y="62005" Z="0"/>
					<Vertex X="23672" Y="61929" Z="0"/>
					<Vertex X="23672" Y="61852" Z="0"/>
					<Vertex X="23749" Y="61852" Z="0"/>
					<Vertex X="23825" Y="61700" Z="0"/>
					<Vertex X="23901" Y="61547" Z="0"/>
					<Vertex X="23978" Y="61394" Z="0"/>
					<Vertex X="23978" Y="61318" Z="0"/>
					<Vertex X="24131" Y="61165" Z="0"/>
					<Vertex X="24283" Y="61012" Z="0"/>
					<Vertex X="24360" Y="60936" Z="0"/>
					<Vertex X="24436" Y="60783" Z="0"/>
					<Vertex X="24894" Y="60554" Z="0"/>
					<Vertex X="25123" Y="60401" Z="0"/>
					<Vertex X="25352" Y="60172" Z="0"/>
					<Vertex X="25734" Y="59943" Z="0"/>
					<Vertex X="26040" Y="59791" Z="0"/>
					<Vertex X="26269" Y="59714" Z="0"/>
					<Vertex X="26345" Y="59714" Z="0"/>
					<Vertex X="26574" Y="59562" Z="0"/>
					<Vertex X="26650" Y="59562" Z="0"/>
					<Vertex X="26803" Y="59485" Z="0"/>
					<Vertex X="26956" Y="59409" Z="0"/>
					<Vertex X="27490" Y="59180" Z="0"/>
					<Vertex X="27796" Y="59027" Z="0"/>
					<Vertex X="28025" Y="58951" Z="0"/>
					<Vertex X="28330" Y="58951" Z="0"/>
					<Vertex X="28483" Y="58874" Z="0"/>
					<Vertex X="28559" Y="58798" Z="0"/>
					<Vertex X="28865" Y="58645" Z="0"/>
					<Vertex X="28941" Y="58569" Z="0"/>
					<Vertex X="29018" Y="58569" Z="0"/>
					<Vertex X="29018" Y="58492" Z="0"/>
					<Vertex X="29094" Y="58492" Z="0"/>
					<Vertex X="29170" Y="58340" Z="0"/>
					<Vertex X="29247" Y="58187" Z="0"/>
					<Vertex X="29323" Y="58111" Z="0"/>
					<Vertex X="29323" Y="58034" Z="0"/>
					<Vertex X="29323" Y="57958" Z="0"/>
					<Vertex X="29399" Y="57882" Z="0"/>
					<Vertex X="29476" Y="57729" Z="0"/>
					<Vertex X="29476" Y="57653" Z="0"/>
					<Vertex X="29552" Y="57500" Z="0"/>
					<Vertex X="29628" Y="57500" Z="0"/>
					<Vertex X="29628" Y="57423" Z="0"/>
					<Vertex X="29628" Y="57347" Z="0"/>
					<Vertex X="29705" Y="57347" Z="0"/>
					<Vertex X="29705" Y="57271" Z="0"/>
					<Vertex X="29705" Y="57194" Z="0"/>
					<Vertex X="29781" Y="57194" Z="0"/>
					<Vertex X="29858" Y="57118" Z="0"/>
					<Vertex X="29934" Y="57042" Z="0"/>
					<Vertex X="30087" Y="56889" Z="0"/>
					<Vertex X="30087" Y="56813" Z="0"/>
					<Vertex X="30239" Y="56736" Z="0"/>
					<Vertex X="30316" Y="56660" Z="0"/>
					<Vertex X="30392" Y="56583" Z="0"/>
					<Vertex X="30468" Y="56431" Z="0"/>
					<Vertex X="30621" Y="56431" Z="0"/>
					<Vertex X="30698" Y="56278" Z="0"/>
					<Vertex X="30850" Y="56202" Z="0"/>
					<Vertex X="31003" Y="56202" Z="0"/>
					<Vertex X="31079" Y="56125" Z="0"/>
					<Vertex X="31232" Y="56049" Z="0"/>
					<Vertex X="31614" Y="55896" Z="0"/>
					<Vertex X="31767" Y="55820" Z="0"/>
					<Vertex X="31843" Y="55743" Z="0"/>
					<Vertex X="31996" Y="55667" Z="0"/>
					<Vertex X="32072" Y="55667" Z="0"/>
					<Vertex X="32148" Y="55591" Z="0"/>
					<Vertex X="32225" Y="55514" Z="0"/>
					<Vertex X="32836" Y="55362" Z="0"/>
					<Vertex X="33065" Y="55209" Z="0"/>
					<Vertex X="33294" Y="55209" Z="0"/>
					<Vertex X="33676" Y="55056" Z="0"/>
					<Vertex X="33981" Y="54980" Z="0"/>
					<Vertex X="34592" Y="54751" Z="0"/>
					<Vertex X="34668" Y="54751" Z="0"/>
					<Vertex X="34745" Y="54674" Z="0"/>
					<Vertex X="34821" Y="54598" Z="0"/>
					<Vertex X="34897" Y="54598" Z="0"/>
					<Vertex X="35050" Y="54522" Z="0"/>
					<Vertex X="35203" Y="54369" Z="0"/>
					<Vertex X="35432" Y="54293" Z="0"/>
					<Vertex X="35890" Y="53987" Z="0"/>
					<Vertex X="36196" Y="53834" Z="0"/>
					<Vertex X="36425" Y="53605" Z="0"/>
					<Vertex X="36806" Y="53453" Z="0"/>
					<Vertex X="36883" Y="53376" Z="0"/>
					<Vertex X="37036" Y="53224" Z="0"/>
					<Vertex X="37188" Y="53147" Z="0"/>
					<Vertex X="37265" Y="53071" Z="0"/>
					<Vertex X="37341" Y="52918" Z="0"/>
					<Vertex X="37494" Y="52842" Z="0"/>
					<Vertex X="37570" Y="52613" Z="0"/>
					<Vertex X="37799" Y="52384" Z="0"/>
					<Vertex X="37952" Y="52231" Z="0"/>
					<Vertex X="38028" Y="52002" Z="0"/>
					<Vertex X="38181" Y="51925" Z="0"/>
					<Vertex X="38257" Y="51773" Z="0"/>
					<Vertex X="38410" Y="51620" Z="0"/>
					<Vertex X="38410" Y="51544" Z="0"/>
					<Vertex X="38639" Y="51085" Z="0"/>
					<Vertex X="38715" Y="51009" Z="0"/>
					<Vertex X="38792" Y="50933" Z="0"/>
					<Vertex X="38792" Y="50780" Z="0"/>
					<Vertex X="38868" Y="50704" Z="0"/>
					<Vertex X="38868" Y="50627" Z="0"/>
					<Vertex X="38945" Y="50551" Z="0"/>
					<Vertex X="38945" Y="50475" Z="0"/>
					<Vertex X="38945" Y="50322" Z="0"/>
					<Vertex X="38945" Y="50169" Z="0"/>
					<Vertex X="39021" Y="50093" Z="0"/>
					<Vertex X="39021" Y="49940" Z="0"/>
					<Vertex X="39097" Y="49711" Z="0"/>
					<Vertex X="39097" Y="49558" Z="0"/>
					<Vertex X="39174" Y="49406" Z="0"/>
					<Vertex X="39174" Y="49176" Z="0"/>
					<Vertex X="39250" Y="49100" Z="0"/>
					<Vertex X="39250" Y="49024" Z="0"/>
					<Vertex X="39250" Y="48947" Z="0"/>
					<Vertex X="39250" Y="48718" Z="0"/>
					<Vertex X="39250" Y="48642" Z="0"/>
					<Vertex X="39250" Y="48489" Z="0"/>
					<Vertex X="39250" Y="48336" Z="0"/>
					<Vertex X="39250" Y="48260" Z="0"/>
					<Vertex X="39250" Y="48184" Z="0"/>
					<Vertex X="39250" Y="48031" Z="0"/>
					<Vertex X="39250" Y="47878" Z="0"/>
					<Vertex X="39250" Y="47802" Z="0"/>
					<Vertex X="39250" Y="47726" Z="0"/>
					<Vertex X="39250" Y="47420" Z="0"/>
					<Vertex X="39250" Y="47344" Z="0"/>
					<Vertex X="39250" Y="47267" Z="0"/>
					<Vertex X="39174" Y="47115" Z="0"/>
					<Vertex X="39174" Y="46886" Z="0"/>
					<Vertex X="39097" Y="46733" Z="0"/>
					<Vertex X="39097" Y="46580" Z="0"/>
					<Vertex X="39021" Y="46427" Z="0"/>
					<Vertex X="38945" Y="46351" Z="0"/>
					<Vertex X="38945" Y="46198" Z="0"/>
					<Vertex X="38792" Y="45969" Z="0"/>
					<Vertex X="38792" Y="45893" Z="0"/>
					<Vertex X="38792" Y="45664" Z="0"/>
					<Vertex X="38639" Y="45435" Z="0"/>
					<Vertex X="38563" Y="45282" Z="0"/>
					<Vertex X="38563" Y="45129" Z="0"/>
					<Vertex X="38486" Y="44671" Z="0"/>
					<Vertex X="38410" Y="44366" Z="0"/>
					<Vertex X="38410" Y="44137" Z="0"/>
					<Vertex X="38410" Y="44060" Z="0"/>
					<Vertex X="38334" Y="43984" Z="0"/>
					<Vertex X="38334" Y="43831" Z="0"/>
					<Vertex X="38334" Y="43755" Z="0"/>
					<Vertex X="38334" Y="43602" Z="0"/>
					<Vertex X="38257" Y="43602" Z="0"/>
					<Vertex X="38257" Y="43526" Z="0"/>
					<Vertex X="38181" Y="43373" Z="0"/>
					<Vertex X="38105" Y="43297" Z="0"/>
					<Vertex X="38105" Y="43220" Z="0"/>
					<Vertex X="38028" Y="43220" Z="0"/>
					<Vertex X="37417" Y="43144" Z="0"/>
					<Vertex X="35432" Y="43144" Z="0"/>
					<Vertex X="33447" Y="43144" Z="0"/>
					<Vertex X="32988" Y="43144" Z="0"/>
					<Vertex X="32683" Y="43144" Z="0"/>
					<Vertex X="32530" Y="43144" Z="0"/>
					<Vertex X="31690" Y="43678" Z="0"/>
				</Vertices>
			</Region>
		</Regions>
		<Plots/>
	</Annotation>
</Annotations>
