<Annotations MicronsPerPixel="0.252700">
	<Annotation Id="1" Name="" ReadOnly="0" NameReadOnly="0" LineColorReadOnly="0" Incremental="0" Type="4" LineColor="255" Visible="1" Selected="1" MarkupImagePath="" MacroName="">
		<Attributes/>
		<Regions>
			<RegionAttributeHeaders/>
			<Region Id="1" Type="0" Zoom="0.013366" Selected="0" ImageLocation="" ImageFocus="-1" Length="117999.6" Area="630485989.0" LengthMicrons="29818.5" AreaMicrons="40261127.0" Text="" NegativeROA="0" InputRegionId="0" Analyze="1" DisplayId="1">
				<Attributes/>
				<Vertices>
					<Vertex X="40487" Y="7253" Z="0"/>
					<Vertex X="39599" Y="7031" Z="0"/>
					<Vertex X="38711" Y="6957" Z="0"/>
					<Vertex X="37748" Y="6883" Z="0"/>
					<Vertex X="36860" Y="6587" Z="0"/>
					<Vertex X="35972" Y="6439" Z="0"/>
					<Vertex X="35232" Y="6365" Z="0"/>
					<Vertex X="34936" Y="6291" Z="0"/>
					<Vertex X="34788" Y="6217" Z="0"/>
					<Vertex X="34714" Y="6217" Z="0"/>
					<Vertex X="33603" Y="6513" Z="0"/>
					<Vertex X="32049" Y="6883" Z="0"/>
					<Vertex X="31457" Y="7031" Z="0"/>
					<Vertex X="30939" Y="7105" Z="0"/>
					<Vertex X="30643" Y="7105" Z="0"/>
					<Vertex X="30273" Y="7179" Z="0"/>
					<Vertex X="30199" Y="7179" Z="0"/>
					<Vertex X="30125" Y="7253" Z="0"/>
					<Vertex X="30051" Y="7327" Z="0"/>
					<Vertex X="29680" Y="7549" Z="0"/>
					<Vertex X="29384" Y="7697" Z="0"/>
					<Vertex X="29162" Y="7771" Z="0"/>
					<Vertex X="28940" Y="7920" Z="0"/>
					<Vertex X="28866" Y="7994" Z="0"/>
					<Vertex X="28718" Y="8068" Z="0"/>
					<Vertex X="28570" Y="8142" Z="0"/>
					<Vertex X="28422" Y="8290" Z="0"/>
					<Vertex X="28348" Y="8290" Z="0"/>
					<Vertex X="28274" Y="8438" Z="0"/>
					<Vertex X="28200" Y="8438" Z="0"/>
					<Vertex X="28126" Y="8512" Z="0"/>
					<Vertex X="28052" Y="8586" Z="0"/>
					<Vertex X="27978" Y="8734" Z="0"/>
					<Vertex X="27904" Y="8808" Z="0"/>
					<Vertex X="27756" Y="9030" Z="0"/>
					<Vertex X="27682" Y="9178" Z="0"/>
					<Vertex X="27608" Y="9326" Z="0"/>
					<Vertex X="27534" Y="9474" Z="0"/>
					<Vertex X="27460" Y="9770" Z="0"/>
					<Vertex X="27386" Y="9918" Z="0"/>
					<Vertex X="27386" Y="10066" Z="0"/>
					<Vertex X="27386" Y="10214" Z="0"/>
					<Vertex X="27312" Y="10436" Z="0"/>
					<Vertex X="27238" Y="10806" Z="0"/>
					<Vertex X="27238" Y="11028" Z="0"/>
					<Vertex X="27164" Y="11250" Z="0"/>
					<Vertex X="27164" Y="11472" Z="0"/>
					<Vertex X="27164" Y="11620" Z="0"/>
					<Vertex X="27164" Y="11768" Z="0"/>
					<Vertex X="27164" Y="11916" Z="0"/>
					<Vertex X="27164" Y="12138" Z="0"/>
					<Vertex X="27164" Y="12287" Z="0"/>
					<Vertex X="27164" Y="12361" Z="0"/>
					<Vertex X="27164" Y="12509" Z="0"/>
					<Vertex X="27164" Y="12731" Z="0"/>
					<Vertex X="27164" Y="12879" Z="0"/>
					<Vertex X="27238" Y="12953" Z="0"/>
					<Vertex X="27238" Y="13249" Z="0"/>
					<Vertex X="27312" Y="13471" Z="0"/>
					<Vertex X="27386" Y="13841" Z="0"/>
					<Vertex X="27460" Y="14063" Z="0"/>
					<Vertex X="27460" Y="14137" Z="0"/>
					<Vertex X="27534" Y="14285" Z="0"/>
					<Vertex X="27534" Y="14433" Z="0"/>
					<Vertex X="27534" Y="14655" Z="0"/>
					<Vertex X="27608" Y="14803" Z="0"/>
					<Vertex X="27756" Y="15173" Z="0"/>
					<Vertex X="27756" Y="15395" Z="0"/>
					<Vertex X="27756" Y="15543" Z="0"/>
					<Vertex X="27756" Y="15617" Z="0"/>
					<Vertex X="27756" Y="15839" Z="0"/>
					<Vertex X="27830" Y="16135" Z="0"/>
					<Vertex X="27830" Y="16505" Z="0"/>
					<Vertex X="27830" Y="16802" Z="0"/>
					<Vertex X="27904" Y="17172" Z="0"/>
					<Vertex X="27904" Y="17320" Z="0"/>
					<Vertex X="27904" Y="17468" Z="0"/>
					<Vertex X="27904" Y="17616" Z="0"/>
					<Vertex X="27904" Y="17912" Z="0"/>
					<Vertex X="27904" Y="18208" Z="0"/>
					<Vertex X="27904" Y="18356" Z="0"/>
					<Vertex X="27904" Y="18504" Z="0"/>
					<Vertex X="27904" Y="18578" Z="0"/>
					<Vertex X="27904" Y="18726" Z="0"/>
					<Vertex X="27904" Y="19022" Z="0"/>
					<Vertex X="27904" Y="19244" Z="0"/>
					<Vertex X="27904" Y="19392" Z="0"/>
					<Vertex X="27904" Y="19466" Z="0"/>
					<Vertex X="27904" Y="19540" Z="0"/>
					<Vertex X="27978" Y="19688" Z="0"/>
					<Vertex X="27978" Y="19910" Z="0"/>
					<Vertex X="27978" Y="19984" Z="0"/>
					<Vertex X="28052" Y="20132" Z="0"/>
					<Vertex X="28052" Y="20280" Z="0"/>
					<Vertex X="28052" Y="20354" Z="0"/>
					<Vertex X="28126" Y="20428" Z="0"/>
					<Vertex X="28126" Y="20576" Z="0"/>
					<Vertex X="28126" Y="20724" Z="0"/>
					<Vertex X="28200" Y="20798" Z="0"/>
					<Vertex X="28200" Y="20947" Z="0"/>
					<Vertex X="28200" Y="21021" Z="0"/>
					<Vertex X="28274" Y="21095" Z="0"/>
					<Vertex X="28348" Y="21243" Z="0"/>
					<Vertex X="28348" Y="21317" Z="0"/>
					<Vertex X="28496" Y="21465" Z="0"/>
					<Vertex X="28570" Y="21613" Z="0"/>
					<Vertex X="28644" Y="21687" Z="0"/>
					<Vertex X="28718" Y="21761" Z="0"/>
					<Vertex X="28866" Y="21909" Z="0"/>
					<Vertex X="28866" Y="21983" Z="0"/>
					<Vertex X="28940" Y="22057" Z="0"/>
					<Vertex X="29014" Y="22057" Z="0"/>
					<Vertex X="29088" Y="22131" Z="0"/>
					<Vertex X="29162" Y="22205" Z="0"/>
					<Vertex X="29236" Y="22205" Z="0"/>
					<Vertex X="29310" Y="22205" Z="0"/>
					<Vertex X="29458" Y="22205" Z="0"/>
					<Vertex X="29532" Y="22205" Z="0"/>
					<Vertex X="29606" Y="22279" Z="0"/>
					<Vertex X="29754" Y="22279" Z="0"/>
					<Vertex X="29902" Y="22279" Z="0"/>
					<Vertex X="29976" Y="22279" Z="0"/>
					<Vertex X="30051" Y="22353" Z="0"/>
					<Vertex X="30199" Y="22353" Z="0"/>
					<Vertex X="30347" Y="22353" Z="0"/>
					<Vertex X="30495" Y="22353" Z="0"/>
					<Vertex X="30569" Y="22353" Z="0"/>
					<Vertex X="30643" Y="22427" Z="0"/>
					<Vertex X="30791" Y="22427" Z="0"/>
					<Vertex X="31013" Y="22427" Z="0"/>
					<Vertex X="31235" Y="22427" Z="0"/>
					<Vertex X="31457" Y="22501" Z="0"/>
					<Vertex X="31605" Y="22501" Z="0"/>
					<Vertex X="31679" Y="22501" Z="0"/>
					<Vertex X="31827" Y="22501" Z="0"/>
					<Vertex X="31975" Y="22501" Z="0"/>
					<Vertex X="32049" Y="22575" Z="0"/>
					<Vertex X="32493" Y="22649" Z="0"/>
					<Vertex X="32715" Y="22649" Z="0"/>
					<Vertex X="33011" Y="22723" Z="0"/>
					<Vertex X="33233" Y="22723" Z="0"/>
					<Vertex X="33529" Y="22797" Z="0"/>
					<Vertex X="33751" Y="22871" Z="0"/>
					<Vertex X="33973" Y="22945" Z="0"/>
					<Vertex X="34343" Y="23093" Z="0"/>
					<Vertex X="34566" Y="23093" Z="0"/>
					<Vertex X="34788" Y="23167" Z="0"/>
					<Vertex X="34936" Y="23167" Z="0"/>
					<Vertex X="35084" Y="23241" Z="0"/>
					<Vertex X="35306" Y="23315" Z="0"/>
					<Vertex X="35676" Y="23315" Z="0"/>
					<Vertex X="35824" Y="23315" Z="0"/>
					<Vertex X="36046" Y="23315" Z="0"/>
					<Vertex X="36342" Y="23389" Z="0"/>
					<Vertex X="36564" Y="23389" Z="0"/>
					<Vertex X="36786" Y="23463" Z="0"/>
					<Vertex X="37082" Y="23537" Z="0"/>
					<Vertex X="37452" Y="23685" Z="0"/>
					<Vertex X="37748" Y="23759" Z="0"/>
					<Vertex X="38044" Y="23759" Z="0"/>
					<Vertex X="38933" Y="23907" Z="0"/>
					<Vertex X="39525" Y="23981" Z="0"/>
					<Vertex X="39895" Y="23981" Z="0"/>
					<Vertex X="40339" Y="24055" Z="0"/>
					<Vertex X="40635" Y="24129" Z="0"/>
					<Vertex X="41005" Y="24203" Z="0"/>
					<Vertex X="41301" Y="24203" Z="0"/>
					<Vertex X="41819" Y="24277" Z="0"/>
					<Vertex X="42041" Y="24277" Z="0"/>
					<Vertex X="42189" Y="24277" Z="0"/>
					<Vertex X="42263" Y="24277" Z="0"/>
					<Vertex X="42411" Y="24277" Z="0"/>
					<Vertex X="42559" Y="24277" Z="0"/>
					<Vertex X="42707" Y="24277" Z="0"/>
					<Vertex X="42781" Y="24277" Z="0"/>
					<Vertex X="42855" Y="24277" Z="0"/>
					<Vertex X="42929" Y="24277" Z="0"/>
					<Vertex X="43078" Y="24277" Z="0"/>
					<Vertex X="43152" Y="24277" Z="0"/>
					<Vertex X="43300" Y="24277" Z="0"/>
					<Vertex X="43448" Y="24277" Z="0"/>
					<Vertex X="43670" Y="24277" Z="0"/>
					<Vertex X="43892" Y="24277" Z="0"/>
					<Vertex X="44114" Y="24277" Z="0"/>
					<Vertex X="44262" Y="24277" Z="0"/>
					<Vertex X="44484" Y="24277" Z="0"/>
					<Vertex X="44558" Y="24277" Z="0"/>
					<Vertex X="44706" Y="24277" Z="0"/>
					<Vertex X="44780" Y="24277" Z="0"/>
					<Vertex X="45002" Y="24277" Z="0"/>
					<Vertex X="45076" Y="24277" Z="0"/>
					<Vertex X="45224" Y="24277" Z="0"/>
					<Vertex X="45372" Y="24277" Z="0"/>
					<Vertex X="45520" Y="24277" Z="0"/>
					<Vertex X="45668" Y="24277" Z="0"/>
					<Vertex X="45890" Y="24203" Z="0"/>
					<Vertex X="46038" Y="24203" Z="0"/>
					<Vertex X="46112" Y="24129" Z="0"/>
					<Vertex X="46186" Y="24129" Z="0"/>
					<Vertex X="46334" Y="24129" Z="0"/>
					<Vertex X="46408" Y="24129" Z="0"/>
					<Vertex X="46482" Y="24055" Z="0"/>
					<Vertex X="46556" Y="24055" Z="0"/>
					<Vertex X="46704" Y="24055" Z="0"/>
					<Vertex X="47148" Y="24055" Z="0"/>
					<Vertex X="47370" Y="24055" Z="0"/>
					<Vertex X="47667" Y="23981" Z="0"/>
					<Vertex X="47889" Y="23981" Z="0"/>
					<Vertex X="48037" Y="23907" Z="0"/>
					<Vertex X="48259" Y="23907" Z="0"/>
					<Vertex X="48407" Y="23833" Z="0"/>
					<Vertex X="48629" Y="23833" Z="0"/>
					<Vertex X="48777" Y="23833" Z="0"/>
					<Vertex X="48925" Y="23833" Z="0"/>
					<Vertex X="49221" Y="23833" Z="0"/>
					<Vertex X="49443" Y="23833" Z="0"/>
					<Vertex X="49739" Y="23833" Z="0"/>
					<Vertex X="49961" Y="23833" Z="0"/>
					<Vertex X="50257" Y="23833" Z="0"/>
					<Vertex X="50553" Y="23833" Z="0"/>
					<Vertex X="50775" Y="23833" Z="0"/>
					<Vertex X="51071" Y="23833" Z="0"/>
					<Vertex X="51293" Y="23833" Z="0"/>
					<Vertex X="51515" Y="23833" Z="0"/>
					<Vertex X="51812" Y="23833" Z="0"/>
					<Vertex X="52034" Y="23833" Z="0"/>
					<Vertex X="52256" Y="23759" Z="0"/>
					<Vertex X="52404" Y="23759" Z="0"/>
					<Vertex X="52552" Y="23759" Z="0"/>
					<Vertex X="52774" Y="23759" Z="0"/>
					<Vertex X="52996" Y="23685" Z="0"/>
					<Vertex X="53218" Y="23611" Z="0"/>
					<Vertex X="53440" Y="23537" Z="0"/>
					<Vertex X="53810" Y="23537" Z="0"/>
					<Vertex X="54106" Y="23537" Z="0"/>
					<Vertex X="54550" Y="23463" Z="0"/>
					<Vertex X="54846" Y="23463" Z="0"/>
					<Vertex X="55216" Y="23463" Z="0"/>
					<Vertex X="55660" Y="23463" Z="0"/>
					<Vertex X="56030" Y="23463" Z="0"/>
					<Vertex X="56327" Y="23463" Z="0"/>
					<Vertex X="57141" Y="23463" Z="0"/>
					<Vertex X="57437" Y="23463" Z="0"/>
					<Vertex X="57881" Y="23463" Z="0"/>
					<Vertex X="58177" Y="23463" Z="0"/>
					<Vertex X="58473" Y="23537" Z="0"/>
					<Vertex X="58695" Y="23537" Z="0"/>
					<Vertex X="58991" Y="23537" Z="0"/>
					<Vertex X="59213" Y="23537" Z="0"/>
					<Vertex X="59435" Y="23537" Z="0"/>
					<Vertex X="59731" Y="23537" Z="0"/>
					<Vertex X="60101" Y="23611" Z="0"/>
					<Vertex X="60471" Y="23611" Z="0"/>
					<Vertex X="61064" Y="23611" Z="0"/>
					<Vertex X="61508" Y="23685" Z="0"/>
					<Vertex X="62100" Y="23685" Z="0"/>
					<Vertex X="62470" Y="23685" Z="0"/>
					<Vertex X="63210" Y="23685" Z="0"/>
					<Vertex X="63432" Y="23759" Z="0"/>
					<Vertex X="63654" Y="23759" Z="0"/>
					<Vertex X="63876" Y="23759" Z="0"/>
					<Vertex X="63950" Y="23759" Z="0"/>
					<Vertex X="64172" Y="23759" Z="0"/>
					<Vertex X="64468" Y="23759" Z="0"/>
					<Vertex X="64987" Y="23759" Z="0"/>
					<Vertex X="65283" Y="23833" Z="0"/>
					<Vertex X="65801" Y="23833" Z="0"/>
					<Vertex X="66319" Y="23833" Z="0"/>
					<Vertex X="66689" Y="23833" Z="0"/>
					<Vertex X="67281" Y="23907" Z="0"/>
					<Vertex X="67651" Y="23907" Z="0"/>
					<Vertex X="68095" Y="23907" Z="0"/>
					<Vertex X="68391" Y="23907" Z="0"/>
					<Vertex X="68835" Y="23907" Z="0"/>
					<Vertex X="69205" Y="23907" Z="0"/>
					<Vertex X="69650" Y="23907" Z="0"/>
					<Vertex X="69798" Y="23907" Z="0"/>
					<Vertex X="70020" Y="23907" Z="0"/>
					<Vertex X="70094" Y="23907" Z="0"/>
					<Vertex X="70242" Y="23907" Z="0"/>
					<Vertex X="70390" Y="23907" Z="0"/>
					<Vertex X="70538" Y="23907" Z="0"/>
					<Vertex X="70834" Y="23907" Z="0"/>
					<Vertex X="70982" Y="23907" Z="0"/>
					<Vertex X="71204" Y="23907" Z="0"/>
					<Vertex X="71426" Y="23907" Z="0"/>
					<Vertex X="71648" Y="23907" Z="0"/>
					<Vertex X="71796" Y="23833" Z="0"/>
					<Vertex X="71944" Y="23833" Z="0"/>
					<Vertex X="72166" Y="23759" Z="0"/>
					<Vertex X="72314" Y="23759" Z="0"/>
					<Vertex X="72536" Y="23611" Z="0"/>
					<Vertex X="72758" Y="23537" Z="0"/>
					<Vertex X="72980" Y="23463" Z="0"/>
					<Vertex X="73202" Y="23389" Z="0"/>
					<Vertex X="73350" Y="23315" Z="0"/>
					<Vertex X="73498" Y="23167" Z="0"/>
					<Vertex X="73647" Y="23093" Z="0"/>
					<Vertex X="73721" Y="22945" Z="0"/>
					<Vertex X="73869" Y="22871" Z="0"/>
					<Vertex X="73943" Y="22723" Z="0"/>
					<Vertex X="74017" Y="22649" Z="0"/>
					<Vertex X="74165" Y="22501" Z="0"/>
					<Vertex X="74239" Y="22427" Z="0"/>
					<Vertex X="74313" Y="22353" Z="0"/>
					<Vertex X="74387" Y="22131" Z="0"/>
					<Vertex X="74461" Y="22057" Z="0"/>
					<Vertex X="74609" Y="21909" Z="0"/>
					<Vertex X="74609" Y="21761" Z="0"/>
					<Vertex X="74683" Y="21613" Z="0"/>
					<Vertex X="74757" Y="21539" Z="0"/>
					<Vertex X="74757" Y="21465" Z="0"/>
					<Vertex X="74757" Y="21391" Z="0"/>
					<Vertex X="74831" Y="21317" Z="0"/>
					<Vertex X="74905" Y="21169" Z="0"/>
					<Vertex X="74905" Y="21021" Z="0"/>
					<Vertex X="75053" Y="20650" Z="0"/>
					<Vertex X="75127" Y="20502" Z="0"/>
					<Vertex X="75127" Y="20280" Z="0"/>
					<Vertex X="75201" Y="20132" Z="0"/>
					<Vertex X="75201" Y="20058" Z="0"/>
					<Vertex X="75275" Y="19836" Z="0"/>
					<Vertex X="75349" Y="19614" Z="0"/>
					<Vertex X="75349" Y="19392" Z="0"/>
					<Vertex X="75423" Y="19170" Z="0"/>
					<Vertex X="75423" Y="18948" Z="0"/>
					<Vertex X="75497" Y="18726" Z="0"/>
					<Vertex X="75571" Y="18504" Z="0"/>
					<Vertex X="75571" Y="18208" Z="0"/>
					<Vertex X="75571" Y="17986" Z="0"/>
					<Vertex X="75571" Y="17764" Z="0"/>
					<Vertex X="75571" Y="17616" Z="0"/>
					<Vertex X="75571" Y="17468" Z="0"/>
					<Vertex X="75571" Y="17320" Z="0"/>
					<Vertex X="75571" Y="17098" Z="0"/>
					<Vertex X="75497" Y="16802" Z="0"/>
					<Vertex X="75423" Y="16654" Z="0"/>
					<Vertex X="75349" Y="16505" Z="0"/>
					<Vertex X="75275" Y="16357" Z="0"/>
					<Vertex X="75201" Y="16209" Z="0"/>
					<Vertex X="75053" Y="16061" Z="0"/>
					<Vertex X="74905" Y="15913" Z="0"/>
					<Vertex X="74831" Y="15765" Z="0"/>
					<Vertex X="74683" Y="15691" Z="0"/>
					<Vertex X="74535" Y="15469" Z="0"/>
					<Vertex X="74387" Y="15395" Z="0"/>
					<Vertex X="74165" Y="15247" Z="0"/>
					<Vertex X="73943" Y="14951" Z="0"/>
					<Vertex X="73573" Y="14729" Z="0"/>
					<Vertex X="73202" Y="14433" Z="0"/>
					<Vertex X="72906" Y="14211" Z="0"/>
					<Vertex X="72536" Y="14063" Z="0"/>
					<Vertex X="72314" Y="13841" Z="0"/>
					<Vertex X="71870" Y="13619" Z="0"/>
					<Vertex X="71574" Y="13471" Z="0"/>
					<Vertex X="71278" Y="13397" Z="0"/>
					<Vertex X="71130" Y="13249" Z="0"/>
					<Vertex X="70908" Y="13175" Z="0"/>
					<Vertex X="70686" Y="13027" Z="0"/>
					<Vertex X="70538" Y="12953" Z="0"/>
					<Vertex X="70390" Y="12879" Z="0"/>
					<Vertex X="70168" Y="12805" Z="0"/>
					<Vertex X="69946" Y="12731" Z="0"/>
					<Vertex X="69280" Y="12583" Z="0"/>
					<Vertex X="68909" Y="12583" Z="0"/>
					<Vertex X="67947" Y="12435" Z="0"/>
					<Vertex X="67429" Y="12361" Z="0"/>
					<Vertex X="67133" Y="12287" Z="0"/>
					<Vertex X="66467" Y="12212" Z="0"/>
					<Vertex X="66245" Y="12212" Z="0"/>
					<Vertex X="65431" Y="12212" Z="0"/>
					<Vertex X="65135" Y="12212" Z="0"/>
					<Vertex X="64320" Y="12212" Z="0"/>
					<Vertex X="63876" Y="12212" Z="0"/>
					<Vertex X="62988" Y="12212" Z="0"/>
					<Vertex X="62766" Y="12212" Z="0"/>
					<Vertex X="62618" Y="12212" Z="0"/>
					<Vertex X="62396" Y="12212" Z="0"/>
					<Vertex X="62248" Y="12287" Z="0"/>
					<Vertex X="62100" Y="12287" Z="0"/>
					<Vertex X="61878" Y="12287" Z="0"/>
					<Vertex X="61434" Y="12361" Z="0"/>
					<Vertex X="61212" Y="12435" Z="0"/>
					<Vertex X="61064" Y="12435" Z="0"/>
					<Vertex X="60842" Y="12435" Z="0"/>
					<Vertex X="60546" Y="12509" Z="0"/>
					<Vertex X="60323" Y="12509" Z="0"/>
					<Vertex X="59583" Y="12583" Z="0"/>
					<Vertex X="59287" Y="12583" Z="0"/>
					<Vertex X="58843" Y="12583" Z="0"/>
					<Vertex X="58251" Y="12583" Z="0"/>
					<Vertex X="57659" Y="12583" Z="0"/>
					<Vertex X="57437" Y="12583" Z="0"/>
					<Vertex X="56993" Y="12583" Z="0"/>
					<Vertex X="56845" Y="12583" Z="0"/>
					<Vertex X="56697" Y="12583" Z="0"/>
					<Vertex X="56401" Y="12583" Z="0"/>
					<Vertex X="56327" Y="12583" Z="0"/>
					<Vertex X="56179" Y="12583" Z="0"/>
					<Vertex X="56104" Y="12509" Z="0"/>
					<Vertex X="55956" Y="12509" Z="0"/>
					<Vertex X="55882" Y="12509" Z="0"/>
					<Vertex X="55734" Y="12435" Z="0"/>
					<Vertex X="55512" Y="12361" Z="0"/>
					<Vertex X="55364" Y="12361" Z="0"/>
					<Vertex X="55290" Y="12287" Z="0"/>
					<Vertex X="55142" Y="12212" Z="0"/>
					<Vertex X="54994" Y="12138" Z="0"/>
					<Vertex X="54920" Y="12064" Z="0"/>
					<Vertex X="54846" Y="12064" Z="0"/>
					<Vertex X="54624" Y="11990" Z="0"/>
					<Vertex X="54550" Y="11916" Z="0"/>
					<Vertex X="54254" Y="11842" Z="0"/>
					<Vertex X="54032" Y="11768" Z="0"/>
					<Vertex X="53810" Y="11694" Z="0"/>
					<Vertex X="53588" Y="11620" Z="0"/>
					<Vertex X="53366" Y="11546" Z="0"/>
					<Vertex X="53144" Y="11472" Z="0"/>
					<Vertex X="52922" Y="11398" Z="0"/>
					<Vertex X="52774" Y="11324" Z="0"/>
					<Vertex X="52552" Y="11324" Z="0"/>
					<Vertex X="52256" Y="11176" Z="0"/>
					<Vertex X="52108" Y="11102" Z="0"/>
					<Vertex X="51960" Y="11102" Z="0"/>
					<Vertex X="51812" Y="10954" Z="0"/>
					<Vertex X="51589" Y="10880" Z="0"/>
					<Vertex X="51441" Y="10880" Z="0"/>
					<Vertex X="51219" Y="10732" Z="0"/>
					<Vertex X="50997" Y="10658" Z="0"/>
					<Vertex X="50627" Y="10584" Z="0"/>
					<Vertex X="50553" Y="10584" Z="0"/>
					<Vertex X="50331" Y="10436" Z="0"/>
					<Vertex X="50109" Y="10362" Z="0"/>
					<Vertex X="49961" Y="10288" Z="0"/>
					<Vertex X="49887" Y="10288" Z="0"/>
					<Vertex X="49739" Y="10214" Z="0"/>
					<Vertex X="49591" Y="10140" Z="0"/>
					<Vertex X="49295" Y="9992" Z="0"/>
					<Vertex X="49073" Y="9844" Z="0"/>
					<Vertex X="48851" Y="9844" Z="0"/>
					<Vertex X="48555" Y="9696" Z="0"/>
					<Vertex X="47963" Y="9474" Z="0"/>
					<Vertex X="47741" Y="9400" Z="0"/>
					<Vertex X="47370" Y="9400" Z="0"/>
					<Vertex X="47148" Y="9326" Z="0"/>
					<Vertex X="46852" Y="9178" Z="0"/>
					<Vertex X="46630" Y="9104" Z="0"/>
					<Vertex X="46482" Y="9104" Z="0"/>
					<Vertex X="46186" Y="9030" Z="0"/>
					<Vertex X="45964" Y="8956" Z="0"/>
					<Vertex X="45816" Y="8956" Z="0"/>
					<Vertex X="45594" Y="8882" Z="0"/>
					<Vertex X="45298" Y="8808" Z="0"/>
					<Vertex X="45150" Y="8734" Z="0"/>
					<Vertex X="45002" Y="8734" Z="0"/>
					<Vertex X="44854" Y="8660" Z="0"/>
					<Vertex X="44632" Y="8660" Z="0"/>
					<Vertex X="44410" Y="8586" Z="0"/>
					<Vertex X="44262" Y="8512" Z="0"/>
					<Vertex X="44040" Y="8438" Z="0"/>
					<Vertex X="43818" Y="8364" Z="0"/>
					<Vertex X="43670" Y="8290" Z="0"/>
					<Vertex X="43522" Y="8290" Z="0"/>
					<Vertex X="43374" Y="8216" Z="0"/>
					<Vertex X="43226" Y="8216" Z="0"/>
					<Vertex X="43078" Y="8142" Z="0"/>
					<Vertex X="42929" Y="8068" Z="0"/>
					<Vertex X="42781" Y="7994" Z="0"/>
					<Vertex X="42633" Y="7994" Z="0"/>
					<Vertex X="42633" Y="7920" Z="0"/>
					<Vertex X="42559" Y="7920" Z="0"/>
					<Vertex X="42559" Y="7845" Z="0"/>
					<Vertex X="42485" Y="7845" Z="0"/>
					<Vertex X="42337" Y="7771" Z="0"/>
					<Vertex X="42263" Y="7697" Z="0"/>
					<Vertex X="42115" Y="7697" Z="0"/>
					<Vertex X="42115" Y="7623" Z="0"/>
					<Vertex X="42041" Y="7623" Z="0"/>
					<Vertex X="41967" Y="7623" Z="0"/>
					<Vertex X="41893" Y="7623" Z="0"/>
					<Vertex X="41819" Y="7475" Z="0"/>
					<Vertex X="41671" Y="7475" Z="0"/>
					<Vertex X="41597" Y="7475" Z="0"/>
					<Vertex X="41449" Y="7475" Z="0"/>
					<Vertex X="41375" Y="7401" Z="0"/>
					<Vertex X="41301" Y="7401" Z="0"/>
					<Vertex X="41227" Y="7401" Z="0"/>
					<Vertex X="41153" Y="7401" Z="0"/>
					<Vertex X="41153" Y="7327" Z="0"/>
					<Vertex X="40487" Y="7253" Z="0"/>
				</Vertices>
			</Region>
			<Region Id="2" Type="0" Zoom="0.013366" Selected="0" ImageLocation="" ImageFocus="-1" Length="49687.0" Area="167632283.0" LengthMicrons="12555.9" AreaMicrons="10704543.4" Text="" NegativeROA="0" InputRegionId="0" Analyze="1" DisplayId="2">
				<Attributes/>
				<Vertices>
					<Vertex X="63728" Y="27164" Z="0"/>
					<Vertex X="63580" Y="27164" Z="0"/>
					<Vertex X="62100" Y="27312" Z="0"/>
					<Vertex X="60323" Y="27534" Z="0"/>
					<Vertex X="59139" Y="27682" Z="0"/>
					<Vertex X="58621" Y="27830" Z="0"/>
					<Vertex X="58547" Y="27830" Z="0"/>
					<Vertex X="58399" Y="27978" Z="0"/>
					<Vertex X="58251" Y="28126" Z="0"/>
					<Vertex X="58103" Y="28274" Z="0"/>
					<Vertex X="58029" Y="28348" Z="0"/>
					<Vertex X="58029" Y="28422" Z="0"/>
					<Vertex X="57881" Y="28496" Z="0"/>
					<Vertex X="57881" Y="28570" Z="0"/>
					<Vertex X="57733" Y="28644" Z="0"/>
					<Vertex X="57733" Y="28792" Z="0"/>
					<Vertex X="57659" Y="28866" Z="0"/>
					<Vertex X="57659" Y="28940" Z="0"/>
					<Vertex X="57585" Y="28940" Z="0"/>
					<Vertex X="57511" Y="29088" Z="0"/>
					<Vertex X="57511" Y="29236" Z="0"/>
					<Vertex X="57437" Y="29310" Z="0"/>
					<Vertex X="57437" Y="29458" Z="0"/>
					<Vertex X="57363" Y="29532" Z="0"/>
					<Vertex X="57363" Y="29681" Z="0"/>
					<Vertex X="57363" Y="29755" Z="0"/>
					<Vertex X="57363" Y="29829" Z="0"/>
					<Vertex X="57363" Y="29977" Z="0"/>
					<Vertex X="57363" Y="30125" Z="0"/>
					<Vertex X="57363" Y="30199" Z="0"/>
					<Vertex X="57363" Y="30273" Z="0"/>
					<Vertex X="57363" Y="30421" Z="0"/>
					<Vertex X="57363" Y="30717" Z="0"/>
					<Vertex X="57363" Y="30939" Z="0"/>
					<Vertex X="57363" Y="31161" Z="0"/>
					<Vertex X="57363" Y="31309" Z="0"/>
					<Vertex X="57363" Y="31383" Z="0"/>
					<Vertex X="57363" Y="31531" Z="0"/>
					<Vertex X="57363" Y="31679" Z="0"/>
					<Vertex X="57363" Y="31827" Z="0"/>
					<Vertex X="57363" Y="31901" Z="0"/>
					<Vertex X="57363" Y="31975" Z="0"/>
					<Vertex X="57289" Y="32123" Z="0"/>
					<Vertex X="57289" Y="32197" Z="0"/>
					<Vertex X="57289" Y="32345" Z="0"/>
					<Vertex X="57289" Y="32419" Z="0"/>
					<Vertex X="57289" Y="32567" Z="0"/>
					<Vertex X="57289" Y="32641" Z="0"/>
					<Vertex X="57215" Y="32789" Z="0"/>
					<Vertex X="57215" Y="32937" Z="0"/>
					<Vertex X="57215" Y="33085" Z="0"/>
					<Vertex X="57215" Y="33159" Z="0"/>
					<Vertex X="57215" Y="33307" Z="0"/>
					<Vertex X="57215" Y="33381" Z="0"/>
					<Vertex X="57215" Y="33603" Z="0"/>
					<Vertex X="57141" Y="33677" Z="0"/>
					<Vertex X="57067" Y="33899" Z="0"/>
					<Vertex X="57067" Y="34048" Z="0"/>
					<Vertex X="57067" Y="34122" Z="0"/>
					<Vertex X="56993" Y="34492" Z="0"/>
					<Vertex X="56993" Y="34566" Z="0"/>
					<Vertex X="56993" Y="34788" Z="0"/>
					<Vertex X="56993" Y="34862" Z="0"/>
					<Vertex X="56993" Y="34936" Z="0"/>
					<Vertex X="56993" Y="35084" Z="0"/>
					<Vertex X="56919" Y="35232" Z="0"/>
					<Vertex X="56919" Y="35306" Z="0"/>
					<Vertex X="56845" Y="35380" Z="0"/>
					<Vertex X="56845" Y="35454" Z="0"/>
					<Vertex X="56845" Y="35528" Z="0"/>
					<Vertex X="56845" Y="35602" Z="0"/>
					<Vertex X="56845" Y="35750" Z="0"/>
					<Vertex X="56845" Y="35824" Z="0"/>
					<Vertex X="56845" Y="35898" Z="0"/>
					<Vertex X="56845" Y="35972" Z="0"/>
					<Vertex X="56919" Y="36046" Z="0"/>
					<Vertex X="56919" Y="36120" Z="0"/>
					<Vertex X="56919" Y="36194" Z="0"/>
					<Vertex X="56993" Y="36268" Z="0"/>
					<Vertex X="57067" Y="36342" Z="0"/>
					<Vertex X="57067" Y="36490" Z="0"/>
					<Vertex X="57141" Y="36564" Z="0"/>
					<Vertex X="57215" Y="36712" Z="0"/>
					<Vertex X="57289" Y="36786" Z="0"/>
					<Vertex X="57363" Y="36934" Z="0"/>
					<Vertex X="57437" Y="37008" Z="0"/>
					<Vertex X="57437" Y="37082" Z="0"/>
					<Vertex X="57511" Y="37082" Z="0"/>
					<Vertex X="57511" Y="37156" Z="0"/>
					<Vertex X="57585" Y="37230" Z="0"/>
					<Vertex X="57659" Y="37230" Z="0"/>
					<Vertex X="57733" Y="37304" Z="0"/>
					<Vertex X="57881" Y="37378" Z="0"/>
					<Vertex X="57955" Y="37452" Z="0"/>
					<Vertex X="58103" Y="37526" Z="0"/>
					<Vertex X="58177" Y="37526" Z="0"/>
					<Vertex X="58399" Y="37600" Z="0"/>
					<Vertex X="58473" Y="37600" Z="0"/>
					<Vertex X="58547" Y="37600" Z="0"/>
					<Vertex X="58769" Y="37674" Z="0"/>
					<Vertex X="58917" Y="37748" Z="0"/>
					<Vertex X="59287" Y="37822" Z="0"/>
					<Vertex X="59361" Y="37822" Z="0"/>
					<Vertex X="59509" Y="37822" Z="0"/>
					<Vertex X="59583" Y="37822" Z="0"/>
					<Vertex X="59657" Y="37896" Z="0"/>
					<Vertex X="59731" Y="37896" Z="0"/>
					<Vertex X="59805" Y="37896" Z="0"/>
					<Vertex X="60249" Y="37970" Z="0"/>
					<Vertex X="60471" Y="37970" Z="0"/>
					<Vertex X="60620" Y="38044" Z="0"/>
					<Vertex X="60768" Y="38118" Z="0"/>
					<Vertex X="60990" Y="38192" Z="0"/>
					<Vertex X="61064" Y="38192" Z="0"/>
					<Vertex X="61138" Y="38192" Z="0"/>
					<Vertex X="61212" Y="38192" Z="0"/>
					<Vertex X="61508" Y="38192" Z="0"/>
					<Vertex X="61656" Y="38192" Z="0"/>
					<Vertex X="61804" Y="38192" Z="0"/>
					<Vertex X="61878" Y="38192" Z="0"/>
					<Vertex X="62026" Y="38192" Z="0"/>
					<Vertex X="62174" Y="38192" Z="0"/>
					<Vertex X="62248" Y="38192" Z="0"/>
					<Vertex X="62322" Y="38192" Z="0"/>
					<Vertex X="62396" Y="38192" Z="0"/>
					<Vertex X="62470" Y="38192" Z="0"/>
					<Vertex X="62544" Y="38192" Z="0"/>
					<Vertex X="62618" Y="38192" Z="0"/>
					<Vertex X="62692" Y="38192" Z="0"/>
					<Vertex X="62766" Y="38192" Z="0"/>
					<Vertex X="62840" Y="38192" Z="0"/>
					<Vertex X="62914" Y="38192" Z="0"/>
					<Vertex X="62988" Y="38192" Z="0"/>
					<Vertex X="63136" Y="38192" Z="0"/>
					<Vertex X="63210" Y="38192" Z="0"/>
					<Vertex X="63284" Y="38192" Z="0"/>
					<Vertex X="63432" Y="38192" Z="0"/>
					<Vertex X="63728" Y="38266" Z="0"/>
					<Vertex X="64098" Y="38415" Z="0"/>
					<Vertex X="64394" Y="38489" Z="0"/>
					<Vertex X="64838" Y="38637" Z="0"/>
					<Vertex X="65061" Y="38637" Z="0"/>
					<Vertex X="65283" Y="38637" Z="0"/>
					<Vertex X="65505" Y="38711" Z="0"/>
					<Vertex X="65727" Y="38785" Z="0"/>
					<Vertex X="65801" Y="38859" Z="0"/>
					<Vertex X="66023" Y="38859" Z="0"/>
					<Vertex X="66171" Y="38859" Z="0"/>
					<Vertex X="66319" Y="38859" Z="0"/>
					<Vertex X="66763" Y="38933" Z="0"/>
					<Vertex X="67059" Y="38933" Z="0"/>
					<Vertex X="67503" Y="38933" Z="0"/>
					<Vertex X="67725" Y="38933" Z="0"/>
					<Vertex X="67947" Y="38933" Z="0"/>
					<Vertex X="68169" Y="38933" Z="0"/>
					<Vertex X="68317" Y="38933" Z="0"/>
					<Vertex X="68465" Y="38933" Z="0"/>
					<Vertex X="68613" Y="38859" Z="0"/>
					<Vertex X="68761" Y="38859" Z="0"/>
					<Vertex X="68983" Y="38711" Z="0"/>
					<Vertex X="69205" Y="38637" Z="0"/>
					<Vertex X="69354" Y="38563" Z="0"/>
					<Vertex X="69502" Y="38489" Z="0"/>
					<Vertex X="69650" Y="38415" Z="0"/>
					<Vertex X="69872" Y="38340" Z="0"/>
					<Vertex X="69946" Y="38340" Z="0"/>
					<Vertex X="70020" Y="38192" Z="0"/>
					<Vertex X="70094" Y="38192" Z="0"/>
					<Vertex X="70168" Y="38118" Z="0"/>
					<Vertex X="70242" Y="38044" Z="0"/>
					<Vertex X="70316" Y="37970" Z="0"/>
					<Vertex X="70464" Y="37896" Z="0"/>
					<Vertex X="70538" Y="37748" Z="0"/>
					<Vertex X="70612" Y="37748" Z="0"/>
					<Vertex X="70686" Y="37674" Z="0"/>
					<Vertex X="70760" Y="37600" Z="0"/>
					<Vertex X="70834" Y="37526" Z="0"/>
					<Vertex X="70908" Y="37452" Z="0"/>
					<Vertex X="70908" Y="37378" Z="0"/>
					<Vertex X="70982" Y="37304" Z="0"/>
					<Vertex X="71130" Y="37230" Z="0"/>
					<Vertex X="71130" Y="37156" Z="0"/>
					<Vertex X="71352" Y="36934" Z="0"/>
					<Vertex X="71426" Y="36786" Z="0"/>
					<Vertex X="71648" Y="36564" Z="0"/>
					<Vertex X="71796" Y="36416" Z="0"/>
					<Vertex X="72018" Y="36268" Z="0"/>
					<Vertex X="72092" Y="36120" Z="0"/>
					<Vertex X="72388" Y="35898" Z="0"/>
					<Vertex X="72462" Y="35750" Z="0"/>
					<Vertex X="72610" Y="35528" Z="0"/>
					<Vertex X="72832" Y="35306" Z="0"/>
					<Vertex X="72906" Y="35158" Z="0"/>
					<Vertex X="72980" Y="34936" Z="0"/>
					<Vertex X="73128" Y="34788" Z="0"/>
					<Vertex X="73202" Y="34714" Z="0"/>
					<Vertex X="73276" Y="34566" Z="0"/>
					<Vertex X="73350" Y="34492" Z="0"/>
					<Vertex X="73424" Y="34418" Z="0"/>
					<Vertex X="73498" Y="34270" Z="0"/>
					<Vertex X="73498" Y="34196" Z="0"/>
					<Vertex X="73573" Y="34122" Z="0"/>
					<Vertex X="73647" Y="33899" Z="0"/>
					<Vertex X="73647" Y="33825" Z="0"/>
					<Vertex X="73721" Y="33751" Z="0"/>
					<Vertex X="73795" Y="33529" Z="0"/>
					<Vertex X="73795" Y="33307" Z="0"/>
					<Vertex X="73869" Y="33159" Z="0"/>
					<Vertex X="73943" Y="33085" Z="0"/>
					<Vertex X="74017" Y="32715" Z="0"/>
					<Vertex X="74091" Y="32641" Z="0"/>
					<Vertex X="74091" Y="32493" Z="0"/>
					<Vertex X="74165" Y="32419" Z="0"/>
					<Vertex X="74165" Y="32197" Z="0"/>
					<Vertex X="74239" Y="32049" Z="0"/>
					<Vertex X="74239" Y="31975" Z="0"/>
					<Vertex X="74313" Y="31605" Z="0"/>
					<Vertex X="74313" Y="31531" Z="0"/>
					<Vertex X="74313" Y="31383" Z="0"/>
					<Vertex X="74313" Y="31309" Z="0"/>
					<Vertex X="74313" Y="31235" Z="0"/>
					<Vertex X="74313" Y="31161" Z="0"/>
					<Vertex X="74239" Y="31087" Z="0"/>
					<Vertex X="74091" Y="30939" Z="0"/>
					<Vertex X="73869" Y="30717" Z="0"/>
					<Vertex X="73647" Y="30569" Z="0"/>
					<Vertex X="73573" Y="30421" Z="0"/>
					<Vertex X="73498" Y="30347" Z="0"/>
					<Vertex X="73424" Y="30273" Z="0"/>
					<Vertex X="73276" Y="30199" Z="0"/>
					<Vertex X="73054" Y="30051" Z="0"/>
					<Vertex X="72906" Y="29829" Z="0"/>
					<Vertex X="72758" Y="29755" Z="0"/>
					<Vertex X="72610" Y="29755" Z="0"/>
					<Vertex X="72536" Y="29606" Z="0"/>
					<Vertex X="72388" Y="29532" Z="0"/>
					<Vertex X="72314" Y="29458" Z="0"/>
					<Vertex X="72166" Y="29384" Z="0"/>
					<Vertex X="72018" Y="29310" Z="0"/>
					<Vertex X="72018" Y="29236" Z="0"/>
					<Vertex X="71944" Y="29162" Z="0"/>
					<Vertex X="71796" Y="29088" Z="0"/>
					<Vertex X="71648" Y="28940" Z="0"/>
					<Vertex X="71500" Y="28866" Z="0"/>
					<Vertex X="71352" Y="28792" Z="0"/>
					<Vertex X="70908" Y="28496" Z="0"/>
					<Vertex X="70834" Y="28348" Z="0"/>
					<Vertex X="70538" Y="28200" Z="0"/>
					<Vertex X="70464" Y="28126" Z="0"/>
					<Vertex X="70242" Y="28052" Z="0"/>
					<Vertex X="69872" Y="27904" Z="0"/>
					<Vertex X="69650" Y="27756" Z="0"/>
					<Vertex X="69428" Y="27608" Z="0"/>
					<Vertex X="69354" Y="27608" Z="0"/>
					<Vertex X="69280" Y="27534" Z="0"/>
					<Vertex X="69131" Y="27460" Z="0"/>
					<Vertex X="68909" Y="27386" Z="0"/>
					<Vertex X="68835" Y="27312" Z="0"/>
					<Vertex X="68687" Y="27238" Z="0"/>
					<Vertex X="68539" Y="27238" Z="0"/>
					<Vertex X="68169" Y="27164" Z="0"/>
					<Vertex X="67947" Y="27090" Z="0"/>
					<Vertex X="67799" Y="27016" Z="0"/>
					<Vertex X="67651" Y="27016" Z="0"/>
					<Vertex X="67503" Y="27016" Z="0"/>
					<Vertex X="67355" Y="26942" Z="0"/>
					<Vertex X="67207" Y="26942" Z="0"/>
					<Vertex X="67059" Y="26868" Z="0"/>
					<Vertex X="66985" Y="26868" Z="0"/>
					<Vertex X="66837" Y="26794" Z="0"/>
					<Vertex X="66689" Y="26794" Z="0"/>
					<Vertex X="66615" Y="26794" Z="0"/>
					<Vertex X="66467" Y="26794" Z="0"/>
					<Vertex X="66393" Y="26794" Z="0"/>
					<Vertex X="66245" Y="26794" Z="0"/>
					<Vertex X="66171" Y="26794" Z="0"/>
					<Vertex X="65949" Y="26794" Z="0"/>
					<Vertex X="65801" Y="26794" Z="0"/>
					<Vertex X="65727" Y="26794" Z="0"/>
					<Vertex X="65579" Y="26794" Z="0"/>
					<Vertex X="65505" Y="26794" Z="0"/>
					<Vertex X="65357" Y="26794" Z="0"/>
					<Vertex X="65209" Y="26794" Z="0"/>
					<Vertex X="65135" Y="26794" Z="0"/>
					<Vertex X="65061" Y="26794" Z="0"/>
					<Vertex X="64913" Y="26794" Z="0"/>
					<Vertex X="64838" Y="26794" Z="0"/>
					<Vertex X="64764" Y="26794" Z="0"/>
					<Vertex X="64690" Y="26794" Z="0"/>
					<Vertex X="64616" Y="26794" Z="0"/>
					<Vertex X="64542" Y="26794" Z="0"/>
					<Vertex X="64468" Y="26868" Z="0"/>
					<Vertex X="63728" Y="27164" Z="0"/>
				</Vertices>
			</Region>
			<Region Id="3" Type="0" Zoom="0.013366" Selected="0" ImageLocation="" ImageFocus="-1" Length="69430.3" Area="168358445.0" LengthMicrons="17545.0" AreaMicrons="10750914.1" Text="" NegativeROA="0" InputRegionId="0" Analyze="1" DisplayId="3">
				<Attributes/>
				<Vertices>
					<Vertex X="54624" Y="41893" Z="0"/>
					<Vertex X="53958" Y="41893" Z="0"/>
					<Vertex X="52922" Y="41819" Z="0"/>
					<Vertex X="51367" Y="41597" Z="0"/>
					<Vertex X="50553" Y="41449" Z="0"/>
					<Vertex X="49961" Y="41375" Z="0"/>
					<Vertex X="49739" Y="41375" Z="0"/>
					<Vertex X="49591" Y="41375" Z="0"/>
					<Vertex X="49517" Y="41375" Z="0"/>
					<Vertex X="49443" Y="41375" Z="0"/>
					<Vertex X="49221" Y="41449" Z="0"/>
					<Vertex X="49073" Y="41523" Z="0"/>
					<Vertex X="49073" Y="41597" Z="0"/>
					<Vertex X="48999" Y="41671" Z="0"/>
					<Vertex X="48925" Y="41671" Z="0"/>
					<Vertex X="48851" Y="41671" Z="0"/>
					<Vertex X="48851" Y="41745" Z="0"/>
					<Vertex X="48777" Y="41745" Z="0"/>
					<Vertex X="48777" Y="41819" Z="0"/>
					<Vertex X="48703" Y="41893" Z="0"/>
					<Vertex X="48629" Y="41967" Z="0"/>
					<Vertex X="48555" Y="41967" Z="0"/>
					<Vertex X="48407" Y="41967" Z="0"/>
					<Vertex X="47667" Y="41967" Z="0"/>
					<Vertex X="47074" Y="41967" Z="0"/>
					<Vertex X="46482" Y="41967" Z="0"/>
					<Vertex X="45890" Y="41967" Z="0"/>
					<Vertex X="45298" Y="41967" Z="0"/>
					<Vertex X="44854" Y="41967" Z="0"/>
					<Vertex X="44780" Y="41967" Z="0"/>
					<Vertex X="44706" Y="41967" Z="0"/>
					<Vertex X="44336" Y="41967" Z="0"/>
					<Vertex X="43522" Y="42041" Z="0"/>
					<Vertex X="43300" Y="42041" Z="0"/>
					<Vertex X="43078" Y="42041" Z="0"/>
					<Vertex X="43003" Y="42041" Z="0"/>
					<Vertex X="42855" Y="42041" Z="0"/>
					<Vertex X="42707" Y="42041" Z="0"/>
					<Vertex X="42633" Y="42041" Z="0"/>
					<Vertex X="42559" Y="42041" Z="0"/>
					<Vertex X="42411" Y="42041" Z="0"/>
					<Vertex X="42337" Y="42041" Z="0"/>
					<Vertex X="42041" Y="42041" Z="0"/>
					<Vertex X="41671" Y="42041" Z="0"/>
					<Vertex X="40931" Y="42041" Z="0"/>
					<Vertex X="40635" Y="42041" Z="0"/>
					<Vertex X="40413" Y="42041" Z="0"/>
					<Vertex X="40339" Y="42041" Z="0"/>
					<Vertex X="40265" Y="42041" Z="0"/>
					<Vertex X="40191" Y="42041" Z="0"/>
					<Vertex X="39895" Y="42041" Z="0"/>
					<Vertex X="39821" Y="42115" Z="0"/>
					<Vertex X="39747" Y="42115" Z="0"/>
					<Vertex X="39747" Y="42189" Z="0"/>
					<Vertex X="39673" Y="42189" Z="0"/>
					<Vertex X="39599" Y="42263" Z="0"/>
					<Vertex X="39599" Y="42337" Z="0"/>
					<Vertex X="39599" Y="42411" Z="0"/>
					<Vertex X="39599" Y="42485" Z="0"/>
					<Vertex X="39599" Y="42559" Z="0"/>
					<Vertex X="39599" Y="42708" Z="0"/>
					<Vertex X="39599" Y="42782" Z="0"/>
					<Vertex X="39599" Y="42856" Z="0"/>
					<Vertex X="39599" Y="42930" Z="0"/>
					<Vertex X="39747" Y="43004" Z="0"/>
					<Vertex X="39895" Y="43300" Z="0"/>
					<Vertex X="39969" Y="43374" Z="0"/>
					<Vertex X="40117" Y="43596" Z="0"/>
					<Vertex X="40191" Y="43670" Z="0"/>
					<Vertex X="40339" Y="43818" Z="0"/>
					<Vertex X="40413" Y="43818" Z="0"/>
					<Vertex X="40413" Y="43892" Z="0"/>
					<Vertex X="40561" Y="43966" Z="0"/>
					<Vertex X="40635" Y="44040" Z="0"/>
					<Vertex X="40931" Y="44188" Z="0"/>
					<Vertex X="41079" Y="44262" Z="0"/>
					<Vertex X="41301" Y="44336" Z="0"/>
					<Vertex X="41523" Y="44484" Z="0"/>
					<Vertex X="41819" Y="44632" Z="0"/>
					<Vertex X="42115" Y="44706" Z="0"/>
					<Vertex X="42633" Y="44928" Z="0"/>
					<Vertex X="42855" Y="45002" Z="0"/>
					<Vertex X="43078" Y="45150" Z="0"/>
					<Vertex X="43596" Y="45298" Z="0"/>
					<Vertex X="43744" Y="45298" Z="0"/>
					<Vertex X="44040" Y="45446" Z="0"/>
					<Vertex X="44188" Y="45446" Z="0"/>
					<Vertex X="44262" Y="45520" Z="0"/>
					<Vertex X="44336" Y="45520" Z="0"/>
					<Vertex X="44410" Y="45520" Z="0"/>
					<Vertex X="44484" Y="45520" Z="0"/>
					<Vertex X="44558" Y="45594" Z="0"/>
					<Vertex X="44632" Y="45594" Z="0"/>
					<Vertex X="44928" Y="45668" Z="0"/>
					<Vertex X="45076" Y="45668" Z="0"/>
					<Vertex X="45224" Y="45742" Z="0"/>
					<Vertex X="45298" Y="45816" Z="0"/>
					<Vertex X="45594" Y="45816" Z="0"/>
					<Vertex X="45742" Y="45890" Z="0"/>
					<Vertex X="45816" Y="45964" Z="0"/>
					<Vertex X="45890" Y="45964" Z="0"/>
					<Vertex X="45964" Y="45964" Z="0"/>
					<Vertex X="46112" Y="46038" Z="0"/>
					<Vertex X="46186" Y="46038" Z="0"/>
					<Vertex X="46260" Y="46038" Z="0"/>
					<Vertex X="46408" Y="46112" Z="0"/>
					<Vertex X="46556" Y="46186" Z="0"/>
					<Vertex X="46704" Y="46260" Z="0"/>
					<Vertex X="46926" Y="46334" Z="0"/>
					<Vertex X="47296" Y="46482" Z="0"/>
					<Vertex X="47519" Y="46630" Z="0"/>
					<Vertex X="47815" Y="46778" Z="0"/>
					<Vertex X="47963" Y="46852" Z="0"/>
					<Vertex X="48111" Y="46926" Z="0"/>
					<Vertex X="48185" Y="46926" Z="0"/>
					<Vertex X="48185" Y="47000" Z="0"/>
					<Vertex X="48259" Y="47000" Z="0"/>
					<Vertex X="48333" Y="47000" Z="0"/>
					<Vertex X="48407" Y="47075" Z="0"/>
					<Vertex X="48481" Y="47149" Z="0"/>
					<Vertex X="48555" Y="47149" Z="0"/>
					<Vertex X="48703" Y="47297" Z="0"/>
					<Vertex X="48851" Y="47445" Z="0"/>
					<Vertex X="49073" Y="47445" Z="0"/>
					<Vertex X="49147" Y="47593" Z="0"/>
					<Vertex X="49443" Y="47741" Z="0"/>
					<Vertex X="49665" Y="47815" Z="0"/>
					<Vertex X="49813" Y="47889" Z="0"/>
					<Vertex X="49961" Y="47889" Z="0"/>
					<Vertex X="49961" Y="47963" Z="0"/>
					<Vertex X="50109" Y="47963" Z="0"/>
					<Vertex X="50183" Y="47963" Z="0"/>
					<Vertex X="50405" Y="48037" Z="0"/>
					<Vertex X="50701" Y="48111" Z="0"/>
					<Vertex X="50923" Y="48185" Z="0"/>
					<Vertex X="51219" Y="48259" Z="0"/>
					<Vertex X="51737" Y="48259" Z="0"/>
					<Vertex X="51960" Y="48333" Z="0"/>
					<Vertex X="52182" Y="48407" Z="0"/>
					<Vertex X="52404" Y="48481" Z="0"/>
					<Vertex X="52552" Y="48481" Z="0"/>
					<Vertex X="52700" Y="48481" Z="0"/>
					<Vertex X="52774" Y="48481" Z="0"/>
					<Vertex X="52848" Y="48555" Z="0"/>
					<Vertex X="52922" Y="48555" Z="0"/>
					<Vertex X="53070" Y="48629" Z="0"/>
					<Vertex X="53292" Y="48629" Z="0"/>
					<Vertex X="53514" Y="48629" Z="0"/>
					<Vertex X="53736" Y="48703" Z="0"/>
					<Vertex X="54106" Y="48703" Z="0"/>
					<Vertex X="54328" Y="48777" Z="0"/>
					<Vertex X="54550" Y="48851" Z="0"/>
					<Vertex X="54698" Y="48851" Z="0"/>
					<Vertex X="54846" Y="48851" Z="0"/>
					<Vertex X="54920" Y="48925" Z="0"/>
					<Vertex X="54994" Y="48925" Z="0"/>
					<Vertex X="55068" Y="48999" Z="0"/>
					<Vertex X="55290" Y="48999" Z="0"/>
					<Vertex X="55512" Y="48999" Z="0"/>
					<Vertex X="55882" Y="49073" Z="0"/>
					<Vertex X="56104" Y="49147" Z="0"/>
					<Vertex X="56401" Y="49221" Z="0"/>
					<Vertex X="56845" Y="49295" Z="0"/>
					<Vertex X="57067" Y="49295" Z="0"/>
					<Vertex X="57289" Y="49369" Z="0"/>
					<Vertex X="57437" Y="49369" Z="0"/>
					<Vertex X="57585" Y="49369" Z="0"/>
					<Vertex X="57733" Y="49369" Z="0"/>
					<Vertex X="57881" Y="49443" Z="0"/>
					<Vertex X="57955" Y="49443" Z="0"/>
					<Vertex X="58103" Y="49443" Z="0"/>
					<Vertex X="58177" Y="49443" Z="0"/>
					<Vertex X="58547" Y="49443" Z="0"/>
					<Vertex X="58695" Y="49443" Z="0"/>
					<Vertex X="58843" Y="49443" Z="0"/>
					<Vertex X="58917" Y="49443" Z="0"/>
					<Vertex X="59065" Y="49443" Z="0"/>
					<Vertex X="59139" Y="49443" Z="0"/>
					<Vertex X="59213" Y="49443" Z="0"/>
					<Vertex X="59287" Y="49443" Z="0"/>
					<Vertex X="59509" Y="49443" Z="0"/>
					<Vertex X="59583" Y="49443" Z="0"/>
					<Vertex X="59731" Y="49369" Z="0"/>
					<Vertex X="59805" Y="49369" Z="0"/>
					<Vertex X="59953" Y="49369" Z="0"/>
					<Vertex X="60027" Y="49369" Z="0"/>
					<Vertex X="60101" Y="49369" Z="0"/>
					<Vertex X="60323" Y="49369" Z="0"/>
					<Vertex X="60397" Y="49369" Z="0"/>
					<Vertex X="60546" Y="49369" Z="0"/>
					<Vertex X="60620" Y="49369" Z="0"/>
					<Vertex X="60694" Y="49369" Z="0"/>
					<Vertex X="60842" Y="49369" Z="0"/>
					<Vertex X="60916" Y="49369" Z="0"/>
					<Vertex X="60990" Y="49369" Z="0"/>
					<Vertex X="61138" Y="49369" Z="0"/>
					<Vertex X="61360" Y="49369" Z="0"/>
					<Vertex X="61508" Y="49369" Z="0"/>
					<Vertex X="61730" Y="49369" Z="0"/>
					<Vertex X="61878" Y="49443" Z="0"/>
					<Vertex X="62026" Y="49443" Z="0"/>
					<Vertex X="62174" Y="49443" Z="0"/>
					<Vertex X="62322" Y="49517" Z="0"/>
					<Vertex X="62470" Y="49517" Z="0"/>
					<Vertex X="62544" Y="49517" Z="0"/>
					<Vertex X="62692" Y="49517" Z="0"/>
					<Vertex X="62914" Y="49517" Z="0"/>
					<Vertex X="63062" Y="49517" Z="0"/>
					<Vertex X="63210" Y="49517" Z="0"/>
					<Vertex X="63358" Y="49517" Z="0"/>
					<Vertex X="63728" Y="49517" Z="0"/>
					<Vertex X="63876" Y="49517" Z="0"/>
					<Vertex X="63950" Y="49517" Z="0"/>
					<Vertex X="64024" Y="49517" Z="0"/>
					<Vertex X="64098" Y="49517" Z="0"/>
					<Vertex X="64172" Y="49517" Z="0"/>
					<Vertex X="64394" Y="49517" Z="0"/>
					<Vertex X="64542" Y="49517" Z="0"/>
					<Vertex X="64616" Y="49517" Z="0"/>
					<Vertex X="64690" Y="49517" Z="0"/>
					<Vertex X="64764" Y="49517" Z="0"/>
					<Vertex X="64913" Y="49517" Z="0"/>
					<Vertex X="65135" Y="49517" Z="0"/>
					<Vertex X="65653" Y="49517" Z="0"/>
					<Vertex X="66097" Y="49591" Z="0"/>
					<Vertex X="66467" Y="49591" Z="0"/>
					<Vertex X="66837" Y="49591" Z="0"/>
					<Vertex X="67059" Y="49591" Z="0"/>
					<Vertex X="67133" Y="49591" Z="0"/>
					<Vertex X="67281" Y="49591" Z="0"/>
					<Vertex X="67355" Y="49591" Z="0"/>
					<Vertex X="67429" Y="49591" Z="0"/>
					<Vertex X="67503" Y="49591" Z="0"/>
					<Vertex X="67577" Y="49591" Z="0"/>
					<Vertex X="67725" Y="49591" Z="0"/>
					<Vertex X="67947" Y="49443" Z="0"/>
					<Vertex X="68021" Y="49369" Z="0"/>
					<Vertex X="68243" Y="49221" Z="0"/>
					<Vertex X="68391" Y="49147" Z="0"/>
					<Vertex X="68539" Y="48999" Z="0"/>
					<Vertex X="68687" Y="48851" Z="0"/>
					<Vertex X="68761" Y="48777" Z="0"/>
					<Vertex X="68835" Y="48703" Z="0"/>
					<Vertex X="68909" Y="48629" Z="0"/>
					<Vertex X="68909" Y="48555" Z="0"/>
					<Vertex X="68983" Y="48333" Z="0"/>
					<Vertex X="69057" Y="48259" Z="0"/>
					<Vertex X="69131" Y="48185" Z="0"/>
					<Vertex X="69131" Y="48111" Z="0"/>
					<Vertex X="69205" Y="48037" Z="0"/>
					<Vertex X="69205" Y="47963" Z="0"/>
					<Vertex X="69280" Y="47889" Z="0"/>
					<Vertex X="69354" Y="47741" Z="0"/>
					<Vertex X="69502" Y="47593" Z="0"/>
					<Vertex X="69502" Y="47445" Z="0"/>
					<Vertex X="69650" Y="47371" Z="0"/>
					<Vertex X="69650" Y="47223" Z="0"/>
					<Vertex X="69798" Y="47075" Z="0"/>
					<Vertex X="69872" Y="47000" Z="0"/>
					<Vertex X="69946" Y="46778" Z="0"/>
					<Vertex X="70020" Y="46704" Z="0"/>
					<Vertex X="70094" Y="46408" Z="0"/>
					<Vertex X="70242" Y="46112" Z="0"/>
					<Vertex X="70242" Y="46038" Z="0"/>
					<Vertex X="70316" Y="45890" Z="0"/>
					<Vertex X="70316" Y="45742" Z="0"/>
					<Vertex X="70316" Y="45668" Z="0"/>
					<Vertex X="70316" Y="45594" Z="0"/>
					<Vertex X="70390" Y="45520" Z="0"/>
					<Vertex X="70390" Y="45224" Z="0"/>
					<Vertex X="70390" Y="45150" Z="0"/>
					<Vertex X="70390" Y="45002" Z="0"/>
					<Vertex X="70390" Y="44928" Z="0"/>
					<Vertex X="70390" Y="44780" Z="0"/>
					<Vertex X="70390" Y="44632" Z="0"/>
					<Vertex X="70390" Y="44484" Z="0"/>
					<Vertex X="70390" Y="44410" Z="0"/>
					<Vertex X="70390" Y="44188" Z="0"/>
					<Vertex X="70390" Y="44114" Z="0"/>
					<Vertex X="70316" Y="44114" Z="0"/>
					<Vertex X="70242" Y="43966" Z="0"/>
					<Vertex X="70242" Y="43892" Z="0"/>
					<Vertex X="70094" Y="43892" Z="0"/>
					<Vertex X="70020" Y="43818" Z="0"/>
					<Vertex X="69946" Y="43744" Z="0"/>
					<Vertex X="69798" Y="43744" Z="0"/>
					<Vertex X="69798" Y="43670" Z="0"/>
					<Vertex X="69650" Y="43596" Z="0"/>
					<Vertex X="69428" Y="43522" Z="0"/>
					<Vertex X="69280" Y="43448" Z="0"/>
					<Vertex X="69057" Y="43374" Z="0"/>
					<Vertex X="68539" Y="43300" Z="0"/>
					<Vertex X="68317" Y="43226" Z="0"/>
					<Vertex X="68021" Y="43152" Z="0"/>
					<Vertex X="67799" Y="43078" Z="0"/>
					<Vertex X="67651" Y="43078" Z="0"/>
					<Vertex X="67503" Y="43078" Z="0"/>
					<Vertex X="67429" Y="43078" Z="0"/>
					<Vertex X="67355" Y="43078" Z="0"/>
					<Vertex X="67207" Y="43004" Z="0"/>
					<Vertex X="67133" Y="43004" Z="0"/>
					<Vertex X="66985" Y="43004" Z="0"/>
					<Vertex X="66763" Y="43004" Z="0"/>
					<Vertex X="66467" Y="43004" Z="0"/>
					<Vertex X="66245" Y="43004" Z="0"/>
					<Vertex X="65949" Y="43004" Z="0"/>
					<Vertex X="65653" Y="43004" Z="0"/>
					<Vertex X="65209" Y="43004" Z="0"/>
					<Vertex X="65061" Y="43004" Z="0"/>
					<Vertex X="64764" Y="43004" Z="0"/>
					<Vertex X="64320" Y="43004" Z="0"/>
					<Vertex X="64098" Y="43004" Z="0"/>
					<Vertex X="63876" Y="43004" Z="0"/>
					<Vertex X="63654" Y="43004" Z="0"/>
					<Vertex X="63432" Y="43004" Z="0"/>
					<Vertex X="63136" Y="42930" Z="0"/>
					<Vertex X="62766" Y="42930" Z="0"/>
					<Vertex X="62322" Y="42930" Z="0"/>
					<Vertex X="62100" Y="42930" Z="0"/>
					<Vertex X="61878" Y="42930" Z="0"/>
					<Vertex X="61656" Y="42930" Z="0"/>
					<Vertex X="61434" Y="42930" Z="0"/>
					<Vertex X="61138" Y="42930" Z="0"/>
					<Vertex X="61064" Y="42930" Z="0"/>
					<Vertex X="60916" Y="42930" Z="0"/>
					<Vertex X="60694" Y="42930" Z="0"/>
					<Vertex X="60546" Y="42930" Z="0"/>
					<Vertex X="60323" Y="42930" Z="0"/>
					<Vertex X="60101" Y="42930" Z="0"/>
					<Vertex X="59805" Y="42930" Z="0"/>
					<Vertex X="59731" Y="42930" Z="0"/>
					<Vertex X="59657" Y="42930" Z="0"/>
					<Vertex X="59509" Y="42930" Z="0"/>
					<Vertex X="59435" Y="42930" Z="0"/>
					<Vertex X="59361" Y="42930" Z="0"/>
					<Vertex X="59139" Y="42930" Z="0"/>
					<Vertex X="58843" Y="42856" Z="0"/>
					<Vertex X="58399" Y="42782" Z="0"/>
					<Vertex X="58103" Y="42782" Z="0"/>
					<Vertex X="57659" Y="42633" Z="0"/>
					<Vertex X="57437" Y="42633" Z="0"/>
					<Vertex X="57141" Y="42559" Z="0"/>
					<Vertex X="56993" Y="42559" Z="0"/>
					<Vertex X="56919" Y="42485" Z="0"/>
					<Vertex X="56771" Y="42485" Z="0"/>
					<Vertex X="56697" Y="42485" Z="0"/>
					<Vertex X="56623" Y="42485" Z="0"/>
					<Vertex X="56549" Y="42485" Z="0"/>
					<Vertex X="56401" Y="42411" Z="0"/>
					<Vertex X="56253" Y="42411" Z="0"/>
					<Vertex X="56179" Y="42411" Z="0"/>
					<Vertex X="55882" Y="42337" Z="0"/>
					<Vertex X="55660" Y="42337" Z="0"/>
					<Vertex X="55586" Y="42263" Z="0"/>
					<Vertex X="55364" Y="42189" Z="0"/>
					<Vertex X="55290" Y="42189" Z="0"/>
					<Vertex X="55216" Y="42189" Z="0"/>
					<Vertex X="54624" Y="41893" Z="0"/>
				</Vertices>
			</Region>
			<Region Id="4" Type="0" Zoom="0.013366" Selected="0" ImageLocation="" ImageFocus="-1" Length="42689.3" Area="99125003.0" LengthMicrons="10787.6" AreaMicrons="6329854.1" Text="" NegativeROA="0" InputRegionId="0" Analyze="1" DisplayId="4">
				<Attributes/>
				<Vertices>
					<Vertex X="46260" Y="26868" Z="0"/>
					<Vertex X="45890" Y="26868" Z="0"/>
					<Vertex X="45446" Y="27090" Z="0"/>
					<Vertex X="45224" Y="27164" Z="0"/>
					<Vertex X="45076" Y="27238" Z="0"/>
					<Vertex X="45076" Y="27312" Z="0"/>
					<Vertex X="45002" Y="27312" Z="0"/>
					<Vertex X="44928" Y="27386" Z="0"/>
					<Vertex X="44928" Y="27460" Z="0"/>
					<Vertex X="44854" Y="27534" Z="0"/>
					<Vertex X="44854" Y="27608" Z="0"/>
					<Vertex X="44780" Y="27756" Z="0"/>
					<Vertex X="44780" Y="27830" Z="0"/>
					<Vertex X="44780" Y="27978" Z="0"/>
					<Vertex X="44706" Y="28052" Z="0"/>
					<Vertex X="44706" Y="28200" Z="0"/>
					<Vertex X="44706" Y="28274" Z="0"/>
					<Vertex X="44706" Y="28348" Z="0"/>
					<Vertex X="44632" Y="28422" Z="0"/>
					<Vertex X="44632" Y="28496" Z="0"/>
					<Vertex X="44632" Y="28644" Z="0"/>
					<Vertex X="44632" Y="28718" Z="0"/>
					<Vertex X="44632" Y="28792" Z="0"/>
					<Vertex X="44632" Y="28940" Z="0"/>
					<Vertex X="44632" Y="29014" Z="0"/>
					<Vertex X="44632" Y="29162" Z="0"/>
					<Vertex X="44632" Y="29236" Z="0"/>
					<Vertex X="44558" Y="29310" Z="0"/>
					<Vertex X="44558" Y="29458" Z="0"/>
					<Vertex X="44558" Y="29607" Z="0"/>
					<Vertex X="44484" Y="29681" Z="0"/>
					<Vertex X="44484" Y="29829" Z="0"/>
					<Vertex X="44484" Y="29903" Z="0"/>
					<Vertex X="44484" Y="29977" Z="0"/>
					<Vertex X="44484" Y="30051" Z="0"/>
					<Vertex X="44410" Y="30125" Z="0"/>
					<Vertex X="44410" Y="30273" Z="0"/>
					<Vertex X="44410" Y="30421" Z="0"/>
					<Vertex X="44336" Y="30495" Z="0"/>
					<Vertex X="44336" Y="30791" Z="0"/>
					<Vertex X="44336" Y="30865" Z="0"/>
					<Vertex X="44336" Y="30939" Z="0"/>
					<Vertex X="44336" Y="31161" Z="0"/>
					<Vertex X="44336" Y="31235" Z="0"/>
					<Vertex X="44336" Y="31309" Z="0"/>
					<Vertex X="44262" Y="31457" Z="0"/>
					<Vertex X="44262" Y="31531" Z="0"/>
					<Vertex X="44188" Y="31753" Z="0"/>
					<Vertex X="44188" Y="31901" Z="0"/>
					<Vertex X="44188" Y="32049" Z="0"/>
					<Vertex X="44188" Y="32123" Z="0"/>
					<Vertex X="44188" Y="32197" Z="0"/>
					<Vertex X="44114" Y="32493" Z="0"/>
					<Vertex X="44114" Y="32567" Z="0"/>
					<Vertex X="44040" Y="32863" Z="0"/>
					<Vertex X="44040" Y="32937" Z="0"/>
					<Vertex X="44040" Y="33011" Z="0"/>
					<Vertex X="44040" Y="33159" Z="0"/>
					<Vertex X="43966" Y="33381" Z="0"/>
					<Vertex X="43892" Y="33603" Z="0"/>
					<Vertex X="43892" Y="33677" Z="0"/>
					<Vertex X="43892" Y="33825" Z="0"/>
					<Vertex X="43818" Y="34196" Z="0"/>
					<Vertex X="43818" Y="34270" Z="0"/>
					<Vertex X="43818" Y="34418" Z="0"/>
					<Vertex X="43818" Y="34566" Z="0"/>
					<Vertex X="43818" Y="34714" Z="0"/>
					<Vertex X="43818" Y="34788" Z="0"/>
					<Vertex X="43818" Y="34862" Z="0"/>
					<Vertex X="43818" Y="34936" Z="0"/>
					<Vertex X="43818" Y="35010" Z="0"/>
					<Vertex X="43818" Y="35084" Z="0"/>
					<Vertex X="43818" Y="35232" Z="0"/>
					<Vertex X="43818" Y="35306" Z="0"/>
					<Vertex X="43818" Y="35380" Z="0"/>
					<Vertex X="43818" Y="35454" Z="0"/>
					<Vertex X="43818" Y="35602" Z="0"/>
					<Vertex X="43818" Y="35750" Z="0"/>
					<Vertex X="43818" Y="35824" Z="0"/>
					<Vertex X="43818" Y="35898" Z="0"/>
					<Vertex X="43818" Y="35972" Z="0"/>
					<Vertex X="43818" Y="36046" Z="0"/>
					<Vertex X="43818" Y="36194" Z="0"/>
					<Vertex X="43892" Y="36416" Z="0"/>
					<Vertex X="43966" Y="36490" Z="0"/>
					<Vertex X="44040" Y="36638" Z="0"/>
					<Vertex X="44040" Y="36786" Z="0"/>
					<Vertex X="44040" Y="36860" Z="0"/>
					<Vertex X="44040" Y="36934" Z="0"/>
					<Vertex X="44040" Y="37082" Z="0"/>
					<Vertex X="44040" Y="37230" Z="0"/>
					<Vertex X="44040" Y="37304" Z="0"/>
					<Vertex X="44040" Y="37378" Z="0"/>
					<Vertex X="44114" Y="37526" Z="0"/>
					<Vertex X="44114" Y="37600" Z="0"/>
					<Vertex X="44188" Y="37822" Z="0"/>
					<Vertex X="44262" Y="37970" Z="0"/>
					<Vertex X="44336" Y="38192" Z="0"/>
					<Vertex X="44336" Y="38266" Z="0"/>
					<Vertex X="44484" Y="38489" Z="0"/>
					<Vertex X="44558" Y="38637" Z="0"/>
					<Vertex X="44632" Y="38711" Z="0"/>
					<Vertex X="44706" Y="38859" Z="0"/>
					<Vertex X="44928" Y="39081" Z="0"/>
					<Vertex X="45002" Y="39155" Z="0"/>
					<Vertex X="45076" Y="39155" Z="0"/>
					<Vertex X="45076" Y="39229" Z="0"/>
					<Vertex X="45150" Y="39229" Z="0"/>
					<Vertex X="45224" Y="39303" Z="0"/>
					<Vertex X="45298" Y="39377" Z="0"/>
					<Vertex X="45372" Y="39377" Z="0"/>
					<Vertex X="45446" Y="39377" Z="0"/>
					<Vertex X="45446" Y="39451" Z="0"/>
					<Vertex X="45520" Y="39451" Z="0"/>
					<Vertex X="45594" Y="39451" Z="0"/>
					<Vertex X="45668" Y="39451" Z="0"/>
					<Vertex X="45816" Y="39525" Z="0"/>
					<Vertex X="45890" Y="39525" Z="0"/>
					<Vertex X="46038" Y="39525" Z="0"/>
					<Vertex X="46112" Y="39525" Z="0"/>
					<Vertex X="46260" Y="39525" Z="0"/>
					<Vertex X="46556" Y="39525" Z="0"/>
					<Vertex X="46704" Y="39525" Z="0"/>
					<Vertex X="46778" Y="39525" Z="0"/>
					<Vertex X="46852" Y="39525" Z="0"/>
					<Vertex X="46926" Y="39525" Z="0"/>
					<Vertex X="47074" Y="39451" Z="0"/>
					<Vertex X="47296" Y="39303" Z="0"/>
					<Vertex X="47519" Y="39155" Z="0"/>
					<Vertex X="47667" Y="39155" Z="0"/>
					<Vertex X="47815" Y="39081" Z="0"/>
					<Vertex X="47889" Y="39007" Z="0"/>
					<Vertex X="47889" Y="38933" Z="0"/>
					<Vertex X="48037" Y="38859" Z="0"/>
					<Vertex X="48037" Y="38785" Z="0"/>
					<Vertex X="48111" Y="38711" Z="0"/>
					<Vertex X="48259" Y="38563" Z="0"/>
					<Vertex X="48259" Y="38489" Z="0"/>
					<Vertex X="48333" Y="38415" Z="0"/>
					<Vertex X="48407" Y="38341" Z="0"/>
					<Vertex X="48555" Y="38192" Z="0"/>
					<Vertex X="48555" Y="38044" Z="0"/>
					<Vertex X="48703" Y="37970" Z="0"/>
					<Vertex X="48925" Y="37674" Z="0"/>
					<Vertex X="48925" Y="37526" Z="0"/>
					<Vertex X="48999" Y="37452" Z="0"/>
					<Vertex X="49073" Y="37378" Z="0"/>
					<Vertex X="49147" Y="37156" Z="0"/>
					<Vertex X="49221" Y="37082" Z="0"/>
					<Vertex X="49295" Y="36934" Z="0"/>
					<Vertex X="49369" Y="36860" Z="0"/>
					<Vertex X="49517" Y="36638" Z="0"/>
					<Vertex X="49591" Y="36490" Z="0"/>
					<Vertex X="49739" Y="36416" Z="0"/>
					<Vertex X="49887" Y="36268" Z="0"/>
					<Vertex X="49887" Y="36194" Z="0"/>
					<Vertex X="49961" Y="36194" Z="0"/>
					<Vertex X="49961" Y="36120" Z="0"/>
					<Vertex X="50035" Y="36120" Z="0"/>
					<Vertex X="50035" Y="36046" Z="0"/>
					<Vertex X="50109" Y="35972" Z="0"/>
					<Vertex X="50183" Y="35898" Z="0"/>
					<Vertex X="50257" Y="35750" Z="0"/>
					<Vertex X="50331" Y="35750" Z="0"/>
					<Vertex X="50405" Y="35676" Z="0"/>
					<Vertex X="50405" Y="35602" Z="0"/>
					<Vertex X="50479" Y="35602" Z="0"/>
					<Vertex X="50553" Y="35528" Z="0"/>
					<Vertex X="50553" Y="35454" Z="0"/>
					<Vertex X="50701" Y="35232" Z="0"/>
					<Vertex X="50923" Y="35010" Z="0"/>
					<Vertex X="50997" Y="34862" Z="0"/>
					<Vertex X="51145" Y="34788" Z="0"/>
					<Vertex X="51145" Y="34714" Z="0"/>
					<Vertex X="51219" Y="34640" Z="0"/>
					<Vertex X="51219" Y="34566" Z="0"/>
					<Vertex X="51293" Y="34566" Z="0"/>
					<Vertex X="51293" Y="34492" Z="0"/>
					<Vertex X="51293" Y="34418" Z="0"/>
					<Vertex X="51367" Y="34418" Z="0"/>
					<Vertex X="51515" Y="34270" Z="0"/>
					<Vertex X="51737" Y="34048" Z="0"/>
					<Vertex X="51812" Y="34048" Z="0"/>
					<Vertex X="51812" Y="33974" Z="0"/>
					<Vertex X="51960" Y="33974" Z="0"/>
					<Vertex X="52108" Y="33825" Z="0"/>
					<Vertex X="52256" Y="33751" Z="0"/>
					<Vertex X="52404" Y="33677" Z="0"/>
					<Vertex X="52774" Y="33381" Z="0"/>
					<Vertex X="53144" Y="33307" Z="0"/>
					<Vertex X="53292" Y="33085" Z="0"/>
					<Vertex X="53514" Y="33011" Z="0"/>
					<Vertex X="53662" Y="32789" Z="0"/>
					<Vertex X="53884" Y="32715" Z="0"/>
					<Vertex X="53958" Y="32567" Z="0"/>
					<Vertex X="54106" Y="32493" Z="0"/>
					<Vertex X="54254" Y="32419" Z="0"/>
					<Vertex X="54328" Y="32271" Z="0"/>
					<Vertex X="54550" Y="32049" Z="0"/>
					<Vertex X="54624" Y="32049" Z="0"/>
					<Vertex X="54624" Y="31901" Z="0"/>
					<Vertex X="54698" Y="31901" Z="0"/>
					<Vertex X="54698" Y="31827" Z="0"/>
					<Vertex X="54846" Y="31679" Z="0"/>
					<Vertex X="54920" Y="31605" Z="0"/>
					<Vertex X="54994" Y="31457" Z="0"/>
					<Vertex X="55068" Y="31383" Z="0"/>
					<Vertex X="55142" Y="31235" Z="0"/>
					<Vertex X="55216" Y="31087" Z="0"/>
					<Vertex X="55364" Y="31013" Z="0"/>
					<Vertex X="55438" Y="30717" Z="0"/>
					<Vertex X="55586" Y="30569" Z="0"/>
					<Vertex X="55660" Y="30347" Z="0"/>
					<Vertex X="55808" Y="30199" Z="0"/>
					<Vertex X="55882" Y="29977" Z="0"/>
					<Vertex X="55956" Y="29903" Z="0"/>
					<Vertex X="56030" Y="29755" Z="0"/>
					<Vertex X="56030" Y="29681" Z="0"/>
					<Vertex X="56030" Y="29607" Z="0"/>
					<Vertex X="56030" Y="29532" Z="0"/>
					<Vertex X="56030" Y="29458" Z="0"/>
					<Vertex X="56030" Y="29310" Z="0"/>
					<Vertex X="56030" Y="29162" Z="0"/>
					<Vertex X="56030" Y="29088" Z="0"/>
					<Vertex X="56030" Y="28940" Z="0"/>
					<Vertex X="56030" Y="28718" Z="0"/>
					<Vertex X="56030" Y="28644" Z="0"/>
					<Vertex X="56030" Y="28570" Z="0"/>
					<Vertex X="56030" Y="28496" Z="0"/>
					<Vertex X="56030" Y="28422" Z="0"/>
					<Vertex X="56030" Y="28348" Z="0"/>
					<Vertex X="56030" Y="28274" Z="0"/>
					<Vertex X="56030" Y="28200" Z="0"/>
					<Vertex X="56030" Y="28126" Z="0"/>
					<Vertex X="56030" Y="28052" Z="0"/>
					<Vertex X="56030" Y="27978" Z="0"/>
					<Vertex X="55956" Y="27978" Z="0"/>
					<Vertex X="55956" Y="27904" Z="0"/>
					<Vertex X="55882" Y="27830" Z="0"/>
					<Vertex X="55438" Y="27830" Z="0"/>
					<Vertex X="53884" Y="27830" Z="0"/>
					<Vertex X="53588" Y="27830" Z="0"/>
					<Vertex X="53366" Y="27830" Z="0"/>
					<Vertex X="53292" Y="27830" Z="0"/>
					<Vertex X="53144" Y="27830" Z="0"/>
					<Vertex X="53070" Y="27830" Z="0"/>
					<Vertex X="52922" Y="27830" Z="0"/>
					<Vertex X="52626" Y="27830" Z="0"/>
					<Vertex X="52478" Y="27830" Z="0"/>
					<Vertex X="52330" Y="27830" Z="0"/>
					<Vertex X="51960" Y="27904" Z="0"/>
					<Vertex X="51886" Y="27904" Z="0"/>
					<Vertex X="51812" Y="27904" Z="0"/>
					<Vertex X="51737" Y="27904" Z="0"/>
					<Vertex X="51367" Y="27904" Z="0"/>
					<Vertex X="51145" Y="27904" Z="0"/>
					<Vertex X="50849" Y="27756" Z="0"/>
					<Vertex X="50479" Y="27682" Z="0"/>
					<Vertex X="50257" Y="27682" Z="0"/>
					<Vertex X="50035" Y="27608" Z="0"/>
					<Vertex X="49887" Y="27534" Z="0"/>
					<Vertex X="49739" Y="27534" Z="0"/>
					<Vertex X="49665" Y="27460" Z="0"/>
					<Vertex X="49517" Y="27386" Z="0"/>
					<Vertex X="49443" Y="27386" Z="0"/>
					<Vertex X="49295" Y="27312" Z="0"/>
					<Vertex X="49147" Y="27238" Z="0"/>
					<Vertex X="49073" Y="27238" Z="0"/>
					<Vertex X="48999" Y="27238" Z="0"/>
					<Vertex X="48925" Y="27238" Z="0"/>
					<Vertex X="48851" Y="27164" Z="0"/>
					<Vertex X="48703" Y="27164" Z="0"/>
					<Vertex X="48555" Y="27164" Z="0"/>
					<Vertex X="48259" Y="27016" Z="0"/>
					<Vertex X="48111" Y="27016" Z="0"/>
					<Vertex X="47963" Y="26942" Z="0"/>
					<Vertex X="47815" Y="26942" Z="0"/>
					<Vertex X="47667" Y="26942" Z="0"/>
					<Vertex X="47519" Y="26868" Z="0"/>
					<Vertex X="47445" Y="26868" Z="0"/>
					<Vertex X="47370" Y="26794" Z="0"/>
					<Vertex X="47296" Y="26794" Z="0"/>
					<Vertex X="47074" Y="26794" Z="0"/>
					<Vertex X="47000" Y="26720" Z="0"/>
					<Vertex X="46852" Y="26720" Z="0"/>
					<Vertex X="46778" Y="26646" Z="0"/>
					<Vertex X="46704" Y="26646" Z="0"/>
					<Vertex X="46630" Y="26646" Z="0"/>
					<Vertex X="46556" Y="26646" Z="0"/>
					<Vertex X="46260" Y="26868" Z="0"/>
				</Vertices>
			</Region>
			<Region Id="5" Type="0" Zoom="0.013366" Selected="1" ImageLocation="" ImageFocus="-1" Length="26781.3" Area="34655126.5" LengthMicrons="6767.6" AreaMicrons="2212982.5" Text="" NegativeROA="0" InputRegionId="0" Analyze="1" DisplayId="5">
				<Attributes/>
				<Vertices>
					<Vertex X="36194" Y="35232" Z="0"/>
					<Vertex X="35602" Y="34862" Z="0"/>
					<Vertex X="34492" Y="34270" Z="0"/>
					<Vertex X="33899" Y="33899" Z="0"/>
					<Vertex X="33677" Y="33751" Z="0"/>
					<Vertex X="33603" Y="33677" Z="0"/>
					<Vertex X="33529" Y="33603" Z="0"/>
					<Vertex X="33455" Y="33603" Z="0"/>
					<Vertex X="33381" Y="33529" Z="0"/>
					<Vertex X="33307" Y="33529" Z="0"/>
					<Vertex X="33233" Y="33529" Z="0"/>
					<Vertex X="33159" Y="33529" Z="0"/>
					<Vertex X="33085" Y="33455" Z="0"/>
					<Vertex X="32937" Y="33455" Z="0"/>
					<Vertex X="32715" Y="33307" Z="0"/>
					<Vertex X="32641" Y="33307" Z="0"/>
					<Vertex X="32567" Y="33307" Z="0"/>
					<Vertex X="32419" Y="33233" Z="0"/>
					<Vertex X="32345" Y="33159" Z="0"/>
					<Vertex X="32271" Y="33085" Z="0"/>
					<Vertex X="32123" Y="33085" Z="0"/>
					<Vertex X="32049" Y="33085" Z="0"/>
					<Vertex X="32049" Y="33011" Z="0"/>
					<Vertex X="31975" Y="33011" Z="0"/>
					<Vertex X="31827" Y="33011" Z="0"/>
					<Vertex X="31753" Y="32863" Z="0"/>
					<Vertex X="31679" Y="32863" Z="0"/>
					<Vertex X="31605" Y="32863" Z="0"/>
					<Vertex X="31531" Y="32863" Z="0"/>
					<Vertex X="31457" Y="32863" Z="0"/>
					<Vertex X="31383" Y="32863" Z="0"/>
					<Vertex X="31309" Y="32863" Z="0"/>
					<Vertex X="31235" Y="32863" Z="0"/>
					<Vertex X="31087" Y="32937" Z="0"/>
					<Vertex X="30939" Y="33085" Z="0"/>
					<Vertex X="30865" Y="33159" Z="0"/>
					<Vertex X="30865" Y="33233" Z="0"/>
					<Vertex X="30791" Y="33307" Z="0"/>
					<Vertex X="30717" Y="33455" Z="0"/>
					<Vertex X="30717" Y="33529" Z="0"/>
					<Vertex X="30643" Y="33677" Z="0"/>
					<Vertex X="30643" Y="33751" Z="0"/>
					<Vertex X="30569" Y="33899" Z="0"/>
					<Vertex X="30569" Y="33974" Z="0"/>
					<Vertex X="30569" Y="34048" Z="0"/>
					<Vertex X="30569" Y="34122" Z="0"/>
					<Vertex X="30569" Y="34196" Z="0"/>
					<Vertex X="30569" Y="34270" Z="0"/>
					<Vertex X="30569" Y="34418" Z="0"/>
					<Vertex X="30569" Y="34640" Z="0"/>
					<Vertex X="30569" Y="34788" Z="0"/>
					<Vertex X="30643" Y="34862" Z="0"/>
					<Vertex X="30717" Y="35010" Z="0"/>
					<Vertex X="30791" Y="35306" Z="0"/>
					<Vertex X="30865" Y="35380" Z="0"/>
					<Vertex X="30939" Y="35528" Z="0"/>
					<Vertex X="31013" Y="35676" Z="0"/>
					<Vertex X="31087" Y="35750" Z="0"/>
					<Vertex X="31161" Y="35898" Z="0"/>
					<Vertex X="31309" Y="36046" Z="0"/>
					<Vertex X="31383" Y="36194" Z="0"/>
					<Vertex X="31753" Y="36490" Z="0"/>
					<Vertex X="31901" Y="36638" Z="0"/>
					<Vertex X="32049" Y="36786" Z="0"/>
					<Vertex X="32345" Y="37008" Z="0"/>
					<Vertex X="32493" Y="37082" Z="0"/>
					<Vertex X="32789" Y="37230" Z="0"/>
					<Vertex X="32937" Y="37378" Z="0"/>
					<Vertex X="33159" Y="37526" Z="0"/>
					<Vertex X="33455" Y="37674" Z="0"/>
					<Vertex X="33899" Y="37970" Z="0"/>
					<Vertex X="34121" Y="38044" Z="0"/>
					<Vertex X="34418" Y="38192" Z="0"/>
					<Vertex X="34566" Y="38266" Z="0"/>
					<Vertex X="34640" Y="38341" Z="0"/>
					<Vertex X="34788" Y="38415" Z="0"/>
					<Vertex X="34862" Y="38415" Z="0"/>
					<Vertex X="34936" Y="38489" Z="0"/>
					<Vertex X="35010" Y="38563" Z="0"/>
					<Vertex X="35158" Y="38637" Z="0"/>
					<Vertex X="35306" Y="38711" Z="0"/>
					<Vertex X="35454" Y="38785" Z="0"/>
					<Vertex X="35602" Y="38933" Z="0"/>
					<Vertex X="35750" Y="38933" Z="0"/>
					<Vertex X="35824" Y="39007" Z="0"/>
					<Vertex X="35898" Y="39081" Z="0"/>
					<Vertex X="35972" Y="39155" Z="0"/>
					<Vertex X="36046" Y="39155" Z="0"/>
					<Vertex X="36120" Y="39155" Z="0"/>
					<Vertex X="36268" Y="39229" Z="0"/>
					<Vertex X="36342" Y="39303" Z="0"/>
					<Vertex X="36416" Y="39303" Z="0"/>
					<Vertex X="36638" Y="39303" Z="0"/>
					<Vertex X="36786" Y="39377" Z="0"/>
					<Vertex X="37230" Y="39525" Z="0"/>
					<Vertex X="37452" Y="39525" Z="0"/>
					<Vertex X="37822" Y="39599" Z="0"/>
					<Vertex X="38044" Y="39673" Z="0"/>
					<Vertex X="38192" Y="39673" Z="0"/>
					<Vertex X="38266" Y="39673" Z="0"/>
					<Vertex X="38488" Y="39673" Z="0"/>
					<Vertex X="39155" Y="39673" Z="0"/>
					<Vertex X="39747" Y="39673" Z="0"/>
					<Vertex X="39895" Y="39673" Z="0"/>
					<Vertex X="40043" Y="39599" Z="0"/>
					<Vertex X="40117" Y="39599" Z="0"/>
					<Vertex X="40191" Y="39525" Z="0"/>
					<Vertex X="40265" Y="39525" Z="0"/>
					<Vertex X="40265" Y="39451" Z="0"/>
					<Vertex X="40339" Y="39451" Z="0"/>
					<Vertex X="40339" Y="39377" Z="0"/>
					<Vertex X="40413" Y="39303" Z="0"/>
					<Vertex X="40413" Y="39229" Z="0"/>
					<Vertex X="40487" Y="39155" Z="0"/>
					<Vertex X="40487" Y="39007" Z="0"/>
					<Vertex X="40487" Y="38933" Z="0"/>
					<Vertex X="40487" Y="38859" Z="0"/>
					<Vertex X="40487" Y="38711" Z="0"/>
					<Vertex X="40487" Y="38563" Z="0"/>
					<Vertex X="40487" Y="38489" Z="0"/>
					<Vertex X="40413" Y="38341" Z="0"/>
					<Vertex X="40339" Y="38118" Z="0"/>
					<Vertex X="40265" Y="38044" Z="0"/>
					<Vertex X="40265" Y="37970" Z="0"/>
					<Vertex X="40043" Y="37674" Z="0"/>
					<Vertex X="39969" Y="37600" Z="0"/>
					<Vertex X="39895" Y="37452" Z="0"/>
					<Vertex X="39747" Y="37304" Z="0"/>
					<Vertex X="39673" Y="37230" Z="0"/>
					<Vertex X="39525" Y="37156" Z="0"/>
					<Vertex X="39451" Y="37008" Z="0"/>
					<Vertex X="39229" Y="36786" Z="0"/>
					<Vertex X="39081" Y="36712" Z="0"/>
					<Vertex X="39007" Y="36638" Z="0"/>
					<Vertex X="38859" Y="36490" Z="0"/>
					<Vertex X="38636" Y="36342" Z="0"/>
					<Vertex X="38488" Y="36268" Z="0"/>
					<Vertex X="38192" Y="36046" Z="0"/>
					<Vertex X="38044" Y="35972" Z="0"/>
					<Vertex X="37822" Y="35898" Z="0"/>
					<Vertex X="37674" Y="35824" Z="0"/>
					<Vertex X="37526" Y="35676" Z="0"/>
					<Vertex X="37378" Y="35602" Z="0"/>
					<Vertex X="37008" Y="35454" Z="0"/>
					<Vertex X="36934" Y="35380" Z="0"/>
					<Vertex X="36638" Y="35306" Z="0"/>
					<Vertex X="36490" Y="35158" Z="0"/>
					<Vertex X="36416" Y="35158" Z="0"/>
					<Vertex X="36342" Y="35084" Z="0"/>
					<Vertex X="36268" Y="35084" Z="0"/>
					<Vertex X="36194" Y="35084" Z="0"/>
					<Vertex X="36120" Y="35084" Z="0"/>
					<Vertex X="36194" Y="35232" Z="0"/>
				</Vertices>
			</Region>
		</Regions>
		<Plots/>
	</Annotation>
</Annotations>
