<Annotations MicronsPerPixel="0.248500">
	<Annotation Id="1" Name="" ReadOnly="0" NameReadOnly="0" LineColorReadOnly="0" Incremental="0" Type="4" LineColor="16776960" Visible="1" Selected="1" MarkupImagePath="" MacroName="">
		<Attributes/>
		<Regions>
			<RegionAttributeHeaders/>
			<Region Id="1" Type="0" Zoom="0.010706" Selected="1" ImageLocation="" ImageFocus="-1" Length="157388.7" Area="1272355992.5" LengthMicrons="39111.1" AreaMicrons="78570848.1" Text="" NegativeROA="0" InputRegionId="0" Analyze="1" DisplayId="1">
				<Attributes/>
				<Vertices>
					<Vertex X="24432" Y="8927" Z="0"/>
					<Vertex X="24338" Y="8927" Z="0"/>
					<Vertex X="24150" Y="8833" Z="0"/>
					<Vertex X="23962" Y="8833" Z="0"/>
					<Vertex X="23586" Y="8645" Z="0"/>
					<Vertex X="23305" Y="8551" Z="0"/>
					<Vertex X="23305" Y="8645" Z="0"/>
					<Vertex X="22929" Y="8457" Z="0"/>
					<Vertex X="22835" Y="8551" Z="0"/>
					<Vertex X="22647" Y="8551" Z="0"/>
					<Vertex X="22553" Y="8551" Z="0"/>
					<Vertex X="22459" Y="8551" Z="0"/>
					<Vertex X="22271" Y="8457" Z="0"/>
					<Vertex X="22177" Y="8457" Z="0"/>
					<Vertex X="21989" Y="8457" Z="0"/>
					<Vertex X="21895" Y="8457" Z="0"/>
					<Vertex X="21707" Y="8457" Z="0"/>
					<Vertex X="21425" Y="8269" Z="0"/>
					<Vertex X="21425" Y="8457" Z="0"/>
					<Vertex X="20861" Y="8269" Z="0"/>
					<Vertex X="20861" Y="8457" Z="0"/>
					<Vertex X="20673" Y="8269" Z="0"/>
					<Vertex X="20579" Y="8457" Z="0"/>
					<Vertex X="20392" Y="8457" Z="0"/>
					<Vertex X="20204" Y="8457" Z="0"/>
					<Vertex X="20016" Y="8457" Z="0"/>
					<Vertex X="19922" Y="8457" Z="0"/>
					<Vertex X="19734" Y="8551" Z="0"/>
					<Vertex X="19640" Y="8551" Z="0"/>
					<Vertex X="19546" Y="8551" Z="0"/>
					<Vertex X="19452" Y="8551" Z="0"/>
					<Vertex X="19264" Y="8645" Z="0"/>
					<Vertex X="19170" Y="8645" Z="0"/>
					<Vertex X="19076" Y="8739" Z="0"/>
					<Vertex X="18982" Y="8739" Z="0"/>
					<Vertex X="18700" Y="8551" Z="0"/>
					<Vertex X="18794" Y="8833" Z="0"/>
					<Vertex X="18700" Y="8833" Z="0"/>
					<Vertex X="18418" Y="8739" Z="0"/>
					<Vertex X="18418" Y="8927" Z="0"/>
					<Vertex X="18324" Y="9021" Z="0"/>
					<Vertex X="18136" Y="9021" Z="0"/>
					<Vertex X="18042" Y="9115" Z="0"/>
					<Vertex X="17854" Y="8927" Z="0"/>
					<Vertex X="17948" Y="9115" Z="0"/>
					<Vertex X="17854" Y="9209" Z="0"/>
					<Vertex X="17760" Y="9303" Z="0"/>
					<Vertex X="17572" Y="9115" Z="0"/>
					<Vertex X="17666" Y="9303" Z="0"/>
					<Vertex X="17478" Y="9397" Z="0"/>
					<Vertex X="17385" Y="9491" Z="0"/>
					<Vertex X="17291" Y="9585" Z="0"/>
					<Vertex X="17197" Y="9679" Z="0"/>
					<Vertex X="16915" Y="9585" Z="0"/>
					<Vertex X="17103" Y="9867" Z="0"/>
					<Vertex X="17009" Y="9961" Z="0"/>
					<Vertex X="16915" Y="9961" Z="0"/>
					<Vertex X="16821" Y="10149" Z="0"/>
					<Vertex X="16727" Y="10149" Z="0"/>
					<Vertex X="16633" Y="10337" Z="0"/>
					<Vertex X="16539" Y="10430" Z="0"/>
					<Vertex X="16445" Y="10618" Z="0"/>
					<Vertex X="16445" Y="10712" Z="0"/>
					<Vertex X="16351" Y="10712" Z="0"/>
					<Vertex X="16257" Y="10806" Z="0"/>
					<Vertex X="16257" Y="10900" Z="0"/>
					<Vertex X="16163" Y="10994" Z="0"/>
					<Vertex X="15975" Y="10900" Z="0"/>
					<Vertex X="16069" Y="11088" Z="0"/>
					<Vertex X="15975" Y="11182" Z="0"/>
					<Vertex X="15975" Y="11276" Z="0"/>
					<Vertex X="15881" Y="11370" Z="0"/>
					<Vertex X="15787" Y="11558" Z="0"/>
					<Vertex X="15693" Y="11652" Z="0"/>
					<Vertex X="15693" Y="11746" Z="0"/>
					<Vertex X="15505" Y="11652" Z="0"/>
					<Vertex X="15505" Y="12028" Z="0"/>
					<Vertex X="15505" Y="12122" Z="0"/>
					<Vertex X="15411" Y="12216" Z="0"/>
					<Vertex X="15317" Y="12404" Z="0"/>
					<Vertex X="15035" Y="12310" Z="0"/>
					<Vertex X="15223" Y="12686" Z="0"/>
					<Vertex X="15129" Y="12780" Z="0"/>
					<Vertex X="15035" Y="12874" Z="0"/>
					<Vertex X="14941" Y="13062" Z="0"/>
					<Vertex X="14847" Y="13250" Z="0"/>
					<Vertex X="14753" Y="13344" Z="0"/>
					<Vertex X="14659" Y="13531" Z="0"/>
					<Vertex X="14659" Y="13625" Z="0"/>
					<Vertex X="14565" Y="13813" Z="0"/>
					<Vertex X="14471" Y="14001" Z="0"/>
					<Vertex X="14378" Y="14189" Z="0"/>
					<Vertex X="14284" Y="14377" Z="0"/>
					<Vertex X="14190" Y="14659" Z="0"/>
					<Vertex X="14096" Y="14941" Z="0"/>
					<Vertex X="14096" Y="15223" Z="0"/>
					<Vertex X="14002" Y="15599" Z="0"/>
					<Vertex X="14002" Y="15787" Z="0"/>
					<Vertex X="13908" Y="15975" Z="0"/>
					<Vertex X="13814" Y="16538" Z="0"/>
					<Vertex X="13626" Y="16726" Z="0"/>
					<Vertex X="13814" Y="17290" Z="0"/>
					<Vertex X="13720" Y="17572" Z="0"/>
					<Vertex X="13720" Y="17854" Z="0"/>
					<Vertex X="13720" Y="18136" Z="0"/>
					<Vertex X="13438" Y="18136" Z="0"/>
					<Vertex X="13438" Y="18324" Z="0"/>
					<Vertex X="13626" Y="18794" Z="0"/>
					<Vertex X="13438" Y="18794" Z="0"/>
					<Vertex X="13532" Y="19264" Z="0"/>
					<Vertex X="13532" Y="19451" Z="0"/>
					<Vertex X="13532" Y="19639" Z="0"/>
					<Vertex X="13438" Y="19827" Z="0"/>
					<Vertex X="13438" Y="19921" Z="0"/>
					<Vertex X="13438" Y="20015" Z="0"/>
					<Vertex X="13438" Y="20109" Z="0"/>
					<Vertex X="13250" Y="20109" Z="0"/>
					<Vertex X="13250" Y="20297" Z="0"/>
					<Vertex X="13250" Y="20485" Z="0"/>
					<Vertex X="13438" Y="20767" Z="0"/>
					<Vertex X="13438" Y="21049" Z="0"/>
					<Vertex X="13438" Y="21143" Z="0"/>
					<Vertex X="13250" Y="21143" Z="0"/>
					<Vertex X="13532" Y="21707" Z="0"/>
					<Vertex X="13532" Y="21895" Z="0"/>
					<Vertex X="13344" Y="21895" Z="0"/>
					<Vertex X="13532" Y="22364" Z="0"/>
					<Vertex X="13438" Y="22364" Z="0"/>
					<Vertex X="13438" Y="22458" Z="0"/>
					<Vertex X="13626" Y="22740" Z="0"/>
					<Vertex X="13626" Y="23022" Z="0"/>
					<Vertex X="13720" Y="23304" Z="0"/>
					<Vertex X="13814" Y="23492" Z="0"/>
					<Vertex X="13626" Y="23586" Z="0"/>
					<Vertex X="13908" Y="23868" Z="0"/>
					<Vertex X="13908" Y="24056" Z="0"/>
					<Vertex X="13814" Y="24056" Z="0"/>
					<Vertex X="14002" Y="24432" Z="0"/>
					<Vertex X="14002" Y="24620" Z="0"/>
					<Vertex X="14002" Y="24808" Z="0"/>
					<Vertex X="14096" Y="25090" Z="0"/>
					<Vertex X="13908" Y="25090" Z="0"/>
					<Vertex X="14096" Y="25559" Z="0"/>
					<Vertex X="14096" Y="25653" Z="0"/>
					<Vertex X="14002" Y="25653" Z="0"/>
					<Vertex X="14190" Y="26123" Z="0"/>
					<Vertex X="14190" Y="26311" Z="0"/>
					<Vertex X="14002" Y="26311" Z="0"/>
					<Vertex X="14190" Y="26781" Z="0"/>
					<Vertex X="14002" Y="26781" Z="0"/>
					<Vertex X="14002" Y="26969" Z="0"/>
					<Vertex X="14190" Y="27251" Z="0"/>
					<Vertex X="14190" Y="27345" Z="0"/>
					<Vertex X="14190" Y="27439" Z="0"/>
					<Vertex X="13908" Y="27345" Z="0"/>
					<Vertex X="14096" Y="27721" Z="0"/>
					<Vertex X="14002" Y="27909" Z="0"/>
					<Vertex X="14002" Y="28003" Z="0"/>
					<Vertex X="14002" Y="28097" Z="0"/>
					<Vertex X="14002" Y="28191" Z="0"/>
					<Vertex X="13814" Y="28191" Z="0"/>
					<Vertex X="13908" Y="28472" Z="0"/>
					<Vertex X="13908" Y="28660" Z="0"/>
					<Vertex X="13814" Y="28754" Z="0"/>
					<Vertex X="13626" Y="28660" Z="0"/>
					<Vertex X="13814" Y="29036" Z="0"/>
					<Vertex X="13720" Y="29130" Z="0"/>
					<Vertex X="13532" Y="29036" Z="0"/>
					<Vertex X="13626" Y="29412" Z="0"/>
					<Vertex X="13438" Y="29318" Z="0"/>
					<Vertex X="13532" Y="29694" Z="0"/>
					<Vertex X="13250" Y="29694" Z="0"/>
					<Vertex X="13438" Y="30070" Z="0"/>
					<Vertex X="13344" Y="30164" Z="0"/>
					<Vertex X="13344" Y="30352" Z="0"/>
					<Vertex X="13062" Y="30258" Z="0"/>
					<Vertex X="13250" Y="30446" Z="0"/>
					<Vertex X="13250" Y="30540" Z="0"/>
					<Vertex X="13156" Y="30728" Z="0"/>
					<Vertex X="12874" Y="30822" Z="0"/>
					<Vertex X="12968" Y="31291" Z="0"/>
					<Vertex X="12874" Y="31573" Z="0"/>
					<Vertex X="12686" Y="32043" Z="0"/>
					<Vertex X="12592" Y="32419" Z="0"/>
					<Vertex X="12404" Y="32795" Z="0"/>
					<Vertex X="12216" Y="32795" Z="0"/>
					<Vertex X="12216" Y="33453" Z="0"/>
					<Vertex X="12216" Y="33547" Z="0"/>
					<Vertex X="12028" Y="33735" Z="0"/>
					<Vertex X="11934" Y="34017" Z="0"/>
					<Vertex X="11840" Y="34298" Z="0"/>
					<Vertex X="12028" Y="34768" Z="0"/>
					<Vertex X="11840" Y="34768" Z="0"/>
					<Vertex X="11934" Y="35144" Z="0"/>
					<Vertex X="11934" Y="35426" Z="0"/>
					<Vertex X="11934" Y="35708" Z="0"/>
					<Vertex X="11840" Y="36084" Z="0"/>
					<Vertex X="11840" Y="36272" Z="0"/>
					<Vertex X="11840" Y="36460" Z="0"/>
					<Vertex X="11840" Y="36648" Z="0"/>
					<Vertex X="11840" Y="36836" Z="0"/>
					<Vertex X="11840" Y="37118" Z="0"/>
					<Vertex X="11840" Y="37211" Z="0"/>
					<Vertex X="11840" Y="37587" Z="0"/>
					<Vertex X="11840" Y="37775" Z="0"/>
					<Vertex X="11840" Y="37963" Z="0"/>
					<Vertex X="11840" Y="38057" Z="0"/>
					<Vertex X="11746" Y="38151" Z="0"/>
					<Vertex X="12028" Y="38527" Z="0"/>
					<Vertex X="12028" Y="38809" Z="0"/>
					<Vertex X="12122" Y="38903" Z="0"/>
					<Vertex X="12216" Y="39185" Z="0"/>
					<Vertex X="12122" Y="39279" Z="0"/>
					<Vertex X="12310" Y="39467" Z="0"/>
					<Vertex X="12404" Y="39749" Z="0"/>
					<Vertex X="12498" Y="39937" Z="0"/>
					<Vertex X="12498" Y="40125" Z="0"/>
					<Vertex X="12592" Y="40312" Z="0"/>
					<Vertex X="12686" Y="40500" Z="0"/>
					<Vertex X="12780" Y="40782" Z="0"/>
					<Vertex X="12874" Y="40970" Z="0"/>
					<Vertex X="12686" Y="40970" Z="0"/>
					<Vertex X="12968" Y="41346" Z="0"/>
					<Vertex X="13062" Y="41440" Z="0"/>
					<Vertex X="13062" Y="41722" Z="0"/>
					<Vertex X="13062" Y="41910" Z="0"/>
					<Vertex X="13344" Y="42380" Z="0"/>
					<Vertex X="13438" Y="42568" Z="0"/>
					<Vertex X="13438" Y="42850" Z="0"/>
					<Vertex X="13532" Y="43038" Z="0"/>
					<Vertex X="13532" Y="43225" Z="0"/>
					<Vertex X="13438" Y="43225" Z="0"/>
					<Vertex X="13720" Y="43695" Z="0"/>
					<Vertex X="13814" Y="43883" Z="0"/>
					<Vertex X="13814" Y="44071" Z="0"/>
					<Vertex X="13908" Y="44353" Z="0"/>
					<Vertex X="14002" Y="44541" Z="0"/>
					<Vertex X="14096" Y="44823" Z="0"/>
					<Vertex X="14284" Y="45011" Z="0"/>
					<Vertex X="14284" Y="45105" Z="0"/>
					<Vertex X="14471" Y="45387" Z="0"/>
					<Vertex X="14659" Y="45669" Z="0"/>
					<Vertex X="14565" Y="45669" Z="0"/>
					<Vertex X="14753" Y="45951" Z="0"/>
					<Vertex X="15223" Y="46608" Z="0"/>
					<Vertex X="15223" Y="46796" Z="0"/>
					<Vertex X="15599" Y="47172" Z="0"/>
					<Vertex X="15787" Y="47454" Z="0"/>
					<Vertex X="15881" Y="47548" Z="0"/>
					<Vertex X="15975" Y="47830" Z="0"/>
					<Vertex X="16163" Y="48018" Z="0"/>
					<Vertex X="16351" Y="48206" Z="0"/>
					<Vertex X="16539" Y="48488" Z="0"/>
					<Vertex X="16633" Y="48676" Z="0"/>
					<Vertex X="16821" Y="48864" Z="0"/>
					<Vertex X="16915" Y="48958" Z="0"/>
					<Vertex X="17103" Y="49145" Z="0"/>
					<Vertex X="17385" Y="49239" Z="0"/>
					<Vertex X="17478" Y="49239" Z="0"/>
					<Vertex X="17854" Y="49521" Z="0"/>
					<Vertex X="17948" Y="49615" Z="0"/>
					<Vertex X="18042" Y="49521" Z="0"/>
					<Vertex X="18418" Y="49897" Z="0"/>
					<Vertex X="18512" Y="49897" Z="0"/>
					<Vertex X="18700" Y="49897" Z="0"/>
					<Vertex X="18982" Y="50085" Z="0"/>
					<Vertex X="19170" Y="50179" Z="0"/>
					<Vertex X="19170" Y="50085" Z="0"/>
					<Vertex X="19546" Y="50273" Z="0"/>
					<Vertex X="19640" Y="50367" Z="0"/>
					<Vertex X="19828" Y="50461" Z="0"/>
					<Vertex X="20016" Y="50461" Z="0"/>
					<Vertex X="20016" Y="50367" Z="0"/>
					<Vertex X="20204" Y="50367" Z="0"/>
					<Vertex X="20392" Y="50555" Z="0"/>
					<Vertex X="20485" Y="50649" Z="0"/>
					<Vertex X="20767" Y="50743" Z="0"/>
					<Vertex X="20955" Y="50743" Z="0"/>
					<Vertex X="20955" Y="50649" Z="0"/>
					<Vertex X="21331" Y="50931" Z="0"/>
					<Vertex X="21519" Y="50931" Z="0"/>
					<Vertex X="21707" Y="51025" Z="0"/>
					<Vertex X="21801" Y="50931" Z="0"/>
					<Vertex X="21895" Y="50931" Z="0"/>
					<Vertex X="22271" Y="51119" Z="0"/>
					<Vertex X="22459" Y="51119" Z="0"/>
					<Vertex X="22647" Y="51119" Z="0"/>
					<Vertex X="22835" Y="51213" Z="0"/>
					<Vertex X="22835" Y="51025" Z="0"/>
					<Vertex X="23211" Y="51213" Z="0"/>
					<Vertex X="23305" Y="51213" Z="0"/>
					<Vertex X="23492" Y="51213" Z="0"/>
					<Vertex X="23586" Y="51213" Z="0"/>
					<Vertex X="23680" Y="51119" Z="0"/>
					<Vertex X="23774" Y="51119" Z="0"/>
					<Vertex X="24244" Y="51307" Z="0"/>
					<Vertex X="24432" Y="51401" Z="0"/>
					<Vertex X="24714" Y="51401" Z="0"/>
					<Vertex X="24996" Y="51401" Z="0"/>
					<Vertex X="25278" Y="51401" Z="0"/>
					<Vertex X="25466" Y="51401" Z="0"/>
					<Vertex X="25748" Y="51401" Z="0"/>
					<Vertex X="25842" Y="51401" Z="0"/>
					<Vertex X="26124" Y="51401" Z="0"/>
					<Vertex X="26218" Y="51213" Z="0"/>
					<Vertex X="26687" Y="51307" Z="0"/>
					<Vertex X="26781" Y="51213" Z="0"/>
					<Vertex X="27157" Y="51119" Z="0"/>
					<Vertex X="27157" Y="50931" Z="0"/>
					<Vertex X="27721" Y="51025" Z="0"/>
					<Vertex X="27909" Y="50931" Z="0"/>
					<Vertex X="28097" Y="50931" Z="0"/>
					<Vertex X="28379" Y="50931" Z="0"/>
					<Vertex X="28661" Y="50931" Z="0"/>
					<Vertex X="28849" Y="50931" Z="0"/>
					<Vertex X="29131" Y="50931" Z="0"/>
					<Vertex X="29131" Y="50743" Z="0"/>
					<Vertex X="29600" Y="50931" Z="0"/>
					<Vertex X="29788" Y="50931" Z="0"/>
					<Vertex X="30070" Y="50931" Z="0"/>
					<Vertex X="30258" Y="50931" Z="0"/>
					<Vertex X="30540" Y="50931" Z="0"/>
					<Vertex X="30634" Y="50931" Z="0"/>
					<Vertex X="30728" Y="50931" Z="0"/>
					<Vertex X="30916" Y="50743" Z="0"/>
					<Vertex X="31480" Y="51025" Z="0"/>
					<Vertex X="31856" Y="51025" Z="0"/>
					<Vertex X="32138" Y="51025" Z="0"/>
					<Vertex X="32325" Y="51025" Z="0"/>
					<Vertex X="32513" Y="51025" Z="0"/>
					<Vertex X="32701" Y="51025" Z="0"/>
					<Vertex X="32701" Y="50837" Z="0"/>
					<Vertex X="33171" Y="51119" Z="0"/>
					<Vertex X="33453" Y="51119" Z="0"/>
					<Vertex X="33641" Y="51119" Z="0"/>
					<Vertex X="33735" Y="51025" Z="0"/>
					<Vertex X="34205" Y="51213" Z="0"/>
					<Vertex X="34487" Y="51307" Z="0"/>
					<Vertex X="34675" Y="51307" Z="0"/>
					<Vertex X="34957" Y="51401" Z="0"/>
					<Vertex X="35145" Y="51495" Z="0"/>
					<Vertex X="35332" Y="51495" Z="0"/>
					<Vertex X="35520" Y="51495" Z="0"/>
					<Vertex X="35802" Y="51589" Z="0"/>
					<Vertex X="36084" Y="51589" Z="0"/>
					<Vertex X="36178" Y="51683" Z="0"/>
					<Vertex X="36178" Y="51495" Z="0"/>
					<Vertex X="36648" Y="51495" Z="0"/>
					<Vertex X="36930" Y="51777" Z="0"/>
					<Vertex X="37024" Y="51589" Z="0"/>
					<Vertex X="37306" Y="51777" Z="0"/>
					<Vertex X="37588" Y="51871" Z="0"/>
					<Vertex X="37682" Y="51871" Z="0"/>
					<Vertex X="37870" Y="51965" Z="0"/>
					<Vertex X="38152" Y="51965" Z="0"/>
					<Vertex X="38339" Y="52058" Z="0"/>
					<Vertex X="38621" Y="52152" Z="0"/>
					<Vertex X="38809" Y="52152" Z="0"/>
					<Vertex X="39091" Y="52246" Z="0"/>
					<Vertex X="39279" Y="52340" Z="0"/>
					<Vertex X="39373" Y="52340" Z="0"/>
					<Vertex X="39467" Y="52246" Z="0"/>
					<Vertex X="39561" Y="52340" Z="0"/>
					<Vertex X="39937" Y="52528" Z="0"/>
					<Vertex X="40125" Y="52528" Z="0"/>
					<Vertex X="40219" Y="52528" Z="0"/>
					<Vertex X="40219" Y="52340" Z="0"/>
					<Vertex X="40689" Y="52622" Z="0"/>
					<Vertex X="40783" Y="52622" Z="0"/>
					<Vertex X="41065" Y="52622" Z="0"/>
					<Vertex X="41252" Y="52622" Z="0"/>
					<Vertex X="41440" Y="52622" Z="0"/>
					<Vertex X="41534" Y="52622" Z="0"/>
					<Vertex X="41816" Y="52622" Z="0"/>
					<Vertex X="41910" Y="52622" Z="0"/>
					<Vertex X="42098" Y="52622" Z="0"/>
					<Vertex X="42192" Y="52622" Z="0"/>
					<Vertex X="42380" Y="52622" Z="0"/>
					<Vertex X="42474" Y="52622" Z="0"/>
					<Vertex X="42380" Y="52434" Z="0"/>
					<Vertex X="42568" Y="52434" Z="0"/>
					<Vertex X="42850" Y="52434" Z="0"/>
					<Vertex X="43226" Y="52622" Z="0"/>
					<Vertex X="43508" Y="52622" Z="0"/>
					<Vertex X="43414" Y="52340" Z="0"/>
					<Vertex X="44072" Y="52434" Z="0"/>
					<Vertex X="44166" Y="52340" Z="0"/>
					<Vertex X="44635" Y="52152" Z="0"/>
					<Vertex X="45199" Y="51871" Z="0"/>
					<Vertex X="45575" Y="51683" Z="0"/>
					<Vertex X="45763" Y="51589" Z="0"/>
					<Vertex X="46233" Y="51307" Z="0"/>
					<Vertex X="46515" Y="50931" Z="0"/>
					<Vertex X="47079" Y="50931" Z="0"/>
					<Vertex X="46985" Y="50649" Z="0"/>
					<Vertex X="47642" Y="50743" Z="0"/>
					<Vertex X="47924" Y="50649" Z="0"/>
					<Vertex X="48112" Y="50555" Z="0"/>
					<Vertex X="48300" Y="50367" Z="0"/>
					<Vertex X="48582" Y="50273" Z="0"/>
					<Vertex X="48770" Y="50179" Z="0"/>
					<Vertex X="48864" Y="50085" Z="0"/>
					<Vertex X="48958" Y="49803" Z="0"/>
					<Vertex X="49334" Y="49803" Z="0"/>
					<Vertex X="49428" Y="49709" Z="0"/>
					<Vertex X="49616" Y="49521" Z="0"/>
					<Vertex X="49710" Y="49427" Z="0"/>
					<Vertex X="49710" Y="49333" Z="0"/>
					<Vertex X="49898" Y="49145" Z="0"/>
					<Vertex X="49804" Y="48864" Z="0"/>
					<Vertex X="50086" Y="48864" Z="0"/>
					<Vertex X="50179" Y="48676" Z="0"/>
					<Vertex X="50273" Y="48488" Z="0"/>
					<Vertex X="50367" Y="48300" Z="0"/>
					<Vertex X="50461" Y="48112" Z="0"/>
					<Vertex X="50555" Y="47924" Z="0"/>
					<Vertex X="50367" Y="47548" Z="0"/>
					<Vertex X="50649" Y="47360" Z="0"/>
					<Vertex X="50649" Y="46890" Z="0"/>
					<Vertex X="50461" Y="46420" Z="0"/>
					<Vertex X="50649" Y="46045" Z="0"/>
					<Vertex X="50743" Y="45857" Z="0"/>
					<Vertex X="50555" Y="45199" Z="0"/>
					<Vertex X="50837" Y="44917" Z="0"/>
					<Vertex X="50837" Y="44635" Z="0"/>
					<Vertex X="50931" Y="44259" Z="0"/>
					<Vertex X="50931" Y="44071" Z="0"/>
					<Vertex X="51025" Y="43789" Z="0"/>
					<Vertex X="51119" Y="43413" Z="0"/>
					<Vertex X="51213" Y="43131" Z="0"/>
					<Vertex X="51213" Y="42850" Z="0"/>
					<Vertex X="51307" Y="42474" Z="0"/>
					<Vertex X="51307" Y="42004" Z="0"/>
					<Vertex X="51213" Y="41346" Z="0"/>
					<Vertex X="51307" Y="40970" Z="0"/>
					<Vertex X="51495" Y="40688" Z="0"/>
					<Vertex X="51307" Y="40218" Z="0"/>
					<Vertex X="51589" Y="40218" Z="0"/>
					<Vertex X="51589" Y="40031" Z="0"/>
					<Vertex X="51589" Y="39843" Z="0"/>
					<Vertex X="51589" Y="39655" Z="0"/>
					<Vertex X="51589" Y="39467" Z="0"/>
					<Vertex X="51589" Y="39185" Z="0"/>
					<Vertex X="51589" Y="39091" Z="0"/>
					<Vertex X="51589" Y="38903" Z="0"/>
					<Vertex X="51589" Y="38621" Z="0"/>
					<Vertex X="51589" Y="38339" Z="0"/>
					<Vertex X="51589" Y="37869" Z="0"/>
					<Vertex X="51589" Y="37681" Z="0"/>
					<Vertex X="51589" Y="37493" Z="0"/>
					<Vertex X="51589" Y="37024" Z="0"/>
					<Vertex X="51589" Y="36836" Z="0"/>
					<Vertex X="51589" Y="36742" Z="0"/>
					<Vertex X="51495" Y="36272" Z="0"/>
					<Vertex X="51307" Y="35990" Z="0"/>
					<Vertex X="51401" Y="35896" Z="0"/>
					<Vertex X="51213" Y="35520" Z="0"/>
					<Vertex X="51119" Y="35426" Z="0"/>
					<Vertex X="51307" Y="35426" Z="0"/>
					<Vertex X="51307" Y="35332" Z="0"/>
					<Vertex X="51307" Y="35238" Z="0"/>
					<Vertex X="51307" Y="35050" Z="0"/>
					<Vertex X="51307" Y="34862" Z="0"/>
					<Vertex X="51307" Y="34580" Z="0"/>
					<Vertex X="51307" Y="34392" Z="0"/>
					<Vertex X="51025" Y="34017" Z="0"/>
					<Vertex X="51213" Y="33923" Z="0"/>
					<Vertex X="51119" Y="33641" Z="0"/>
					<Vertex X="51119" Y="33265" Z="0"/>
					<Vertex X="51025" Y="32983" Z="0"/>
					<Vertex X="51025" Y="32701" Z="0"/>
					<Vertex X="50743" Y="32325" Z="0"/>
					<Vertex X="50931" Y="32231" Z="0"/>
					<Vertex X="50837" Y="32137" Z="0"/>
					<Vertex X="50837" Y="31949" Z="0"/>
					<Vertex X="50555" Y="31667" Z="0"/>
					<Vertex X="50461" Y="31385" Z="0"/>
					<Vertex X="50273" Y="31198" Z="0"/>
					<Vertex X="50086" Y="30916" Z="0"/>
					<Vertex X="49804" Y="30446" Z="0"/>
					<Vertex X="49616" Y="30164" Z="0"/>
					<Vertex X="49428" Y="29788" Z="0"/>
					<Vertex X="49240" Y="29412" Z="0"/>
					<Vertex X="49146" Y="29224" Z="0"/>
					<Vertex X="48676" Y="28566" Z="0"/>
					<Vertex X="48676" Y="28378" Z="0"/>
					<Vertex X="48394" Y="28097" Z="0"/>
					<Vertex X="48394" Y="27909" Z="0"/>
					<Vertex X="48112" Y="27627" Z="0"/>
					<Vertex X="48018" Y="27533" Z="0"/>
					<Vertex X="47830" Y="27345" Z="0"/>
					<Vertex X="47736" Y="27251" Z="0"/>
					<Vertex X="47454" Y="26969" Z="0"/>
					<Vertex X="47266" Y="26875" Z="0"/>
					<Vertex X="47079" Y="26781" Z="0"/>
					<Vertex X="46891" Y="26687" Z="0"/>
					<Vertex X="46609" Y="26499" Z="0"/>
					<Vertex X="46421" Y="26405" Z="0"/>
					<Vertex X="46327" Y="26405" Z="0"/>
					<Vertex X="46233" Y="26405" Z="0"/>
					<Vertex X="45951" Y="26123" Z="0"/>
					<Vertex X="45857" Y="26123" Z="0"/>
					<Vertex X="45763" Y="26123" Z="0"/>
					<Vertex X="45763" Y="26311" Z="0"/>
					<Vertex X="45669" Y="26311" Z="0"/>
					<Vertex X="45575" Y="26311" Z="0"/>
					<Vertex X="45481" Y="26311" Z="0"/>
					<Vertex X="45293" Y="26311" Z="0"/>
					<Vertex X="45105" Y="26311" Z="0"/>
					<Vertex X="44823" Y="26123" Z="0"/>
					<Vertex X="44823" Y="26311" Z="0"/>
					<Vertex X="44541" Y="26311" Z="0"/>
					<Vertex X="44353" Y="26311" Z="0"/>
					<Vertex X="43978" Y="26123" Z="0"/>
					<Vertex X="43978" Y="26311" Z="0"/>
					<Vertex X="43790" Y="26311" Z="0"/>
					<Vertex X="43508" Y="26311" Z="0"/>
					<Vertex X="43226" Y="26311" Z="0"/>
					<Vertex X="43038" Y="26217" Z="0"/>
					<Vertex X="42944" Y="26123" Z="0"/>
					<Vertex X="42662" Y="25935" Z="0"/>
					<Vertex X="42662" Y="26029" Z="0"/>
					<Vertex X="42568" Y="25935" Z="0"/>
					<Vertex X="42380" Y="25841" Z="0"/>
					<Vertex X="42286" Y="25841" Z="0"/>
					<Vertex X="42004" Y="25653" Z="0"/>
					<Vertex X="41628" Y="25278" Z="0"/>
					<Vertex X="41534" Y="25184" Z="0"/>
					<Vertex X="41440" Y="25090" Z="0"/>
					<Vertex X="41252" Y="24996" Z="0"/>
					<Vertex X="40877" Y="24620" Z="0"/>
					<Vertex X="40689" Y="24432" Z="0"/>
					<Vertex X="40595" Y="24244" Z="0"/>
					<Vertex X="40501" Y="24150" Z="0"/>
					<Vertex X="40125" Y="23774" Z="0"/>
					<Vertex X="40031" Y="23680" Z="0"/>
					<Vertex X="39937" Y="23586" Z="0"/>
					<Vertex X="39655" Y="23210" Z="0"/>
					<Vertex X="39561" Y="23210" Z="0"/>
					<Vertex X="39373" Y="23022" Z="0"/>
					<Vertex X="39091" Y="22646" Z="0"/>
					<Vertex X="38715" Y="22177" Z="0"/>
					<Vertex X="38715" Y="22083" Z="0"/>
					<Vertex X="38621" Y="21801" Z="0"/>
					<Vertex X="38433" Y="21519" Z="0"/>
					<Vertex X="38339" Y="21143" Z="0"/>
					<Vertex X="38058" Y="20861" Z="0"/>
					<Vertex X="38058" Y="20673" Z="0"/>
					<Vertex X="37964" Y="20579" Z="0"/>
					<Vertex X="37870" Y="20485" Z="0"/>
					<Vertex X="37682" Y="20203" Z="0"/>
					<Vertex X="37588" Y="20109" Z="0"/>
					<Vertex X="37306" Y="19827" Z="0"/>
					<Vertex X="37118" Y="19639" Z="0"/>
					<Vertex X="37024" Y="19545" Z="0"/>
					<Vertex X="36742" Y="19264" Z="0"/>
					<Vertex X="36554" Y="19076" Z="0"/>
					<Vertex X="36460" Y="18888" Z="0"/>
					<Vertex X="36366" Y="18794" Z="0"/>
					<Vertex X="36084" Y="18606" Z="0"/>
					<Vertex X="35896" Y="18512" Z="0"/>
					<Vertex X="35708" Y="18324" Z="0"/>
					<Vertex X="35520" Y="18136" Z="0"/>
					<Vertex X="35332" Y="18042" Z="0"/>
					<Vertex X="35145" Y="17854" Z="0"/>
					<Vertex X="34957" Y="17666" Z="0"/>
					<Vertex X="34769" Y="17478" Z="0"/>
					<Vertex X="34675" Y="17384" Z="0"/>
					<Vertex X="34581" Y="17290" Z="0"/>
					<Vertex X="34393" Y="17102" Z="0"/>
					<Vertex X="34299" Y="17008" Z="0"/>
					<Vertex X="34205" Y="16820" Z="0"/>
					<Vertex X="34111" Y="16632" Z="0"/>
					<Vertex X="34017" Y="16538" Z="0"/>
					<Vertex X="33923" Y="16444" Z="0"/>
					<Vertex X="33829" Y="16257" Z="0"/>
					<Vertex X="33735" Y="16163" Z="0"/>
					<Vertex X="33735" Y="16069" Z="0"/>
					<Vertex X="33735" Y="15975" Z="0"/>
					<Vertex X="33547" Y="15787" Z="0"/>
					<Vertex X="33453" Y="15787" Z="0"/>
					<Vertex X="33359" Y="15599" Z="0"/>
					<Vertex X="33265" Y="15505" Z="0"/>
					<Vertex X="33171" Y="15411" Z="0"/>
					<Vertex X="33077" Y="15317" Z="0"/>
					<Vertex X="32889" Y="15223" Z="0"/>
					<Vertex X="32795" Y="15129" Z="0"/>
					<Vertex X="32701" Y="15035" Z="0"/>
					<Vertex X="32513" Y="14941" Z="0"/>
					<Vertex X="32419" Y="14941" Z="0"/>
					<Vertex X="32325" Y="14847" Z="0"/>
					<Vertex X="32232" Y="14753" Z="0"/>
					<Vertex X="31950" Y="14659" Z="0"/>
					<Vertex X="31950" Y="14565" Z="0"/>
					<Vertex X="31856" Y="14565" Z="0"/>
					<Vertex X="31668" Y="14471" Z="0"/>
					<Vertex X="31574" Y="14471" Z="0"/>
					<Vertex X="31574" Y="14377" Z="0"/>
					<Vertex X="31480" Y="14377" Z="0"/>
					<Vertex X="31198" Y="14189" Z="0"/>
					<Vertex X="31104" Y="14095" Z="0"/>
					<Vertex X="31198" Y="13907" Z="0"/>
					<Vertex X="31010" Y="13719" Z="0"/>
					<Vertex X="30728" Y="13344" Z="0"/>
					<Vertex X="30634" Y="13250" Z="0"/>
					<Vertex X="30352" Y="12968" Z="0"/>
					<Vertex X="30164" Y="12780" Z="0"/>
					<Vertex X="29976" Y="12686" Z="0"/>
					<Vertex X="29882" Y="12498" Z="0"/>
					<Vertex X="29694" Y="12404" Z="0"/>
					<Vertex X="29600" Y="12310" Z="0"/>
					<Vertex X="29225" Y="12028" Z="0"/>
					<Vertex X="29037" Y="11934" Z="0"/>
					<Vertex X="28943" Y="11934" Z="0"/>
					<Vertex X="28473" Y="11558" Z="0"/>
					<Vertex X="28285" Y="11464" Z="0"/>
					<Vertex X="28191" Y="11370" Z="0"/>
					<Vertex X="28097" Y="11370" Z="0"/>
					<Vertex X="28003" Y="11276" Z="0"/>
					<Vertex X="27909" Y="11182" Z="0"/>
					<Vertex X="27721" Y="11088" Z="0"/>
					<Vertex X="27533" Y="10806" Z="0"/>
					<Vertex X="27345" Y="10618" Z="0"/>
					<Vertex X="27251" Y="10618" Z="0"/>
					<Vertex X="26969" Y="10337" Z="0"/>
					<Vertex X="26969" Y="10243" Z="0"/>
					<Vertex X="26875" Y="10149" Z="0"/>
					<Vertex X="26781" Y="10055" Z="0"/>
					<Vertex X="26593" Y="9867" Z="0"/>
					<Vertex X="26499" Y="9773" Z="0"/>
					<Vertex X="26405" Y="9679" Z="0"/>
					<Vertex X="26312" Y="9679" Z="0"/>
					<Vertex X="26218" Y="9585" Z="0"/>
					<Vertex X="26124" Y="9585" Z="0"/>
					<Vertex X="25936" Y="9397" Z="0"/>
					<Vertex X="25842" Y="9397" Z="0"/>
					<Vertex X="25748" Y="9397" Z="0"/>
					<Vertex X="25748" Y="9303" Z="0"/>
					<Vertex X="25654" Y="9303" Z="0"/>
					<Vertex X="25560" Y="9303" Z="0"/>
					<Vertex X="25372" Y="9303" Z="0"/>
					<Vertex X="25372" Y="9209" Z="0"/>
					<Vertex X="25184" Y="9209" Z="0"/>
					<Vertex X="25090" Y="9209" Z="0"/>
					<Vertex X="24996" Y="9209" Z="0"/>
					<Vertex X="24902" Y="9209" Z="0"/>
					<Vertex X="24808" Y="9115" Z="0"/>
					<Vertex X="24620" Y="8927" Z="0"/>
					<Vertex X="24620" Y="9021" Z="0"/>
					<Vertex X="24432" Y="8927" Z="0"/>
				</Vertices>
			</Region>
		</Regions>
		<Plots/>
	</Annotation>
</Annotations>
