<Annotations MicronsPerPixel="0.252700">
	<Annotation Id="1" Name="" ReadOnly="0" NameReadOnly="0" LineColorReadOnly="0" Incremental="0" Type="4" LineColor="65280" Visible="1" Selected="1" MarkupImagePath="" MacroName="">
		<Attributes/>
		<Regions>
			<RegionAttributeHeaders/>
			<Region Id="1" Type="0" Zoom="0.007868" Selected="0" ImageLocation="" ImageFocus="-1" Length="39167.6" Area="45353954.5" LengthMicrons="9897.7" AreaMicrons="2896180.6" Text="" NegativeROA="0" InputRegionId="0" Analyze="1" DisplayId="1">
				<Attributes/>
				<Vertices>
					<Vertex X="16724" Y="15718" Z="0"/>
					<Vertex X="16724" Y="15592" Z="0"/>
					<Vertex X="16724" Y="15466" Z="0"/>
					<Vertex X="16724" Y="15341" Z="0"/>
					<Vertex X="16724" Y="15215" Z="0"/>
					<Vertex X="16724" Y="15089" Z="0"/>
					<Vertex X="16724" Y="14963" Z="0"/>
					<Vertex X="16724" Y="14712" Z="0"/>
					<Vertex X="16724" Y="14460" Z="0"/>
					<Vertex X="16850" Y="14083" Z="0"/>
					<Vertex X="16975" Y="13957" Z="0"/>
					<Vertex X="16850" Y="13580" Z="0"/>
					<Vertex X="17101" Y="13580" Z="0"/>
					<Vertex X="17227" Y="13329" Z="0"/>
					<Vertex X="17353" Y="13203" Z="0"/>
					<Vertex X="17353" Y="13077" Z="0"/>
					<Vertex X="17478" Y="12952" Z="0"/>
					<Vertex X="17478" Y="12826" Z="0"/>
					<Vertex X="17604" Y="12574" Z="0"/>
					<Vertex X="17730" Y="12574" Z="0"/>
					<Vertex X="17730" Y="12449" Z="0"/>
					<Vertex X="17856" Y="12323" Z="0"/>
					<Vertex X="17856" Y="12197" Z="0"/>
					<Vertex X="17981" Y="12197" Z="0"/>
					<Vertex X="18107" Y="12071" Z="0"/>
					<Vertex X="17981" Y="11694" Z="0"/>
					<Vertex X="18358" Y="11820" Z="0"/>
					<Vertex X="18484" Y="11694" Z="0"/>
					<Vertex X="18610" Y="11568" Z="0"/>
					<Vertex X="18736" Y="11443" Z="0"/>
					<Vertex X="18987" Y="11443" Z="0"/>
					<Vertex X="19113" Y="11317" Z="0"/>
					<Vertex X="19364" Y="11065" Z="0"/>
					<Vertex X="19490" Y="11065" Z="0"/>
					<Vertex X="19364" Y="10688" Z="0"/>
					<Vertex X="19742" Y="10940" Z="0"/>
					<Vertex X="19616" Y="10562" Z="0"/>
					<Vertex X="19742" Y="10562" Z="0"/>
					<Vertex X="20119" Y="10688" Z="0"/>
					<Vertex X="20245" Y="10688" Z="0"/>
					<Vertex X="20370" Y="10562" Z="0"/>
					<Vertex X="20245" Y="10311" Z="0"/>
					<Vertex X="20496" Y="10562" Z="0"/>
					<Vertex X="20245" Y="10185" Z="0"/>
					<Vertex X="20748" Y="10437" Z="0"/>
					<Vertex X="20873" Y="10437" Z="0"/>
					<Vertex X="20999" Y="10437" Z="0"/>
					<Vertex X="21125" Y="10437" Z="0"/>
					<Vertex X="21251" Y="10311" Z="0"/>
					<Vertex X="21125" Y="10059" Z="0"/>
					<Vertex X="21502" Y="10311" Z="0"/>
					<Vertex X="21628" Y="10311" Z="0"/>
					<Vertex X="21628" Y="10185" Z="0"/>
					<Vertex X="21502" Y="9934" Z="0"/>
					<Vertex X="21879" Y="10185" Z="0"/>
					<Vertex X="22005" Y="10185" Z="0"/>
					<Vertex X="22131" Y="10185" Z="0"/>
					<Vertex X="22005" Y="9934" Z="0"/>
					<Vertex X="22131" Y="9934" Z="0"/>
					<Vertex X="22382" Y="10185" Z="0"/>
					<Vertex X="22634" Y="10185" Z="0"/>
					<Vertex X="22634" Y="9934" Z="0"/>
					<Vertex X="23137" Y="10185" Z="0"/>
					<Vertex X="23262" Y="10185" Z="0"/>
					<Vertex X="23388" Y="10185" Z="0"/>
					<Vertex X="23514" Y="10185" Z="0"/>
					<Vertex X="23640" Y="10185" Z="0"/>
					<Vertex X="23765" Y="10185" Z="0"/>
					<Vertex X="23891" Y="10185" Z="0"/>
					<Vertex X="24017" Y="10185" Z="0"/>
					<Vertex X="24143" Y="10059" Z="0"/>
					<Vertex X="24394" Y="10437" Z="0"/>
					<Vertex X="24520" Y="10562" Z="0"/>
					<Vertex X="24520" Y="10688" Z="0"/>
					<Vertex X="24520" Y="10940" Z="0"/>
					<Vertex X="24520" Y="11317" Z="0"/>
					<Vertex X="24520" Y="11443" Z="0"/>
					<Vertex X="24520" Y="11694" Z="0"/>
					<Vertex X="24520" Y="11820" Z="0"/>
					<Vertex X="24520" Y="12197" Z="0"/>
					<Vertex X="24520" Y="12323" Z="0"/>
					<Vertex X="24394" Y="12700" Z="0"/>
					<Vertex X="24394" Y="12826" Z="0"/>
					<Vertex X="24268" Y="13077" Z="0"/>
					<Vertex X="23891" Y="13203" Z="0"/>
					<Vertex X="24017" Y="13580" Z="0"/>
					<Vertex X="23514" Y="13706" Z="0"/>
					<Vertex X="23640" Y="14209" Z="0"/>
					<Vertex X="23514" Y="14335" Z="0"/>
					<Vertex X="23388" Y="14460" Z="0"/>
					<Vertex X="23262" Y="14586" Z="0"/>
					<Vertex X="23137" Y="14712" Z="0"/>
					<Vertex X="23011" Y="14838" Z="0"/>
					<Vertex X="22885" Y="14963" Z="0"/>
					<Vertex X="22508" Y="14838" Z="0"/>
					<Vertex X="22634" Y="15215" Z="0"/>
					<Vertex X="22508" Y="15215" Z="0"/>
					<Vertex X="22382" Y="15341" Z="0"/>
					<Vertex X="22257" Y="15466" Z="0"/>
					<Vertex X="22257" Y="15592" Z="0"/>
					<Vertex X="22131" Y="15592" Z="0"/>
					<Vertex X="21754" Y="15466" Z="0"/>
					<Vertex X="22005" Y="15718" Z="0"/>
					<Vertex X="21879" Y="15844" Z="0"/>
					<Vertex X="21754" Y="15969" Z="0"/>
					<Vertex X="21754" Y="16095" Z="0"/>
					<Vertex X="21376" Y="15969" Z="0"/>
					<Vertex X="21251" Y="16095" Z="0"/>
					<Vertex X="21502" Y="16472" Z="0"/>
					<Vertex X="21376" Y="16598" Z="0"/>
					<Vertex X="21251" Y="16598" Z="0"/>
					<Vertex X="20999" Y="16472" Z="0"/>
					<Vertex X="21125" Y="16850" Z="0"/>
					<Vertex X="20999" Y="17101" Z="0"/>
					<Vertex X="20873" Y="17101" Z="0"/>
					<Vertex X="20748" Y="17353" Z="0"/>
					<Vertex X="20622" Y="17353" Z="0"/>
					<Vertex X="20496" Y="17478" Z="0"/>
					<Vertex X="20370" Y="17730" Z="0"/>
					<Vertex X="20245" Y="17730" Z="0"/>
					<Vertex X="19867" Y="17604" Z="0"/>
					<Vertex X="19867" Y="17730" Z="0"/>
					<Vertex X="19867" Y="18107" Z="0"/>
					<Vertex X="19867" Y="18233" Z="0"/>
					<Vertex X="19490" Y="17981" Z="0"/>
					<Vertex X="19616" Y="18358" Z="0"/>
					<Vertex X="19490" Y="18484" Z="0"/>
					<Vertex X="19364" Y="18610" Z="0"/>
					<Vertex X="19239" Y="18610" Z="0"/>
					<Vertex X="19239" Y="18736" Z="0"/>
					<Vertex X="18987" Y="18861" Z="0"/>
					<Vertex X="18610" Y="18736" Z="0"/>
					<Vertex X="18484" Y="18861" Z="0"/>
					<Vertex X="18736" Y="19113" Z="0"/>
					<Vertex X="18610" Y="19239" Z="0"/>
					<Vertex X="18358" Y="19113" Z="0"/>
					<Vertex X="18233" Y="19113" Z="0"/>
					<Vertex X="18358" Y="19490" Z="0"/>
					<Vertex X="18233" Y="19490" Z="0"/>
					<Vertex X="18107" Y="19490" Z="0"/>
					<Vertex X="17981" Y="19616" Z="0"/>
					<Vertex X="17856" Y="19616" Z="0"/>
					<Vertex X="17730" Y="19616" Z="0"/>
					<Vertex X="17478" Y="19616" Z="0"/>
					<Vertex X="17353" Y="19616" Z="0"/>
					<Vertex X="17353" Y="19490" Z="0"/>
					<Vertex X="17101" Y="19239" Z="0"/>
					<Vertex X="17227" Y="19113" Z="0"/>
					<Vertex X="17101" Y="18987" Z="0"/>
					<Vertex X="17101" Y="18861" Z="0"/>
					<Vertex X="17101" Y="18736" Z="0"/>
					<Vertex X="17101" Y="18610" Z="0"/>
					<Vertex X="17101" Y="18358" Z="0"/>
					<Vertex X="16850" Y="17981" Z="0"/>
					<Vertex X="17101" Y="17981" Z="0"/>
					<Vertex X="17101" Y="17730" Z="0"/>
					<Vertex X="17101" Y="17604" Z="0"/>
					<Vertex X="16850" Y="17353" Z="0"/>
					<Vertex X="17101" Y="17353" Z="0"/>
					<Vertex X="16850" Y="16975" Z="0"/>
					<Vertex X="16850" Y="16850" Z="0"/>
					<Vertex X="17101" Y="16850" Z="0"/>
					<Vertex X="17101" Y="16724" Z="0"/>
					<Vertex X="17101" Y="16598" Z="0"/>
					<Vertex X="17101" Y="16472" Z="0"/>
					<Vertex X="17101" Y="16347" Z="0"/>
					<Vertex X="17101" Y="16221" Z="0"/>
					<Vertex X="17101" Y="16095" Z="0"/>
					<Vertex X="16850" Y="15844" Z="0"/>
					<Vertex X="16724" Y="15718" Z="0"/>
				</Vertices>
			</Region>
			<Region Id="2" Type="0" Zoom="0.100000" Selected="0" ImageLocation="" ImageFocus="-1" Length="15571.1" Area="7023771.0" LengthMicrons="3934.8" AreaMicrons="448519.0" Text="" NegativeROA="0" InputRegionId="0" Analyze="1" DisplayId="2">
				<Attributes/>
				<Vertices>
					<Vertex X="68490" Y="67620" Z="0"/>
					<Vertex X="68490" Y="67600" Z="0"/>
					<Vertex X="68490" Y="67580" Z="0"/>
					<Vertex X="68520" Y="67560" Z="0"/>
					<Vertex X="68530" Y="67550" Z="0"/>
					<Vertex X="68559" Y="67511" Z="0"/>
					<Vertex X="68540" Y="67491" Z="0"/>
					<Vertex X="68589" Y="67481" Z="0"/>
					<Vertex X="68599" Y="67471" Z="0"/>
					<Vertex X="68629" Y="67422" Z="0"/>
					<Vertex X="68668" Y="67402" Z="0"/>
					<Vertex X="68698" Y="67372" Z="0"/>
					<Vertex X="68767" Y="67372" Z="0"/>
					<Vertex X="68787" Y="67363" Z="0"/>
					<Vertex X="68846" Y="67333" Z="0"/>
					<Vertex X="68866" Y="67323" Z="0"/>
					<Vertex X="68935" Y="67273" Z="0"/>
					<Vertex X="68945" Y="67273" Z="0"/>
					<Vertex X="68985" Y="67283" Z="0"/>
					<Vertex X="69054" Y="67244" Z="0"/>
					<Vertex X="69074" Y="67234" Z="0"/>
					<Vertex X="69084" Y="67234" Z="0"/>
					<Vertex X="69143" Y="67244" Z="0"/>
					<Vertex X="69183" Y="67234" Z="0"/>
					<Vertex X="69202" Y="67224" Z="0"/>
					<Vertex X="69222" Y="67224" Z="0"/>
					<Vertex X="69252" Y="67194" Z="0"/>
					<Vertex X="69282" Y="67214" Z="0"/>
					<Vertex X="69291" Y="67194" Z="0"/>
					<Vertex X="69341" Y="67214" Z="0"/>
					<Vertex X="69380" Y="67214" Z="0"/>
					<Vertex X="69400" Y="67214" Z="0"/>
					<Vertex X="69450" Y="67214" Z="0"/>
					<Vertex X="69460" Y="67194" Z="0"/>
					<Vertex X="69519" Y="67214" Z="0"/>
					<Vertex X="69588" Y="67214" Z="0"/>
					<Vertex X="69608" Y="67214" Z="0"/>
					<Vertex X="69687" Y="67214" Z="0"/>
					<Vertex X="69717" Y="67214" Z="0"/>
					<Vertex X="69766" Y="67214" Z="0"/>
					<Vertex X="69786" Y="67214" Z="0"/>
					<Vertex X="69845" Y="67214" Z="0"/>
					<Vertex X="69855" Y="67214" Z="0"/>
					<Vertex X="69905" Y="67214" Z="0"/>
					<Vertex X="69934" Y="67214" Z="0"/>
					<Vertex X="69954" Y="67214" Z="0"/>
					<Vertex X="70014" Y="67224" Z="0"/>
					<Vertex X="70053" Y="67234" Z="0"/>
					<Vertex X="70093" Y="67244" Z="0"/>
					<Vertex X="70142" Y="67254" Z="0"/>
					<Vertex X="70182" Y="67264" Z="0"/>
					<Vertex X="70251" Y="67283" Z="0"/>
					<Vertex X="70281" Y="67293" Z="0"/>
					<Vertex X="70291" Y="67273" Z="0"/>
					<Vertex X="70350" Y="67303" Z="0"/>
					<Vertex X="70419" Y="67313" Z="0"/>
					<Vertex X="70449" Y="67323" Z="0"/>
					<Vertex X="70498" Y="67333" Z="0"/>
					<Vertex X="70538" Y="67333" Z="0"/>
					<Vertex X="70558" Y="67333" Z="0"/>
					<Vertex X="70637" Y="67343" Z="0"/>
					<Vertex X="70657" Y="67343" Z="0"/>
					<Vertex X="70706" Y="67343" Z="0"/>
					<Vertex X="70716" Y="67343" Z="0"/>
					<Vertex X="70765" Y="67343" Z="0"/>
					<Vertex X="70785" Y="67343" Z="0"/>
					<Vertex X="70825" Y="67333" Z="0"/>
					<Vertex X="70874" Y="67323" Z="0"/>
					<Vertex X="70894" Y="67323" Z="0"/>
					<Vertex X="70914" Y="67293" Z="0"/>
					<Vertex X="70963" Y="67313" Z="0"/>
					<Vertex X="70973" Y="67293" Z="0"/>
					<Vertex X="71003" Y="67313" Z="0"/>
					<Vertex X="71042" Y="67313" Z="0"/>
					<Vertex X="71082" Y="67313" Z="0"/>
					<Vertex X="71072" Y="67293" Z="0"/>
					<Vertex X="71092" Y="67313" Z="0"/>
					<Vertex X="71082" Y="67293" Z="0"/>
					<Vertex X="71151" Y="67313" Z="0"/>
					<Vertex X="71181" Y="67313" Z="0"/>
					<Vertex X="71221" Y="67293" Z="0"/>
					<Vertex X="71280" Y="67313" Z="0"/>
					<Vertex X="71329" Y="67313" Z="0"/>
					<Vertex X="71349" Y="67313" Z="0"/>
					<Vertex X="71399" Y="67313" Z="0"/>
					<Vertex X="71448" Y="67303" Z="0"/>
					<Vertex X="71468" Y="67303" Z="0"/>
					<Vertex X="71488" Y="67283" Z="0"/>
					<Vertex X="71517" Y="67293" Z="0"/>
					<Vertex X="71527" Y="67293" Z="0"/>
					<Vertex X="71567" Y="67283" Z="0"/>
					<Vertex X="71577" Y="67283" Z="0"/>
					<Vertex X="71606" Y="67283" Z="0"/>
					<Vertex X="71606" Y="67264" Z="0"/>
					<Vertex X="71636" Y="67283" Z="0"/>
					<Vertex X="71636" Y="67264" Z="0"/>
					<Vertex X="71656" Y="67283" Z="0"/>
					<Vertex X="71686" Y="67283" Z="0"/>
					<Vertex X="71705" Y="67283" Z="0"/>
					<Vertex X="71735" Y="67303" Z="0"/>
					<Vertex X="71745" Y="67303" Z="0"/>
					<Vertex X="71775" Y="67333" Z="0"/>
					<Vertex X="71775" Y="67343" Z="0"/>
					<Vertex X="71784" Y="67343" Z="0"/>
					<Vertex X="71784" Y="67363" Z="0"/>
					<Vertex X="71765" Y="67363" Z="0"/>
					<Vertex X="71765" Y="67382" Z="0"/>
					<Vertex X="71784" Y="67412" Z="0"/>
					<Vertex X="71784" Y="67442" Z="0"/>
					<Vertex X="71784" Y="67461" Z="0"/>
					<Vertex X="71765" Y="67461" Z="0"/>
					<Vertex X="71765" Y="67471" Z="0"/>
					<Vertex X="71784" Y="67511" Z="0"/>
					<Vertex X="71784" Y="67521" Z="0"/>
					<Vertex X="71784" Y="67541" Z="0"/>
					<Vertex X="71765" Y="67550" Z="0"/>
					<Vertex X="71765" Y="67560" Z="0"/>
					<Vertex X="71775" Y="67600" Z="0"/>
					<Vertex X="71775" Y="67610" Z="0"/>
					<Vertex X="71765" Y="67630" Z="0"/>
					<Vertex X="71745" Y="67659" Z="0"/>
					<Vertex X="71725" Y="67640" Z="0"/>
					<Vertex X="71715" Y="67689" Z="0"/>
					<Vertex X="71705" Y="67699" Z="0"/>
					<Vertex X="71686" Y="67729" Z="0"/>
					<Vertex X="71646" Y="67729" Z="0"/>
					<Vertex X="71646" Y="67768" Z="0"/>
					<Vertex X="71626" Y="67788" Z="0"/>
					<Vertex X="71597" Y="67808" Z="0"/>
					<Vertex X="71557" Y="67808" Z="0"/>
					<Vertex X="71567" Y="67837" Z="0"/>
					<Vertex X="71517" Y="67867" Z="0"/>
					<Vertex X="71507" Y="67877" Z="0"/>
					<Vertex X="71468" Y="67907" Z="0"/>
					<Vertex X="71458" Y="67907" Z="0"/>
					<Vertex X="71409" Y="67907" Z="0"/>
					<Vertex X="71389" Y="67956" Z="0"/>
					<Vertex X="71359" Y="67946" Z="0"/>
					<Vertex X="71349" Y="67946" Z="0"/>
					<Vertex X="71339" Y="67996" Z="0"/>
					<Vertex X="71290" Y="68015" Z="0"/>
					<Vertex X="71260" Y="68006" Z="0"/>
					<Vertex X="71250" Y="68045" Z="0"/>
					<Vertex X="71191" Y="68075" Z="0"/>
					<Vertex X="71181" Y="68085" Z="0"/>
					<Vertex X="71122" Y="68114" Z="0"/>
					<Vertex X="71112" Y="68134" Z="0"/>
					<Vertex X="71062" Y="68154" Z="0"/>
					<Vertex X="71033" Y="68174" Z="0"/>
					<Vertex X="70924" Y="68194" Z="0"/>
					<Vertex X="70884" Y="68243" Z="0"/>
					<Vertex X="70845" Y="68253" Z="0"/>
					<Vertex X="70775" Y="68292" Z="0"/>
					<Vertex X="70726" Y="68312" Z="0"/>
					<Vertex X="70627" Y="68312" Z="0"/>
					<Vertex X="70617" Y="68342" Z="0"/>
					<Vertex X="70538" Y="68342" Z="0"/>
					<Vertex X="70498" Y="68382" Z="0"/>
					<Vertex X="70439" Y="68362" Z="0"/>
					<Vertex X="70429" Y="68391" Z="0"/>
					<Vertex X="70390" Y="68401" Z="0"/>
					<Vertex X="70340" Y="68411" Z="0"/>
					<Vertex X="70320" Y="68411" Z="0"/>
					<Vertex X="70310" Y="68411" Z="0"/>
					<Vertex X="70291" Y="68411" Z="0"/>
					<Vertex X="70251" Y="68401" Z="0"/>
					<Vertex X="70202" Y="68441" Z="0"/>
					<Vertex X="70192" Y="68451" Z="0"/>
					<Vertex X="70152" Y="68451" Z="0"/>
					<Vertex X="70113" Y="68461" Z="0"/>
					<Vertex X="70043" Y="68480" Z="0"/>
					<Vertex X="69934" Y="68490" Z="0"/>
					<Vertex X="69925" Y="68520" Z="0"/>
					<Vertex X="69816" Y="68530" Z="0"/>
					<Vertex X="69806" Y="68560" Z="0"/>
					<Vertex X="69727" Y="68560" Z="0"/>
					<Vertex X="69737" Y="68589" Z="0"/>
					<Vertex X="69657" Y="68619" Z="0"/>
					<Vertex X="69618" Y="68609" Z="0"/>
					<Vertex X="69598" Y="68649" Z="0"/>
					<Vertex X="69519" Y="68678" Z="0"/>
					<Vertex X="69489" Y="68728" Z="0"/>
					<Vertex X="69479" Y="68738" Z="0"/>
					<Vertex X="69440" Y="68757" Z="0"/>
					<Vertex X="69430" Y="68767" Z="0"/>
					<Vertex X="69380" Y="68777" Z="0"/>
					<Vertex X="69361" Y="68827" Z="0"/>
					<Vertex X="69331" Y="68846" Z="0"/>
					<Vertex X="69301" Y="68876" Z="0"/>
					<Vertex X="69272" Y="68906" Z="0"/>
					<Vertex X="69262" Y="68906" Z="0"/>
					<Vertex X="69252" Y="68926" Z="0"/>
					<Vertex X="69252" Y="68936" Z="0"/>
					<Vertex X="69222" Y="68955" Z="0"/>
					<Vertex X="69192" Y="68955" Z="0"/>
					<Vertex X="69212" Y="68985" Z="0"/>
					<Vertex X="69192" Y="69005" Z="0"/>
					<Vertex X="69183" Y="69015" Z="0"/>
					<Vertex X="69173" Y="69044" Z="0"/>
					<Vertex X="69163" Y="69054" Z="0"/>
					<Vertex X="69153" Y="69064" Z="0"/>
					<Vertex X="69133" Y="69094" Z="0"/>
					<Vertex X="69123" Y="69114" Z="0"/>
					<Vertex X="69113" Y="69124" Z="0"/>
					<Vertex X="69103" Y="69133" Z="0"/>
					<Vertex X="69084" Y="69124" Z="0"/>
					<Vertex X="69074" Y="69133" Z="0"/>
					<Vertex X="69094" Y="69163" Z="0"/>
					<Vertex X="69074" Y="69153" Z="0"/>
					<Vertex X="69084" Y="69183" Z="0"/>
					<Vertex X="69074" Y="69193" Z="0"/>
					<Vertex X="69074" Y="69203" Z="0"/>
					<Vertex X="69074" Y="69213" Z="0"/>
					<Vertex X="69074" Y="69222" Z="0"/>
					<Vertex X="69044" Y="69213" Z="0"/>
					<Vertex X="69064" Y="69242" Z="0"/>
					<Vertex X="69064" Y="69252" Z="0"/>
					<Vertex X="69064" Y="69272" Z="0"/>
					<Vertex X="69054" Y="69282" Z="0"/>
					<Vertex X="69054" Y="69302" Z="0"/>
					<Vertex X="69054" Y="69321" Z="0"/>
					<Vertex X="69054" Y="69341" Z="0"/>
					<Vertex X="69044" Y="69361" Z="0"/>
					<Vertex X="69044" Y="69371" Z="0"/>
					<Vertex X="69044" Y="69401" Z="0"/>
					<Vertex X="69044" Y="69420" Z="0"/>
					<Vertex X="69044" Y="69430" Z="0"/>
					<Vertex X="69024" Y="69430" Z="0"/>
					<Vertex X="69024" Y="69460" Z="0"/>
					<Vertex X="69044" Y="69499" Z="0"/>
					<Vertex X="69044" Y="69519" Z="0"/>
					<Vertex X="69044" Y="69539" Z="0"/>
					<Vertex X="69044" Y="69559" Z="0"/>
					<Vertex X="69044" Y="69598" Z="0"/>
					<Vertex X="69044" Y="69618" Z="0"/>
					<Vertex X="69044" Y="69628" Z="0"/>
					<Vertex X="69044" Y="69648" Z="0"/>
					<Vertex X="69044" Y="69658" Z="0"/>
					<Vertex X="69044" Y="69687" Z="0"/>
					<Vertex X="69054" Y="69717" Z="0"/>
					<Vertex X="69064" Y="69767" Z="0"/>
					<Vertex X="69074" Y="69806" Z="0"/>
					<Vertex X="69074" Y="69836" Z="0"/>
					<Vertex X="69084" Y="69865" Z="0"/>
					<Vertex X="69084" Y="69885" Z="0"/>
					<Vertex X="69094" Y="69905" Z="0"/>
					<Vertex X="69123" Y="69955" Z="0"/>
					<Vertex X="69133" Y="69984" Z="0"/>
					<Vertex X="69143" Y="69994" Z="0"/>
					<Vertex X="69173" Y="70024" Z="0"/>
					<Vertex X="69183" Y="70034" Z="0"/>
					<Vertex X="69202" Y="70053" Z="0"/>
					<Vertex X="69212" Y="70063" Z="0"/>
					<Vertex X="69232" Y="70073" Z="0"/>
					<Vertex X="69242" Y="70093" Z="0"/>
					<Vertex X="69242" Y="70083" Z="0"/>
					<Vertex X="69262" Y="70103" Z="0"/>
					<Vertex X="69291" Y="70123" Z="0"/>
					<Vertex X="69311" Y="70142" Z="0"/>
					<Vertex X="69331" Y="70152" Z="0"/>
					<Vertex X="69341" Y="70152" Z="0"/>
					<Vertex X="69361" Y="70172" Z="0"/>
					<Vertex X="69371" Y="70172" Z="0"/>
					<Vertex X="69390" Y="70182" Z="0"/>
					<Vertex X="69410" Y="70192" Z="0"/>
					<Vertex X="69430" Y="70202" Z="0"/>
					<Vertex X="69469" Y="70212" Z="0"/>
					<Vertex X="69479" Y="70222" Z="0"/>
					<Vertex X="69479" Y="70202" Z="0"/>
					<Vertex X="69529" Y="70241" Z="0"/>
					<Vertex X="69559" Y="70251" Z="0"/>
					<Vertex X="69578" Y="70271" Z="0"/>
					<Vertex X="69598" Y="70291" Z="0"/>
					<Vertex X="69618" Y="70311" Z="0"/>
					<Vertex X="69618" Y="70321" Z="0"/>
					<Vertex X="69628" Y="70340" Z="0"/>
					<Vertex X="69608" Y="70350" Z="0"/>
					<Vertex X="69628" Y="70380" Z="0"/>
					<Vertex X="69628" Y="70410" Z="0"/>
					<Vertex X="69608" Y="70420" Z="0"/>
					<Vertex X="69598" Y="70449" Z="0"/>
					<Vertex X="69608" Y="70479" Z="0"/>
					<Vertex X="69598" Y="70499" Z="0"/>
					<Vertex X="69588" Y="70509" Z="0"/>
					<Vertex X="69578" Y="70518" Z="0"/>
					<Vertex X="69568" Y="70538" Z="0"/>
					<Vertex X="69559" Y="70558" Z="0"/>
					<Vertex X="69549" Y="70558" Z="0"/>
					<Vertex X="69549" Y="70568" Z="0"/>
					<Vertex X="69539" Y="70568" Z="0"/>
					<Vertex X="69539" Y="70588" Z="0"/>
					<Vertex X="69529" Y="70607" Z="0"/>
					<Vertex X="69529" Y="70617" Z="0"/>
					<Vertex X="69519" Y="70617" Z="0"/>
					<Vertex X="69499" Y="70607" Z="0"/>
					<Vertex X="69489" Y="70617" Z="0"/>
					<Vertex X="69469" Y="70677" Z="0"/>
					<Vertex X="69420" Y="70687" Z="0"/>
					<Vertex X="69420" Y="70726" Z="0"/>
					<Vertex X="69400" Y="70736" Z="0"/>
					<Vertex X="69371" Y="70756" Z="0"/>
					<Vertex X="69361" Y="70766" Z="0"/>
					<Vertex X="69341" Y="70766" Z="0"/>
					<Vertex X="69331" Y="70776" Z="0"/>
					<Vertex X="69301" Y="70786" Z="0"/>
					<Vertex X="69262" Y="70776" Z="0"/>
					<Vertex X="69262" Y="70805" Z="0"/>
					<Vertex X="69232" Y="70805" Z="0"/>
					<Vertex X="69222" Y="70815" Z="0"/>
					<Vertex X="69212" Y="70815" Z="0"/>
					<Vertex X="69173" Y="70815" Z="0"/>
					<Vertex X="69153" Y="70815" Z="0"/>
					<Vertex X="69143" Y="70815" Z="0"/>
					<Vertex X="69103" Y="70815" Z="0"/>
					<Vertex X="69094" Y="70815" Z="0"/>
					<Vertex X="69064" Y="70815" Z="0"/>
					<Vertex X="69054" Y="70805" Z="0"/>
					<Vertex X="69044" Y="70805" Z="0"/>
					<Vertex X="69024" Y="70795" Z="0"/>
					<Vertex X="69014" Y="70786" Z="0"/>
					<Vertex X="69005" Y="70786" Z="0"/>
					<Vertex X="68985" Y="70766" Z="0"/>
					<Vertex X="68975" Y="70766" Z="0"/>
					<Vertex X="68965" Y="70756" Z="0"/>
					<Vertex X="68935" Y="70736" Z="0"/>
					<Vertex X="68945" Y="70746" Z="0"/>
					<Vertex X="68935" Y="70746" Z="0"/>
					<Vertex X="68906" Y="70716" Z="0"/>
					<Vertex X="68906" Y="70726" Z="0"/>
					<Vertex X="68896" Y="70726" Z="0"/>
					<Vertex X="68886" Y="70716" Z="0"/>
					<Vertex X="68876" Y="70716" Z="0"/>
					<Vertex X="68866" Y="70716" Z="0"/>
					<Vertex X="68856" Y="70716" Z="0"/>
					<Vertex X="68826" Y="70716" Z="0"/>
					<Vertex X="68807" Y="70716" Z="0"/>
					<Vertex X="68777" Y="70716" Z="0"/>
					<Vertex X="68747" Y="70716" Z="0"/>
					<Vertex X="68737" Y="70716" Z="0"/>
					<Vertex X="68708" Y="70716" Z="0"/>
					<Vertex X="68668" Y="70697" Z="0"/>
					<Vertex X="68629" Y="70716" Z="0"/>
					<Vertex X="68609" Y="70706" Z="0"/>
					<Vertex X="68549" Y="70706" Z="0"/>
					<Vertex X="68510" Y="70677" Z="0"/>
					<Vertex X="68470" Y="70697" Z="0"/>
					<Vertex X="68431" Y="70687" Z="0"/>
					<Vertex X="68411" Y="70687" Z="0"/>
					<Vertex X="68381" Y="70667" Z="0"/>
					<Vertex X="68352" Y="70667" Z="0"/>
					<Vertex X="68332" Y="70657" Z="0"/>
					<Vertex X="68322" Y="70647" Z="0"/>
					<Vertex X="68312" Y="70647" Z="0"/>
					<Vertex X="68282" Y="70647" Z="0"/>
					<Vertex X="68243" Y="70647" Z="0"/>
					<Vertex X="68183" Y="70647" Z="0"/>
					<Vertex X="68084" Y="70647" Z="0"/>
					<Vertex X="67995" Y="70637" Z="0"/>
					<Vertex X="67956" Y="70627" Z="0"/>
					<Vertex X="67837" Y="70607" Z="0"/>
					<Vertex X="67778" Y="70598" Z="0"/>
					<Vertex X="67758" Y="70598" Z="0"/>
					<Vertex X="67689" Y="70568" Z="0"/>
					<Vertex X="67659" Y="70548" Z="0"/>
					<Vertex X="67629" Y="70538" Z="0"/>
					<Vertex X="67590" Y="70509" Z="0"/>
					<Vertex X="67550" Y="70479" Z="0"/>
					<Vertex X="67521" Y="70459" Z="0"/>
					<Vertex X="67511" Y="70449" Z="0"/>
					<Vertex X="67491" Y="70420" Z="0"/>
					<Vertex X="67481" Y="70410" Z="0"/>
					<Vertex X="67461" Y="70390" Z="0"/>
					<Vertex X="67451" Y="70370" Z="0"/>
					<Vertex X="67431" Y="70350" Z="0"/>
					<Vertex X="67422" Y="70330" Z="0"/>
					<Vertex X="67412" Y="70311" Z="0"/>
					<Vertex X="67402" Y="70291" Z="0"/>
					<Vertex X="67382" Y="70261" Z="0"/>
					<Vertex X="67392" Y="70251" Z="0"/>
					<Vertex X="67392" Y="70232" Z="0"/>
					<Vertex X="67392" Y="70202" Z="0"/>
					<Vertex X="67392" Y="70182" Z="0"/>
					<Vertex X="67372" Y="70123" Z="0"/>
					<Vertex X="67392" Y="70123" Z="0"/>
					<Vertex X="67392" Y="70103" Z="0"/>
					<Vertex X="67392" Y="70063" Z="0"/>
					<Vertex X="67392" Y="70034" Z="0"/>
					<Vertex X="67392" Y="70014" Z="0"/>
					<Vertex X="67402" Y="69994" Z="0"/>
					<Vertex X="67392" Y="69945" Z="0"/>
					<Vertex X="67412" Y="69945" Z="0"/>
					<Vertex X="67431" Y="69925" Z="0"/>
					<Vertex X="67451" Y="69875" Z="0"/>
					<Vertex X="67471" Y="69806" Z="0"/>
					<Vertex X="67501" Y="69806" Z="0"/>
					<Vertex X="67530" Y="69747" Z="0"/>
					<Vertex X="67530" Y="69707" Z="0"/>
					<Vertex X="67580" Y="69678" Z="0"/>
					<Vertex X="67610" Y="69638" Z="0"/>
					<Vertex X="67639" Y="69588" Z="0"/>
					<Vertex X="67689" Y="69529" Z="0"/>
					<Vertex X="67699" Y="69509" Z="0"/>
					<Vertex X="67728" Y="69460" Z="0"/>
					<Vertex X="67748" Y="69440" Z="0"/>
					<Vertex X="67778" Y="69391" Z="0"/>
					<Vertex X="67807" Y="69351" Z="0"/>
					<Vertex X="67837" Y="69311" Z="0"/>
					<Vertex X="67817" Y="69282" Z="0"/>
					<Vertex X="67857" Y="69272" Z="0"/>
					<Vertex X="67857" Y="69262" Z="0"/>
					<Vertex X="67867" Y="69252" Z="0"/>
					<Vertex X="67877" Y="69242" Z="0"/>
					<Vertex X="67887" Y="69203" Z="0"/>
					<Vertex X="67896" Y="69173" Z="0"/>
					<Vertex X="67946" Y="69064" Z="0"/>
					<Vertex X="67946" Y="69005" Z="0"/>
					<Vertex X="67995" Y="68936" Z="0"/>
					<Vertex X="68015" Y="68846" Z="0"/>
					<Vertex X="68035" Y="68797" Z="0"/>
					<Vertex X="68055" Y="68757" Z="0"/>
					<Vertex X="68065" Y="68698" Z="0"/>
					<Vertex X="68065" Y="68678" Z="0"/>
					<Vertex X="68084" Y="68639" Z="0"/>
					<Vertex X="68094" Y="68629" Z="0"/>
					<Vertex X="68075" Y="68579" Z="0"/>
					<Vertex X="68104" Y="68579" Z="0"/>
					<Vertex X="68114" Y="68550" Z="0"/>
					<Vertex X="68124" Y="68520" Z="0"/>
					<Vertex X="68134" Y="68500" Z="0"/>
					<Vertex X="68144" Y="68461" Z="0"/>
					<Vertex X="68164" Y="68441" Z="0"/>
					<Vertex X="68173" Y="68401" Z="0"/>
					<Vertex X="68183" Y="68391" Z="0"/>
					<Vertex X="68193" Y="68372" Z="0"/>
					<Vertex X="68203" Y="68342" Z="0"/>
					<Vertex X="68213" Y="68322" Z="0"/>
					<Vertex X="68223" Y="68302" Z="0"/>
					<Vertex X="68213" Y="68253" Z="0"/>
					<Vertex X="68253" Y="68243" Z="0"/>
					<Vertex X="68253" Y="68233" Z="0"/>
					<Vertex X="68282" Y="68184" Z="0"/>
					<Vertex X="68302" Y="68134" Z="0"/>
					<Vertex X="68312" Y="68114" Z="0"/>
					<Vertex X="68312" Y="68065" Z="0"/>
					<Vertex X="68342" Y="68065" Z="0"/>
					<Vertex X="68352" Y="68045" Z="0"/>
					<Vertex X="68352" Y="68035" Z="0"/>
					<Vertex X="68361" Y="68015" Z="0"/>
					<Vertex X="68371" Y="67996" Z="0"/>
					<Vertex X="68371" Y="67976" Z="0"/>
					<Vertex X="68381" Y="67956" Z="0"/>
					<Vertex X="68371" Y="67926" Z="0"/>
					<Vertex X="68391" Y="67926" Z="0"/>
					<Vertex X="68401" Y="67907" Z="0"/>
					<Vertex X="68411" Y="67887" Z="0"/>
					<Vertex X="68411" Y="67867" Z="0"/>
					<Vertex X="68411" Y="67857" Z="0"/>
					<Vertex X="68421" Y="67837" Z="0"/>
					<Vertex X="68421" Y="67827" Z="0"/>
					<Vertex X="68431" Y="67818" Z="0"/>
					<Vertex X="68441" Y="67788" Z="0"/>
					<Vertex X="68441" Y="67768" Z="0"/>
					<Vertex X="68441" Y="67748" Z="0"/>
					<Vertex X="68431" Y="67709" Z="0"/>
					<Vertex X="68450" Y="67729" Z="0"/>
					<Vertex X="68450" Y="67719" Z="0"/>
					<Vertex X="68431" Y="67699" Z="0"/>
					<Vertex X="68431" Y="67689" Z="0"/>
					<Vertex X="68450" Y="67709" Z="0"/>
					<Vertex X="68460" Y="67709" Z="0"/>
					<Vertex X="68460" Y="67699" Z="0"/>
					<Vertex X="68441" Y="67679" Z="0"/>
					<Vertex X="68490" Y="67620" Z="0"/>
				</Vertices>
			</Region>
			<Region Id="3" Type="0" Zoom="0.100000" Selected="0" ImageLocation="" ImageFocus="-1" Length="15573.6" Area="10660160.0" LengthMicrons="3935.5" AreaMicrons="680728.9" Text="" NegativeROA="0" InputRegionId="0" Analyze="1" DisplayId="3">
				<Attributes/>
				<Vertices>
					<Vertex X="73962" Y="63603" Z="0"/>
					<Vertex X="73962" Y="63584" Z="0"/>
					<Vertex X="73962" Y="63584" Z="0"/>
					<Vertex X="73972" Y="63534" Z="0"/>
					<Vertex X="73962" Y="63504" Z="0"/>
					<Vertex X="74031" Y="63475" Z="0"/>
					<Vertex X="74080" Y="63445" Z="0"/>
					<Vertex X="74100" Y="63435" Z="0"/>
					<Vertex X="74159" Y="63406" Z="0"/>
					<Vertex X="74209" Y="63386" Z="0"/>
					<Vertex X="74209" Y="63376" Z="0"/>
					<Vertex X="74229" Y="63366" Z="0"/>
					<Vertex X="74278" Y="63356" Z="0"/>
					<Vertex X="74308" Y="63336" Z="0"/>
					<Vertex X="74347" Y="63317" Z="0"/>
					<Vertex X="74387" Y="63297" Z="0"/>
					<Vertex X="74387" Y="63277" Z="0"/>
					<Vertex X="74436" Y="63287" Z="0"/>
					<Vertex X="74466" Y="63277" Z="0"/>
					<Vertex X="74486" Y="63267" Z="0"/>
					<Vertex X="74496" Y="63267" Z="0"/>
					<Vertex X="74526" Y="63257" Z="0"/>
					<Vertex X="74535" Y="63227" Z="0"/>
					<Vertex X="74595" Y="63247" Z="0"/>
					<Vertex X="74624" Y="63237" Z="0"/>
					<Vertex X="74654" Y="63227" Z="0"/>
					<Vertex X="74674" Y="63227" Z="0"/>
					<Vertex X="74674" Y="63208" Z="0"/>
					<Vertex X="74713" Y="63227" Z="0"/>
					<Vertex X="74763" Y="63227" Z="0"/>
					<Vertex X="74753" Y="63208" Z="0"/>
					<Vertex X="74832" Y="63218" Z="0"/>
					<Vertex X="74852" Y="63218" Z="0"/>
					<Vertex X="74911" Y="63218" Z="0"/>
					<Vertex X="74931" Y="63218" Z="0"/>
					<Vertex X="74971" Y="63218" Z="0"/>
					<Vertex X="74991" Y="63218" Z="0"/>
					<Vertex X="75030" Y="63218" Z="0"/>
					<Vertex X="75050" Y="63218" Z="0"/>
					<Vertex X="75080" Y="63227" Z="0"/>
					<Vertex X="75099" Y="63237" Z="0"/>
					<Vertex X="75099" Y="63247" Z="0"/>
					<Vertex X="75109" Y="63257" Z="0"/>
					<Vertex X="75119" Y="63277" Z="0"/>
					<Vertex X="75159" Y="63317" Z="0"/>
					<Vertex X="75169" Y="63326" Z="0"/>
					<Vertex X="75188" Y="63356" Z="0"/>
					<Vertex X="75188" Y="63366" Z="0"/>
					<Vertex X="75208" Y="63396" Z="0"/>
					<Vertex X="75218" Y="63425" Z="0"/>
					<Vertex X="75218" Y="63435" Z="0"/>
					<Vertex X="75228" Y="63465" Z="0"/>
					<Vertex X="75228" Y="63475" Z="0"/>
					<Vertex X="75238" Y="63495" Z="0"/>
					<Vertex X="75238" Y="63514" Z="0"/>
					<Vertex X="75238" Y="63534" Z="0"/>
					<Vertex X="75238" Y="63574" Z="0"/>
					<Vertex X="75238" Y="63584" Z="0"/>
					<Vertex X="75218" Y="63584" Z="0"/>
					<Vertex X="75238" Y="63643" Z="0"/>
					<Vertex X="75228" Y="63663" Z="0"/>
					<Vertex X="75228" Y="63692" Z="0"/>
					<Vertex X="75208" Y="63702" Z="0"/>
					<Vertex X="75208" Y="63732" Z="0"/>
					<Vertex X="75228" Y="63791" Z="0"/>
					<Vertex X="75228" Y="63801" Z="0"/>
					<Vertex X="75228" Y="63831" Z="0"/>
					<Vertex X="75228" Y="63851" Z="0"/>
					<Vertex X="75228" Y="63861" Z="0"/>
					<Vertex X="75238" Y="63871" Z="0"/>
					<Vertex X="75248" Y="63900" Z="0"/>
					<Vertex X="75258" Y="63920" Z="0"/>
					<Vertex X="75258" Y="63930" Z="0"/>
					<Vertex X="75297" Y="63979" Z="0"/>
					<Vertex X="75307" Y="63989" Z="0"/>
					<Vertex X="75327" Y="63999" Z="0"/>
					<Vertex X="75337" Y="64019" Z="0"/>
					<Vertex X="75337" Y="64029" Z="0"/>
					<Vertex X="75357" Y="64049" Z="0"/>
					<Vertex X="75357" Y="64049" Z="0"/>
					<Vertex X="75396" Y="64108" Z="0"/>
					<Vertex X="75396" Y="64128" Z="0"/>
					<Vertex X="75406" Y="64138" Z="0"/>
					<Vertex X="75436" Y="64167" Z="0"/>
					<Vertex X="75436" Y="64177" Z="0"/>
					<Vertex X="75475" Y="64207" Z="0"/>
					<Vertex X="75485" Y="64207" Z="0"/>
					<Vertex X="75505" Y="64217" Z="0"/>
					<Vertex X="75525" Y="64246" Z="0"/>
					<Vertex X="75535" Y="64306" Z="0"/>
					<Vertex X="75545" Y="64336" Z="0"/>
					<Vertex X="75554" Y="64365" Z="0"/>
					<Vertex X="75624" Y="64464" Z="0"/>
					<Vertex X="75673" Y="64543" Z="0"/>
					<Vertex X="75683" Y="64583" Z="0"/>
					<Vertex X="75703" Y="64613" Z="0"/>
					<Vertex X="75713" Y="64642" Z="0"/>
					<Vertex X="75713" Y="64672" Z="0"/>
					<Vertex X="75723" Y="64692" Z="0"/>
					<Vertex X="75723" Y="64711" Z="0"/>
					<Vertex X="75723" Y="64731" Z="0"/>
					<Vertex X="75723" Y="64751" Z="0"/>
					<Vertex X="75723" Y="64771" Z="0"/>
					<Vertex X="75723" Y="64781" Z="0"/>
					<Vertex X="75713" Y="64800" Z="0"/>
					<Vertex X="75713" Y="64810" Z="0"/>
					<Vertex X="75703" Y="64820" Z="0"/>
					<Vertex X="75703" Y="64830" Z="0"/>
					<Vertex X="75693" Y="64860" Z="0"/>
					<Vertex X="75693" Y="64870" Z="0"/>
					<Vertex X="75693" Y="64890" Z="0"/>
					<Vertex X="75683" Y="64909" Z="0"/>
					<Vertex X="75673" Y="64939" Z="0"/>
					<Vertex X="75673" Y="64949" Z="0"/>
					<Vertex X="75673" Y="64969" Z="0"/>
					<Vertex X="75663" Y="64969" Z="0"/>
					<Vertex X="75643" Y="64969" Z="0"/>
					<Vertex X="75663" Y="64988" Z="0"/>
					<Vertex X="75653" Y="65008" Z="0"/>
					<Vertex X="75653" Y="65018" Z="0"/>
					<Vertex X="75653" Y="65038" Z="0"/>
					<Vertex X="75643" Y="65068" Z="0"/>
					<Vertex X="75643" Y="65077" Z="0"/>
					<Vertex X="75624" Y="65068" Z="0"/>
					<Vertex X="75643" Y="65097" Z="0"/>
					<Vertex X="75634" Y="65127" Z="0"/>
					<Vertex X="75634" Y="65147" Z="0"/>
					<Vertex X="75614" Y="65137" Z="0"/>
					<Vertex X="75643" Y="65186" Z="0"/>
					<Vertex X="75643" Y="65206" Z="0"/>
					<Vertex X="75643" Y="65216" Z="0"/>
					<Vertex X="75663" Y="65246" Z="0"/>
					<Vertex X="75683" Y="65275" Z="0"/>
					<Vertex X="75683" Y="65285" Z="0"/>
					<Vertex X="75713" Y="65325" Z="0"/>
					<Vertex X="75732" Y="65345" Z="0"/>
					<Vertex X="75752" Y="65364" Z="0"/>
					<Vertex X="75812" Y="65424" Z="0"/>
					<Vertex X="75822" Y="65434" Z="0"/>
					<Vertex X="75841" Y="65444" Z="0"/>
					<Vertex X="75851" Y="65453" Z="0"/>
					<Vertex X="75861" Y="65463" Z="0"/>
					<Vertex X="75871" Y="65473" Z="0"/>
					<Vertex X="75861" Y="65493" Z="0"/>
					<Vertex X="75891" Y="65542" Z="0"/>
					<Vertex X="75891" Y="65562" Z="0"/>
					<Vertex X="75920" Y="65622" Z="0"/>
					<Vertex X="75940" Y="65651" Z="0"/>
					<Vertex X="75960" Y="65671" Z="0"/>
					<Vertex X="75980" Y="65701" Z="0"/>
					<Vertex X="75980" Y="65711" Z="0"/>
					<Vertex X="76010" Y="65740" Z="0"/>
					<Vertex X="76029" Y="65760" Z="0"/>
					<Vertex X="76049" Y="65790" Z="0"/>
					<Vertex X="76069" Y="65810" Z="0"/>
					<Vertex X="76089" Y="65849" Z="0"/>
					<Vertex X="76089" Y="65859" Z="0"/>
					<Vertex X="76089" Y="65879" Z="0"/>
					<Vertex X="76108" Y="65918" Z="0"/>
					<Vertex X="76118" Y="65958" Z="0"/>
					<Vertex X="76128" Y="65968" Z="0"/>
					<Vertex X="76128" Y="65988" Z="0"/>
					<Vertex X="76128" Y="66017" Z="0"/>
					<Vertex X="76138" Y="66047" Z="0"/>
					<Vertex X="76138" Y="66067" Z="0"/>
					<Vertex X="76138" Y="66087" Z="0"/>
					<Vertex X="76118" Y="66106" Z="0"/>
					<Vertex X="76138" Y="66146" Z="0"/>
					<Vertex X="76138" Y="66176" Z="0"/>
					<Vertex X="76138" Y="66205" Z="0"/>
					<Vertex X="76138" Y="66235" Z="0"/>
					<Vertex X="76118" Y="66235" Z="0"/>
					<Vertex X="76118" Y="66284" Z="0"/>
					<Vertex X="76118" Y="66304" Z="0"/>
					<Vertex X="76138" Y="66354" Z="0"/>
					<Vertex X="76118" Y="66403" Z="0"/>
					<Vertex X="76118" Y="66423" Z="0"/>
					<Vertex X="76118" Y="66453" Z="0"/>
					<Vertex X="76118" Y="66463" Z="0"/>
					<Vertex X="76118" Y="66472" Z="0"/>
					<Vertex X="76138" Y="66522" Z="0"/>
					<Vertex X="76138" Y="66552" Z="0"/>
					<Vertex X="76138" Y="66571" Z="0"/>
					<Vertex X="76118" Y="66601" Z="0"/>
					<Vertex X="76118" Y="66670" Z="0"/>
					<Vertex X="76118" Y="66690" Z="0"/>
					<Vertex X="76089" Y="66749" Z="0"/>
					<Vertex X="76079" Y="66769" Z="0"/>
					<Vertex X="76049" Y="66779" Z="0"/>
					<Vertex X="76049" Y="66829" Z="0"/>
					<Vertex X="76039" Y="66868" Z="0"/>
					<Vertex X="76029" Y="66878" Z="0"/>
					<Vertex X="76000" Y="66918" Z="0"/>
					<Vertex X="75990" Y="66937" Z="0"/>
					<Vertex X="75970" Y="66957" Z="0"/>
					<Vertex X="75950" Y="66987" Z="0"/>
					<Vertex X="75940" Y="66997" Z="0"/>
					<Vertex X="75930" Y="67007" Z="0"/>
					<Vertex X="75920" Y="67017" Z="0"/>
					<Vertex X="75911" Y="67026" Z="0"/>
					<Vertex X="75881" Y="67056" Z="0"/>
					<Vertex X="75861" Y="67056" Z="0"/>
					<Vertex X="75822" Y="67046" Z="0"/>
					<Vertex X="75802" Y="67086" Z="0"/>
					<Vertex X="75762" Y="67096" Z="0"/>
					<Vertex X="75723" Y="67106" Z="0"/>
					<Vertex X="75693" Y="67115" Z="0"/>
					<Vertex X="75614" Y="67106" Z="0"/>
					<Vertex X="75584" Y="67135" Z="0"/>
					<Vertex X="75525" Y="67125" Z="0"/>
					<Vertex X="75505" Y="67155" Z="0"/>
					<Vertex X="75436" Y="67135" Z="0"/>
					<Vertex X="75416" Y="67155" Z="0"/>
					<Vertex X="75366" Y="67155" Z="0"/>
					<Vertex X="75327" Y="67155" Z="0"/>
					<Vertex X="75248" Y="67145" Z="0"/>
					<Vertex X="75218" Y="67135" Z="0"/>
					<Vertex X="75169" Y="67125" Z="0"/>
					<Vertex X="75099" Y="67106" Z="0"/>
					<Vertex X="75030" Y="67086" Z="0"/>
					<Vertex X="75010" Y="67076" Z="0"/>
					<Vertex X="74961" Y="67066" Z="0"/>
					<Vertex X="74941" Y="67066" Z="0"/>
					<Vertex X="74901" Y="67046" Z="0"/>
					<Vertex X="74892" Y="67046" Z="0"/>
					<Vertex X="74862" Y="67046" Z="0"/>
					<Vertex X="74822" Y="67026" Z="0"/>
					<Vertex X="74822" Y="67046" Z="0"/>
					<Vertex X="74803" Y="67036" Z="0"/>
					<Vertex X="74773" Y="67017" Z="0"/>
					<Vertex X="74773" Y="67036" Z="0"/>
					<Vertex X="74753" Y="67046" Z="0"/>
					<Vertex X="74723" Y="67056" Z="0"/>
					<Vertex X="74684" Y="67076" Z="0"/>
					<Vertex X="74654" Y="67086" Z="0"/>
					<Vertex X="74605" Y="67106" Z="0"/>
					<Vertex X="74535" Y="67115" Z="0"/>
					<Vertex X="74436" Y="67145" Z="0"/>
					<Vertex X="74397" Y="67155" Z="0"/>
					<Vertex X="74357" Y="67165" Z="0"/>
					<Vertex X="74328" Y="67175" Z="0"/>
					<Vertex X="74268" Y="67185" Z="0"/>
					<Vertex X="74229" Y="67195" Z="0"/>
					<Vertex X="74199" Y="67205" Z="0"/>
					<Vertex X="74189" Y="67205" Z="0"/>
					<Vertex X="74159" Y="67214" Z="0"/>
					<Vertex X="74110" Y="67244" Z="0"/>
					<Vertex X="74080" Y="67224" Z="0"/>
					<Vertex X="74051" Y="67274" Z="0"/>
					<Vertex X="74041" Y="67284" Z="0"/>
					<Vertex X="74011" Y="67303" Z="0"/>
					<Vertex X="73962" Y="67303" Z="0"/>
					<Vertex X="73952" Y="67333" Z="0"/>
					<Vertex X="73942" Y="67343" Z="0"/>
					<Vertex X="73912" Y="67373" Z="0"/>
					<Vertex X="73863" Y="67402" Z="0"/>
					<Vertex X="73853" Y="67412" Z="0"/>
					<Vertex X="73813" Y="67432" Z="0"/>
					<Vertex X="73754" Y="67462" Z="0"/>
					<Vertex X="73734" Y="67472" Z="0"/>
					<Vertex X="73665" Y="67511" Z="0"/>
					<Vertex X="73645" Y="67511" Z="0"/>
					<Vertex X="73605" Y="67531" Z="0"/>
					<Vertex X="73576" Y="67541" Z="0"/>
					<Vertex X="73516" Y="67551" Z="0"/>
					<Vertex X="73497" Y="67561" Z="0"/>
					<Vertex X="73457" Y="67561" Z="0"/>
					<Vertex X="73398" Y="67580" Z="0"/>
					<Vertex X="73378" Y="67580" Z="0"/>
					<Vertex X="73328" Y="67561" Z="0"/>
					<Vertex X="73319" Y="67580" Z="0"/>
					<Vertex X="73289" Y="67580" Z="0"/>
					<Vertex X="73269" Y="67580" Z="0"/>
					<Vertex X="73269" Y="67580" Z="0"/>
					<Vertex X="73249" Y="67580" Z="0"/>
					<Vertex X="73200" Y="67590" Z="0"/>
					<Vertex X="73150" Y="67600" Z="0"/>
					<Vertex X="73051" Y="67590" Z="0"/>
					<Vertex X="73002" Y="67640" Z="0"/>
					<Vertex X="72972" Y="67640" Z="0"/>
					<Vertex X="72893" Y="67660" Z="0"/>
					<Vertex X="72834" Y="67660" Z="0"/>
					<Vertex X="72794" Y="67699" Z="0"/>
					<Vertex X="72715" Y="67709" Z="0"/>
					<Vertex X="72695" Y="67719" Z="0"/>
					<Vertex X="72636" Y="67729" Z="0"/>
					<Vertex X="72596" Y="67709" Z="0"/>
					<Vertex X="72586" Y="67739" Z="0"/>
					<Vertex X="72577" Y="67739" Z="0"/>
					<Vertex X="72527" Y="67749" Z="0"/>
					<Vertex X="72517" Y="67749" Z="0"/>
					<Vertex X="72468" Y="67729" Z="0"/>
					<Vertex X="72458" Y="67759" Z="0"/>
					<Vertex X="72448" Y="67759" Z="0"/>
					<Vertex X="72418" Y="67759" Z="0"/>
					<Vertex X="72398" Y="67759" Z="0"/>
					<Vertex X="72389" Y="67759" Z="0"/>
					<Vertex X="72369" Y="67759" Z="0"/>
					<Vertex X="72359" Y="67759" Z="0"/>
					<Vertex X="72349" Y="67749" Z="0"/>
					<Vertex X="72339" Y="67749" Z="0"/>
					<Vertex X="72329" Y="67739" Z="0"/>
					<Vertex X="72290" Y="67699" Z="0"/>
					<Vertex X="72280" Y="67699" Z="0"/>
					<Vertex X="72260" Y="67670" Z="0"/>
					<Vertex X="72250" Y="67650" Z="0"/>
					<Vertex X="72250" Y="67640" Z="0"/>
					<Vertex X="72230" Y="67620" Z="0"/>
					<Vertex X="72220" Y="67600" Z="0"/>
					<Vertex X="72201" Y="67561" Z="0"/>
					<Vertex X="72191" Y="67551" Z="0"/>
					<Vertex X="72181" Y="67521" Z="0"/>
					<Vertex X="72151" Y="67472" Z="0"/>
					<Vertex X="72161" Y="67472" Z="0"/>
					<Vertex X="72151" Y="67442" Z="0"/>
					<Vertex X="72141" Y="67422" Z="0"/>
					<Vertex X="72131" Y="67402" Z="0"/>
					<Vertex X="72131" Y="67392" Z="0"/>
					<Vertex X="72121" Y="67353" Z="0"/>
					<Vertex X="72121" Y="67333" Z="0"/>
					<Vertex X="72121" Y="67313" Z="0"/>
					<Vertex X="72102" Y="67274" Z="0"/>
					<Vertex X="72121" Y="67254" Z="0"/>
					<Vertex X="72121" Y="67224" Z="0"/>
					<Vertex X="72121" Y="67214" Z="0"/>
					<Vertex X="72102" Y="67175" Z="0"/>
					<Vertex X="72121" Y="67165" Z="0"/>
					<Vertex X="72102" Y="67115" Z="0"/>
					<Vertex X="72121" Y="67115" Z="0"/>
					<Vertex X="72121" Y="67096" Z="0"/>
					<Vertex X="72121" Y="67056" Z="0"/>
					<Vertex X="72121" Y="67026" Z="0"/>
					<Vertex X="72131" Y="66997" Z="0"/>
					<Vertex X="72131" Y="66967" Z="0"/>
					<Vertex X="72141" Y="66947" Z="0"/>
					<Vertex X="72141" Y="66928" Z="0"/>
					<Vertex X="72131" Y="66878" Z="0"/>
					<Vertex X="72161" Y="66858" Z="0"/>
					<Vertex X="72151" Y="66829" Z="0"/>
					<Vertex X="72181" Y="66799" Z="0"/>
					<Vertex X="72191" Y="66789" Z="0"/>
					<Vertex X="72181" Y="66740" Z="0"/>
					<Vertex X="72191" Y="66720" Z="0"/>
					<Vertex X="72220" Y="66730" Z="0"/>
					<Vertex X="72230" Y="66710" Z="0"/>
					<Vertex X="72250" Y="66680" Z="0"/>
					<Vertex X="72260" Y="66660" Z="0"/>
					<Vertex X="72270" Y="66651" Z="0"/>
					<Vertex X="72280" Y="66641" Z="0"/>
					<Vertex X="72300" Y="66611" Z="0"/>
					<Vertex X="72339" Y="66552" Z="0"/>
					<Vertex X="72359" Y="66482" Z="0"/>
					<Vertex X="72418" Y="66453" Z="0"/>
					<Vertex X="72468" Y="66403" Z="0"/>
					<Vertex X="72458" Y="66364" Z="0"/>
					<Vertex X="72537" Y="66314" Z="0"/>
					<Vertex X="72547" Y="66284" Z="0"/>
					<Vertex X="72596" Y="66215" Z="0"/>
					<Vertex X="72606" Y="66205" Z="0"/>
					<Vertex X="72646" Y="66156" Z="0"/>
					<Vertex X="72656" Y="66136" Z="0"/>
					<Vertex X="72695" Y="66087" Z="0"/>
					<Vertex X="72705" Y="66037" Z="0"/>
					<Vertex X="72735" Y="66047" Z="0"/>
					<Vertex X="72765" Y="66007" Z="0"/>
					<Vertex X="72774" Y="65998" Z="0"/>
					<Vertex X="72804" Y="65968" Z="0"/>
					<Vertex X="72804" Y="65958" Z="0"/>
					<Vertex X="72814" Y="65938" Z="0"/>
					<Vertex X="72824" Y="65909" Z="0"/>
					<Vertex X="72814" Y="65879" Z="0"/>
					<Vertex X="72844" Y="65889" Z="0"/>
					<Vertex X="72854" Y="65869" Z="0"/>
					<Vertex X="72863" Y="65839" Z="0"/>
					<Vertex X="72863" Y="65819" Z="0"/>
					<Vertex X="72863" Y="65760" Z="0"/>
					<Vertex X="72873" Y="65750" Z="0"/>
					<Vertex X="72893" Y="65701" Z="0"/>
					<Vertex X="72923" Y="65711" Z="0"/>
					<Vertex X="72933" Y="65681" Z="0"/>
					<Vertex X="72943" Y="65671" Z="0"/>
					<Vertex X="72923" Y="65641" Z="0"/>
					<Vertex X="72953" Y="65661" Z="0"/>
					<Vertex X="72933" Y="65641" Z="0"/>
					<Vertex X="72933" Y="65632" Z="0"/>
					<Vertex X="72953" Y="65622" Z="0"/>
					<Vertex X="72933" Y="65572" Z="0"/>
					<Vertex X="72972" Y="65513" Z="0"/>
					<Vertex X="72982" Y="65483" Z="0"/>
					<Vertex X="72982" Y="65453" Z="0"/>
					<Vertex X="73012" Y="65374" Z="0"/>
					<Vertex X="73032" Y="65325" Z="0"/>
					<Vertex X="73042" Y="65305" Z="0"/>
					<Vertex X="73071" Y="65246" Z="0"/>
					<Vertex X="73091" Y="65206" Z="0"/>
					<Vertex X="73111" Y="65176" Z="0"/>
					<Vertex X="73111" Y="65137" Z="0"/>
					<Vertex X="73140" Y="65137" Z="0"/>
					<Vertex X="73140" Y="65097" Z="0"/>
					<Vertex X="73170" Y="65107" Z="0"/>
					<Vertex X="73190" Y="65087" Z="0"/>
					<Vertex X="73200" Y="65068" Z="0"/>
					<Vertex X="73220" Y="65048" Z="0"/>
					<Vertex X="73239" Y="65038" Z="0"/>
					<Vertex X="73239" Y="65008" Z="0"/>
					<Vertex X="73259" Y="64988" Z="0"/>
					<Vertex X="73279" Y="64998" Z="0"/>
					<Vertex X="73309" Y="64979" Z="0"/>
					<Vertex X="73319" Y="64969" Z="0"/>
					<Vertex X="73319" Y="64939" Z="0"/>
					<Vertex X="73358" Y="64949" Z="0"/>
					<Vertex X="73378" Y="64929" Z="0"/>
					<Vertex X="73378" Y="64919" Z="0"/>
					<Vertex X="73408" Y="64899" Z="0"/>
					<Vertex X="73417" Y="64890" Z="0"/>
					<Vertex X="73427" Y="64880" Z="0"/>
					<Vertex X="73437" Y="64870" Z="0"/>
					<Vertex X="73447" Y="64860" Z="0"/>
					<Vertex X="73467" Y="64840" Z="0"/>
					<Vertex X="73487" Y="64830" Z="0"/>
					<Vertex X="73497" Y="64830" Z="0"/>
					<Vertex X="73507" Y="64820" Z="0"/>
					<Vertex X="73546" Y="64800" Z="0"/>
					<Vertex X="73566" Y="64791" Z="0"/>
					<Vertex X="73556" Y="64761" Z="0"/>
					<Vertex X="73615" Y="64761" Z="0"/>
					<Vertex X="73635" Y="64751" Z="0"/>
					<Vertex X="73665" Y="64731" Z="0"/>
					<Vertex X="73685" Y="64692" Z="0"/>
					<Vertex X="73714" Y="64702" Z="0"/>
					<Vertex X="73744" Y="64692" Z="0"/>
					<Vertex X="73744" Y="64652" Z="0"/>
					<Vertex X="73784" Y="64662" Z="0"/>
					<Vertex X="73793" Y="64642" Z="0"/>
					<Vertex X="73803" Y="64632" Z="0"/>
					<Vertex X="73833" Y="64613" Z="0"/>
					<Vertex X="73853" Y="64603" Z="0"/>
					<Vertex X="73863" Y="64583" Z="0"/>
					<Vertex X="73873" Y="64553" Z="0"/>
					<Vertex X="73882" Y="64553" Z="0"/>
					<Vertex X="73882" Y="64543" Z="0"/>
					<Vertex X="73892" Y="64533" Z="0"/>
					<Vertex X="73892" Y="64514" Z="0"/>
					<Vertex X="73892" Y="64504" Z="0"/>
					<Vertex X="73902" Y="64484" Z="0"/>
					<Vertex X="73912" Y="64474" Z="0"/>
					<Vertex X="73912" Y="64464" Z="0"/>
					<Vertex X="73912" Y="64444" Z="0"/>
					<Vertex X="73922" Y="64434" Z="0"/>
					<Vertex X="73902" Y="64395" Z="0"/>
					<Vertex X="73922" Y="64395" Z="0"/>
					<Vertex X="73922" Y="64385" Z="0"/>
					<Vertex X="73922" Y="64375" Z="0"/>
					<Vertex X="73922" Y="64355" Z="0"/>
					<Vertex X="73922" Y="64336" Z="0"/>
					<Vertex X="73922" Y="64306" Z="0"/>
					<Vertex X="73922" Y="64296" Z="0"/>
					<Vertex X="73912" Y="64276" Z="0"/>
					<Vertex X="73912" Y="64266" Z="0"/>
					<Vertex X="73912" Y="64256" Z="0"/>
					<Vertex X="73912" Y="64237" Z="0"/>
					<Vertex X="73912" Y="64227" Z="0"/>
					<Vertex X="73912" Y="64207" Z="0"/>
					<Vertex X="73912" Y="64197" Z="0"/>
					<Vertex X="73912" Y="64177" Z="0"/>
					<Vertex X="73912" Y="64157" Z="0"/>
					<Vertex X="73912" Y="64138" Z="0"/>
					<Vertex X="73912" Y="64108" Z="0"/>
					<Vertex X="73912" Y="64088" Z="0"/>
					<Vertex X="73912" Y="64068" Z="0"/>
					<Vertex X="73902" Y="64029" Z="0"/>
					<Vertex X="73902" Y="64019" Z="0"/>
					<Vertex X="73902" Y="64009" Z="0"/>
					<Vertex X="73932" Y="64009" Z="0"/>
					<Vertex X="73932" Y="63989" Z="0"/>
					<Vertex X="73932" Y="63960" Z="0"/>
					<Vertex X="73942" Y="63960" Z="0"/>
					<Vertex X="73942" Y="63920" Z="0"/>
					<Vertex X="73952" Y="63900" Z="0"/>
					<Vertex X="73952" Y="63890" Z="0"/>
					<Vertex X="73952" Y="63880" Z="0"/>
					<Vertex X="73952" Y="63871" Z="0"/>
					<Vertex X="73952" Y="63851" Z="0"/>
					<Vertex X="73962" Y="63841" Z="0"/>
					<Vertex X="73962" Y="63831" Z="0"/>
					<Vertex X="73962" Y="63821" Z="0"/>
					<Vertex X="73962" Y="63811" Z="0"/>
					<Vertex X="73962" Y="63801" Z="0"/>
					<Vertex X="73962" Y="63791" Z="0"/>
					<Vertex X="73952" Y="63772" Z="0"/>
					<Vertex X="73972" Y="63781" Z="0"/>
					<Vertex X="73972" Y="63781" Z="0"/>
					<Vertex X="73972" Y="63772" Z="0"/>
					<Vertex X="73972" Y="63762" Z="0"/>
					<Vertex X="73972" Y="63752" Z="0"/>
					<Vertex X="73972" Y="63742" Z="0"/>
					<Vertex X="73972" Y="63732" Z="0"/>
					<Vertex X="73972" Y="63722" Z="0"/>
					<Vertex X="73972" Y="63712" Z="0"/>
					<Vertex X="73972" Y="63702" Z="0"/>
					<Vertex X="73972" Y="63692" Z="0"/>
					<Vertex X="73972" Y="63683" Z="0"/>
					<Vertex X="73972" Y="63673" Z="0"/>
					<Vertex X="73972" Y="63663" Z="0"/>
					<Vertex X="73952" Y="63643" Z="0"/>
					<Vertex X="73972" Y="63653" Z="0"/>
					<Vertex X="73952" Y="63633" Z="0"/>
					<Vertex X="73972" Y="63643" Z="0"/>
					<Vertex X="73972" Y="63633" Z="0"/>
					<Vertex X="73952" Y="63613" Z="0"/>
					<Vertex X="73962" Y="63603" Z="0"/>
				</Vertices>
			</Region>
			<Region Id="4" Type="0" Zoom="0.050000" Selected="0" ImageLocation="" ImageFocus="-1" Length="14783.3" Area="8697367.5" LengthMicrons="3735.7" AreaMicrons="555390.3" Text="" NegativeROA="0" InputRegionId="0" Analyze="1" DisplayId="4">
				<Attributes/>
				<Vertices>
					<Vertex X="97448" Y="37337" Z="0"/>
					<Vertex X="97468" Y="37337" Z="0"/>
					<Vertex X="97566" Y="37396" Z="0"/>
					<Vertex X="97606" Y="37377" Z="0"/>
					<Vertex X="97725" Y="37436" Z="0"/>
					<Vertex X="97843" Y="37476" Z="0"/>
					<Vertex X="97942" Y="37495" Z="0"/>
					<Vertex X="97982" Y="37515" Z="0"/>
					<Vertex X="98022" Y="37515" Z="0"/>
					<Vertex X="98022" Y="37476" Z="0"/>
					<Vertex X="98140" Y="37495" Z="0"/>
					<Vertex X="98180" Y="37495" Z="0"/>
					<Vertex X="98239" Y="37456" Z="0"/>
					<Vertex X="98279" Y="37436" Z="0"/>
					<Vertex X="98299" Y="37436" Z="0"/>
					<Vertex X="98318" Y="37416" Z="0"/>
					<Vertex X="98338" Y="37416" Z="0"/>
					<Vertex X="98299" Y="37377" Z="0"/>
					<Vertex X="98338" Y="37416" Z="0"/>
					<Vertex X="98338" Y="37396" Z="0"/>
					<Vertex X="98338" Y="37357" Z="0"/>
					<Vertex X="98318" Y="37218" Z="0"/>
					<Vertex X="98338" Y="37139" Z="0"/>
					<Vertex X="98437" Y="37001" Z="0"/>
					<Vertex X="98457" Y="36902" Z="0"/>
					<Vertex X="98477" Y="36823" Z="0"/>
					<Vertex X="98477" Y="36783" Z="0"/>
					<Vertex X="98496" Y="36763" Z="0"/>
					<Vertex X="98496" Y="36664" Z="0"/>
					<Vertex X="98496" Y="36645" Z="0"/>
					<Vertex X="98516" Y="36605" Z="0"/>
					<Vertex X="98516" Y="36585" Z="0"/>
					<Vertex X="98516" Y="36546" Z="0"/>
					<Vertex X="98516" Y="36526" Z="0"/>
					<Vertex X="98516" Y="36486" Z="0"/>
					<Vertex X="98516" Y="36466" Z="0"/>
					<Vertex X="98516" Y="36447" Z="0"/>
					<Vertex X="98516" Y="36427" Z="0"/>
					<Vertex X="98516" Y="36407" Z="0"/>
					<Vertex X="98516" Y="36387" Z="0"/>
					<Vertex X="98516" Y="36368" Z="0"/>
					<Vertex X="98516" Y="36328" Z="0"/>
					<Vertex X="98516" Y="36288" Z="0"/>
					<Vertex X="98536" Y="36269" Z="0"/>
					<Vertex X="98556" Y="36269" Z="0"/>
					<Vertex X="98595" Y="36229" Z="0"/>
					<Vertex X="98674" Y="36189" Z="0"/>
					<Vertex X="98635" Y="36150" Z="0"/>
					<Vertex X="98813" Y="36130" Z="0"/>
					<Vertex X="98892" Y="36170" Z="0"/>
					<Vertex X="98991" Y="36170" Z="0"/>
					<Vertex X="99050" Y="36170" Z="0"/>
					<Vertex X="99228" Y="36170" Z="0"/>
					<Vertex X="99288" Y="36170" Z="0"/>
					<Vertex X="99387" Y="36170" Z="0"/>
					<Vertex X="99466" Y="36150" Z="0"/>
					<Vertex X="99466" Y="36110" Z="0"/>
					<Vertex X="99545" Y="36150" Z="0"/>
					<Vertex X="99624" Y="36051" Z="0"/>
					<Vertex X="99703" Y="36071" Z="0"/>
					<Vertex X="99703" Y="35992" Z="0"/>
					<Vertex X="99783" Y="36011" Z="0"/>
					<Vertex X="99743" Y="35972" Z="0"/>
					<Vertex X="99822" Y="35992" Z="0"/>
					<Vertex X="99842" Y="35992" Z="0"/>
					<Vertex X="99842" Y="35972" Z="0"/>
					<Vertex X="99822" Y="35932" Z="0"/>
					<Vertex X="99862" Y="35972" Z="0"/>
					<Vertex X="99842" Y="35932" Z="0"/>
					<Vertex X="99961" Y="35972" Z="0"/>
					<Vertex X="100020" Y="35992" Z="0"/>
					<Vertex X="100079" Y="36031" Z="0"/>
					<Vertex X="100139" Y="36071" Z="0"/>
					<Vertex X="100178" Y="36110" Z="0"/>
					<Vertex X="100238" Y="36209" Z="0"/>
					<Vertex X="100257" Y="36229" Z="0"/>
					<Vertex X="100277" Y="36308" Z="0"/>
					<Vertex X="100297" Y="36368" Z="0"/>
					<Vertex X="100297" Y="36427" Z="0"/>
					<Vertex X="100356" Y="36546" Z="0"/>
					<Vertex X="100376" Y="36605" Z="0"/>
					<Vertex X="100376" Y="36645" Z="0"/>
					<Vertex X="100396" Y="36664" Z="0"/>
					<Vertex X="100396" Y="36704" Z="0"/>
					<Vertex X="100416" Y="36783" Z="0"/>
					<Vertex X="100416" Y="36803" Z="0"/>
					<Vertex X="100396" Y="36803" Z="0"/>
					<Vertex X="100455" Y="36922" Z="0"/>
					<Vertex X="100455" Y="36941" Z="0"/>
					<Vertex X="100495" Y="37001" Z="0"/>
					<Vertex X="100515" Y="37020" Z="0"/>
					<Vertex X="100534" Y="37040" Z="0"/>
					<Vertex X="100574" Y="37080" Z="0"/>
					<Vertex X="100614" Y="37119" Z="0"/>
					<Vertex X="100653" Y="37139" Z="0"/>
					<Vertex X="100673" Y="37159" Z="0"/>
					<Vertex X="100693" Y="37159" Z="0"/>
					<Vertex X="100712" Y="37199" Z="0"/>
					<Vertex X="100732" Y="37199" Z="0"/>
					<Vertex X="100792" Y="37238" Z="0"/>
					<Vertex X="100831" Y="37297" Z="0"/>
					<Vertex X="100851" Y="37317" Z="0"/>
					<Vertex X="100891" Y="37357" Z="0"/>
					<Vertex X="100891" Y="37396" Z="0"/>
					<Vertex X="100910" Y="37396" Z="0"/>
					<Vertex X="100930" Y="37456" Z="0"/>
					<Vertex X="100930" Y="37495" Z="0"/>
					<Vertex X="100891" Y="37495" Z="0"/>
					<Vertex X="100930" Y="37574" Z="0"/>
					<Vertex X="100930" Y="37614" Z="0"/>
					<Vertex X="100930" Y="37654" Z="0"/>
					<Vertex X="100930" Y="37693" Z="0"/>
					<Vertex X="100930" Y="37713" Z="0"/>
					<Vertex X="100891" Y="37733" Z="0"/>
					<Vertex X="100930" Y="37772" Z="0"/>
					<Vertex X="100930" Y="37812" Z="0"/>
					<Vertex X="100930" Y="37832" Z="0"/>
					<Vertex X="100930" Y="37851" Z="0"/>
					<Vertex X="100930" Y="37871" Z="0"/>
					<Vertex X="100930" Y="37911" Z="0"/>
					<Vertex X="100930" Y="37931" Z="0"/>
					<Vertex X="100930" Y="37970" Z="0"/>
					<Vertex X="100871" Y="37970" Z="0"/>
					<Vertex X="100871" Y="38049" Z="0"/>
					<Vertex X="100811" Y="38030" Z="0"/>
					<Vertex X="100811" Y="38109" Z="0"/>
					<Vertex X="100732" Y="38109" Z="0"/>
					<Vertex X="100752" Y="38148" Z="0"/>
					<Vertex X="100732" Y="38168" Z="0"/>
					<Vertex X="100712" Y="38188" Z="0"/>
					<Vertex X="100693" Y="38208" Z="0"/>
					<Vertex X="100633" Y="38188" Z="0"/>
					<Vertex X="100653" Y="38247" Z="0"/>
					<Vertex X="100574" Y="38227" Z="0"/>
					<Vertex X="100614" Y="38267" Z="0"/>
					<Vertex X="100594" Y="38287" Z="0"/>
					<Vertex X="100574" Y="38307" Z="0"/>
					<Vertex X="100534" Y="38346" Z="0"/>
					<Vertex X="100495" Y="38366" Z="0"/>
					<Vertex X="100435" Y="38406" Z="0"/>
					<Vertex X="100396" Y="38445" Z="0"/>
					<Vertex X="100337" Y="38485" Z="0"/>
					<Vertex X="100277" Y="38504" Z="0"/>
					<Vertex X="100257" Y="38524" Z="0"/>
					<Vertex X="100218" Y="38564" Z="0"/>
					<Vertex X="100158" Y="38603" Z="0"/>
					<Vertex X="100079" Y="38663" Z="0"/>
					<Vertex X="100040" Y="38683" Z="0"/>
					<Vertex X="100020" Y="38702" Z="0"/>
					<Vertex X="100000" Y="38722" Z="0"/>
					<Vertex X="99980" Y="38722" Z="0"/>
					<Vertex X="99961" Y="38762" Z="0"/>
					<Vertex X="99941" Y="38781" Z="0"/>
					<Vertex X="99921" Y="38801" Z="0"/>
					<Vertex X="99921" Y="38821" Z="0"/>
					<Vertex X="99901" Y="38821" Z="0"/>
					<Vertex X="99842" Y="38801" Z="0"/>
					<Vertex X="99842" Y="38900" Z="0"/>
					<Vertex X="99822" Y="38940" Z="0"/>
					<Vertex X="99763" Y="38999" Z="0"/>
					<Vertex X="99723" Y="39039" Z="0"/>
					<Vertex X="99703" Y="39058" Z="0"/>
					<Vertex X="99604" Y="39157" Z="0"/>
					<Vertex X="99545" Y="39217" Z="0"/>
					<Vertex X="99506" Y="39177" Z="0"/>
					<Vertex X="99486" Y="39276" Z="0"/>
					<Vertex X="99466" Y="39296" Z="0"/>
					<Vertex X="99446" Y="39316" Z="0"/>
					<Vertex X="99407" Y="39375" Z="0"/>
					<Vertex X="99387" Y="39395" Z="0"/>
					<Vertex X="99367" Y="39434" Z="0"/>
					<Vertex X="99327" Y="39474" Z="0"/>
					<Vertex X="99308" Y="39494" Z="0"/>
					<Vertex X="99268" Y="39573" Z="0"/>
					<Vertex X="99189" Y="39573" Z="0"/>
					<Vertex X="99189" Y="39672" Z="0"/>
					<Vertex X="99149" Y="39632" Z="0"/>
					<Vertex X="99169" Y="39692" Z="0"/>
					<Vertex X="99149" Y="39731" Z="0"/>
					<Vertex X="99090" Y="39711" Z="0"/>
					<Vertex X="99070" Y="39731" Z="0"/>
					<Vertex X="99070" Y="39810" Z="0"/>
					<Vertex X="99011" Y="39830" Z="0"/>
					<Vertex X="98991" Y="39850" Z="0"/>
					<Vertex X="98912" Y="39870" Z="0"/>
					<Vertex X="98892" Y="39889" Z="0"/>
					<Vertex X="98833" Y="39909" Z="0"/>
					<Vertex X="98793" Y="39909" Z="0"/>
					<Vertex X="98734" Y="39929" Z="0"/>
					<Vertex X="98714" Y="39929" Z="0"/>
					<Vertex X="98694" Y="39929" Z="0"/>
					<Vertex X="98655" Y="39929" Z="0"/>
					<Vertex X="98615" Y="39889" Z="0"/>
					<Vertex X="98615" Y="39949" Z="0"/>
					<Vertex X="98576" Y="39969" Z="0"/>
					<Vertex X="98516" Y="39929" Z="0"/>
					<Vertex X="98536" Y="39969" Z="0"/>
					<Vertex X="98516" Y="39969" Z="0"/>
					<Vertex X="98457" Y="39988" Z="0"/>
					<Vertex X="98437" Y="39988" Z="0"/>
					<Vertex X="98417" Y="39988" Z="0"/>
					<Vertex X="98378" Y="39988" Z="0"/>
					<Vertex X="98318" Y="39988" Z="0"/>
					<Vertex X="98299" Y="39988" Z="0"/>
					<Vertex X="98259" Y="39969" Z="0"/>
					<Vertex X="98200" Y="39969" Z="0"/>
					<Vertex X="98180" Y="39949" Z="0"/>
					<Vertex X="98160" Y="39949" Z="0"/>
					<Vertex X="98101" Y="39909" Z="0"/>
					<Vertex X="98061" Y="39889" Z="0"/>
					<Vertex X="98041" Y="39870" Z="0"/>
					<Vertex X="98002" Y="39830" Z="0"/>
					<Vertex X="97982" Y="39791" Z="0"/>
					<Vertex X="97942" Y="39751" Z="0"/>
					<Vertex X="97942" Y="39731" Z="0"/>
					<Vertex X="97942" Y="39711" Z="0"/>
					<Vertex X="97942" Y="39672" Z="0"/>
					<Vertex X="97942" Y="39652" Z="0"/>
					<Vertex X="97942" Y="39632" Z="0"/>
					<Vertex X="97942" Y="39612" Z="0"/>
					<Vertex X="97942" Y="39553" Z="0"/>
					<Vertex X="97903" Y="39494" Z="0"/>
					<Vertex X="97942" Y="39494" Z="0"/>
					<Vertex X="97942" Y="39474" Z="0"/>
					<Vertex X="97942" Y="39454" Z="0"/>
					<Vertex X="97962" Y="39434" Z="0"/>
					<Vertex X="97962" Y="39395" Z="0"/>
					<Vertex X="97962" Y="39375" Z="0"/>
					<Vertex X="97962" Y="39335" Z="0"/>
					<Vertex X="97962" Y="39316" Z="0"/>
					<Vertex X="97962" Y="39296" Z="0"/>
					<Vertex X="97962" Y="39276" Z="0"/>
					<Vertex X="97962" Y="39256" Z="0"/>
					<Vertex X="97962" Y="39237" Z="0"/>
					<Vertex X="97962" Y="39197" Z="0"/>
					<Vertex X="97962" Y="39177" Z="0"/>
					<Vertex X="97942" Y="39157" Z="0"/>
					<Vertex X="97923" Y="39118" Z="0"/>
					<Vertex X="97923" Y="39098" Z="0"/>
					<Vertex X="97903" Y="39058" Z="0"/>
					<Vertex X="97903" Y="39039" Z="0"/>
					<Vertex X="97863" Y="38999" Z="0"/>
					<Vertex X="97843" Y="38960" Z="0"/>
					<Vertex X="97824" Y="38920" Z="0"/>
					<Vertex X="97804" Y="38920" Z="0"/>
					<Vertex X="97784" Y="38880" Z="0"/>
					<Vertex X="97764" Y="38880" Z="0"/>
					<Vertex X="97745" Y="38841" Z="0"/>
					<Vertex X="97725" Y="38841" Z="0"/>
					<Vertex X="97665" Y="38762" Z="0"/>
					<Vertex X="97646" Y="38722" Z="0"/>
					<Vertex X="97606" Y="38643" Z="0"/>
					<Vertex X="97606" Y="38603" Z="0"/>
					<Vertex X="97586" Y="38584" Z="0"/>
					<Vertex X="97586" Y="38544" Z="0"/>
					<Vertex X="97566" Y="38504" Z="0"/>
					<Vertex X="97527" Y="38465" Z="0"/>
					<Vertex X="97566" Y="38465" Z="0"/>
					<Vertex X="97547" Y="38425" Z="0"/>
					<Vertex X="97547" Y="38406" Z="0"/>
					<Vertex X="97527" Y="38386" Z="0"/>
					<Vertex X="97507" Y="38366" Z="0"/>
					<Vertex X="97507" Y="38326" Z="0"/>
					<Vertex X="97468" Y="38267" Z="0"/>
					<Vertex X="97448" Y="38227" Z="0"/>
					<Vertex X="97448" Y="38208" Z="0"/>
					<Vertex X="97408" Y="38148" Z="0"/>
					<Vertex X="97369" Y="38089" Z="0"/>
					<Vertex X="97388" Y="38089" Z="0"/>
					<Vertex X="97369" Y="38049" Z="0"/>
					<Vertex X="97369" Y="38030" Z="0"/>
					<Vertex X="97369" Y="37970" Z="0"/>
					<Vertex X="97369" Y="37950" Z="0"/>
					<Vertex X="97369" Y="37911" Z="0"/>
					<Vertex X="97369" Y="37851" Z="0"/>
					<Vertex X="97369" Y="37812" Z="0"/>
					<Vertex X="97369" Y="37733" Z="0"/>
					<Vertex X="97369" Y="37713" Z="0"/>
					<Vertex X="97369" Y="37673" Z="0"/>
					<Vertex X="97329" Y="37594" Z="0"/>
					<Vertex X="97388" Y="37594" Z="0"/>
					<Vertex X="97388" Y="37574" Z="0"/>
					<Vertex X="97388" Y="37555" Z="0"/>
					<Vertex X="97388" Y="37515" Z="0"/>
					<Vertex X="97388" Y="37495" Z="0"/>
					<Vertex X="97388" Y="37476" Z="0"/>
					<Vertex X="97408" Y="37456" Z="0"/>
					<Vertex X="97369" Y="37396" Z="0"/>
					<Vertex X="97408" Y="37436" Z="0"/>
					<Vertex X="97408" Y="37416" Z="0"/>
					<Vertex X="97428" Y="37416" Z="0"/>
					<Vertex X="97388" Y="37377" Z="0"/>
					<Vertex X="97428" Y="37396" Z="0"/>
					<Vertex X="97388" Y="37357" Z="0"/>
					<Vertex X="97408" Y="37357" Z="0"/>
					<Vertex X="97448" Y="37396" Z="0"/>
					<Vertex X="97448" Y="37337" Z="0"/>
				</Vertices>
			</Region>
			<Region Id="5" Type="0" Zoom="0.050000" Selected="1" ImageLocation="" ImageFocus="-1" Length="14991.1" Area="5842724.0" LengthMicrons="3788.3" AreaMicrons="373100.5" Text="" NegativeROA="0" InputRegionId="0" Analyze="1" DisplayId="5">
				<Attributes/>
				<Vertices>
					<Vertex X="91452" Y="40938" Z="0"/>
					<Vertex X="91472" Y="40958" Z="0"/>
					<Vertex X="91492" Y="40958" Z="0"/>
					<Vertex X="91512" Y="40938" Z="0"/>
					<Vertex X="91532" Y="40918" Z="0"/>
					<Vertex X="91532" Y="40859" Z="0"/>
					<Vertex X="91551" Y="40819" Z="0"/>
					<Vertex X="91611" Y="40859" Z="0"/>
					<Vertex X="91591" Y="40800" Z="0"/>
					<Vertex X="91611" Y="40800" Z="0"/>
					<Vertex X="91690" Y="40800" Z="0"/>
					<Vertex X="91729" Y="40780" Z="0"/>
					<Vertex X="91749" Y="40760" Z="0"/>
					<Vertex X="91809" Y="40721" Z="0"/>
					<Vertex X="91868" Y="40701" Z="0"/>
					<Vertex X="91888" Y="40681" Z="0"/>
					<Vertex X="91947" Y="40641" Z="0"/>
					<Vertex X="91967" Y="40641" Z="0"/>
					<Vertex X="91967" Y="40582" Z="0"/>
					<Vertex X="92086" Y="40582" Z="0"/>
					<Vertex X="92105" Y="40562" Z="0"/>
					<Vertex X="92165" Y="40523" Z="0"/>
					<Vertex X="92204" Y="40483" Z="0"/>
					<Vertex X="92165" Y="40424" Z="0"/>
					<Vertex X="92244" Y="40443" Z="0"/>
					<Vertex X="92303" Y="40384" Z="0"/>
					<Vertex X="92303" Y="40305" Z="0"/>
					<Vertex X="92363" Y="40345" Z="0"/>
					<Vertex X="92402" Y="40325" Z="0"/>
					<Vertex X="92442" Y="40305" Z="0"/>
					<Vertex X="92501" Y="40305" Z="0"/>
					<Vertex X="92501" Y="40285" Z="0"/>
					<Vertex X="92561" Y="40285" Z="0"/>
					<Vertex X="92580" Y="40226" Z="0"/>
					<Vertex X="92659" Y="40265" Z="0"/>
					<Vertex X="92679" Y="40226" Z="0"/>
					<Vertex X="92699" Y="40206" Z="0"/>
					<Vertex X="92778" Y="40246" Z="0"/>
					<Vertex X="92818" Y="40226" Z="0"/>
					<Vertex X="92857" Y="40226" Z="0"/>
					<Vertex X="92857" Y="40186" Z="0"/>
					<Vertex X="92917" Y="40166" Z="0"/>
					<Vertex X="93055" Y="40186" Z="0"/>
					<Vertex X="93095" Y="40186" Z="0"/>
					<Vertex X="93174" Y="40166" Z="0"/>
					<Vertex X="93194" Y="40166" Z="0"/>
					<Vertex X="93312" Y="40166" Z="0"/>
					<Vertex X="93352" Y="40166" Z="0"/>
					<Vertex X="93431" Y="40166" Z="0"/>
					<Vertex X="93570" Y="40166" Z="0"/>
					<Vertex X="93609" Y="40166" Z="0"/>
					<Vertex X="93609" Y="40127" Z="0"/>
					<Vertex X="93708" Y="40166" Z="0"/>
					<Vertex X="93767" Y="40166" Z="0"/>
					<Vertex X="93787" Y="40166" Z="0"/>
					<Vertex X="93807" Y="40166" Z="0"/>
					<Vertex X="93866" Y="40147" Z="0"/>
					<Vertex X="93886" Y="40147" Z="0"/>
					<Vertex X="94005" Y="40087" Z="0"/>
					<Vertex X="94143" Y="40068" Z="0"/>
					<Vertex X="94203" Y="40048" Z="0"/>
					<Vertex X="94223" Y="40008" Z="0"/>
					<Vertex X="94321" Y="40048" Z="0"/>
					<Vertex X="94381" Y="40048" Z="0"/>
					<Vertex X="94420" Y="40048" Z="0"/>
					<Vertex X="94500" Y="40048" Z="0"/>
					<Vertex X="94598" Y="40048" Z="0"/>
					<Vertex X="94717" Y="40068" Z="0"/>
					<Vertex X="94757" Y="40068" Z="0"/>
					<Vertex X="94816" Y="40087" Z="0"/>
					<Vertex X="94895" Y="40127" Z="0"/>
					<Vertex X="94895" Y="40087" Z="0"/>
					<Vertex X="94994" Y="40147" Z="0"/>
					<Vertex X="95014" Y="40166" Z="0"/>
					<Vertex X="95014" Y="40147" Z="0"/>
					<Vertex X="95093" Y="40206" Z="0"/>
					<Vertex X="95113" Y="40206" Z="0"/>
					<Vertex X="95192" Y="40246" Z="0"/>
					<Vertex X="95232" Y="40265" Z="0"/>
					<Vertex X="95271" Y="40265" Z="0"/>
					<Vertex X="95410" Y="40345" Z="0"/>
					<Vertex X="95430" Y="40345" Z="0"/>
					<Vertex X="95449" Y="40364" Z="0"/>
					<Vertex X="95469" Y="40364" Z="0"/>
					<Vertex X="95509" Y="40384" Z="0"/>
					<Vertex X="95528" Y="40404" Z="0"/>
					<Vertex X="95528" Y="40384" Z="0"/>
					<Vertex X="95608" Y="40463" Z="0"/>
					<Vertex X="95608" Y="40463" Z="0"/>
					<Vertex X="95627" Y="40463" Z="0"/>
					<Vertex X="95687" Y="40523" Z="0"/>
					<Vertex X="95707" Y="40542" Z="0"/>
					<Vertex X="95726" Y="40582" Z="0"/>
					<Vertex X="95746" Y="40582" Z="0"/>
					<Vertex X="95746" Y="40602" Z="0"/>
					<Vertex X="95766" Y="40622" Z="0"/>
					<Vertex X="95766" Y="40641" Z="0"/>
					<Vertex X="95786" Y="40661" Z="0"/>
					<Vertex X="95786" Y="40681" Z="0"/>
					<Vertex X="95786" Y="40701" Z="0"/>
					<Vertex X="95786" Y="40721" Z="0"/>
					<Vertex X="95786" Y="40760" Z="0"/>
					<Vertex X="95786" Y="40780" Z="0"/>
					<Vertex X="95786" Y="40800" Z="0"/>
					<Vertex X="95746" Y="40839" Z="0"/>
					<Vertex X="95746" Y="40859" Z="0"/>
					<Vertex X="95726" Y="40879" Z="0"/>
					<Vertex X="95707" Y="40899" Z="0"/>
					<Vertex X="95627" Y="40899" Z="0"/>
					<Vertex X="95627" Y="40958" Z="0"/>
					<Vertex X="95608" Y="40978" Z="0"/>
					<Vertex X="95548" Y="40938" Z="0"/>
					<Vertex X="95568" Y="40998" Z="0"/>
					<Vertex X="95528" Y="40998" Z="0"/>
					<Vertex X="95489" Y="40998" Z="0"/>
					<Vertex X="95410" Y="40958" Z="0"/>
					<Vertex X="95430" Y="40998" Z="0"/>
					<Vertex X="95390" Y="40998" Z="0"/>
					<Vertex X="95350" Y="40998" Z="0"/>
					<Vertex X="95331" Y="40998" Z="0"/>
					<Vertex X="95311" Y="40998" Z="0"/>
					<Vertex X="95271" Y="40978" Z="0"/>
					<Vertex X="95192" Y="40938" Z="0"/>
					<Vertex X="95192" Y="40958" Z="0"/>
					<Vertex X="95153" Y="40938" Z="0"/>
					<Vertex X="95093" Y="40899" Z="0"/>
					<Vertex X="95073" Y="40899" Z="0"/>
					<Vertex X="95073" Y="40918" Z="0"/>
					<Vertex X="95054" Y="40918" Z="0"/>
					<Vertex X="95014" Y="40918" Z="0"/>
					<Vertex X="94974" Y="40899" Z="0"/>
					<Vertex X="94955" Y="40899" Z="0"/>
					<Vertex X="94915" Y="40899" Z="0"/>
					<Vertex X="94856" Y="40859" Z="0"/>
					<Vertex X="94856" Y="40899" Z="0"/>
					<Vertex X="94816" Y="40899" Z="0"/>
					<Vertex X="94757" Y="40899" Z="0"/>
					<Vertex X="94737" Y="40899" Z="0"/>
					<Vertex X="94717" Y="40899" Z="0"/>
					<Vertex X="94697" Y="40899" Z="0"/>
					<Vertex X="94678" Y="40899" Z="0"/>
					<Vertex X="94658" Y="40899" Z="0"/>
					<Vertex X="94638" Y="40899" Z="0"/>
					<Vertex X="94618" Y="40899" Z="0"/>
					<Vertex X="94598" Y="40899" Z="0"/>
					<Vertex X="94579" Y="40899" Z="0"/>
					<Vertex X="94559" Y="40918" Z="0"/>
					<Vertex X="94539" Y="40918" Z="0"/>
					<Vertex X="94519" Y="40938" Z="0"/>
					<Vertex X="94519" Y="40958" Z="0"/>
					<Vertex X="94500" Y="40958" Z="0"/>
					<Vertex X="94500" Y="40978" Z="0"/>
					<Vertex X="94480" Y="40998" Z="0"/>
					<Vertex X="94480" Y="41017" Z="0"/>
					<Vertex X="94480" Y="41037" Z="0"/>
					<Vertex X="94480" Y="41057" Z="0"/>
					<Vertex X="94480" Y="41077" Z="0"/>
					<Vertex X="94480" Y="41116" Z="0"/>
					<Vertex X="94480" Y="41136" Z="0"/>
					<Vertex X="94480" Y="41156" Z="0"/>
					<Vertex X="94460" Y="41156" Z="0"/>
					<Vertex X="94500" Y="41215" Z="0"/>
					<Vertex X="94500" Y="41235" Z="0"/>
					<Vertex X="94519" Y="41235" Z="0"/>
					<Vertex X="94519" Y="41275" Z="0"/>
					<Vertex X="94519" Y="41294" Z="0"/>
					<Vertex X="94559" Y="41354" Z="0"/>
					<Vertex X="94559" Y="41373" Z="0"/>
					<Vertex X="94559" Y="41393" Z="0"/>
					<Vertex X="94559" Y="41413" Z="0"/>
					<Vertex X="94559" Y="41433" Z="0"/>
					<Vertex X="94559" Y="41453" Z="0"/>
					<Vertex X="94519" Y="41453" Z="0"/>
					<Vertex X="94559" Y="41512" Z="0"/>
					<Vertex X="94559" Y="41532" Z="0"/>
					<Vertex X="94559" Y="41552" Z="0"/>
					<Vertex X="94559" Y="41571" Z="0"/>
					<Vertex X="94539" Y="41571" Z="0"/>
					<Vertex X="94539" Y="41591" Z="0"/>
					<Vertex X="94539" Y="41611" Z="0"/>
					<Vertex X="94519" Y="41631" Z="0"/>
					<Vertex X="94500" Y="41650" Z="0"/>
					<Vertex X="94480" Y="41690" Z="0"/>
					<Vertex X="94460" Y="41730" Z="0"/>
					<Vertex X="94440" Y="41769" Z="0"/>
					<Vertex X="94401" Y="41809" Z="0"/>
					<Vertex X="94381" Y="41848" Z="0"/>
					<Vertex X="94321" Y="41848" Z="0"/>
					<Vertex X="94321" Y="41947" Z="0"/>
					<Vertex X="94321" Y="41967" Z="0"/>
					<Vertex X="94282" Y="41987" Z="0"/>
					<Vertex X="94262" Y="42026" Z="0"/>
					<Vertex X="94203" Y="42026" Z="0"/>
					<Vertex X="94203" Y="42106" Z="0"/>
					<Vertex X="94183" Y="42125" Z="0"/>
					<Vertex X="94183" Y="42145" Z="0"/>
					<Vertex X="94143" Y="42165" Z="0"/>
					<Vertex X="94143" Y="42185" Z="0"/>
					<Vertex X="94124" Y="42204" Z="0"/>
					<Vertex X="94104" Y="42204" Z="0"/>
					<Vertex X="94084" Y="42224" Z="0"/>
					<Vertex X="94044" Y="42244" Z="0"/>
					<Vertex X="94005" Y="42284" Z="0"/>
					<Vertex X="93946" Y="42244" Z="0"/>
					<Vertex X="93946" Y="42303" Z="0"/>
					<Vertex X="93926" Y="42303" Z="0"/>
					<Vertex X="93886" Y="42323" Z="0"/>
					<Vertex X="93807" Y="42343" Z="0"/>
					<Vertex X="93787" Y="42363" Z="0"/>
					<Vertex X="93708" Y="42363" Z="0"/>
					<Vertex X="93688" Y="42363" Z="0"/>
					<Vertex X="93649" Y="42363" Z="0"/>
					<Vertex X="93589" Y="42363" Z="0"/>
					<Vertex X="93510" Y="42343" Z="0"/>
					<Vertex X="93451" Y="42323" Z="0"/>
					<Vertex X="93431" Y="42303" Z="0"/>
					<Vertex X="93372" Y="42284" Z="0"/>
					<Vertex X="93372" Y="42264" Z="0"/>
					<Vertex X="93312" Y="42224" Z="0"/>
					<Vertex X="93273" Y="42204" Z="0"/>
					<Vertex X="93233" Y="42165" Z="0"/>
					<Vertex X="93213" Y="42165" Z="0"/>
					<Vertex X="93174" Y="42125" Z="0"/>
					<Vertex X="93134" Y="42086" Z="0"/>
					<Vertex X="93134" Y="42066" Z="0"/>
					<Vertex X="93075" Y="42046" Z="0"/>
					<Vertex X="93075" Y="42026" Z="0"/>
					<Vertex X="93035" Y="42007" Z="0"/>
					<Vertex X="93016" Y="42007" Z="0"/>
					<Vertex X="92996" Y="41987" Z="0"/>
					<Vertex X="92976" Y="41967" Z="0"/>
					<Vertex X="92956" Y="41947" Z="0"/>
					<Vertex X="92956" Y="41927" Z="0"/>
					<Vertex X="92956" Y="41908" Z="0"/>
					<Vertex X="92936" Y="41868" Z="0"/>
					<Vertex X="92917" Y="41848" Z="0"/>
					<Vertex X="92838" Y="41789" Z="0"/>
					<Vertex X="92798" Y="41769" Z="0"/>
					<Vertex X="92739" Y="41730" Z="0"/>
					<Vertex X="92679" Y="41710" Z="0"/>
					<Vertex X="92640" Y="41690" Z="0"/>
					<Vertex X="92620" Y="41670" Z="0"/>
					<Vertex X="92541" Y="41650" Z="0"/>
					<Vertex X="92462" Y="41591" Z="0"/>
					<Vertex X="92462" Y="41611" Z="0"/>
					<Vertex X="92422" Y="41611" Z="0"/>
					<Vertex X="92402" Y="41611" Z="0"/>
					<Vertex X="92363" Y="41591" Z="0"/>
					<Vertex X="92343" Y="41591" Z="0"/>
					<Vertex X="92303" Y="41591" Z="0"/>
					<Vertex X="92244" Y="41591" Z="0"/>
					<Vertex X="92204" Y="41591" Z="0"/>
					<Vertex X="92185" Y="41591" Z="0"/>
					<Vertex X="92165" Y="41611" Z="0"/>
					<Vertex X="92105" Y="41591" Z="0"/>
					<Vertex X="92105" Y="41650" Z="0"/>
					<Vertex X="92066" Y="41670" Z="0"/>
					<Vertex X="92046" Y="41710" Z="0"/>
					<Vertex X="92006" Y="41749" Z="0"/>
					<Vertex X="91987" Y="41769" Z="0"/>
					<Vertex X="91947" Y="41789" Z="0"/>
					<Vertex X="91927" Y="41789" Z="0"/>
					<Vertex X="91828" Y="41769" Z="0"/>
					<Vertex X="91848" Y="41829" Z="0"/>
					<Vertex X="91789" Y="41829" Z="0"/>
					<Vertex X="91749" Y="41829" Z="0"/>
					<Vertex X="91690" Y="41829" Z="0"/>
					<Vertex X="91650" Y="41809" Z="0"/>
					<Vertex X="91611" Y="41789" Z="0"/>
					<Vertex X="91571" Y="41749" Z="0"/>
					<Vertex X="91314" Y="40998" Z="0"/>
					<Vertex X="91334" Y="41017" Z="0"/>
					<Vertex X="91354" Y="41017" Z="0"/>
					<Vertex X="91393" Y="41037" Z="0"/>
					<Vertex X="91413" Y="41037" Z="0"/>
					<Vertex X="91373" Y="40978" Z="0"/>
					<Vertex X="91433" Y="41017" Z="0"/>
					<Vertex X="91393" Y="40978" Z="0"/>
					<Vertex X="91452" Y="41017" Z="0"/>
					<Vertex X="91472" Y="41017" Z="0"/>
					<Vertex X="91492" Y="41017" Z="0"/>
					<Vertex X="91492" Y="40998" Z="0"/>
					<Vertex X="91452" Y="40958" Z="0"/>
					<Vertex X="91512" Y="40998" Z="0"/>
					<Vertex X="91532" Y="40998" Z="0"/>
					<Vertex X="91492" Y="40958" Z="0"/>
					<Vertex X="91551" Y="40998" Z="0"/>
					<Vertex X="91512" Y="40958" Z="0"/>
					<Vertex X="91354" Y="41037" Z="0"/>
					<Vertex X="91354" Y="41057" Z="0"/>
					<Vertex X="91314" Y="41037" Z="0"/>
					<Vertex X="91354" Y="41077" Z="0"/>
					<Vertex X="91314" Y="41037" Z="0"/>
					<Vertex X="91354" Y="41096" Z="0"/>
					<Vertex X="91373" Y="41116" Z="0"/>
					<Vertex X="91373" Y="41136" Z="0"/>
					<Vertex X="91373" Y="41156" Z="0"/>
					<Vertex X="91373" Y="41176" Z="0"/>
					<Vertex X="91373" Y="41195" Z="0"/>
					<Vertex X="91373" Y="41215" Z="0"/>
					<Vertex X="91373" Y="41235" Z="0"/>
					<Vertex X="91393" Y="41255" Z="0"/>
					<Vertex X="91393" Y="41275" Z="0"/>
					<Vertex X="91393" Y="41294" Z="0"/>
					<Vertex X="91393" Y="41314" Z="0"/>
					<Vertex X="91413" Y="41334" Z="0"/>
					<Vertex X="91413" Y="41373" Z="0"/>
					<Vertex X="91433" Y="41393" Z="0"/>
					<Vertex X="91433" Y="41413" Z="0"/>
					<Vertex X="91472" Y="41453" Z="0"/>
					<Vertex X="91472" Y="41492" Z="0"/>
					<Vertex X="91492" Y="41512" Z="0"/>
					<Vertex X="91492" Y="41552" Z="0"/>
					<Vertex X="91512" Y="41591" Z="0"/>
					<Vertex X="91512" Y="41631" Z="0"/>
					<Vertex X="91532" Y="41650" Z="0"/>
					<Vertex X="91551" Y="41670" Z="0"/>
					<Vertex X="91551" Y="41690" Z="0"/>
					<Vertex X="91551" Y="41710" Z="0"/>
					<Vertex X="91532" Y="41710" Z="0"/>
				</Vertices>
			</Region>
		</Regions>
		<Plots/>
	</Annotation>
</Annotations>
