<Annotations MicronsPerPixel="0.252700">
	<Annotation Id="1" Name="" ReadOnly="0" NameReadOnly="0" LineColorReadOnly="0" Incremental="0" Type="4" LineColor="16776960" Visible="1" Selected="1" MarkupImagePath="" MacroName="">
		<Attributes/>
		<Regions>
			<RegionAttributeHeaders/>
			<Region Id="1" Type="0" Zoom="0.015923" Selected="0" ImageLocation="" ImageFocus="-1" Length="75505.8" Area="284462369.0" LengthMicrons="19080.3" AreaMicrons="18164996.1" Text="" NegativeROA="0" InputRegionId="0" Analyze="1" DisplayId="1">
				<Attributes/>
				<Vertices>
					<Vertex X="13669" Y="19323" Z="0"/>
					<Vertex X="14787" Y="19199" Z="0"/>
					<Vertex X="15222" Y="19136" Z="0"/>
					<Vertex X="15657" Y="19136" Z="0"/>
					<Vertex X="15968" Y="19136" Z="0"/>
					<Vertex X="16216" Y="19136" Z="0"/>
					<Vertex X="16465" Y="19136" Z="0"/>
					<Vertex X="16651" Y="19136" Z="0"/>
					<Vertex X="16776" Y="19136" Z="0"/>
					<Vertex X="16838" Y="19136" Z="0"/>
					<Vertex X="16900" Y="19136" Z="0"/>
					<Vertex X="17086" Y="19136" Z="0"/>
					<Vertex X="17397" Y="19136" Z="0"/>
					<Vertex X="17708" Y="19199" Z="0"/>
					<Vertex X="17894" Y="19199" Z="0"/>
					<Vertex X="18018" Y="19199" Z="0"/>
					<Vertex X="18080" Y="19261" Z="0"/>
					<Vertex X="18205" Y="19261" Z="0"/>
					<Vertex X="18267" Y="19261" Z="0"/>
					<Vertex X="18329" Y="19261" Z="0"/>
					<Vertex X="18577" Y="19261" Z="0"/>
					<Vertex X="18888" Y="19136" Z="0"/>
					<Vertex X="19447" Y="18950" Z="0"/>
					<Vertex X="19696" Y="18826" Z="0"/>
					<Vertex X="19820" Y="18764" Z="0"/>
					<Vertex X="19944" Y="18702" Z="0"/>
					<Vertex X="20007" Y="18577" Z="0"/>
					<Vertex X="20131" Y="18515" Z="0"/>
					<Vertex X="20193" Y="18453" Z="0"/>
					<Vertex X="20255" Y="18453" Z="0"/>
					<Vertex X="20255" Y="18391" Z="0"/>
					<Vertex X="20317" Y="18267" Z="0"/>
					<Vertex X="20379" Y="18267" Z="0"/>
					<Vertex X="20441" Y="18204" Z="0"/>
					<Vertex X="20441" Y="18080" Z="0"/>
					<Vertex X="20504" Y="18080" Z="0"/>
					<Vertex X="20504" Y="17956" Z="0"/>
					<Vertex X="20566" Y="17956" Z="0"/>
					<Vertex X="20628" Y="17894" Z="0"/>
					<Vertex X="20628" Y="17832" Z="0"/>
					<Vertex X="20690" Y="17707" Z="0"/>
					<Vertex X="20752" Y="17645" Z="0"/>
					<Vertex X="20814" Y="17521" Z="0"/>
					<Vertex X="20876" Y="17459" Z="0"/>
					<Vertex X="20939" Y="17335" Z="0"/>
					<Vertex X="21001" Y="17272" Z="0"/>
					<Vertex X="21063" Y="17148" Z="0"/>
					<Vertex X="21125" Y="17086" Z="0"/>
					<Vertex X="21125" Y="16962" Z="0"/>
					<Vertex X="21249" Y="16900" Z="0"/>
					<Vertex X="21311" Y="16838" Z="0"/>
					<Vertex X="21373" Y="16713" Z="0"/>
					<Vertex X="21436" Y="16589" Z="0"/>
					<Vertex X="21498" Y="16527" Z="0"/>
					<Vertex X="21498" Y="16465" Z="0"/>
					<Vertex X="21560" Y="16465" Z="0"/>
					<Vertex X="21622" Y="16403" Z="0"/>
					<Vertex X="21622" Y="16341" Z="0"/>
					<Vertex X="21746" Y="16278" Z="0"/>
					<Vertex X="21746" Y="16154" Z="0"/>
					<Vertex X="21870" Y="16092" Z="0"/>
					<Vertex X="21870" Y="16030" Z="0"/>
					<Vertex X="21933" Y="16030" Z="0"/>
					<Vertex X="21995" Y="15968" Z="0"/>
					<Vertex X="22181" Y="15843" Z="0"/>
					<Vertex X="22305" Y="15719" Z="0"/>
					<Vertex X="22430" Y="15657" Z="0"/>
					<Vertex X="22492" Y="15657" Z="0"/>
					<Vertex X="22554" Y="15595" Z="0"/>
					<Vertex X="23175" Y="15781" Z="0"/>
					<Vertex X="23610" Y="15968" Z="0"/>
					<Vertex X="24045" Y="16216" Z="0"/>
					<Vertex X="24418" Y="16403" Z="0"/>
					<Vertex X="24542" Y="16465" Z="0"/>
					<Vertex X="24604" Y="16589" Z="0"/>
					<Vertex X="24666" Y="16589" Z="0"/>
					<Vertex X="24729" Y="16775" Z="0"/>
					<Vertex X="24915" Y="17272" Z="0"/>
					<Vertex X="25039" Y="17397" Z="0"/>
					<Vertex X="25039" Y="17521" Z="0"/>
					<Vertex X="25163" Y="17645" Z="0"/>
					<Vertex X="25163" Y="17770" Z="0"/>
					<Vertex X="25226" Y="17832" Z="0"/>
					<Vertex X="25226" Y="17894" Z="0"/>
					<Vertex X="25226" Y="17956" Z="0"/>
					<Vertex X="25226" Y="18018" Z="0"/>
					<Vertex X="25288" Y="18142" Z="0"/>
					<Vertex X="25288" Y="18453" Z="0"/>
					<Vertex X="25288" Y="18639" Z="0"/>
					<Vertex X="25288" Y="18764" Z="0"/>
					<Vertex X="25288" Y="18888" Z="0"/>
					<Vertex X="25350" Y="19074" Z="0"/>
					<Vertex X="25350" Y="19199" Z="0"/>
					<Vertex X="25350" Y="19323" Z="0"/>
					<Vertex X="25350" Y="19447" Z="0"/>
					<Vertex X="25412" Y="19571" Z="0"/>
					<Vertex X="25412" Y="19696" Z="0"/>
					<Vertex X="25474" Y="19820" Z="0"/>
					<Vertex X="25474" Y="19944" Z="0"/>
					<Vertex X="25536" Y="20131" Z="0"/>
					<Vertex X="25598" Y="20317" Z="0"/>
					<Vertex X="25598" Y="20441" Z="0"/>
					<Vertex X="25661" Y="20565" Z="0"/>
					<Vertex X="25723" Y="20752" Z="0"/>
					<Vertex X="25785" Y="20938" Z="0"/>
					<Vertex X="25909" Y="21187" Z="0"/>
					<Vertex X="25971" Y="21311" Z="0"/>
					<Vertex X="26158" Y="21560" Z="0"/>
					<Vertex X="26220" Y="21684" Z="0"/>
					<Vertex X="26282" Y="21746" Z="0"/>
					<Vertex X="26344" Y="21870" Z="0"/>
					<Vertex X="26406" Y="21995" Z="0"/>
					<Vertex X="26468" Y="22119" Z="0"/>
					<Vertex X="26530" Y="22305" Z="0"/>
					<Vertex X="26655" Y="22492" Z="0"/>
					<Vertex X="26779" Y="22678" Z="0"/>
					<Vertex X="26903" Y="22864" Z="0"/>
					<Vertex X="26965" Y="22926" Z="0"/>
					<Vertex X="27090" Y="23113" Z="0"/>
					<Vertex X="27090" Y="23175" Z="0"/>
					<Vertex X="27152" Y="23299" Z="0"/>
					<Vertex X="27276" Y="23424" Z="0"/>
					<Vertex X="27338" Y="23548" Z="0"/>
					<Vertex X="27462" Y="23672" Z="0"/>
					<Vertex X="27524" Y="23796" Z="0"/>
					<Vertex X="27649" Y="23983" Z="0"/>
					<Vertex X="27773" Y="24107" Z="0"/>
					<Vertex X="27897" Y="24293" Z="0"/>
					<Vertex X="28084" Y="24480" Z="0"/>
					<Vertex X="28146" Y="24604" Z="0"/>
					<Vertex X="28270" Y="24666" Z="0"/>
					<Vertex X="28332" Y="24790" Z="0"/>
					<Vertex X="28456" Y="24977" Z="0"/>
					<Vertex X="28519" Y="25039" Z="0"/>
					<Vertex X="28581" Y="25163" Z="0"/>
					<Vertex X="28643" Y="25350" Z="0"/>
					<Vertex X="28767" Y="25474" Z="0"/>
					<Vertex X="28829" Y="25536" Z="0"/>
					<Vertex X="29016" Y="25785" Z="0"/>
					<Vertex X="29078" Y="25847" Z="0"/>
					<Vertex X="29140" Y="25909" Z="0"/>
					<Vertex X="29202" Y="26033" Z="0"/>
					<Vertex X="29326" Y="26219" Z="0"/>
					<Vertex X="29451" Y="26406" Z="0"/>
					<Vertex X="29637" Y="26592" Z="0"/>
					<Vertex X="29637" Y="26654" Z="0"/>
					<Vertex X="29699" Y="26717" Z="0"/>
					<Vertex X="29761" Y="26779" Z="0"/>
					<Vertex X="29761" Y="26841" Z="0"/>
					<Vertex X="29823" Y="26965" Z="0"/>
					<Vertex X="29885" Y="27089" Z="0"/>
					<Vertex X="29948" Y="27214" Z="0"/>
					<Vertex X="30072" Y="27462" Z="0"/>
					<Vertex X="30134" Y="27711" Z="0"/>
					<Vertex X="30258" Y="27835" Z="0"/>
					<Vertex X="30320" Y="27959" Z="0"/>
					<Vertex X="30383" Y="28021" Z="0"/>
					<Vertex X="30445" Y="28208" Z="0"/>
					<Vertex X="30445" Y="28270" Z="0"/>
					<Vertex X="30507" Y="28332" Z="0"/>
					<Vertex X="30569" Y="28394" Z="0"/>
					<Vertex X="30569" Y="28456" Z="0"/>
					<Vertex X="30569" Y="28518" Z="0"/>
					<Vertex X="30631" Y="28643" Z="0"/>
					<Vertex X="30693" Y="28767" Z="0"/>
					<Vertex X="30755" Y="28891" Z="0"/>
					<Vertex X="30880" Y="29078" Z="0"/>
					<Vertex X="30942" Y="29202" Z="0"/>
					<Vertex X="31066" Y="29326" Z="0"/>
					<Vertex X="31066" Y="29388" Z="0"/>
					<Vertex X="31128" Y="29512" Z="0"/>
					<Vertex X="31190" Y="29512" Z="0"/>
					<Vertex X="31190" Y="29575" Z="0"/>
					<Vertex X="31190" Y="29699" Z="0"/>
					<Vertex X="31315" Y="29761" Z="0"/>
					<Vertex X="31377" Y="29947" Z="0"/>
					<Vertex X="31563" Y="30196" Z="0"/>
					<Vertex X="31625" Y="30320" Z="0"/>
					<Vertex X="31749" Y="30444" Z="0"/>
					<Vertex X="31874" Y="30569" Z="0"/>
					<Vertex X="31998" Y="30693" Z="0"/>
					<Vertex X="31998" Y="30817" Z="0"/>
					<Vertex X="32122" Y="30879" Z="0"/>
					<Vertex X="32122" Y="31004" Z="0"/>
					<Vertex X="32184" Y="31128" Z="0"/>
					<Vertex X="32184" Y="31190" Z="0"/>
					<Vertex X="32247" Y="31190" Z="0"/>
					<Vertex X="32247" Y="31314" Z="0"/>
					<Vertex X="32371" Y="31563" Z="0"/>
					<Vertex X="32371" Y="31625" Z="0"/>
					<Vertex X="32371" Y="31749" Z="0"/>
					<Vertex X="32433" Y="31749" Z="0"/>
					<Vertex X="32433" Y="31811" Z="0"/>
					<Vertex X="32433" Y="31936" Z="0"/>
					<Vertex X="32433" Y="31998" Z="0"/>
					<Vertex X="32433" Y="32122" Z="0"/>
					<Vertex X="32433" Y="32184" Z="0"/>
					<Vertex X="32433" Y="32308" Z="0"/>
					<Vertex X="32433" Y="32371" Z="0"/>
					<Vertex X="32433" Y="32433" Z="0"/>
					<Vertex X="32433" Y="32495" Z="0"/>
					<Vertex X="32433" Y="32619" Z="0"/>
					<Vertex X="32433" Y="32743" Z="0"/>
					<Vertex X="32371" Y="32868" Z="0"/>
					<Vertex X="32371" Y="32930" Z="0"/>
					<Vertex X="32371" Y="33054" Z="0"/>
					<Vertex X="32309" Y="33178" Z="0"/>
					<Vertex X="32247" Y="33240" Z="0"/>
					<Vertex X="32247" Y="33303" Z="0"/>
					<Vertex X="32247" Y="33365" Z="0"/>
					<Vertex X="32247" Y="33427" Z="0"/>
					<Vertex X="32184" Y="33489" Z="0"/>
					<Vertex X="32184" Y="33613" Z="0"/>
					<Vertex X="32122" Y="33675" Z="0"/>
					<Vertex X="32060" Y="33737" Z="0"/>
					<Vertex X="31998" Y="33800" Z="0"/>
					<Vertex X="31998" Y="33862" Z="0"/>
					<Vertex X="31936" Y="33862" Z="0"/>
					<Vertex X="31874" Y="33924" Z="0"/>
					<Vertex X="31687" Y="34048" Z="0"/>
					<Vertex X="31625" Y="34110" Z="0"/>
					<Vertex X="31563" Y="34172" Z="0"/>
					<Vertex X="31439" Y="34172" Z="0"/>
					<Vertex X="31252" Y="34234" Z="0"/>
					<Vertex X="31066" Y="34359" Z="0"/>
					<Vertex X="30880" Y="34421" Z="0"/>
					<Vertex X="30755" Y="34421" Z="0"/>
					<Vertex X="30631" Y="34483" Z="0"/>
					<Vertex X="30569" Y="34483" Z="0"/>
					<Vertex X="30507" Y="34483" Z="0"/>
					<Vertex X="30383" Y="34483" Z="0"/>
					<Vertex X="30010" Y="34483" Z="0"/>
					<Vertex X="29575" Y="34483" Z="0"/>
					<Vertex X="28891" Y="34483" Z="0"/>
					<Vertex X="28581" Y="34483" Z="0"/>
					<Vertex X="28270" Y="34421" Z="0"/>
					<Vertex X="28022" Y="34359" Z="0"/>
					<Vertex X="27711" Y="34359" Z="0"/>
					<Vertex X="27400" Y="34359" Z="0"/>
					<Vertex X="27090" Y="34359" Z="0"/>
					<Vertex X="26965" Y="34359" Z="0"/>
					<Vertex X="26841" Y="34359" Z="0"/>
					<Vertex X="26717" Y="34359" Z="0"/>
					<Vertex X="26655" Y="34297" Z="0"/>
					<Vertex X="26530" Y="34297" Z="0"/>
					<Vertex X="26406" Y="34234" Z="0"/>
					<Vertex X="26158" Y="34172" Z="0"/>
					<Vertex X="25847" Y="34172" Z="0"/>
					<Vertex X="25412" Y="34110" Z="0"/>
					<Vertex X="25101" Y="34110" Z="0"/>
					<Vertex X="24853" Y="34048" Z="0"/>
					<Vertex X="24666" Y="34048" Z="0"/>
					<Vertex X="24542" Y="34048" Z="0"/>
					<Vertex X="24480" Y="33986" Z="0"/>
					<Vertex X="24356" Y="33924" Z="0"/>
					<Vertex X="24294" Y="33924" Z="0"/>
					<Vertex X="24169" Y="33924" Z="0"/>
					<Vertex X="23983" Y="33862" Z="0"/>
					<Vertex X="23859" Y="33800" Z="0"/>
					<Vertex X="23672" Y="33800" Z="0"/>
					<Vertex X="23486" Y="33800" Z="0"/>
					<Vertex X="23237" Y="33737" Z="0"/>
					<Vertex X="23051" Y="33737" Z="0"/>
					<Vertex X="22865" Y="33737" Z="0"/>
					<Vertex X="22678" Y="33737" Z="0"/>
					<Vertex X="22492" Y="33737" Z="0"/>
					<Vertex X="22430" Y="33737" Z="0"/>
					<Vertex X="22305" Y="33737" Z="0"/>
					<Vertex X="22181" Y="33737" Z="0"/>
					<Vertex X="22057" Y="33737" Z="0"/>
					<Vertex X="21808" Y="33675" Z="0"/>
					<Vertex X="21622" Y="33675" Z="0"/>
					<Vertex X="21249" Y="33613" Z="0"/>
					<Vertex X="21001" Y="33613" Z="0"/>
					<Vertex X="20628" Y="33613" Z="0"/>
					<Vertex X="20441" Y="33613" Z="0"/>
					<Vertex X="20069" Y="33613" Z="0"/>
					<Vertex X="19758" Y="33613" Z="0"/>
					<Vertex X="19509" Y="33613" Z="0"/>
					<Vertex X="19261" Y="33613" Z="0"/>
					<Vertex X="19137" Y="33613" Z="0"/>
					<Vertex X="19012" Y="33613" Z="0"/>
					<Vertex X="18950" Y="33613" Z="0"/>
					<Vertex X="18826" Y="33613" Z="0"/>
					<Vertex X="18764" Y="33675" Z="0"/>
					<Vertex X="18640" Y="33737" Z="0"/>
					<Vertex X="18453" Y="33737" Z="0"/>
					<Vertex X="18143" Y="33862" Z="0"/>
					<Vertex X="18080" Y="33924" Z="0"/>
					<Vertex X="17956" Y="33986" Z="0"/>
					<Vertex X="17770" Y="34048" Z="0"/>
					<Vertex X="17646" Y="34110" Z="0"/>
					<Vertex X="17583" Y="34110" Z="0"/>
					<Vertex X="17583" Y="34172" Z="0"/>
					<Vertex X="17521" Y="34234" Z="0"/>
					<Vertex X="17459" Y="34234" Z="0"/>
					<Vertex X="17335" Y="34297" Z="0"/>
					<Vertex X="17211" Y="34421" Z="0"/>
					<Vertex X="17148" Y="34483" Z="0"/>
					<Vertex X="17024" Y="34607" Z="0"/>
					<Vertex X="16900" Y="34669" Z="0"/>
					<Vertex X="16838" Y="34732" Z="0"/>
					<Vertex X="16714" Y="34794" Z="0"/>
					<Vertex X="16589" Y="34918" Z="0"/>
					<Vertex X="16465" Y="35042" Z="0"/>
					<Vertex X="16341" Y="35104" Z="0"/>
					<Vertex X="16279" Y="35104" Z="0"/>
					<Vertex X="16279" Y="35166" Z="0"/>
					<Vertex X="16279" Y="35229" Z="0"/>
					<Vertex X="16216" Y="35229" Z="0"/>
					<Vertex X="16154" Y="35291" Z="0"/>
					<Vertex X="16030" Y="35415" Z="0"/>
					<Vertex X="15844" Y="35539" Z="0"/>
					<Vertex X="15719" Y="35664" Z="0"/>
					<Vertex X="15533" Y="35726" Z="0"/>
					<Vertex X="15098" Y="35974" Z="0"/>
					<Vertex X="14974" Y="35974" Z="0"/>
					<Vertex X="14912" Y="36036" Z="0"/>
					<Vertex X="14725" Y="36161" Z="0"/>
					<Vertex X="14539" Y="36161" Z="0"/>
					<Vertex X="14353" Y="36285" Z="0"/>
					<Vertex X="14228" Y="36347" Z="0"/>
					<Vertex X="14104" Y="36409" Z="0"/>
					<Vertex X="13980" Y="36471" Z="0"/>
					<Vertex X="13855" Y="36533" Z="0"/>
					<Vertex X="13793" Y="36533" Z="0"/>
					<Vertex X="13731" Y="36533" Z="0"/>
					<Vertex X="13545" Y="36595" Z="0"/>
					<Vertex X="13483" Y="36595" Z="0"/>
					<Vertex X="13296" Y="36658" Z="0"/>
					<Vertex X="13110" Y="36720" Z="0"/>
					<Vertex X="12924" Y="36720" Z="0"/>
					<Vertex X="12737" Y="36782" Z="0"/>
					<Vertex X="12613" Y="36844" Z="0"/>
					<Vertex X="12551" Y="36844" Z="0"/>
					<Vertex X="12489" Y="36844" Z="0"/>
					<Vertex X="12364" Y="36844" Z="0"/>
					<Vertex X="12240" Y="36844" Z="0"/>
					<Vertex X="12116" Y="36906" Z="0"/>
					<Vertex X="11992" Y="36906" Z="0"/>
					<Vertex X="11929" Y="36906" Z="0"/>
					<Vertex X="11805" Y="36906" Z="0"/>
					<Vertex X="11743" Y="36906" Z="0"/>
					<Vertex X="11557" Y="36906" Z="0"/>
					<Vertex X="11432" Y="36906" Z="0"/>
					<Vertex X="11246" Y="36906" Z="0"/>
					<Vertex X="11060" Y="36906" Z="0"/>
					<Vertex X="10997" Y="36906" Z="0"/>
					<Vertex X="10873" Y="36906" Z="0"/>
					<Vertex X="10749" Y="36906" Z="0"/>
					<Vertex X="10687" Y="36906" Z="0"/>
					<Vertex X="10625" Y="36844" Z="0"/>
					<Vertex X="10562" Y="36844" Z="0"/>
					<Vertex X="10562" Y="36782" Z="0"/>
					<Vertex X="10500" Y="36782" Z="0"/>
					<Vertex X="10500" Y="36720" Z="0"/>
					<Vertex X="10438" Y="36720" Z="0"/>
					<Vertex X="10438" Y="36658" Z="0"/>
					<Vertex X="10438" Y="36595" Z="0"/>
					<Vertex X="10376" Y="36595" Z="0"/>
					<Vertex X="10314" Y="36471" Z="0"/>
					<Vertex X="10314" Y="36409" Z="0"/>
					<Vertex X="10190" Y="36161" Z="0"/>
					<Vertex X="10128" Y="36036" Z="0"/>
					<Vertex X="10128" Y="35974" Z="0"/>
					<Vertex X="10065" Y="35850" Z="0"/>
					<Vertex X="10065" Y="35788" Z="0"/>
					<Vertex X="10065" Y="35726" Z="0"/>
					<Vertex X="10003" Y="35664" Z="0"/>
					<Vertex X="10003" Y="35601" Z="0"/>
					<Vertex X="10003" Y="35539" Z="0"/>
					<Vertex X="10003" Y="35415" Z="0"/>
					<Vertex X="10003" Y="35291" Z="0"/>
					<Vertex X="10003" Y="35104" Z="0"/>
					<Vertex X="10003" Y="34918" Z="0"/>
					<Vertex X="10003" Y="34856" Z="0"/>
					<Vertex X="10003" Y="34794" Z="0"/>
					<Vertex X="10003" Y="34607" Z="0"/>
					<Vertex X="10003" Y="34297" Z="0"/>
					<Vertex X="10003" Y="34110" Z="0"/>
					<Vertex X="10003" Y="33986" Z="0"/>
					<Vertex X="10003" Y="33924" Z="0"/>
					<Vertex X="10003" Y="33800" Z="0"/>
					<Vertex X="10003" Y="33675" Z="0"/>
					<Vertex X="10003" Y="33551" Z="0"/>
					<Vertex X="10065" Y="33365" Z="0"/>
					<Vertex X="10128" Y="33178" Z="0"/>
					<Vertex X="10128" Y="33116" Z="0"/>
					<Vertex X="10128" Y="33054" Z="0"/>
					<Vertex X="10128" Y="32992" Z="0"/>
					<Vertex X="10128" Y="32930" Z="0"/>
					<Vertex X="10128" Y="32805" Z="0"/>
					<Vertex X="10190" Y="32743" Z="0"/>
					<Vertex X="10252" Y="32619" Z="0"/>
					<Vertex X="10314" Y="32557" Z="0"/>
					<Vertex X="10314" Y="32495" Z="0"/>
					<Vertex X="10314" Y="32433" Z="0"/>
					<Vertex X="10376" Y="32371" Z="0"/>
					<Vertex X="10438" Y="32246" Z="0"/>
					<Vertex X="10562" Y="32184" Z="0"/>
					<Vertex X="10562" Y="32060" Z="0"/>
					<Vertex X="10687" Y="31998" Z="0"/>
					<Vertex X="10749" Y="31936" Z="0"/>
					<Vertex X="10873" Y="31811" Z="0"/>
					<Vertex X="10873" Y="31749" Z="0"/>
					<Vertex X="10997" Y="31625" Z="0"/>
					<Vertex X="11060" Y="31563" Z="0"/>
					<Vertex X="11122" Y="31439" Z="0"/>
					<Vertex X="11184" Y="31376" Z="0"/>
					<Vertex X="11308" Y="31314" Z="0"/>
					<Vertex X="11370" Y="31252" Z="0"/>
					<Vertex X="11432" Y="31190" Z="0"/>
					<Vertex X="11494" Y="31066" Z="0"/>
					<Vertex X="11557" Y="31004" Z="0"/>
					<Vertex X="11619" Y="30941" Z="0"/>
					<Vertex X="11681" Y="30879" Z="0"/>
					<Vertex X="11743" Y="30817" Z="0"/>
					<Vertex X="11805" Y="30755" Z="0"/>
					<Vertex X="11805" Y="30693" Z="0"/>
					<Vertex X="11805" Y="30631" Z="0"/>
					<Vertex X="11867" Y="30569" Z="0"/>
					<Vertex X="11867" Y="30444" Z="0"/>
					<Vertex X="11867" Y="30382" Z="0"/>
					<Vertex X="11929" Y="30258" Z="0"/>
					<Vertex X="11929" Y="30134" Z="0"/>
					<Vertex X="11992" Y="30072" Z="0"/>
					<Vertex X="11992" Y="30010" Z="0"/>
					<Vertex X="11992" Y="29947" Z="0"/>
					<Vertex X="11992" Y="29823" Z="0"/>
					<Vertex X="11992" Y="29761" Z="0"/>
					<Vertex X="11992" Y="29699" Z="0"/>
					<Vertex X="11929" Y="29575" Z="0"/>
					<Vertex X="11929" Y="29512" Z="0"/>
					<Vertex X="11929" Y="29388" Z="0"/>
					<Vertex X="11929" Y="29264" Z="0"/>
					<Vertex X="11929" Y="29078" Z="0"/>
					<Vertex X="11929" Y="28953" Z="0"/>
					<Vertex X="11929" Y="28829" Z="0"/>
					<Vertex X="11929" Y="28767" Z="0"/>
					<Vertex X="11929" Y="28705" Z="0"/>
					<Vertex X="11929" Y="28518" Z="0"/>
					<Vertex X="11929" Y="28332" Z="0"/>
					<Vertex X="11929" Y="28270" Z="0"/>
					<Vertex X="11929" Y="28146" Z="0"/>
					<Vertex X="11929" Y="28021" Z="0"/>
					<Vertex X="11929" Y="27897" Z="0"/>
					<Vertex X="11929" Y="27773" Z="0"/>
					<Vertex X="11929" Y="27711" Z="0"/>
					<Vertex X="11929" Y="27649" Z="0"/>
					<Vertex X="11929" Y="27524" Z="0"/>
					<Vertex X="11929" Y="27400" Z="0"/>
					<Vertex X="11929" Y="27338" Z="0"/>
					<Vertex X="11929" Y="27214" Z="0"/>
					<Vertex X="11992" Y="27089" Z="0"/>
					<Vertex X="11992" Y="26903" Z="0"/>
					<Vertex X="11992" Y="26779" Z="0"/>
					<Vertex X="11992" Y="26717" Z="0"/>
					<Vertex X="12054" Y="26592" Z="0"/>
					<Vertex X="12054" Y="26530" Z="0"/>
					<Vertex X="12054" Y="26468" Z="0"/>
					<Vertex X="12054" Y="26406" Z="0"/>
					<Vertex X="12054" Y="26282" Z="0"/>
					<Vertex X="12116" Y="26219" Z="0"/>
					<Vertex X="12116" Y="26157" Z="0"/>
					<Vertex X="12178" Y="26033" Z="0"/>
					<Vertex X="12178" Y="25971" Z="0"/>
					<Vertex X="12178" Y="25847" Z="0"/>
					<Vertex X="12178" Y="25785" Z="0"/>
					<Vertex X="12178" Y="25660" Z="0"/>
					<Vertex X="12240" Y="25536" Z="0"/>
					<Vertex X="12240" Y="25474" Z="0"/>
					<Vertex X="12302" Y="25350" Z="0"/>
					<Vertex X="12302" Y="25225" Z="0"/>
					<Vertex X="12302" Y="25163" Z="0"/>
					<Vertex X="12302" Y="25101" Z="0"/>
					<Vertex X="12302" Y="24977" Z="0"/>
					<Vertex X="12364" Y="24915" Z="0"/>
					<Vertex X="12426" Y="24728" Z="0"/>
					<Vertex X="12426" Y="24666" Z="0"/>
					<Vertex X="12426" Y="24480" Z="0"/>
					<Vertex X="12489" Y="24293" Z="0"/>
					<Vertex X="12551" Y="24231" Z="0"/>
					<Vertex X="12551" Y="24169" Z="0"/>
					<Vertex X="12613" Y="24045" Z="0"/>
					<Vertex X="12613" Y="23983" Z="0"/>
					<Vertex X="12675" Y="23983" Z="0"/>
					<Vertex X="12737" Y="23858" Z="0"/>
					<Vertex X="12737" Y="23796" Z="0"/>
					<Vertex X="12799" Y="23734" Z="0"/>
					<Vertex X="12799" Y="23672" Z="0"/>
					<Vertex X="12799" Y="23610" Z="0"/>
					<Vertex X="12799" Y="23548" Z="0"/>
					<Vertex X="12799" Y="23486" Z="0"/>
					<Vertex X="12861" Y="23361" Z="0"/>
					<Vertex X="12861" Y="23299" Z="0"/>
					<Vertex X="12924" Y="23175" Z="0"/>
					<Vertex X="12924" Y="23051" Z="0"/>
					<Vertex X="12924" Y="22926" Z="0"/>
					<Vertex X="12986" Y="22740" Z="0"/>
					<Vertex X="13048" Y="22554" Z="0"/>
					<Vertex X="13048" Y="22429" Z="0"/>
					<Vertex X="13048" Y="22305" Z="0"/>
					<Vertex X="13110" Y="22119" Z="0"/>
					<Vertex X="13110" Y="22057" Z="0"/>
					<Vertex X="13110" Y="21995" Z="0"/>
					<Vertex X="13110" Y="21870" Z="0"/>
					<Vertex X="13172" Y="21808" Z="0"/>
					<Vertex X="13172" Y="21684" Z="0"/>
					<Vertex X="13172" Y="21622" Z="0"/>
					<Vertex X="13172" Y="21560" Z="0"/>
					<Vertex X="13234" Y="21497" Z="0"/>
					<Vertex X="13234" Y="21373" Z="0"/>
					<Vertex X="13234" Y="21311" Z="0"/>
					<Vertex X="13234" Y="21125" Z="0"/>
					<Vertex X="13234" Y="21063" Z="0"/>
					<Vertex X="13234" Y="21000" Z="0"/>
					<Vertex X="13234" Y="20876" Z="0"/>
					<Vertex X="13296" Y="20814" Z="0"/>
					<Vertex X="13296" Y="20628" Z="0"/>
					<Vertex X="13296" Y="20565" Z="0"/>
					<Vertex X="13296" Y="20503" Z="0"/>
					<Vertex X="13358" Y="20255" Z="0"/>
					<Vertex X="13358" Y="20131" Z="0"/>
					<Vertex X="13421" Y="19882" Z="0"/>
					<Vertex X="13421" Y="19820" Z="0"/>
					<Vertex X="13421" Y="19758" Z="0"/>
					<Vertex X="13421" Y="19696" Z="0"/>
					<Vertex X="13421" Y="19633" Z="0"/>
					<Vertex X="13483" Y="19633" Z="0"/>
					<Vertex X="13669" Y="19323" Z="0"/>
				</Vertices>
			</Region>
			<Region Id="2" Type="0" Zoom="0.015923" Selected="0" ImageLocation="" ImageFocus="-1" Length="39012.9" Area="94896607.5" LengthMicrons="9858.6" AreaMicrons="6059840.2" Text="" NegativeROA="0" InputRegionId="0" Analyze="1" DisplayId="2">
				<Attributes/>
				<Vertices>
					<Vertex X="10687" Y="11991" Z="0"/>
					<Vertex X="10997" Y="11618" Z="0"/>
					<Vertex X="11681" Y="10873" Z="0"/>
					<Vertex X="11805" Y="10749" Z="0"/>
					<Vertex X="11992" Y="10562" Z="0"/>
					<Vertex X="12116" Y="10376" Z="0"/>
					<Vertex X="12240" Y="10252" Z="0"/>
					<Vertex X="12364" Y="10189" Z="0"/>
					<Vertex X="12551" Y="10003" Z="0"/>
					<Vertex X="12551" Y="9941" Z="0"/>
					<Vertex X="12613" Y="9879" Z="0"/>
					<Vertex X="12675" Y="9817" Z="0"/>
					<Vertex X="12737" Y="9817" Z="0"/>
					<Vertex X="12737" Y="9755" Z="0"/>
					<Vertex X="12799" Y="9755" Z="0"/>
					<Vertex X="12861" Y="9630" Z="0"/>
					<Vertex X="12924" Y="9630" Z="0"/>
					<Vertex X="12924" Y="9568" Z="0"/>
					<Vertex X="12986" Y="9568" Z="0"/>
					<Vertex X="12986" Y="9506" Z="0"/>
					<Vertex X="13048" Y="9506" Z="0"/>
					<Vertex X="13110" Y="9506" Z="0"/>
					<Vertex X="13110" Y="9444" Z="0"/>
					<Vertex X="13172" Y="9382" Z="0"/>
					<Vertex X="13234" Y="9320" Z="0"/>
					<Vertex X="13483" Y="9195" Z="0"/>
					<Vertex X="13607" Y="9071" Z="0"/>
					<Vertex X="13669" Y="9071" Z="0"/>
					<Vertex X="13855" Y="8947" Z="0"/>
					<Vertex X="13980" Y="8947" Z="0"/>
					<Vertex X="14104" Y="8823" Z="0"/>
					<Vertex X="14228" Y="8760" Z="0"/>
					<Vertex X="14477" Y="8698" Z="0"/>
					<Vertex X="14663" Y="8574" Z="0"/>
					<Vertex X="14725" Y="8512" Z="0"/>
					<Vertex X="14850" Y="8512" Z="0"/>
					<Vertex X="14974" Y="8450" Z="0"/>
					<Vertex X="14974" Y="8388" Z="0"/>
					<Vertex X="15098" Y="8388" Z="0"/>
					<Vertex X="15160" Y="8326" Z="0"/>
					<Vertex X="15222" Y="8326" Z="0"/>
					<Vertex X="15285" Y="8263" Z="0"/>
					<Vertex X="15471" Y="8201" Z="0"/>
					<Vertex X="15595" Y="8139" Z="0"/>
					<Vertex X="15782" Y="8077" Z="0"/>
					<Vertex X="15968" Y="8015" Z="0"/>
					<Vertex X="16154" Y="7953" Z="0"/>
					<Vertex X="16279" Y="7891" Z="0"/>
					<Vertex X="16403" Y="7828" Z="0"/>
					<Vertex X="16589" Y="7828" Z="0"/>
					<Vertex X="16714" Y="7766" Z="0"/>
					<Vertex X="16776" Y="7766" Z="0"/>
					<Vertex X="16838" Y="7766" Z="0"/>
					<Vertex X="16962" Y="7766" Z="0"/>
					<Vertex X="17086" Y="7766" Z="0"/>
					<Vertex X="17335" Y="7766" Z="0"/>
					<Vertex X="17646" Y="7704" Z="0"/>
					<Vertex X="17832" Y="7704" Z="0"/>
					<Vertex X="17956" Y="7704" Z="0"/>
					<Vertex X="18018" Y="7704" Z="0"/>
					<Vertex X="18143" Y="7704" Z="0"/>
					<Vertex X="18329" Y="7704" Z="0"/>
					<Vertex X="18453" Y="7704" Z="0"/>
					<Vertex X="18640" Y="7704" Z="0"/>
					<Vertex X="19012" Y="7704" Z="0"/>
					<Vertex X="19137" Y="7704" Z="0"/>
					<Vertex X="19261" Y="7704" Z="0"/>
					<Vertex X="19447" Y="7766" Z="0"/>
					<Vertex X="19509" Y="7766" Z="0"/>
					<Vertex X="19572" Y="7828" Z="0"/>
					<Vertex X="19696" Y="7828" Z="0"/>
					<Vertex X="19820" Y="7828" Z="0"/>
					<Vertex X="19882" Y="7891" Z="0"/>
					<Vertex X="20069" Y="7891" Z="0"/>
					<Vertex X="20193" Y="7891" Z="0"/>
					<Vertex X="20317" Y="7891" Z="0"/>
					<Vertex X="20441" Y="7953" Z="0"/>
					<Vertex X="20566" Y="7953" Z="0"/>
					<Vertex X="20814" Y="8015" Z="0"/>
					<Vertex X="21001" Y="8077" Z="0"/>
					<Vertex X="21373" Y="8139" Z="0"/>
					<Vertex X="21622" Y="8139" Z="0"/>
					<Vertex X="21995" Y="8139" Z="0"/>
					<Vertex X="22057" Y="8201" Z="0"/>
					<Vertex X="22119" Y="8201" Z="0"/>
					<Vertex X="22181" Y="8201" Z="0"/>
					<Vertex X="22492" Y="8326" Z="0"/>
					<Vertex X="22865" Y="8388" Z="0"/>
					<Vertex X="23548" Y="8512" Z="0"/>
					<Vertex X="23734" Y="8636" Z="0"/>
					<Vertex X="23921" Y="8698" Z="0"/>
					<Vertex X="24045" Y="8698" Z="0"/>
					<Vertex X="24107" Y="8698" Z="0"/>
					<Vertex X="24294" Y="8823" Z="0"/>
					<Vertex X="24480" Y="9071" Z="0"/>
					<Vertex X="24480" Y="9133" Z="0"/>
					<Vertex X="24542" Y="9195" Z="0"/>
					<Vertex X="24604" Y="9257" Z="0"/>
					<Vertex X="24604" Y="9320" Z="0"/>
					<Vertex X="24604" Y="9444" Z="0"/>
					<Vertex X="24666" Y="9444" Z="0"/>
					<Vertex X="24666" Y="9506" Z="0"/>
					<Vertex X="24666" Y="9568" Z="0"/>
					<Vertex X="24666" Y="9630" Z="0"/>
					<Vertex X="24729" Y="9630" Z="0"/>
					<Vertex X="24729" Y="9692" Z="0"/>
					<Vertex X="24729" Y="9755" Z="0"/>
					<Vertex X="24791" Y="9755" Z="0"/>
					<Vertex X="24791" Y="9879" Z="0"/>
					<Vertex X="24791" Y="9941" Z="0"/>
					<Vertex X="24791" Y="10127" Z="0"/>
					<Vertex X="24791" Y="10189" Z="0"/>
					<Vertex X="24791" Y="10252" Z="0"/>
					<Vertex X="24791" Y="10314" Z="0"/>
					<Vertex X="24791" Y="10376" Z="0"/>
					<Vertex X="24791" Y="10438" Z="0"/>
					<Vertex X="24791" Y="10500" Z="0"/>
					<Vertex X="24791" Y="10562" Z="0"/>
					<Vertex X="24791" Y="10624" Z="0"/>
					<Vertex X="24791" Y="10749" Z="0"/>
					<Vertex X="24791" Y="10935" Z="0"/>
					<Vertex X="24791" Y="10997" Z="0"/>
					<Vertex X="24791" Y="11121" Z="0"/>
					<Vertex X="24791" Y="11184" Z="0"/>
					<Vertex X="24791" Y="11308" Z="0"/>
					<Vertex X="24729" Y="11370" Z="0"/>
					<Vertex X="24729" Y="11432" Z="0"/>
					<Vertex X="24729" Y="11494" Z="0"/>
					<Vertex X="24666" Y="11556" Z="0"/>
					<Vertex X="24604" Y="11618" Z="0"/>
					<Vertex X="24604" Y="11743" Z="0"/>
					<Vertex X="24542" Y="11867" Z="0"/>
					<Vertex X="24480" Y="11991" Z="0"/>
					<Vertex X="24418" Y="12116" Z="0"/>
					<Vertex X="24294" Y="12302" Z="0"/>
					<Vertex X="24231" Y="12488" Z="0"/>
					<Vertex X="24107" Y="12613" Z="0"/>
					<Vertex X="24107" Y="12675" Z="0"/>
					<Vertex X="23921" Y="12985" Z="0"/>
					<Vertex X="23797" Y="13048" Z="0"/>
					<Vertex X="23734" Y="13172" Z="0"/>
					<Vertex X="23548" Y="13358" Z="0"/>
					<Vertex X="23424" Y="13482" Z="0"/>
					<Vertex X="23362" Y="13545" Z="0"/>
					<Vertex X="23237" Y="13669" Z="0"/>
					<Vertex X="23113" Y="13731" Z="0"/>
					<Vertex X="23113" Y="13793" Z="0"/>
					<Vertex X="23051" Y="13855" Z="0"/>
					<Vertex X="22927" Y="13917" Z="0"/>
					<Vertex X="22865" Y="13979" Z="0"/>
					<Vertex X="22802" Y="14042" Z="0"/>
					<Vertex X="22678" Y="14166" Z="0"/>
					<Vertex X="22616" Y="14166" Z="0"/>
					<Vertex X="22492" Y="14228" Z="0"/>
					<Vertex X="22430" Y="14290" Z="0"/>
					<Vertex X="22368" Y="14352" Z="0"/>
					<Vertex X="22181" Y="14414" Z="0"/>
					<Vertex X="22119" Y="14477" Z="0"/>
					<Vertex X="22057" Y="14477" Z="0"/>
					<Vertex X="21933" Y="14539" Z="0"/>
					<Vertex X="21684" Y="14601" Z="0"/>
					<Vertex X="21560" Y="14663" Z="0"/>
					<Vertex X="21373" Y="14787" Z="0"/>
					<Vertex X="21249" Y="14787" Z="0"/>
					<Vertex X="21187" Y="14787" Z="0"/>
					<Vertex X="21125" Y="14849" Z="0"/>
					<Vertex X="21063" Y="14849" Z="0"/>
					<Vertex X="21001" Y="14911" Z="0"/>
					<Vertex X="20939" Y="14911" Z="0"/>
					<Vertex X="20814" Y="14911" Z="0"/>
					<Vertex X="20752" Y="14974" Z="0"/>
					<Vertex X="20690" Y="15036" Z="0"/>
					<Vertex X="20566" Y="15036" Z="0"/>
					<Vertex X="20504" Y="15036" Z="0"/>
					<Vertex X="20441" Y="15098" Z="0"/>
					<Vertex X="20317" Y="15098" Z="0"/>
					<Vertex X="20255" Y="15160" Z="0"/>
					<Vertex X="20131" Y="15160" Z="0"/>
					<Vertex X="20007" Y="15222" Z="0"/>
					<Vertex X="19820" Y="15284" Z="0"/>
					<Vertex X="19634" Y="15346" Z="0"/>
					<Vertex X="19572" Y="15346" Z="0"/>
					<Vertex X="19509" Y="15409" Z="0"/>
					<Vertex X="19447" Y="15409" Z="0"/>
					<Vertex X="19385" Y="15409" Z="0"/>
					<Vertex X="19323" Y="15471" Z="0"/>
					<Vertex X="19261" Y="15533" Z="0"/>
					<Vertex X="19137" Y="15595" Z="0"/>
					<Vertex X="18950" Y="15595" Z="0"/>
					<Vertex X="18702" Y="15719" Z="0"/>
					<Vertex X="18515" Y="15781" Z="0"/>
					<Vertex X="18329" Y="15781" Z="0"/>
					<Vertex X="18267" Y="15781" Z="0"/>
					<Vertex X="18143" Y="15843" Z="0"/>
					<Vertex X="17894" Y="15906" Z="0"/>
					<Vertex X="17894" Y="15968" Z="0"/>
					<Vertex X="17832" Y="15968" Z="0"/>
					<Vertex X="17708" Y="16030" Z="0"/>
					<Vertex X="17646" Y="16030" Z="0"/>
					<Vertex X="17583" Y="16092" Z="0"/>
					<Vertex X="17459" Y="16154" Z="0"/>
					<Vertex X="17397" Y="16154" Z="0"/>
					<Vertex X="17273" Y="16216" Z="0"/>
					<Vertex X="17148" Y="16341" Z="0"/>
					<Vertex X="17086" Y="16341" Z="0"/>
					<Vertex X="16651" Y="16527" Z="0"/>
					<Vertex X="16527" Y="16527" Z="0"/>
					<Vertex X="16403" Y="16589" Z="0"/>
					<Vertex X="16341" Y="16651" Z="0"/>
					<Vertex X="16216" Y="16651" Z="0"/>
					<Vertex X="16154" Y="16651" Z="0"/>
					<Vertex X="16092" Y="16713" Z="0"/>
					<Vertex X="16030" Y="16713" Z="0"/>
					<Vertex X="15906" Y="16775" Z="0"/>
					<Vertex X="15844" Y="16775" Z="0"/>
					<Vertex X="15719" Y="16838" Z="0"/>
					<Vertex X="15657" Y="16838" Z="0"/>
					<Vertex X="15595" Y="16900" Z="0"/>
					<Vertex X="15409" Y="16900" Z="0"/>
					<Vertex X="14974" Y="16962" Z="0"/>
					<Vertex X="14663" Y="17024" Z="0"/>
					<Vertex X="14353" Y="17024" Z="0"/>
					<Vertex X="14104" Y="17024" Z="0"/>
					<Vertex X="13980" Y="17024" Z="0"/>
					<Vertex X="13918" Y="17024" Z="0"/>
					<Vertex X="13855" Y="17024" Z="0"/>
					<Vertex X="13793" Y="17024" Z="0"/>
					<Vertex X="13545" Y="16962" Z="0"/>
					<Vertex X="13358" Y="16838" Z="0"/>
					<Vertex X="13234" Y="16838" Z="0"/>
					<Vertex X="13172" Y="16775" Z="0"/>
					<Vertex X="13048" Y="16713" Z="0"/>
					<Vertex X="12986" Y="16651" Z="0"/>
					<Vertex X="12924" Y="16651" Z="0"/>
					<Vertex X="12924" Y="16589" Z="0"/>
					<Vertex X="12861" Y="16527" Z="0"/>
					<Vertex X="12861" Y="16465" Z="0"/>
					<Vertex X="12799" Y="16465" Z="0"/>
					<Vertex X="12799" Y="16403" Z="0"/>
					<Vertex X="12737" Y="16403" Z="0"/>
					<Vertex X="12675" Y="16341" Z="0"/>
					<Vertex X="12613" Y="16216" Z="0"/>
					<Vertex X="12489" Y="16092" Z="0"/>
					<Vertex X="12426" Y="15968" Z="0"/>
					<Vertex X="12364" Y="15843" Z="0"/>
					<Vertex X="12302" Y="15781" Z="0"/>
					<Vertex X="12178" Y="15595" Z="0"/>
					<Vertex X="12116" Y="15533" Z="0"/>
					<Vertex X="12054" Y="15346" Z="0"/>
					<Vertex X="11992" Y="15222" Z="0"/>
					<Vertex X="11992" Y="15160" Z="0"/>
					<Vertex X="11929" Y="15098" Z="0"/>
					<Vertex X="11867" Y="15036" Z="0"/>
					<Vertex X="11867" Y="14974" Z="0"/>
					<Vertex X="11805" Y="14974" Z="0"/>
					<Vertex X="11805" Y="14911" Z="0"/>
					<Vertex X="11743" Y="14911" Z="0"/>
					<Vertex X="11743" Y="14849" Z="0"/>
					<Vertex X="11619" Y="14787" Z="0"/>
					<Vertex X="11619" Y="14725" Z="0"/>
					<Vertex X="11494" Y="14725" Z="0"/>
					<Vertex X="11494" Y="14601" Z="0"/>
					<Vertex X="11432" Y="14601" Z="0"/>
					<Vertex X="11370" Y="14477" Z="0"/>
					<Vertex X="11308" Y="14477" Z="0"/>
					<Vertex X="11308" Y="14414" Z="0"/>
					<Vertex X="11246" Y="14352" Z="0"/>
					<Vertex X="11184" Y="14290" Z="0"/>
					<Vertex X="11060" Y="14104" Z="0"/>
					<Vertex X="10997" Y="14042" Z="0"/>
					<Vertex X="10935" Y="13979" Z="0"/>
					<Vertex X="10873" Y="13917" Z="0"/>
					<Vertex X="10873" Y="13855" Z="0"/>
					<Vertex X="10811" Y="13855" Z="0"/>
					<Vertex X="10811" Y="13793" Z="0"/>
					<Vertex X="10749" Y="13669" Z="0"/>
					<Vertex X="10687" Y="13669" Z="0"/>
					<Vertex X="10625" Y="13482" Z="0"/>
					<Vertex X="10562" Y="13358" Z="0"/>
					<Vertex X="10500" Y="13358" Z="0"/>
					<Vertex X="10500" Y="13296" Z="0"/>
					<Vertex X="10500" Y="13172" Z="0"/>
					<Vertex X="10500" Y="13110" Z="0"/>
					<Vertex X="10438" Y="13110" Z="0"/>
					<Vertex X="10438" Y="13048" Z="0"/>
					<Vertex X="10438" Y="12923" Z="0"/>
					<Vertex X="10438" Y="12799" Z="0"/>
					<Vertex X="10438" Y="12737" Z="0"/>
					<Vertex X="10438" Y="12675" Z="0"/>
					<Vertex X="10438" Y="12613" Z="0"/>
					<Vertex X="10438" Y="12550" Z="0"/>
					<Vertex X="10687" Y="11991" Z="0"/>
				</Vertices>
			</Region>
			<Region Id="3" Type="0" Zoom="0.015923" Selected="1" ImageLocation="" ImageFocus="-1" Length="49160.5" Area="155194075.0" LengthMicrons="12422.9" AreaMicrons="9910273.1" Text="" NegativeROA="0" InputRegionId="0" Analyze="1" DisplayId="3">
				<Attributes/>
				<Vertices>
					<Vertex X="16093" Y="56105" Z="0"/>
					<Vertex X="16838" Y="55919" Z="0"/>
					<Vertex X="17584" Y="55733" Z="0"/>
					<Vertex X="17832" Y="55733" Z="0"/>
					<Vertex X="18019" Y="55670" Z="0"/>
					<Vertex X="18081" Y="55670" Z="0"/>
					<Vertex X="18143" Y="55670" Z="0"/>
					<Vertex X="18267" Y="55608" Z="0"/>
					<Vertex X="18329" Y="55546" Z="0"/>
					<Vertex X="18391" Y="55546" Z="0"/>
					<Vertex X="18454" Y="55546" Z="0"/>
					<Vertex X="18516" Y="55546" Z="0"/>
					<Vertex X="18578" Y="55546" Z="0"/>
					<Vertex X="18578" Y="55484" Z="0"/>
					<Vertex X="18640" Y="55484" Z="0"/>
					<Vertex X="18702" Y="55484" Z="0"/>
					<Vertex X="18826" Y="55422" Z="0"/>
					<Vertex X="18888" Y="55422" Z="0"/>
					<Vertex X="18888" Y="55360" Z="0"/>
					<Vertex X="18951" Y="55360" Z="0"/>
					<Vertex X="19013" Y="55360" Z="0"/>
					<Vertex X="19075" Y="55298" Z="0"/>
					<Vertex X="19137" Y="55298" Z="0"/>
					<Vertex X="19261" Y="55298" Z="0"/>
					<Vertex X="19386" Y="55235" Z="0"/>
					<Vertex X="19572" Y="55173" Z="0"/>
					<Vertex X="19634" Y="55173" Z="0"/>
					<Vertex X="19696" Y="55111" Z="0"/>
					<Vertex X="19820" Y="55111" Z="0"/>
					<Vertex X="19820" Y="55049" Z="0"/>
					<Vertex X="19883" Y="55049" Z="0"/>
					<Vertex X="20007" Y="54987" Z="0"/>
					<Vertex X="20069" Y="54925" Z="0"/>
					<Vertex X="20131" Y="54925" Z="0"/>
					<Vertex X="20193" Y="54925" Z="0"/>
					<Vertex X="20255" Y="54925" Z="0"/>
					<Vertex X="20442" Y="54863" Z="0"/>
					<Vertex X="20690" Y="54863" Z="0"/>
					<Vertex X="20815" Y="54863" Z="0"/>
					<Vertex X="20877" Y="54801" Z="0"/>
					<Vertex X="21001" Y="54801" Z="0"/>
					<Vertex X="21125" Y="54801" Z="0"/>
					<Vertex X="21436" Y="54801" Z="0"/>
					<Vertex X="21747" Y="54801" Z="0"/>
					<Vertex X="22119" Y="54801" Z="0"/>
					<Vertex X="22616" Y="54801" Z="0"/>
					<Vertex X="22989" Y="54801" Z="0"/>
					<Vertex X="23238" Y="54801" Z="0"/>
					<Vertex X="23486" Y="54863" Z="0"/>
					<Vertex X="23983" Y="54925" Z="0"/>
					<Vertex X="24356" Y="54987" Z="0"/>
					<Vertex X="24791" Y="55049" Z="0"/>
					<Vertex X="25474" Y="55173" Z="0"/>
					<Vertex X="25847" Y="55235" Z="0"/>
					<Vertex X="26096" Y="55298" Z="0"/>
					<Vertex X="26220" Y="55298" Z="0"/>
					<Vertex X="26344" Y="55298" Z="0"/>
					<Vertex X="26406" Y="55298" Z="0"/>
					<Vertex X="26469" Y="55298" Z="0"/>
					<Vertex X="26531" Y="55298" Z="0"/>
					<Vertex X="26779" Y="55422" Z="0"/>
					<Vertex X="26966" Y="55422" Z="0"/>
					<Vertex X="27090" Y="55422" Z="0"/>
					<Vertex X="27276" Y="55484" Z="0"/>
					<Vertex X="27587" Y="55608" Z="0"/>
					<Vertex X="27711" Y="55608" Z="0"/>
					<Vertex X="27773" Y="55608" Z="0"/>
					<Vertex X="27835" Y="55608" Z="0"/>
					<Vertex X="27960" Y="55670" Z="0"/>
					<Vertex X="28084" Y="55733" Z="0"/>
					<Vertex X="28270" Y="55733" Z="0"/>
					<Vertex X="28333" Y="55795" Z="0"/>
					<Vertex X="28581" Y="55919" Z="0"/>
					<Vertex X="28643" Y="55919" Z="0"/>
					<Vertex X="28767" Y="56043" Z="0"/>
					<Vertex X="28892" Y="56043" Z="0"/>
					<Vertex X="29016" Y="56105" Z="0"/>
					<Vertex X="29327" Y="56292" Z="0"/>
					<Vertex X="29451" Y="56354" Z="0"/>
					<Vertex X="29575" Y="56416" Z="0"/>
					<Vertex X="29637" Y="56478" Z="0"/>
					<Vertex X="29762" Y="56540" Z="0"/>
					<Vertex X="30010" Y="56727" Z="0"/>
					<Vertex X="30196" Y="56851" Z="0"/>
					<Vertex X="30383" Y="57037" Z="0"/>
					<Vertex X="30569" Y="57224" Z="0"/>
					<Vertex X="31004" Y="57534" Z="0"/>
					<Vertex X="31191" Y="57659" Z="0"/>
					<Vertex X="31315" Y="57783" Z="0"/>
					<Vertex X="31439" Y="57845" Z="0"/>
					<Vertex X="31563" Y="57969" Z="0"/>
					<Vertex X="31688" Y="58031" Z="0"/>
					<Vertex X="31750" Y="58156" Z="0"/>
					<Vertex X="31874" Y="58218" Z="0"/>
					<Vertex X="31998" Y="58342" Z="0"/>
					<Vertex X="32123" Y="58404" Z="0"/>
					<Vertex X="32247" Y="58528" Z="0"/>
					<Vertex X="32309" Y="58591" Z="0"/>
					<Vertex X="32371" Y="58653" Z="0"/>
					<Vertex X="32495" Y="58777" Z="0"/>
					<Vertex X="32557" Y="58901" Z="0"/>
					<Vertex X="32620" Y="59025" Z="0"/>
					<Vertex X="32744" Y="59088" Z="0"/>
					<Vertex X="32806" Y="59274" Z="0"/>
					<Vertex X="32868" Y="59398" Z="0"/>
					<Vertex X="33055" Y="59585" Z="0"/>
					<Vertex X="33117" Y="59709" Z="0"/>
					<Vertex X="33241" Y="59895" Z="0"/>
					<Vertex X="33241" Y="60020" Z="0"/>
					<Vertex X="33365" Y="60144" Z="0"/>
					<Vertex X="33427" Y="60206" Z="0"/>
					<Vertex X="33427" Y="60330" Z="0"/>
					<Vertex X="33489" Y="60392" Z="0"/>
					<Vertex X="33552" Y="60517" Z="0"/>
					<Vertex X="33552" Y="60641" Z="0"/>
					<Vertex X="33614" Y="60765" Z="0"/>
					<Vertex X="33676" Y="60952" Z="0"/>
					<Vertex X="33738" Y="61076" Z="0"/>
					<Vertex X="33738" Y="61200" Z="0"/>
					<Vertex X="33738" Y="61262" Z="0"/>
					<Vertex X="33738" Y="61387" Z="0"/>
					<Vertex X="33738" Y="61449" Z="0"/>
					<Vertex X="33738" Y="61573" Z="0"/>
					<Vertex X="33738" Y="61635" Z="0"/>
					<Vertex X="33738" Y="61821" Z="0"/>
					<Vertex X="33738" Y="61884" Z="0"/>
					<Vertex X="33738" Y="61946" Z="0"/>
					<Vertex X="33738" Y="62070" Z="0"/>
					<Vertex X="33738" Y="62132" Z="0"/>
					<Vertex X="33738" Y="62256" Z="0"/>
					<Vertex X="33738" Y="62318" Z="0"/>
					<Vertex X="33738" Y="62381" Z="0"/>
					<Vertex X="33738" Y="62505" Z="0"/>
					<Vertex X="33676" Y="62505" Z="0"/>
					<Vertex X="33614" Y="62629" Z="0"/>
					<Vertex X="33614" Y="62691" Z="0"/>
					<Vertex X="33489" Y="62753" Z="0"/>
					<Vertex X="33427" Y="62878" Z="0"/>
					<Vertex X="33427" Y="62940" Z="0"/>
					<Vertex X="33365" Y="63002" Z="0"/>
					<Vertex X="33303" Y="63064" Z="0"/>
					<Vertex X="33303" Y="63126" Z="0"/>
					<Vertex X="33241" Y="63250" Z="0"/>
					<Vertex X="33179" Y="63250" Z="0"/>
					<Vertex X="33117" Y="63313" Z="0"/>
					<Vertex X="33055" Y="63313" Z="0"/>
					<Vertex X="33055" Y="63437" Z="0"/>
					<Vertex X="32930" Y="63499" Z="0"/>
					<Vertex X="32806" Y="63561" Z="0"/>
					<Vertex X="32744" Y="63685" Z="0"/>
					<Vertex X="32682" Y="63685" Z="0"/>
					<Vertex X="32620" Y="63748" Z="0"/>
					<Vertex X="32557" Y="63810" Z="0"/>
					<Vertex X="32495" Y="63810" Z="0"/>
					<Vertex X="32433" Y="63872" Z="0"/>
					<Vertex X="32371" Y="63934" Z="0"/>
					<Vertex X="32247" Y="63996" Z="0"/>
					<Vertex X="32123" Y="64058" Z="0"/>
					<Vertex X="31998" Y="64182" Z="0"/>
					<Vertex X="31688" Y="64307" Z="0"/>
					<Vertex X="31253" Y="64493" Z="0"/>
					<Vertex X="31004" Y="64679" Z="0"/>
					<Vertex X="30756" Y="64804" Z="0"/>
					<Vertex X="30507" Y="64866" Z="0"/>
					<Vertex X="30321" Y="64990" Z="0"/>
					<Vertex X="30134" Y="65052" Z="0"/>
					<Vertex X="30072" Y="65114" Z="0"/>
					<Vertex X="30010" Y="65177" Z="0"/>
					<Vertex X="29948" Y="65239" Z="0"/>
					<Vertex X="29824" Y="65239" Z="0"/>
					<Vertex X="29699" Y="65363" Z="0"/>
					<Vertex X="29575" Y="65425" Z="0"/>
					<Vertex X="29451" Y="65487" Z="0"/>
					<Vertex X="29327" Y="65549" Z="0"/>
					<Vertex X="29140" Y="65611" Z="0"/>
					<Vertex X="29016" Y="65736" Z="0"/>
					<Vertex X="28767" Y="65798" Z="0"/>
					<Vertex X="28705" Y="65860" Z="0"/>
					<Vertex X="28643" Y="65922" Z="0"/>
					<Vertex X="28581" Y="65922" Z="0"/>
					<Vertex X="28519" Y="65984" Z="0"/>
					<Vertex X="28333" Y="66046" Z="0"/>
					<Vertex X="28270" Y="66109" Z="0"/>
					<Vertex X="28146" Y="66171" Z="0"/>
					<Vertex X="28022" Y="66295" Z="0"/>
					<Vertex X="27835" Y="66357" Z="0"/>
					<Vertex X="27649" Y="66481" Z="0"/>
					<Vertex X="27525" Y="66543" Z="0"/>
					<Vertex X="27090" Y="66792" Z="0"/>
					<Vertex X="26966" Y="66916" Z="0"/>
					<Vertex X="26841" Y="66978" Z="0"/>
					<Vertex X="26469" Y="67165" Z="0"/>
					<Vertex X="26344" Y="67227" Z="0"/>
					<Vertex X="26282" Y="67227" Z="0"/>
					<Vertex X="26220" Y="67289" Z="0"/>
					<Vertex X="26158" Y="67289" Z="0"/>
					<Vertex X="26034" Y="67351" Z="0"/>
					<Vertex X="25847" Y="67475" Z="0"/>
					<Vertex X="25723" Y="67475" Z="0"/>
					<Vertex X="25599" Y="67538" Z="0"/>
					<Vertex X="25537" Y="67538" Z="0"/>
					<Vertex X="25474" Y="67538" Z="0"/>
					<Vertex X="25350" Y="67600" Z="0"/>
					<Vertex X="25226" Y="67600" Z="0"/>
					<Vertex X="25040" Y="67600" Z="0"/>
					<Vertex X="24853" Y="67662" Z="0"/>
					<Vertex X="24791" Y="67662" Z="0"/>
					<Vertex X="24729" Y="67662" Z="0"/>
					<Vertex X="24667" Y="67662" Z="0"/>
					<Vertex X="24605" Y="67662" Z="0"/>
					<Vertex X="24418" Y="67662" Z="0"/>
					<Vertex X="24356" Y="67662" Z="0"/>
					<Vertex X="24232" Y="67662" Z="0"/>
					<Vertex X="23735" Y="67538" Z="0"/>
					<Vertex X="23362" Y="67413" Z="0"/>
					<Vertex X="23176" Y="67289" Z="0"/>
					<Vertex X="22927" Y="67227" Z="0"/>
					<Vertex X="22803" Y="67227" Z="0"/>
					<Vertex X="22741" Y="67165" Z="0"/>
					<Vertex X="22679" Y="67103" Z="0"/>
					<Vertex X="22616" Y="67103" Z="0"/>
					<Vertex X="22554" Y="67040" Z="0"/>
					<Vertex X="22430" Y="66916" Z="0"/>
					<Vertex X="22306" Y="66854" Z="0"/>
					<Vertex X="22244" Y="66792" Z="0"/>
					<Vertex X="22119" Y="66730" Z="0"/>
					<Vertex X="21995" Y="66606" Z="0"/>
					<Vertex X="21871" Y="66543" Z="0"/>
					<Vertex X="21747" Y="66481" Z="0"/>
					<Vertex X="21622" Y="66357" Z="0"/>
					<Vertex X="21560" Y="66357" Z="0"/>
					<Vertex X="21498" Y="66233" Z="0"/>
					<Vertex X="21374" Y="66171" Z="0"/>
					<Vertex X="21249" Y="66046" Z="0"/>
					<Vertex X="21125" Y="65922" Z="0"/>
					<Vertex X="21001" Y="65798" Z="0"/>
					<Vertex X="20815" Y="65611" Z="0"/>
					<Vertex X="20566" Y="65487" Z="0"/>
					<Vertex X="20504" Y="65425" Z="0"/>
					<Vertex X="20442" Y="65363" Z="0"/>
					<Vertex X="20380" Y="65363" Z="0"/>
					<Vertex X="20318" Y="65301" Z="0"/>
					<Vertex X="20255" Y="65177" Z="0"/>
					<Vertex X="20131" Y="65114" Z="0"/>
					<Vertex X="20007" Y="64928" Z="0"/>
					<Vertex X="19945" Y="64804" Z="0"/>
					<Vertex X="19883" Y="64742" Z="0"/>
					<Vertex X="19820" Y="64617" Z="0"/>
					<Vertex X="19758" Y="64555" Z="0"/>
					<Vertex X="19696" Y="64493" Z="0"/>
					<Vertex X="19634" Y="64431" Z="0"/>
					<Vertex X="19634" Y="64369" Z="0"/>
					<Vertex X="19572" Y="64307" Z="0"/>
					<Vertex X="19510" Y="64245" Z="0"/>
					<Vertex X="19448" Y="64120" Z="0"/>
					<Vertex X="19448" Y="64058" Z="0"/>
					<Vertex X="19386" Y="64058" Z="0"/>
					<Vertex X="19386" Y="63934" Z="0"/>
					<Vertex X="19323" Y="63872" Z="0"/>
					<Vertex X="19323" Y="63810" Z="0"/>
					<Vertex X="19261" Y="63685" Z="0"/>
					<Vertex X="19199" Y="63561" Z="0"/>
					<Vertex X="19199" Y="63499" Z="0"/>
					<Vertex X="19137" Y="63437" Z="0"/>
					<Vertex X="19075" Y="63375" Z="0"/>
					<Vertex X="19075" Y="63250" Z="0"/>
					<Vertex X="19013" Y="63188" Z="0"/>
					<Vertex X="18951" Y="63064" Z="0"/>
					<Vertex X="18951" Y="63002" Z="0"/>
					<Vertex X="18951" Y="62940" Z="0"/>
					<Vertex X="18888" Y="62878" Z="0"/>
					<Vertex X="18826" Y="62816" Z="0"/>
					<Vertex X="18826" Y="62753" Z="0"/>
					<Vertex X="18764" Y="62629" Z="0"/>
					<Vertex X="18702" Y="62505" Z="0"/>
					<Vertex X="18702" Y="62381" Z="0"/>
					<Vertex X="18578" Y="62256" Z="0"/>
					<Vertex X="18516" Y="62070" Z="0"/>
					<Vertex X="18454" Y="61946" Z="0"/>
					<Vertex X="18391" Y="61884" Z="0"/>
					<Vertex X="18391" Y="61759" Z="0"/>
					<Vertex X="18329" Y="61635" Z="0"/>
					<Vertex X="18267" Y="61573" Z="0"/>
					<Vertex X="18143" Y="61324" Z="0"/>
					<Vertex X="18081" Y="61262" Z="0"/>
					<Vertex X="18081" Y="61138" Z="0"/>
					<Vertex X="17956" Y="61014" Z="0"/>
					<Vertex X="17956" Y="60952" Z="0"/>
					<Vertex X="17894" Y="60889" Z="0"/>
					<Vertex X="17832" Y="60703" Z="0"/>
					<Vertex X="17770" Y="60517" Z="0"/>
					<Vertex X="17770" Y="60392" Z="0"/>
					<Vertex X="17708" Y="60268" Z="0"/>
					<Vertex X="17646" Y="60206" Z="0"/>
					<Vertex X="17584" Y="59895" Z="0"/>
					<Vertex X="17584" Y="59833" Z="0"/>
					<Vertex X="17522" Y="59709" Z="0"/>
					<Vertex X="17459" Y="59585" Z="0"/>
					<Vertex X="17459" Y="59523" Z="0"/>
					<Vertex X="17459" Y="59398" Z="0"/>
					<Vertex X="17397" Y="59336" Z="0"/>
					<Vertex X="17397" Y="59274" Z="0"/>
					<Vertex X="17335" Y="59212" Z="0"/>
					<Vertex X="17335" Y="59150" Z="0"/>
					<Vertex X="17335" Y="59088" Z="0"/>
					<Vertex X="17273" Y="58963" Z="0"/>
					<Vertex X="17273" Y="58839" Z="0"/>
					<Vertex X="17273" Y="58777" Z="0"/>
					<Vertex X="17211" Y="58715" Z="0"/>
					<Vertex X="17211" Y="58653" Z="0"/>
					<Vertex X="17211" Y="58528" Z="0"/>
					<Vertex X="17149" Y="58404" Z="0"/>
					<Vertex X="17087" Y="58280" Z="0"/>
					<Vertex X="17087" Y="58156" Z="0"/>
					<Vertex X="17087" Y="58094" Z="0"/>
					<Vertex X="17025" Y="57907" Z="0"/>
					<Vertex X="17025" Y="57845" Z="0"/>
					<Vertex X="16962" Y="57845" Z="0"/>
					<Vertex X="16962" Y="57783" Z="0"/>
					<Vertex X="16962" Y="57721" Z="0"/>
					<Vertex X="16962" Y="57659" Z="0"/>
					<Vertex X="16900" Y="57659" Z="0"/>
					<Vertex X="16838" Y="57534" Z="0"/>
					<Vertex X="16838" Y="57472" Z="0"/>
					<Vertex X="16776" Y="57410" Z="0"/>
					<Vertex X="16714" Y="57286" Z="0"/>
					<Vertex X="16652" Y="57162" Z="0"/>
					<Vertex X="16590" Y="57162" Z="0"/>
					<Vertex X="16590" Y="57099" Z="0"/>
					<Vertex X="16465" Y="57037" Z="0"/>
					<Vertex X="16465" Y="56975" Z="0"/>
					<Vertex X="16403" Y="56975" Z="0"/>
					<Vertex X="16403" Y="56913" Z="0"/>
					<Vertex X="16341" Y="56851" Z="0"/>
					<Vertex X="16093" Y="56105" Z="0"/>
				</Vertices>
			</Region>
		</Regions>
		<Plots/>
	</Annotation>
</Annotations>
