<Annotations MicronsPerPixel="0.227700">
	<Annotation Id="1" Name="" ReadOnly="0" NameReadOnly="0" LineColorReadOnly="0" Incremental="0" Type="4" LineColor="16776960" Visible="1" Selected="1" MarkupImagePath="" MacroName="">
		<Attributes/>
		<Regions>
			<RegionAttributeHeaders/>
			<Region Id="1" Type="0" Zoom="0.007884" Selected="0" ImageLocation="" ImageFocus="-1" Length="129061.8" Area="1110238195.0" LengthMicrons="29387.4" AreaMicrons="57562839.2" Text="" NegativeROA="0" InputRegionId="0" Analyze="1" DisplayId="1">
				<Attributes/>
				<Vertices>
					<Vertex X="111820" Y="43725" Z="0"/>
					<Vertex X="111541" Y="43725" Z="0"/>
					<Vertex X="110984" Y="43586" Z="0"/>
					<Vertex X="110566" Y="43447" Z="0"/>
					<Vertex X="109870" Y="43308" Z="0"/>
					<Vertex X="108478" Y="43168" Z="0"/>
					<Vertex X="107921" Y="43029" Z="0"/>
					<Vertex X="107364" Y="43029" Z="0"/>
					<Vertex X="106807" Y="42890" Z="0"/>
					<Vertex X="106389" Y="42890" Z="0"/>
					<Vertex X="105971" Y="42890" Z="0"/>
					<Vertex X="105553" Y="42890" Z="0"/>
					<Vertex X="105275" Y="42890" Z="0"/>
					<Vertex X="105136" Y="42890" Z="0"/>
					<Vertex X="104857" Y="42890" Z="0"/>
					<Vertex X="104579" Y="42890" Z="0"/>
					<Vertex X="104300" Y="42890" Z="0"/>
					<Vertex X="104161" Y="42890" Z="0"/>
					<Vertex X="104022" Y="42890" Z="0"/>
					<Vertex X="103743" Y="42890" Z="0"/>
					<Vertex X="103604" Y="42890" Z="0"/>
					<Vertex X="103325" Y="42890" Z="0"/>
					<Vertex X="103186" Y="42890" Z="0"/>
					<Vertex X="102908" Y="42890" Z="0"/>
					<Vertex X="102629" Y="42890" Z="0"/>
					<Vertex X="102490" Y="42890" Z="0"/>
					<Vertex X="102211" Y="42890" Z="0"/>
					<Vertex X="101933" Y="42890" Z="0"/>
					<Vertex X="101794" Y="42890" Z="0"/>
					<Vertex X="101654" Y="42890" Z="0"/>
					<Vertex X="101376" Y="42890" Z="0"/>
					<Vertex X="101097" Y="42890" Z="0"/>
					<Vertex X="100958" Y="42890" Z="0"/>
					<Vertex X="100679" Y="42890" Z="0"/>
					<Vertex X="100540" Y="42890" Z="0"/>
					<Vertex X="100401" Y="42890" Z="0"/>
					<Vertex X="100262" Y="42890" Z="0"/>
					<Vertex X="100122" Y="42890" Z="0"/>
					<Vertex X="99844" Y="42890" Z="0"/>
					<Vertex X="99705" Y="42890" Z="0"/>
					<Vertex X="99426" Y="42890" Z="0"/>
					<Vertex X="99148" Y="42890" Z="0"/>
					<Vertex X="98869" Y="42890" Z="0"/>
					<Vertex X="98730" Y="42890" Z="0"/>
					<Vertex X="98591" Y="42890" Z="0"/>
					<Vertex X="98451" Y="42890" Z="0"/>
					<Vertex X="98312" Y="42890" Z="0"/>
					<Vertex X="98034" Y="42890" Z="0"/>
					<Vertex X="97616" Y="42890" Z="0"/>
					<Vertex X="97337" Y="42890" Z="0"/>
					<Vertex X="97198" Y="42890" Z="0"/>
					<Vertex X="96920" Y="42890" Z="0"/>
					<Vertex X="96780" Y="42890" Z="0"/>
					<Vertex X="96223" Y="43168" Z="0"/>
					<Vertex X="95806" Y="43308" Z="0"/>
					<Vertex X="95388" Y="43447" Z="0"/>
					<Vertex X="95249" Y="43586" Z="0"/>
					<Vertex X="95109" Y="43865" Z="0"/>
					<Vertex X="94831" Y="43865" Z="0"/>
					<Vertex X="94692" Y="44004" Z="0"/>
					<Vertex X="94552" Y="44004" Z="0"/>
					<Vertex X="94413" Y="44282" Z="0"/>
					<Vertex X="94135" Y="44422" Z="0"/>
					<Vertex X="93995" Y="44422" Z="0"/>
					<Vertex X="93856" Y="44561" Z="0"/>
					<Vertex X="93717" Y="44700" Z="0"/>
					<Vertex X="93578" Y="44839" Z="0"/>
					<Vertex X="93299" Y="44979" Z="0"/>
					<Vertex X="93160" Y="45118" Z="0"/>
					<Vertex X="93021" Y="45118" Z="0"/>
					<Vertex X="93021" Y="45257" Z="0"/>
					<Vertex X="92881" Y="45396" Z="0"/>
					<Vertex X="92603" Y="45536" Z="0"/>
					<Vertex X="92603" Y="45675" Z="0"/>
					<Vertex X="92464" Y="45675" Z="0"/>
					<Vertex X="92324" Y="45953" Z="0"/>
					<Vertex X="92324" Y="46093" Z="0"/>
					<Vertex X="92046" Y="46093" Z="0"/>
					<Vertex X="92046" Y="46232" Z="0"/>
					<Vertex X="91907" Y="46371" Z="0"/>
					<Vertex X="91767" Y="46650" Z="0"/>
					<Vertex X="91628" Y="46650" Z="0"/>
					<Vertex X="91489" Y="46650" Z="0"/>
					<Vertex X="91489" Y="46789" Z="0"/>
					<Vertex X="91489" Y="46928" Z="0"/>
					<Vertex X="91210" Y="47207" Z="0"/>
					<Vertex X="91071" Y="47207" Z="0"/>
					<Vertex X="91071" Y="47346" Z="0"/>
					<Vertex X="90932" Y="47346" Z="0"/>
					<Vertex X="90514" Y="47764" Z="0"/>
					<Vertex X="90375" Y="47764" Z="0"/>
					<Vertex X="90236" Y="48042" Z="0"/>
					<Vertex X="90236" Y="48181" Z="0"/>
					<Vertex X="89818" Y="48321" Z="0"/>
					<Vertex X="89679" Y="48460" Z="0"/>
					<Vertex X="89400" Y="48599" Z="0"/>
					<Vertex X="89261" Y="48738" Z="0"/>
					<Vertex X="89122" Y="49017" Z="0"/>
					<Vertex X="88982" Y="49156" Z="0"/>
					<Vertex X="88843" Y="49295" Z="0"/>
					<Vertex X="88704" Y="49435" Z="0"/>
					<Vertex X="88286" Y="49992" Z="0"/>
					<Vertex X="88147" Y="50131" Z="0"/>
					<Vertex X="88007" Y="50549" Z="0"/>
					<Vertex X="87868" Y="50549" Z="0"/>
					<Vertex X="87033" Y="51663" Z="0"/>
					<Vertex X="86893" Y="51941" Z="0"/>
					<Vertex X="86476" Y="52498" Z="0"/>
					<Vertex X="86336" Y="52638" Z="0"/>
					<Vertex X="86058" Y="52777" Z="0"/>
					<Vertex X="85919" Y="53195" Z="0"/>
					<Vertex X="85779" Y="53334" Z="0"/>
					<Vertex X="85501" Y="53473" Z="0"/>
					<Vertex X="85362" Y="53612" Z="0"/>
					<Vertex X="85362" Y="53891" Z="0"/>
					<Vertex X="85222" Y="53891" Z="0"/>
					<Vertex X="84944" Y="53891" Z="0"/>
					<Vertex X="84526" Y="53891" Z="0"/>
					<Vertex X="84248" Y="53891" Z="0"/>
					<Vertex X="84108" Y="53891" Z="0"/>
					<Vertex X="83691" Y="53891" Z="0"/>
					<Vertex X="83551" Y="53891" Z="0"/>
					<Vertex X="83412" Y="53891" Z="0"/>
					<Vertex X="82994" Y="53891" Z="0"/>
					<Vertex X="82716" Y="53891" Z="0"/>
					<Vertex X="82577" Y="53891" Z="0"/>
					<Vertex X="82437" Y="53891" Z="0"/>
					<Vertex X="82298" Y="53891" Z="0"/>
					<Vertex X="82020" Y="53891" Z="0"/>
					<Vertex X="82020" Y="54030" Z="0"/>
					<Vertex X="81741" Y="54030" Z="0"/>
					<Vertex X="81602" Y="54169" Z="0"/>
					<Vertex X="81463" Y="54169" Z="0"/>
					<Vertex X="81323" Y="54309" Z="0"/>
					<Vertex X="81045" Y="54448" Z="0"/>
					<Vertex X="80906" Y="54587" Z="0"/>
					<Vertex X="80766" Y="54726" Z="0"/>
					<Vertex X="80627" Y="55005" Z="0"/>
					<Vertex X="80488" Y="55144" Z="0"/>
					<Vertex X="80488" Y="55283" Z="0"/>
					<Vertex X="80349" Y="55283" Z="0"/>
					<Vertex X="80349" Y="55562" Z="0"/>
					<Vertex X="80209" Y="55701" Z="0"/>
					<Vertex X="80209" Y="55980" Z="0"/>
					<Vertex X="80209" Y="56119" Z="0"/>
					<Vertex X="80209" Y="56258" Z="0"/>
					<Vertex X="80070" Y="56258" Z="0"/>
					<Vertex X="79931" Y="56537" Z="0"/>
					<Vertex X="79931" Y="56815" Z="0"/>
					<Vertex X="79792" Y="56954" Z="0"/>
					<Vertex X="79792" Y="57233" Z="0"/>
					<Vertex X="79652" Y="57372" Z="0"/>
					<Vertex X="79652" Y="57511" Z="0"/>
					<Vertex X="79652" Y="57790" Z="0"/>
					<Vertex X="79513" Y="57929" Z="0"/>
					<Vertex X="79513" Y="58208" Z="0"/>
					<Vertex X="79374" Y="58625" Z="0"/>
					<Vertex X="79235" Y="59043" Z="0"/>
					<Vertex X="79235" Y="59182" Z="0"/>
					<Vertex X="79235" Y="59600" Z="0"/>
					<Vertex X="79235" Y="60018" Z="0"/>
					<Vertex X="79095" Y="60157" Z="0"/>
					<Vertex X="78956" Y="60296" Z="0"/>
					<Vertex X="78956" Y="60714" Z="0"/>
					<Vertex X="78817" Y="61132" Z="0"/>
					<Vertex X="78817" Y="61271" Z="0"/>
					<Vertex X="78817" Y="61689" Z="0"/>
					<Vertex X="78817" Y="62107" Z="0"/>
					<Vertex X="78817" Y="62385" Z="0"/>
					<Vertex X="78817" Y="63081" Z="0"/>
					<Vertex X="78817" Y="63499" Z="0"/>
					<Vertex X="78817" Y="64196" Z="0"/>
					<Vertex X="78817" Y="64892" Z="0"/>
					<Vertex X="78817" Y="65310" Z="0"/>
					<Vertex X="78956" Y="66006" Z="0"/>
					<Vertex X="79095" Y="66981" Z="0"/>
					<Vertex X="79095" Y="67259" Z="0"/>
					<Vertex X="79235" Y="67816" Z="0"/>
					<Vertex X="79235" Y="68095" Z="0"/>
					<Vertex X="79374" Y="68652" Z="0"/>
					<Vertex X="79513" Y="69209" Z="0"/>
					<Vertex X="79513" Y="69626" Z="0"/>
					<Vertex X="79513" Y="70044" Z="0"/>
					<Vertex X="79652" Y="70323" Z="0"/>
					<Vertex X="79792" Y="70880" Z="0"/>
					<Vertex X="79792" Y="71158" Z="0"/>
					<Vertex X="79931" Y="71437" Z="0"/>
					<Vertex X="80070" Y="71854" Z="0"/>
					<Vertex X="80209" Y="72133" Z="0"/>
					<Vertex X="80349" Y="72272" Z="0"/>
					<Vertex X="80488" Y="72690" Z="0"/>
					<Vertex X="80906" Y="73247" Z="0"/>
					<Vertex X="80906" Y="73386" Z="0"/>
					<Vertex X="81045" Y="73525" Z="0"/>
					<Vertex X="81323" Y="73804" Z="0"/>
					<Vertex X="81463" Y="74082" Z="0"/>
					<Vertex X="81602" Y="74361" Z="0"/>
					<Vertex X="81880" Y="74500" Z="0"/>
					<Vertex X="82020" Y="74779" Z="0"/>
					<Vertex X="82437" Y="75057" Z="0"/>
					<Vertex X="82577" Y="75475" Z="0"/>
					<Vertex X="82855" Y="75753" Z="0"/>
					<Vertex X="83134" Y="75893" Z="0"/>
					<Vertex X="83551" Y="76311" Z="0"/>
					<Vertex X="83691" Y="76450" Z="0"/>
					<Vertex X="83969" Y="76728" Z="0"/>
					<Vertex X="84108" Y="77007" Z="0"/>
					<Vertex X="84387" Y="77285" Z="0"/>
					<Vertex X="84805" Y="77564" Z="0"/>
					<Vertex X="85362" Y="77982" Z="0"/>
					<Vertex X="85640" Y="77982" Z="0"/>
					<Vertex X="85919" Y="78399" Z="0"/>
					<Vertex X="86197" Y="78399" Z="0"/>
					<Vertex X="86476" Y="78817" Z="0"/>
					<Vertex X="86893" Y="78956" Z="0"/>
					<Vertex X="87033" Y="79096" Z="0"/>
					<Vertex X="87311" Y="79374" Z="0"/>
					<Vertex X="87590" Y="79513" Z="0"/>
					<Vertex X="87729" Y="79513" Z="0"/>
					<Vertex X="88007" Y="79653" Z="0"/>
					<Vertex X="88147" Y="79792" Z="0"/>
					<Vertex X="88564" Y="79931" Z="0"/>
					<Vertex X="88704" Y="80070" Z="0"/>
					<Vertex X="88843" Y="80070" Z="0"/>
					<Vertex X="88982" Y="80210" Z="0"/>
					<Vertex X="89261" Y="80488" Z="0"/>
					<Vertex X="89400" Y="80488" Z="0"/>
					<Vertex X="89539" Y="80627" Z="0"/>
					<Vertex X="89818" Y="80627" Z="0"/>
					<Vertex X="89957" Y="80627" Z="0"/>
					<Vertex X="90096" Y="80627" Z="0"/>
					<Vertex X="90375" Y="80767" Z="0"/>
					<Vertex X="90514" Y="80767" Z="0"/>
					<Vertex X="90932" Y="81045" Z="0"/>
					<Vertex X="91071" Y="81045" Z="0"/>
					<Vertex X="91489" Y="81045" Z="0"/>
					<Vertex X="91628" Y="81184" Z="0"/>
					<Vertex X="91767" Y="81184" Z="0"/>
					<Vertex X="92046" Y="81184" Z="0"/>
					<Vertex X="92046" Y="81324" Z="0"/>
					<Vertex X="92324" Y="81324" Z="0"/>
					<Vertex X="92603" Y="81463" Z="0"/>
					<Vertex X="92603" Y="81741" Z="0"/>
					<Vertex X="92881" Y="81741" Z="0"/>
					<Vertex X="93021" Y="81881" Z="0"/>
					<Vertex X="93299" Y="82020" Z="0"/>
					<Vertex X="93717" Y="82298" Z="0"/>
					<Vertex X="93995" Y="82298" Z="0"/>
					<Vertex X="94274" Y="82298" Z="0"/>
					<Vertex X="94831" Y="82438" Z="0"/>
					<Vertex X="95527" Y="82716" Z="0"/>
					<Vertex X="96223" Y="82855" Z="0"/>
					<Vertex X="96363" Y="82855" Z="0"/>
					<Vertex X="96641" Y="82855" Z="0"/>
					<Vertex X="97059" Y="82855" Z="0"/>
					<Vertex X="97337" Y="82855" Z="0"/>
					<Vertex X="97616" Y="82855" Z="0"/>
					<Vertex X="97755" Y="82855" Z="0"/>
					<Vertex X="98034" Y="82855" Z="0"/>
					<Vertex X="98173" Y="82855" Z="0"/>
					<Vertex X="98451" Y="82855" Z="0"/>
					<Vertex X="98730" Y="82855" Z="0"/>
					<Vertex X="98869" Y="82855" Z="0"/>
					<Vertex X="99008" Y="82855" Z="0"/>
					<Vertex X="99426" Y="82855" Z="0"/>
					<Vertex X="99565" Y="82855" Z="0"/>
					<Vertex X="99844" Y="82716" Z="0"/>
					<Vertex X="100122" Y="82577" Z="0"/>
					<Vertex X="100262" Y="82577" Z="0"/>
					<Vertex X="100540" Y="82438" Z="0"/>
					<Vertex X="100679" Y="82438" Z="0"/>
					<Vertex X="100958" Y="82438" Z="0"/>
					<Vertex X="101097" Y="82438" Z="0"/>
					<Vertex X="101236" Y="82298" Z="0"/>
					<Vertex X="101515" Y="82298" Z="0"/>
					<Vertex X="101654" Y="82298" Z="0"/>
					<Vertex X="101933" Y="82298" Z="0"/>
					<Vertex X="102211" Y="82159" Z="0"/>
					<Vertex X="102629" Y="82020" Z="0"/>
					<Vertex X="102768" Y="81881" Z="0"/>
					<Vertex X="102908" Y="81741" Z="0"/>
					<Vertex X="103186" Y="81741" Z="0"/>
					<Vertex X="103325" Y="81602" Z="0"/>
					<Vertex X="103604" Y="81602" Z="0"/>
					<Vertex X="104022" Y="81324" Z="0"/>
					<Vertex X="104300" Y="81184" Z="0"/>
					<Vertex X="104718" Y="81184" Z="0"/>
					<Vertex X="104996" Y="80906" Z="0"/>
					<Vertex X="105136" Y="80906" Z="0"/>
					<Vertex X="105414" Y="80767" Z="0"/>
					<Vertex X="105553" Y="80627" Z="0"/>
					<Vertex X="105832" Y="80627" Z="0"/>
					<Vertex X="105971" Y="80627" Z="0"/>
					<Vertex X="106250" Y="80349" Z="0"/>
					<Vertex X="106250" Y="80210" Z="0"/>
					<Vertex X="106528" Y="80070" Z="0"/>
					<Vertex X="106807" Y="80070" Z="0"/>
					<Vertex X="106807" Y="79931" Z="0"/>
					<Vertex X="107085" Y="79653" Z="0"/>
					<Vertex X="107085" Y="79513" Z="0"/>
					<Vertex X="107364" Y="79513" Z="0"/>
					<Vertex X="107642" Y="79096" Z="0"/>
					<Vertex X="107921" Y="78678" Z="0"/>
					<Vertex X="108199" Y="78399" Z="0"/>
					<Vertex X="108199" Y="78260" Z="0"/>
					<Vertex X="108478" Y="77842" Z="0"/>
					<Vertex X="108756" Y="77425" Z="0"/>
					<Vertex X="108756" Y="77285" Z="0"/>
					<Vertex X="108895" Y="77146" Z="0"/>
					<Vertex X="109174" Y="76868" Z="0"/>
					<Vertex X="109313" Y="76728" Z="0"/>
					<Vertex X="109313" Y="76589" Z="0"/>
					<Vertex X="109452" Y="76171" Z="0"/>
					<Vertex X="109731" Y="76032" Z="0"/>
					<Vertex X="109731" Y="75893" Z="0"/>
					<Vertex X="109870" Y="75475" Z="0"/>
					<Vertex X="110009" Y="75196" Z="0"/>
					<Vertex X="110009" Y="75057" Z="0"/>
					<Vertex X="110288" Y="74918" Z="0"/>
					<Vertex X="110427" Y="74639" Z="0"/>
					<Vertex X="110427" Y="74361" Z="0"/>
					<Vertex X="110566" Y="73943" Z="0"/>
					<Vertex X="110706" Y="73525" Z="0"/>
					<Vertex X="110845" Y="73247" Z="0"/>
					<Vertex X="110984" Y="72551" Z="0"/>
					<Vertex X="111123" Y="71994" Z="0"/>
					<Vertex X="111123" Y="71576" Z="0"/>
					<Vertex X="111123" Y="71158" Z="0"/>
					<Vertex X="111263" Y="70462" Z="0"/>
					<Vertex X="111263" Y="70183" Z="0"/>
					<Vertex X="111541" Y="69626" Z="0"/>
					<Vertex X="111541" Y="69487" Z="0"/>
					<Vertex X="111541" Y="69209" Z="0"/>
					<Vertex X="111541" Y="68930" Z="0"/>
					<Vertex X="111680" Y="68512" Z="0"/>
					<Vertex X="111680" Y="68373" Z="0"/>
					<Vertex X="111820" Y="68095" Z="0"/>
					<Vertex X="111820" Y="67816" Z="0"/>
					<Vertex X="111959" Y="67677" Z="0"/>
					<Vertex X="111959" Y="67398" Z="0"/>
					<Vertex X="112098" Y="66981" Z="0"/>
					<Vertex X="112098" Y="66702" Z="0"/>
					<Vertex X="112098" Y="66563" Z="0"/>
					<Vertex X="112098" Y="66424" Z="0"/>
					<Vertex X="112237" Y="66006" Z="0"/>
					<Vertex X="112237" Y="65727" Z="0"/>
					<Vertex X="112377" Y="65588" Z="0"/>
					<Vertex X="112377" Y="65449" Z="0"/>
					<Vertex X="112516" Y="65170" Z="0"/>
					<Vertex X="112655" Y="64892" Z="0"/>
					<Vertex X="112655" Y="64613" Z="0"/>
					<Vertex X="112794" Y="64196" Z="0"/>
					<Vertex X="112934" Y="64056" Z="0"/>
					<Vertex X="113212" Y="63639" Z="0"/>
					<Vertex X="113212" Y="63081" Z="0"/>
					<Vertex X="113212" Y="62803" Z="0"/>
					<Vertex X="113491" Y="62385" Z="0"/>
					<Vertex X="113491" Y="62246" Z="0"/>
					<Vertex X="113630" Y="61550" Z="0"/>
					<Vertex X="113630" Y="61410" Z="0"/>
					<Vertex X="113769" Y="61132" Z="0"/>
					<Vertex X="113769" Y="60296" Z="0"/>
					<Vertex X="113769" Y="60157" Z="0"/>
					<Vertex X="113908" Y="59879" Z="0"/>
					<Vertex X="113908" Y="59600" Z="0"/>
					<Vertex X="114326" Y="57372" Z="0"/>
					<Vertex X="114326" Y="56815" Z="0"/>
					<Vertex X="114326" Y="56119" Z="0"/>
					<Vertex X="114326" Y="55562" Z="0"/>
					<Vertex X="114466" Y="55005" Z="0"/>
					<Vertex X="114605" Y="54309" Z="0"/>
					<Vertex X="114744" Y="53891" Z="0"/>
					<Vertex X="114744" Y="53334" Z="0"/>
					<Vertex X="114883" Y="52498" Z="0"/>
					<Vertex X="114883" Y="52220" Z="0"/>
					<Vertex X="114883" Y="51802" Z="0"/>
					<Vertex X="114883" Y="51524" Z="0"/>
					<Vertex X="114883" Y="50827" Z="0"/>
					<Vertex X="114883" Y="50549" Z="0"/>
					<Vertex X="114883" Y="50409" Z="0"/>
					<Vertex X="114883" Y="50270" Z="0"/>
					<Vertex X="114883" Y="49992" Z="0"/>
					<Vertex X="114883" Y="49574" Z="0"/>
					<Vertex X="114883" Y="49435" Z="0"/>
					<Vertex X="114883" Y="49156" Z="0"/>
					<Vertex X="114744" Y="48738" Z="0"/>
					<Vertex X="114605" Y="48599" Z="0"/>
					<Vertex X="114605" Y="48321" Z="0"/>
					<Vertex X="114466" Y="48321" Z="0"/>
					<Vertex X="114326" Y="48042" Z="0"/>
					<Vertex X="114326" Y="47764" Z="0"/>
					<Vertex X="114326" Y="47624" Z="0"/>
					<Vertex X="114326" Y="47485" Z="0"/>
					<Vertex X="114187" Y="47207" Z="0"/>
					<Vertex X="114187" Y="47067" Z="0"/>
					<Vertex X="114048" Y="46928" Z="0"/>
					<Vertex X="114048" Y="46650" Z="0"/>
					<Vertex X="114048" Y="46510" Z="0"/>
					<Vertex X="114048" Y="46371" Z="0"/>
					<Vertex X="113908" Y="46371" Z="0"/>
					<Vertex X="113769" Y="45953" Z="0"/>
					<Vertex X="113630" Y="45675" Z="0"/>
					<Vertex X="113630" Y="45536" Z="0"/>
					<Vertex X="113630" Y="45396" Z="0"/>
					<Vertex X="113351" Y="45118" Z="0"/>
					<Vertex X="113212" Y="44979" Z="0"/>
					<Vertex X="113073" Y="44839" Z="0"/>
					<Vertex X="113073" Y="44700" Z="0"/>
					<Vertex X="113073" Y="44561" Z="0"/>
					<Vertex X="112934" Y="44422" Z="0"/>
					<Vertex X="112794" Y="44422" Z="0"/>
					<Vertex X="112655" Y="44282" Z="0"/>
					<Vertex X="112655" Y="44143" Z="0"/>
					<Vertex X="112516" Y="44004" Z="0"/>
					<Vertex X="112516" Y="43865" Z="0"/>
					<Vertex X="112377" Y="43865" Z="0"/>
					<Vertex X="112237" Y="43865" Z="0"/>
					<Vertex X="112237" Y="43725" Z="0"/>
					<Vertex X="112237" Y="43586" Z="0"/>
					<Vertex X="111820" Y="43725" Z="0"/>
				</Vertices>
			</Region>
			<Region Id="2" Type="0" Zoom="0.007884" Selected="1" ImageLocation="" ImageFocus="-1" Length="57721.8" Area="171867468.0" LengthMicrons="13143.3" AreaMicrons="8910862.1" Text="" NegativeROA="0" InputRegionId="0" Analyze="1" DisplayId="2">
				<Attributes/>
				<Vertices>
					<Vertex X="45953" Y="36763" Z="0"/>
					<Vertex X="46092" Y="36623" Z="0"/>
					<Vertex X="46232" Y="36623" Z="0"/>
					<Vertex X="46371" Y="36623" Z="0"/>
					<Vertex X="46510" Y="36623" Z="0"/>
					<Vertex X="46928" Y="36623" Z="0"/>
					<Vertex X="47067" Y="36623" Z="0"/>
					<Vertex X="47346" Y="36763" Z="0"/>
					<Vertex X="47624" Y="36763" Z="0"/>
					<Vertex X="47903" Y="36763" Z="0"/>
					<Vertex X="48042" Y="36902" Z="0"/>
					<Vertex X="48320" Y="36902" Z="0"/>
					<Vertex X="48599" Y="37041" Z="0"/>
					<Vertex X="48738" Y="37041" Z="0"/>
					<Vertex X="48877" Y="37041" Z="0"/>
					<Vertex X="49156" Y="37041" Z="0"/>
					<Vertex X="49434" Y="37041" Z="0"/>
					<Vertex X="49713" Y="37041" Z="0"/>
					<Vertex X="49852" Y="37041" Z="0"/>
					<Vertex X="50131" Y="37041" Z="0"/>
					<Vertex X="50270" Y="37041" Z="0"/>
					<Vertex X="50409" Y="37041" Z="0"/>
					<Vertex X="50548" Y="37041" Z="0"/>
					<Vertex X="50688" Y="37041" Z="0"/>
					<Vertex X="50827" Y="37041" Z="0"/>
					<Vertex X="50966" Y="37180" Z="0"/>
					<Vertex X="51106" Y="37180" Z="0"/>
					<Vertex X="51245" Y="37180" Z="0"/>
					<Vertex X="51523" Y="37320" Z="0"/>
					<Vertex X="51941" Y="37320" Z="0"/>
					<Vertex X="52080" Y="37459" Z="0"/>
					<Vertex X="52359" Y="37737" Z="0"/>
					<Vertex X="52637" Y="37877" Z="0"/>
					<Vertex X="52637" Y="38016" Z="0"/>
					<Vertex X="52916" Y="38155" Z="0"/>
					<Vertex X="52916" Y="38295" Z="0"/>
					<Vertex X="53194" Y="38573" Z="0"/>
					<Vertex X="53194" Y="38712" Z="0"/>
					<Vertex X="53334" Y="38852" Z="0"/>
					<Vertex X="53473" Y="38852" Z="0"/>
					<Vertex X="53612" Y="39409" Z="0"/>
					<Vertex X="53891" Y="39548" Z="0"/>
					<Vertex X="54169" Y="40105" Z="0"/>
					<Vertex X="54448" Y="40523" Z="0"/>
					<Vertex X="54448" Y="40662" Z="0"/>
					<Vertex X="54726" Y="40940" Z="0"/>
					<Vertex X="54726" Y="41080" Z="0"/>
					<Vertex X="54726" Y="41219" Z="0"/>
					<Vertex X="54587" Y="42472" Z="0"/>
					<Vertex X="54587" Y="42611" Z="0"/>
					<Vertex X="54587" Y="43029" Z="0"/>
					<Vertex X="54587" Y="43168" Z="0"/>
					<Vertex X="54587" Y="43447" Z="0"/>
					<Vertex X="54587" Y="43586" Z="0"/>
					<Vertex X="54587" Y="43865" Z="0"/>
					<Vertex X="54587" Y="44004" Z="0"/>
					<Vertex X="54587" Y="44282" Z="0"/>
					<Vertex X="54587" Y="44422" Z="0"/>
					<Vertex X="54587" Y="44561" Z="0"/>
					<Vertex X="54587" Y="44700" Z="0"/>
					<Vertex X="54726" Y="44979" Z="0"/>
					<Vertex X="54726" Y="45118" Z="0"/>
					<Vertex X="54726" Y="45257" Z="0"/>
					<Vertex X="54865" Y="45536" Z="0"/>
					<Vertex X="54865" Y="45675" Z="0"/>
					<Vertex X="55005" Y="45953" Z="0"/>
					<Vertex X="55144" Y="46093" Z="0"/>
					<Vertex X="55144" Y="46232" Z="0"/>
					<Vertex X="55283" Y="46371" Z="0"/>
					<Vertex X="55283" Y="46650" Z="0"/>
					<Vertex X="55422" Y="46650" Z="0"/>
					<Vertex X="55422" Y="46928" Z="0"/>
					<Vertex X="55562" Y="47067" Z="0"/>
					<Vertex X="55701" Y="47346" Z="0"/>
					<Vertex X="55701" Y="47624" Z="0"/>
					<Vertex X="55840" Y="47903" Z="0"/>
					<Vertex X="55979" Y="48042" Z="0"/>
					<Vertex X="55979" Y="48181" Z="0"/>
					<Vertex X="56258" Y="48321" Z="0"/>
					<Vertex X="56397" Y="48738" Z="0"/>
					<Vertex X="56397" Y="49017" Z="0"/>
					<Vertex X="56397" Y="49156" Z="0"/>
					<Vertex X="56536" Y="49435" Z="0"/>
					<Vertex X="56676" Y="49852" Z="0"/>
					<Vertex X="56676" Y="49992" Z="0"/>
					<Vertex X="56815" Y="49992" Z="0"/>
					<Vertex X="56954" Y="50549" Z="0"/>
					<Vertex X="57093" Y="51106" Z="0"/>
					<Vertex X="57233" Y="51384" Z="0"/>
					<Vertex X="57233" Y="51663" Z="0"/>
					<Vertex X="57372" Y="51802" Z="0"/>
					<Vertex X="57511" Y="51941" Z="0"/>
					<Vertex X="57511" Y="52220" Z="0"/>
					<Vertex X="57511" Y="52359" Z="0"/>
					<Vertex X="57511" Y="52498" Z="0"/>
					<Vertex X="57511" Y="52638" Z="0"/>
					<Vertex X="57511" Y="52916" Z="0"/>
					<Vertex X="57372" Y="53055" Z="0"/>
					<Vertex X="57372" Y="53334" Z="0"/>
					<Vertex X="57233" Y="53334" Z="0"/>
					<Vertex X="57233" Y="53473" Z="0"/>
					<Vertex X="57093" Y="53612" Z="0"/>
					<Vertex X="56954" Y="53891" Z="0"/>
					<Vertex X="56954" Y="54030" Z="0"/>
					<Vertex X="56815" Y="54309" Z="0"/>
					<Vertex X="56676" Y="54448" Z="0"/>
					<Vertex X="56397" Y="54448" Z="0"/>
					<Vertex X="56397" Y="54587" Z="0"/>
					<Vertex X="56258" Y="54587" Z="0"/>
					<Vertex X="56119" Y="54587" Z="0"/>
					<Vertex X="55979" Y="54726" Z="0"/>
					<Vertex X="55840" Y="54726" Z="0"/>
					<Vertex X="55840" Y="54866" Z="0"/>
					<Vertex X="55701" Y="54866" Z="0"/>
					<Vertex X="55422" Y="55005" Z="0"/>
					<Vertex X="55283" Y="55005" Z="0"/>
					<Vertex X="55144" Y="55005" Z="0"/>
					<Vertex X="55005" Y="55005" Z="0"/>
					<Vertex X="54865" Y="55005" Z="0"/>
					<Vertex X="54726" Y="55005" Z="0"/>
					<Vertex X="54726" Y="55144" Z="0"/>
					<Vertex X="54030" Y="55144" Z="0"/>
					<Vertex X="53891" Y="55144" Z="0"/>
					<Vertex X="53612" Y="55144" Z="0"/>
					<Vertex X="53473" Y="55144" Z="0"/>
					<Vertex X="53334" Y="55144" Z="0"/>
					<Vertex X="53055" Y="55144" Z="0"/>
					<Vertex X="52916" Y="55144" Z="0"/>
					<Vertex X="52777" Y="55144" Z="0"/>
					<Vertex X="52498" Y="55144" Z="0"/>
					<Vertex X="52080" Y="55144" Z="0"/>
					<Vertex X="51941" Y="55144" Z="0"/>
					<Vertex X="51384" Y="55005" Z="0"/>
					<Vertex X="51245" Y="55005" Z="0"/>
					<Vertex X="50548" Y="54726" Z="0"/>
					<Vertex X="50131" Y="54448" Z="0"/>
					<Vertex X="49852" Y="54309" Z="0"/>
					<Vertex X="49434" Y="53891" Z="0"/>
					<Vertex X="48599" Y="53473" Z="0"/>
					<Vertex X="48181" Y="53334" Z="0"/>
					<Vertex X="48042" Y="53195" Z="0"/>
					<Vertex X="47763" Y="52916" Z="0"/>
					<Vertex X="47485" Y="52777" Z="0"/>
					<Vertex X="47206" Y="52638" Z="0"/>
					<Vertex X="46928" Y="52359" Z="0"/>
					<Vertex X="46789" Y="52220" Z="0"/>
					<Vertex X="46510" Y="52081" Z="0"/>
					<Vertex X="45953" Y="51663" Z="0"/>
					<Vertex X="45814" Y="51663" Z="0"/>
					<Vertex X="45814" Y="51524" Z="0"/>
					<Vertex X="45396" Y="51384" Z="0"/>
					<Vertex X="45396" Y="51245" Z="0"/>
					<Vertex X="45118" Y="51106" Z="0"/>
					<Vertex X="45118" Y="50827" Z="0"/>
					<Vertex X="44978" Y="50827" Z="0"/>
					<Vertex X="44700" Y="50688" Z="0"/>
					<Vertex X="44700" Y="50549" Z="0"/>
					<Vertex X="44561" Y="50549" Z="0"/>
					<Vertex X="44421" Y="50270" Z="0"/>
					<Vertex X="44282" Y="50270" Z="0"/>
					<Vertex X="44143" Y="50131" Z="0"/>
					<Vertex X="44004" Y="49713" Z="0"/>
					<Vertex X="43864" Y="49574" Z="0"/>
					<Vertex X="43864" Y="49435" Z="0"/>
					<Vertex X="43864" Y="49295" Z="0"/>
					<Vertex X="43864" Y="49156" Z="0"/>
					<Vertex X="43864" Y="49017" Z="0"/>
					<Vertex X="43864" Y="48878" Z="0"/>
					<Vertex X="43864" Y="48738" Z="0"/>
					<Vertex X="43864" Y="48460" Z="0"/>
					<Vertex X="43864" Y="48321" Z="0"/>
					<Vertex X="44004" Y="48181" Z="0"/>
					<Vertex X="44004" Y="47903" Z="0"/>
					<Vertex X="44143" Y="47764" Z="0"/>
					<Vertex X="44282" Y="47764" Z="0"/>
					<Vertex X="44282" Y="47624" Z="0"/>
					<Vertex X="44282" Y="47485" Z="0"/>
					<Vertex X="44421" Y="47346" Z="0"/>
					<Vertex X="44561" Y="47207" Z="0"/>
					<Vertex X="44700" Y="47207" Z="0"/>
					<Vertex X="44700" Y="47067" Z="0"/>
					<Vertex X="44839" Y="46928" Z="0"/>
					<Vertex X="44978" Y="46789" Z="0"/>
					<Vertex X="45118" Y="46650" Z="0"/>
					<Vertex X="45257" Y="46650" Z="0"/>
					<Vertex X="45396" Y="46650" Z="0"/>
					<Vertex X="45396" Y="46510" Z="0"/>
					<Vertex X="45535" Y="46510" Z="0"/>
					<Vertex X="45535" Y="46371" Z="0"/>
					<Vertex X="45675" Y="46232" Z="0"/>
					<Vertex X="45814" Y="46232" Z="0"/>
					<Vertex X="45953" Y="45953" Z="0"/>
					<Vertex X="45953" Y="45675" Z="0"/>
					<Vertex X="45953" Y="45536" Z="0"/>
					<Vertex X="45953" Y="45396" Z="0"/>
					<Vertex X="45953" Y="45257" Z="0"/>
					<Vertex X="45953" Y="45118" Z="0"/>
					<Vertex X="45814" Y="44979" Z="0"/>
					<Vertex X="45814" Y="44561" Z="0"/>
					<Vertex X="45675" Y="44422" Z="0"/>
					<Vertex X="45535" Y="44422" Z="0"/>
					<Vertex X="45396" Y="44282" Z="0"/>
					<Vertex X="45396" Y="44143" Z="0"/>
					<Vertex X="45257" Y="44143" Z="0"/>
					<Vertex X="45257" Y="43865" Z="0"/>
					<Vertex X="45257" Y="43725" Z="0"/>
					<Vertex X="45118" Y="43586" Z="0"/>
					<Vertex X="45118" Y="43447" Z="0"/>
					<Vertex X="45118" Y="43308" Z="0"/>
					<Vertex X="44978" Y="43168" Z="0"/>
					<Vertex X="44978" Y="43029" Z="0"/>
					<Vertex X="44978" Y="42890" Z="0"/>
					<Vertex X="44978" Y="42751" Z="0"/>
					<Vertex X="44978" Y="42611" Z="0"/>
					<Vertex X="44978" Y="42472" Z="0"/>
					<Vertex X="44978" Y="42333" Z="0"/>
					<Vertex X="44978" Y="42194" Z="0"/>
					<Vertex X="44978" Y="42054" Z="0"/>
					<Vertex X="44978" Y="41915" Z="0"/>
					<Vertex X="44978" Y="41776" Z="0"/>
					<Vertex X="44978" Y="41637" Z="0"/>
					<Vertex X="45118" Y="41497" Z="0"/>
					<Vertex X="45118" Y="41358" Z="0"/>
					<Vertex X="45257" Y="41219" Z="0"/>
					<Vertex X="45257" Y="41080" Z="0"/>
					<Vertex X="45396" Y="41080" Z="0"/>
					<Vertex X="45396" Y="40940" Z="0"/>
					<Vertex X="45535" Y="40523" Z="0"/>
					<Vertex X="45675" Y="40523" Z="0"/>
					<Vertex X="45675" Y="40383" Z="0"/>
					<Vertex X="45814" Y="40244" Z="0"/>
					<Vertex X="45814" Y="39966" Z="0"/>
					<Vertex X="45953" Y="39966" Z="0"/>
					<Vertex X="45953" Y="39826" Z="0"/>
					<Vertex X="45953" Y="39687" Z="0"/>
					<Vertex X="46092" Y="39548" Z="0"/>
					<Vertex X="46092" Y="39409" Z="0"/>
					<Vertex X="46232" Y="39409" Z="0"/>
					<Vertex X="46232" Y="39269" Z="0"/>
					<Vertex X="46232" Y="38852" Z="0"/>
					<Vertex X="46232" Y="38712" Z="0"/>
					<Vertex X="46232" Y="38573" Z="0"/>
					<Vertex X="46232" Y="38295" Z="0"/>
					<Vertex X="46232" Y="38155" Z="0"/>
					<Vertex X="46232" Y="38016" Z="0"/>
					<Vertex X="46232" Y="37877" Z="0"/>
					<Vertex X="46232" Y="37737" Z="0"/>
					<Vertex X="46232" Y="37598" Z="0"/>
					<Vertex X="46232" Y="37459" Z="0"/>
					<Vertex X="46232" Y="37320" Z="0"/>
					<Vertex X="46232" Y="37180" Z="0"/>
					<Vertex X="46092" Y="37180" Z="0"/>
					<Vertex X="45953" Y="37180" Z="0"/>
					<Vertex X="45953" Y="37041" Z="0"/>
					<Vertex X="45953" Y="36763" Z="0"/>
				</Vertices>
			</Region>
		</Regions>
		<Plots/>
	</Annotation>
</Annotations>
