<Annotations MicronsPerPixel="0.252700">
	<Annotation Id="1" Name="" ReadOnly="0" NameReadOnly="0" LineColorReadOnly="0" Incremental="0" Type="4" LineColor="16776960" Visible="1" Selected="1" MarkupImagePath="" MacroName="">
		<Attributes/>
		<Regions>
			<RegionAttributeHeaders/>
			<Region Id="1" Type="0" Zoom="0.012307" Selected="0" ImageLocation="" ImageFocus="-1" Length="159607.5" Area="1128622431.0" LengthMicrons="40332.8" AreaMicrons="72070770.4" Text="" NegativeROA="0" InputRegionId="0" Analyze="1" DisplayId="1">
				<Attributes/>
				<Vertices>
					<Vertex X="16802" Y="41883" Z="0"/>
					<Vertex X="16480" Y="41883" Z="0"/>
					<Vertex X="15435" Y="41883" Z="0"/>
					<Vertex X="15114" Y="41883" Z="0"/>
					<Vertex X="14953" Y="41883" Z="0"/>
					<Vertex X="14873" Y="41883" Z="0"/>
					<Vertex X="14792" Y="41883" Z="0"/>
					<Vertex X="14712" Y="41883" Z="0"/>
					<Vertex X="14631" Y="42044" Z="0"/>
					<Vertex X="14390" Y="42124" Z="0"/>
					<Vertex X="14229" Y="42205" Z="0"/>
					<Vertex X="14149" Y="42285" Z="0"/>
					<Vertex X="13988" Y="42365" Z="0"/>
					<Vertex X="13827" Y="42365" Z="0"/>
					<Vertex X="13827" Y="42446" Z="0"/>
					<Vertex X="13747" Y="42446" Z="0"/>
					<Vertex X="13667" Y="42526" Z="0"/>
					<Vertex X="13586" Y="42526" Z="0"/>
					<Vertex X="13586" Y="42606" Z="0"/>
					<Vertex X="13506" Y="42687" Z="0"/>
					<Vertex X="13425" Y="42767" Z="0"/>
					<Vertex X="13345" Y="42767" Z="0"/>
					<Vertex X="13265" Y="42848" Z="0"/>
					<Vertex X="13184" Y="42848" Z="0"/>
					<Vertex X="13184" Y="42928" Z="0"/>
					<Vertex X="13104" Y="43008" Z="0"/>
					<Vertex X="13024" Y="43008" Z="0"/>
					<Vertex X="13024" Y="43089" Z="0"/>
					<Vertex X="12943" Y="43089" Z="0"/>
					<Vertex X="12863" Y="43169" Z="0"/>
					<Vertex X="12782" Y="43250" Z="0"/>
					<Vertex X="12702" Y="43330" Z="0"/>
					<Vertex X="12622" Y="43330" Z="0"/>
					<Vertex X="12541" Y="43491" Z="0"/>
					<Vertex X="12461" Y="43491" Z="0"/>
					<Vertex X="12380" Y="43652" Z="0"/>
					<Vertex X="12220" Y="43812" Z="0"/>
					<Vertex X="12139" Y="43893" Z="0"/>
					<Vertex X="12059" Y="43973" Z="0"/>
					<Vertex X="11978" Y="44054" Z="0"/>
					<Vertex X="11898" Y="44134" Z="0"/>
					<Vertex X="11898" Y="44214" Z="0"/>
					<Vertex X="11737" Y="44375" Z="0"/>
					<Vertex X="11657" Y="44455" Z="0"/>
					<Vertex X="11657" Y="44536" Z="0"/>
					<Vertex X="11657" Y="44616" Z="0"/>
					<Vertex X="11577" Y="44697" Z="0"/>
					<Vertex X="11496" Y="44857" Z="0"/>
					<Vertex X="11496" Y="44938" Z="0"/>
					<Vertex X="11496" Y="45018" Z="0"/>
					<Vertex X="11416" Y="45179" Z="0"/>
					<Vertex X="11335" Y="45259" Z="0"/>
					<Vertex X="11335" Y="45420" Z="0"/>
					<Vertex X="11335" Y="45501" Z="0"/>
					<Vertex X="11335" Y="45742" Z="0"/>
					<Vertex X="11335" Y="45822" Z="0"/>
					<Vertex X="11255" Y="46063" Z="0"/>
					<Vertex X="11255" Y="46144" Z="0"/>
					<Vertex X="11255" Y="46224" Z="0"/>
					<Vertex X="11255" Y="46304" Z="0"/>
					<Vertex X="11255" Y="46385" Z="0"/>
					<Vertex X="11335" Y="46465" Z="0"/>
					<Vertex X="11416" Y="46546" Z="0"/>
					<Vertex X="11496" Y="46546" Z="0"/>
					<Vertex X="11577" Y="46626" Z="0"/>
					<Vertex X="11657" Y="46626" Z="0"/>
					<Vertex X="11737" Y="46706" Z="0"/>
					<Vertex X="11978" Y="46787" Z="0"/>
					<Vertex X="12461" Y="47028" Z="0"/>
					<Vertex X="13024" Y="47269" Z="0"/>
					<Vertex X="13747" Y="47591" Z="0"/>
					<Vertex X="14390" Y="47832" Z="0"/>
					<Vertex X="15114" Y="48073" Z="0"/>
					<Vertex X="15837" Y="48314" Z="0"/>
					<Vertex X="16320" Y="48475" Z="0"/>
					<Vertex X="16641" Y="48555" Z="0"/>
					<Vertex X="16963" Y="48716" Z="0"/>
					<Vertex X="17043" Y="48716" Z="0"/>
					<Vertex X="17043" Y="48796" Z="0"/>
					<Vertex X="17123" Y="48796" Z="0"/>
					<Vertex X="17365" Y="49038" Z="0"/>
					<Vertex X="18168" Y="49681" Z="0"/>
					<Vertex X="18410" Y="50002" Z="0"/>
					<Vertex X="18731" Y="50244" Z="0"/>
					<Vertex X="18812" Y="50404" Z="0"/>
					<Vertex X="18972" Y="50485" Z="0"/>
					<Vertex X="18972" Y="50645" Z="0"/>
					<Vertex X="19053" Y="50726" Z="0"/>
					<Vertex X="19133" Y="50806" Z="0"/>
					<Vertex X="19214" Y="50967" Z="0"/>
					<Vertex X="19294" Y="51047" Z="0"/>
					<Vertex X="19374" Y="51289" Z="0"/>
					<Vertex X="19455" Y="51369" Z="0"/>
					<Vertex X="19615" Y="51530" Z="0"/>
					<Vertex X="19696" Y="51771" Z="0"/>
					<Vertex X="19696" Y="51851" Z="0"/>
					<Vertex X="19776" Y="51932" Z="0"/>
					<Vertex X="19857" Y="52012" Z="0"/>
					<Vertex X="19857" Y="52092" Z="0"/>
					<Vertex X="19857" Y="52253" Z="0"/>
					<Vertex X="19937" Y="52414" Z="0"/>
					<Vertex X="19937" Y="52494" Z="0"/>
					<Vertex X="19937" Y="52575" Z="0"/>
					<Vertex X="20017" Y="52816" Z="0"/>
					<Vertex X="20017" Y="52977" Z="0"/>
					<Vertex X="20098" Y="53218" Z="0"/>
					<Vertex X="20098" Y="53459" Z="0"/>
					<Vertex X="20098" Y="53620" Z="0"/>
					<Vertex X="20098" Y="53781" Z="0"/>
					<Vertex X="20098" Y="53941" Z="0"/>
					<Vertex X="20098" Y="54022" Z="0"/>
					<Vertex X="20098" Y="54183" Z="0"/>
					<Vertex X="20098" Y="54343" Z="0"/>
					<Vertex X="20178" Y="54504" Z="0"/>
					<Vertex X="20178" Y="54585" Z="0"/>
					<Vertex X="20178" Y="54826" Z="0"/>
					<Vertex X="20178" Y="54986" Z="0"/>
					<Vertex X="20259" Y="55228" Z="0"/>
					<Vertex X="20259" Y="55388" Z="0"/>
					<Vertex X="20339" Y="55630" Z="0"/>
					<Vertex X="20419" Y="55871" Z="0"/>
					<Vertex X="20419" Y="56112" Z="0"/>
					<Vertex X="20500" Y="56273" Z="0"/>
					<Vertex X="20661" Y="56514" Z="0"/>
					<Vertex X="20661" Y="56675" Z="0"/>
					<Vertex X="20821" Y="56835" Z="0"/>
					<Vertex X="20902" Y="56996" Z="0"/>
					<Vertex X="20982" Y="57157" Z="0"/>
					<Vertex X="21143" Y="57237" Z="0"/>
					<Vertex X="21143" Y="57318" Z="0"/>
					<Vertex X="21223" Y="57479" Z="0"/>
					<Vertex X="21384" Y="57639" Z="0"/>
					<Vertex X="21464" Y="57800" Z="0"/>
					<Vertex X="21786" Y="58122" Z="0"/>
					<Vertex X="21947" Y="58443" Z="0"/>
					<Vertex X="22268" Y="58604" Z="0"/>
					<Vertex X="22429" Y="58845" Z="0"/>
					<Vertex X="22590" Y="59006" Z="0"/>
					<Vertex X="22831" Y="59086" Z="0"/>
					<Vertex X="22992" Y="59247" Z="0"/>
					<Vertex X="23153" Y="59328" Z="0"/>
					<Vertex X="23313" Y="59488" Z="0"/>
					<Vertex X="23555" Y="59649" Z="0"/>
					<Vertex X="23796" Y="59729" Z="0"/>
					<Vertex X="23957" Y="59890" Z="0"/>
					<Vertex X="24198" Y="60051" Z="0"/>
					<Vertex X="24519" Y="60131" Z="0"/>
					<Vertex X="24760" Y="60212" Z="0"/>
					<Vertex X="25002" Y="60373" Z="0"/>
					<Vertex X="25243" Y="60533" Z="0"/>
					<Vertex X="25725" Y="60694" Z="0"/>
					<Vertex X="26127" Y="60694" Z="0"/>
					<Vertex X="26449" Y="60855" Z="0"/>
					<Vertex X="26770" Y="60935" Z="0"/>
					<Vertex X="27172" Y="61096" Z="0"/>
					<Vertex X="27413" Y="61176" Z="0"/>
					<Vertex X="27574" Y="61176" Z="0"/>
					<Vertex X="27735" Y="61257" Z="0"/>
					<Vertex X="27815" Y="61337" Z="0"/>
					<Vertex X="27976" Y="61418" Z="0"/>
					<Vertex X="28217" Y="61498" Z="0"/>
					<Vertex X="28458" Y="61578" Z="0"/>
					<Vertex X="28619" Y="61659" Z="0"/>
					<Vertex X="28780" Y="61739" Z="0"/>
					<Vertex X="28941" Y="61820" Z="0"/>
					<Vertex X="29021" Y="61820" Z="0"/>
					<Vertex X="29262" Y="61900" Z="0"/>
					<Vertex X="29343" Y="61900" Z="0"/>
					<Vertex X="29423" Y="61980" Z="0"/>
					<Vertex X="29503" Y="62061" Z="0"/>
					<Vertex X="29584" Y="62061" Z="0"/>
					<Vertex X="29745" Y="62141" Z="0"/>
					<Vertex X="30147" Y="62302" Z="0"/>
					<Vertex X="30388" Y="62463" Z="0"/>
					<Vertex X="30790" Y="62623" Z="0"/>
					<Vertex X="31111" Y="62784" Z="0"/>
					<Vertex X="31513" Y="63025" Z="0"/>
					<Vertex X="31835" Y="63106" Z="0"/>
					<Vertex X="32317" Y="63267" Z="0"/>
					<Vertex X="32558" Y="63427" Z="0"/>
					<Vertex X="32880" Y="63588" Z="0"/>
					<Vertex X="33041" Y="63588" Z="0"/>
					<Vertex X="33282" Y="63749" Z="0"/>
					<Vertex X="33684" Y="63910" Z="0"/>
					<Vertex X="33925" Y="63910" Z="0"/>
					<Vertex X="34327" Y="64071" Z="0"/>
					<Vertex X="35050" Y="64151" Z="0"/>
					<Vertex X="35452" Y="64312" Z="0"/>
					<Vertex X="35935" Y="64392" Z="0"/>
					<Vertex X="36497" Y="64472" Z="0"/>
					<Vertex X="36819" Y="64472" Z="0"/>
					<Vertex X="37623" Y="64553" Z="0"/>
					<Vertex X="37944" Y="64553" Z="0"/>
					<Vertex X="38346" Y="64553" Z="0"/>
					<Vertex X="38587" Y="64553" Z="0"/>
					<Vertex X="38748" Y="64553" Z="0"/>
					<Vertex X="38909" Y="64553" Z="0"/>
					<Vertex X="39070" Y="64472" Z="0"/>
					<Vertex X="39150" Y="64392" Z="0"/>
					<Vertex X="39311" Y="64392" Z="0"/>
					<Vertex X="39472" Y="64312" Z="0"/>
					<Vertex X="39552" Y="64231" Z="0"/>
					<Vertex X="39633" Y="64231" Z="0"/>
					<Vertex X="39713" Y="64151" Z="0"/>
					<Vertex X="39874" Y="64071" Z="0"/>
					<Vertex X="40034" Y="64071" Z="0"/>
					<Vertex X="40115" Y="63990" Z="0"/>
					<Vertex X="40195" Y="63990" Z="0"/>
					<Vertex X="40356" Y="63910" Z="0"/>
					<Vertex X="40517" Y="63910" Z="0"/>
					<Vertex X="40678" Y="63829" Z="0"/>
					<Vertex X="40758" Y="63749" Z="0"/>
					<Vertex X="40919" Y="63749" Z="0"/>
					<Vertex X="40999" Y="63749" Z="0"/>
					<Vertex X="41401" Y="63508" Z="0"/>
					<Vertex X="41642" Y="63427" Z="0"/>
					<Vertex X="42044" Y="63267" Z="0"/>
					<Vertex X="42527" Y="63025" Z="0"/>
					<Vertex X="42687" Y="62945" Z="0"/>
					<Vertex X="42768" Y="62865" Z="0"/>
					<Vertex X="42928" Y="62704" Z="0"/>
					<Vertex X="43170" Y="62623" Z="0"/>
					<Vertex X="43732" Y="62302" Z="0"/>
					<Vertex X="44054" Y="62141" Z="0"/>
					<Vertex X="44375" Y="62061" Z="0"/>
					<Vertex X="44617" Y="61980" Z="0"/>
					<Vertex X="44777" Y="61820" Z="0"/>
					<Vertex X="44938" Y="61820" Z="0"/>
					<Vertex X="45099" Y="61739" Z="0"/>
					<Vertex X="45179" Y="61659" Z="0"/>
					<Vertex X="45421" Y="61659" Z="0"/>
					<Vertex X="45823" Y="61578" Z="0"/>
					<Vertex X="46064" Y="61498" Z="0"/>
					<Vertex X="46385" Y="61418" Z="0"/>
					<Vertex X="46868" Y="61418" Z="0"/>
					<Vertex X="47189" Y="61418" Z="0"/>
					<Vertex X="47511" Y="61418" Z="0"/>
					<Vertex X="47752" Y="61418" Z="0"/>
					<Vertex X="47913" Y="61418" Z="0"/>
					<Vertex X="48073" Y="61418" Z="0"/>
					<Vertex X="48315" Y="61418" Z="0"/>
					<Vertex X="48556" Y="61418" Z="0"/>
					<Vertex X="48958" Y="61418" Z="0"/>
					<Vertex X="49360" Y="61498" Z="0"/>
					<Vertex X="49681" Y="61498" Z="0"/>
					<Vertex X="50003" Y="61659" Z="0"/>
					<Vertex X="50405" Y="61659" Z="0"/>
					<Vertex X="50646" Y="61739" Z="0"/>
					<Vertex X="50807" Y="61820" Z="0"/>
					<Vertex X="50887" Y="61820" Z="0"/>
					<Vertex X="50967" Y="61820" Z="0"/>
					<Vertex X="51048" Y="61820" Z="0"/>
					<Vertex X="51128" Y="61900" Z="0"/>
					<Vertex X="51289" Y="61900" Z="0"/>
					<Vertex X="51450" Y="61980" Z="0"/>
					<Vertex X="51611" Y="61980" Z="0"/>
					<Vertex X="51771" Y="62061" Z="0"/>
					<Vertex X="51852" Y="62061" Z="0"/>
					<Vertex X="51932" Y="62061" Z="0"/>
					<Vertex X="52575" Y="62463" Z="0"/>
					<Vertex X="53379" Y="62945" Z="0"/>
					<Vertex X="54263" Y="63347" Z="0"/>
					<Vertex X="55148" Y="63829" Z="0"/>
					<Vertex X="55871" Y="64231" Z="0"/>
					<Vertex X="56514" Y="64553" Z="0"/>
					<Vertex X="56997" Y="64794" Z="0"/>
					<Vertex X="57318" Y="64955" Z="0"/>
					<Vertex X="57399" Y="65035" Z="0"/>
					<Vertex X="57479" Y="65035" Z="0"/>
					<Vertex X="57640" Y="65116" Z="0"/>
					<Vertex X="57801" Y="65196" Z="0"/>
					<Vertex X="58122" Y="65357" Z="0"/>
					<Vertex X="58604" Y="65518" Z="0"/>
					<Vertex X="59248" Y="65759" Z="0"/>
					<Vertex X="59810" Y="65919" Z="0"/>
					<Vertex X="60293" Y="66080" Z="0"/>
					<Vertex X="60775" Y="66241" Z="0"/>
					<Vertex X="61016" Y="66321" Z="0"/>
					<Vertex X="61338" Y="66402" Z="0"/>
					<Vertex X="61579" Y="66482" Z="0"/>
					<Vertex X="61820" Y="66482" Z="0"/>
					<Vertex X="62061" Y="66563" Z="0"/>
					<Vertex X="62142" Y="66643" Z="0"/>
					<Vertex X="62222" Y="66643" Z="0"/>
					<Vertex X="62302" Y="66643" Z="0"/>
					<Vertex X="62383" Y="66643" Z="0"/>
					<Vertex X="62544" Y="66643" Z="0"/>
					<Vertex X="62704" Y="66643" Z="0"/>
					<Vertex X="63026" Y="66723" Z="0"/>
					<Vertex X="63187" Y="66723" Z="0"/>
					<Vertex X="63347" Y="66804" Z="0"/>
					<Vertex X="63428" Y="66804" Z="0"/>
					<Vertex X="63508" Y="66804" Z="0"/>
					<Vertex X="63589" Y="66804" Z="0"/>
					<Vertex X="64151" Y="66965" Z="0"/>
					<Vertex X="64634" Y="67125" Z="0"/>
					<Vertex X="65036" Y="67286" Z="0"/>
					<Vertex X="65277" Y="67366" Z="0"/>
					<Vertex X="65518" Y="67447" Z="0"/>
					<Vertex X="65518" Y="67527" Z="0"/>
					<Vertex X="65679" Y="67527" Z="0"/>
					<Vertex X="66161" Y="67849" Z="0"/>
					<Vertex X="66322" Y="67849" Z="0"/>
					<Vertex X="66483" Y="67929" Z="0"/>
					<Vertex X="66563" Y="68010" Z="0"/>
					<Vertex X="66724" Y="68010" Z="0"/>
					<Vertex X="66724" Y="68090" Z="0"/>
					<Vertex X="66885" Y="68170" Z="0"/>
					<Vertex X="67206" Y="68331" Z="0"/>
					<Vertex X="67608" Y="68572" Z="0"/>
					<Vertex X="67930" Y="68813" Z="0"/>
					<Vertex X="68332" Y="68974" Z="0"/>
					<Vertex X="68653" Y="69055" Z="0"/>
					<Vertex X="69055" Y="69296" Z="0"/>
					<Vertex X="69377" Y="69457" Z="0"/>
					<Vertex X="69779" Y="69617" Z="0"/>
					<Vertex X="70020" Y="69698" Z="0"/>
					<Vertex X="70100" Y="69698" Z="0"/>
					<Vertex X="70181" Y="69698" Z="0"/>
					<Vertex X="70261" Y="69698" Z="0"/>
					<Vertex X="70341" Y="69778" Z="0"/>
					<Vertex X="70583" Y="69778" Z="0"/>
					<Vertex X="71386" Y="69939" Z="0"/>
					<Vertex X="71708" Y="69939" Z="0"/>
					<Vertex X="72030" Y="69939" Z="0"/>
					<Vertex X="72431" Y="70019" Z="0"/>
					<Vertex X="72592" Y="70019" Z="0"/>
					<Vertex X="72673" Y="70019" Z="0"/>
					<Vertex X="72753" Y="70019" Z="0"/>
					<Vertex X="72833" Y="70019" Z="0"/>
					<Vertex X="72914" Y="70019" Z="0"/>
					<Vertex X="72994" Y="70019" Z="0"/>
					<Vertex X="73075" Y="69939" Z="0"/>
					<Vertex X="73235" Y="69859" Z="0"/>
					<Vertex X="73316" Y="69698" Z="0"/>
					<Vertex X="73396" Y="69537" Z="0"/>
					<Vertex X="73557" Y="69537" Z="0"/>
					<Vertex X="73637" Y="69296" Z="0"/>
					<Vertex X="73798" Y="69215" Z="0"/>
					<Vertex X="73878" Y="69055" Z="0"/>
					<Vertex X="74039" Y="68813" Z="0"/>
					<Vertex X="74039" Y="68653" Z="0"/>
					<Vertex X="74120" Y="68572" Z="0"/>
					<Vertex X="74200" Y="68412" Z="0"/>
					<Vertex X="74280" Y="68170" Z="0"/>
					<Vertex X="74361" Y="68090" Z="0"/>
					<Vertex X="74441" Y="67849" Z="0"/>
					<Vertex X="74441" Y="67688" Z="0"/>
					<Vertex X="74441" Y="67447" Z="0"/>
					<Vertex X="74522" Y="67206" Z="0"/>
					<Vertex X="74522" Y="66965" Z="0"/>
					<Vertex X="74602" Y="66723" Z="0"/>
					<Vertex X="74602" Y="66482" Z="0"/>
					<Vertex X="74682" Y="66241" Z="0"/>
					<Vertex X="74682" Y="66000" Z="0"/>
					<Vertex X="74682" Y="65759" Z="0"/>
					<Vertex X="74682" Y="65518" Z="0"/>
					<Vertex X="74682" Y="65276" Z="0"/>
					<Vertex X="74682" Y="65035" Z="0"/>
					<Vertex X="74682" Y="64794" Z="0"/>
					<Vertex X="74682" Y="64472" Z="0"/>
					<Vertex X="74682" Y="64231" Z="0"/>
					<Vertex X="74682" Y="64071" Z="0"/>
					<Vertex X="74682" Y="63749" Z="0"/>
					<Vertex X="74682" Y="63588" Z="0"/>
					<Vertex X="74682" Y="63427" Z="0"/>
					<Vertex X="74682" Y="63267" Z="0"/>
					<Vertex X="74682" Y="63025" Z="0"/>
					<Vertex X="74682" Y="62865" Z="0"/>
					<Vertex X="74682" Y="62623" Z="0"/>
					<Vertex X="74682" Y="62463" Z="0"/>
					<Vertex X="74602" Y="62302" Z="0"/>
					<Vertex X="74522" Y="62141" Z="0"/>
					<Vertex X="74522" Y="62061" Z="0"/>
					<Vertex X="74522" Y="61900" Z="0"/>
					<Vertex X="74522" Y="61739" Z="0"/>
					<Vertex X="74441" Y="61578" Z="0"/>
					<Vertex X="74441" Y="61418" Z="0"/>
					<Vertex X="74361" Y="61257" Z="0"/>
					<Vertex X="74280" Y="60935" Z="0"/>
					<Vertex X="74200" Y="60775" Z="0"/>
					<Vertex X="74120" Y="60614" Z="0"/>
					<Vertex X="74120" Y="60453" Z="0"/>
					<Vertex X="74039" Y="60373" Z="0"/>
					<Vertex X="74039" Y="60212" Z="0"/>
					<Vertex X="73878" Y="59971" Z="0"/>
					<Vertex X="73878" Y="59890" Z="0"/>
					<Vertex X="73798" Y="59729" Z="0"/>
					<Vertex X="73718" Y="59569" Z="0"/>
					<Vertex X="73637" Y="59488" Z="0"/>
					<Vertex X="73637" Y="59328" Z="0"/>
					<Vertex X="73557" Y="59167" Z="0"/>
					<Vertex X="73477" Y="59086" Z="0"/>
					<Vertex X="73396" Y="58926" Z="0"/>
					<Vertex X="73316" Y="58845" Z="0"/>
					<Vertex X="73316" Y="58765" Z="0"/>
					<Vertex X="73235" Y="58604" Z="0"/>
					<Vertex X="73155" Y="58524" Z="0"/>
					<Vertex X="73155" Y="58443" Z="0"/>
					<Vertex X="73075" Y="58282" Z="0"/>
					<Vertex X="72994" Y="58202" Z="0"/>
					<Vertex X="72994" Y="58041" Z="0"/>
					<Vertex X="72833" Y="57800" Z="0"/>
					<Vertex X="72673" Y="57559" Z="0"/>
					<Vertex X="72673" Y="57479" Z="0"/>
					<Vertex X="72512" Y="57237" Z="0"/>
					<Vertex X="72431" Y="57077" Z="0"/>
					<Vertex X="72431" Y="56996" Z="0"/>
					<Vertex X="72351" Y="56835" Z="0"/>
					<Vertex X="72271" Y="56755" Z="0"/>
					<Vertex X="72110" Y="56594" Z="0"/>
					<Vertex X="72030" Y="56433" Z="0"/>
					<Vertex X="71788" Y="56112" Z="0"/>
					<Vertex X="71547" Y="55951" Z="0"/>
					<Vertex X="71386" Y="55790" Z="0"/>
					<Vertex X="71226" Y="55630" Z="0"/>
					<Vertex X="70984" Y="55388" Z="0"/>
					<Vertex X="70743" Y="55147" Z="0"/>
					<Vertex X="70261" Y="54906" Z="0"/>
					<Vertex X="70020" Y="54585" Z="0"/>
					<Vertex X="69618" Y="54343" Z="0"/>
					<Vertex X="69537" Y="54263" Z="0"/>
					<Vertex X="69135" Y="54022" Z="0"/>
					<Vertex X="68894" Y="53861" Z="0"/>
					<Vertex X="68492" Y="53539" Z="0"/>
					<Vertex X="68090" Y="53298" Z="0"/>
					<Vertex X="67769" Y="53138" Z="0"/>
					<Vertex X="67688" Y="53057" Z="0"/>
					<Vertex X="67447" Y="52896" Z="0"/>
					<Vertex X="67206" Y="52655" Z="0"/>
					<Vertex X="67045" Y="52575" Z="0"/>
					<Vertex X="66885" Y="52414" Z="0"/>
					<Vertex X="66804" Y="52334" Z="0"/>
					<Vertex X="66563" Y="52253" Z="0"/>
					<Vertex X="66402" Y="52012" Z="0"/>
					<Vertex X="66241" Y="51932" Z="0"/>
					<Vertex X="66081" Y="51771" Z="0"/>
					<Vertex X="65920" Y="51610" Z="0"/>
					<Vertex X="65840" Y="51530" Z="0"/>
					<Vertex X="65679" Y="51289" Z="0"/>
					<Vertex X="65598" Y="51208" Z="0"/>
					<Vertex X="65357" Y="51047" Z="0"/>
					<Vertex X="65277" Y="50887" Z="0"/>
					<Vertex X="65196" Y="50806" Z="0"/>
					<Vertex X="65036" Y="50645" Z="0"/>
					<Vertex X="64955" Y="50565" Z="0"/>
					<Vertex X="64794" Y="50485" Z="0"/>
					<Vertex X="64794" Y="50324" Z="0"/>
					<Vertex X="64714" Y="50324" Z="0"/>
					<Vertex X="64634" Y="50163" Z="0"/>
					<Vertex X="64553" Y="50083" Z="0"/>
					<Vertex X="64473" Y="50002" Z="0"/>
					<Vertex X="64232" Y="49761" Z="0"/>
					<Vertex X="64151" Y="49681" Z="0"/>
					<Vertex X="63910" Y="49520" Z="0"/>
					<Vertex X="63749" Y="49359" Z="0"/>
					<Vertex X="63669" Y="49198" Z="0"/>
					<Vertex X="63508" Y="49118" Z="0"/>
					<Vertex X="63428" Y="49038" Z="0"/>
					<Vertex X="63347" Y="49038" Z="0"/>
					<Vertex X="63347" Y="48957" Z="0"/>
					<Vertex X="63267" Y="48957" Z="0"/>
					<Vertex X="63267" Y="48877" Z="0"/>
					<Vertex X="63187" Y="48796" Z="0"/>
					<Vertex X="63106" Y="48716" Z="0"/>
					<Vertex X="63026" Y="48636" Z="0"/>
					<Vertex X="62945" Y="48475" Z="0"/>
					<Vertex X="62785" Y="48314" Z="0"/>
					<Vertex X="62704" Y="48234" Z="0"/>
					<Vertex X="62624" Y="48073" Z="0"/>
					<Vertex X="62624" Y="47993" Z="0"/>
					<Vertex X="62463" Y="47751" Z="0"/>
					<Vertex X="62383" Y="47591" Z="0"/>
					<Vertex X="62302" Y="47349" Z="0"/>
					<Vertex X="62142" Y="47108" Z="0"/>
					<Vertex X="61981" Y="46787" Z="0"/>
					<Vertex X="61900" Y="46626" Z="0"/>
					<Vertex X="61820" Y="46546" Z="0"/>
					<Vertex X="61740" Y="46304" Z="0"/>
					<Vertex X="61659" Y="46144" Z="0"/>
					<Vertex X="61579" Y="45983" Z="0"/>
					<Vertex X="61338" Y="45661" Z="0"/>
					<Vertex X="61257" Y="45501" Z="0"/>
					<Vertex X="61097" Y="45340" Z="0"/>
					<Vertex X="61097" Y="45259" Z="0"/>
					<Vertex X="60936" Y="45018" Z="0"/>
					<Vertex X="60855" Y="44938" Z="0"/>
					<Vertex X="60775" Y="44857" Z="0"/>
					<Vertex X="60775" Y="44777" Z="0"/>
					<Vertex X="60614" Y="44697" Z="0"/>
					<Vertex X="60534" Y="44455" Z="0"/>
					<Vertex X="60293" Y="44295" Z="0"/>
					<Vertex X="60132" Y="44134" Z="0"/>
					<Vertex X="59650" Y="43812" Z="0"/>
					<Vertex X="59408" Y="43571" Z="0"/>
					<Vertex X="59006" Y="43250" Z="0"/>
					<Vertex X="58604" Y="43089" Z="0"/>
					<Vertex X="58363" Y="42928" Z="0"/>
					<Vertex X="58042" Y="42687" Z="0"/>
					<Vertex X="57559" Y="42446" Z="0"/>
					<Vertex X="57157" Y="42205" Z="0"/>
					<Vertex X="56836" Y="42124" Z="0"/>
					<Vertex X="56675" Y="42124" Z="0"/>
					<Vertex X="56514" Y="42044" Z="0"/>
					<Vertex X="56514" Y="41963" Z="0"/>
					<Vertex X="56354" Y="41963" Z="0"/>
					<Vertex X="56273" Y="41883" Z="0"/>
					<Vertex X="56193" Y="41883" Z="0"/>
					<Vertex X="56112" Y="41803" Z="0"/>
					<Vertex X="55952" Y="41803" Z="0"/>
					<Vertex X="55871" Y="41722" Z="0"/>
					<Vertex X="55630" Y="41642" Z="0"/>
					<Vertex X="55308" Y="41561" Z="0"/>
					<Vertex X="54987" Y="41481" Z="0"/>
					<Vertex X="54585" Y="41401" Z="0"/>
					<Vertex X="54424" Y="41320" Z="0"/>
					<Vertex X="54263" Y="41320" Z="0"/>
					<Vertex X="54103" Y="41320" Z="0"/>
					<Vertex X="54022" Y="41240" Z="0"/>
					<Vertex X="53942" Y="41159" Z="0"/>
					<Vertex X="53781" Y="41159" Z="0"/>
					<Vertex X="53701" Y="41159" Z="0"/>
					<Vertex X="53620" Y="41159" Z="0"/>
					<Vertex X="53540" Y="41079" Z="0"/>
					<Vertex X="53379" Y="40999" Z="0"/>
					<Vertex X="53058" Y="40918" Z="0"/>
					<Vertex X="52093" Y="40918" Z="0"/>
					<Vertex X="51450" Y="40918" Z="0"/>
					<Vertex X="49601" Y="40918" Z="0"/>
					<Vertex X="48797" Y="40918" Z="0"/>
					<Vertex X="48154" Y="40918" Z="0"/>
					<Vertex X="47430" Y="40918" Z="0"/>
					<Vertex X="47109" Y="40918" Z="0"/>
					<Vertex X="46546" Y="40918" Z="0"/>
					<Vertex X="46466" Y="40918" Z="0"/>
					<Vertex X="46305" Y="40918" Z="0"/>
					<Vertex X="46144" Y="40918" Z="0"/>
					<Vertex X="46064" Y="40918" Z="0"/>
					<Vertex X="45903" Y="40918" Z="0"/>
					<Vertex X="45742" Y="40918" Z="0"/>
					<Vertex X="45501" Y="40999" Z="0"/>
					<Vertex X="45260" Y="40999" Z="0"/>
					<Vertex X="44938" Y="40999" Z="0"/>
					<Vertex X="44134" Y="40999" Z="0"/>
					<Vertex X="43813" Y="40999" Z="0"/>
					<Vertex X="43411" Y="40999" Z="0"/>
					<Vertex X="43170" Y="40918" Z="0"/>
					<Vertex X="42928" Y="40918" Z="0"/>
					<Vertex X="42768" Y="40918" Z="0"/>
					<Vertex X="42687" Y="40918" Z="0"/>
					<Vertex X="42607" Y="40918" Z="0"/>
					<Vertex X="42446" Y="40838" Z="0"/>
					<Vertex X="42125" Y="40838" Z="0"/>
					<Vertex X="41883" Y="40838" Z="0"/>
					<Vertex X="41562" Y="40838" Z="0"/>
					<Vertex X="41080" Y="40838" Z="0"/>
					<Vertex X="40758" Y="40838" Z="0"/>
					<Vertex X="40436" Y="40838" Z="0"/>
					<Vertex X="40115" Y="40838" Z="0"/>
					<Vertex X="39954" Y="40758" Z="0"/>
					<Vertex X="39793" Y="40758" Z="0"/>
					<Vertex X="39552" Y="40758" Z="0"/>
					<Vertex X="39070" Y="40758" Z="0"/>
					<Vertex X="38829" Y="40758" Z="0"/>
					<Vertex X="38507" Y="40758" Z="0"/>
					<Vertex X="38105" Y="40758" Z="0"/>
					<Vertex X="37784" Y="40758" Z="0"/>
					<Vertex X="37542" Y="40758" Z="0"/>
					<Vertex X="37301" Y="40758" Z="0"/>
					<Vertex X="37060" Y="40758" Z="0"/>
					<Vertex X="36819" Y="40758" Z="0"/>
					<Vertex X="36337" Y="40758" Z="0"/>
					<Vertex X="36176" Y="40758" Z="0"/>
					<Vertex X="36015" Y="40758" Z="0"/>
					<Vertex X="35693" Y="40758" Z="0"/>
					<Vertex X="35613" Y="40838" Z="0"/>
					<Vertex X="35372" Y="40918" Z="0"/>
					<Vertex X="34970" Y="40918" Z="0"/>
					<Vertex X="34729" Y="40999" Z="0"/>
					<Vertex X="34407" Y="41079" Z="0"/>
					<Vertex X="34086" Y="41159" Z="0"/>
					<Vertex X="33523" Y="41240" Z="0"/>
					<Vertex X="33362" Y="41240" Z="0"/>
					<Vertex X="33201" Y="41240" Z="0"/>
					<Vertex X="33121" Y="41240" Z="0"/>
					<Vertex X="33041" Y="41320" Z="0"/>
					<Vertex X="32880" Y="41320" Z="0"/>
					<Vertex X="32558" Y="41401" Z="0"/>
					<Vertex X="32317" Y="41401" Z="0"/>
					<Vertex X="32076" Y="41401" Z="0"/>
					<Vertex X="31835" Y="41401" Z="0"/>
					<Vertex X="31594" Y="41401" Z="0"/>
					<Vertex X="31192" Y="41401" Z="0"/>
					<Vertex X="30950" Y="41401" Z="0"/>
					<Vertex X="30709" Y="41481" Z="0"/>
					<Vertex X="30468" Y="41481" Z="0"/>
					<Vertex X="30147" Y="41481" Z="0"/>
					<Vertex X="29905" Y="41481" Z="0"/>
					<Vertex X="29745" Y="41561" Z="0"/>
					<Vertex X="29584" Y="41561" Z="0"/>
					<Vertex X="29343" Y="41642" Z="0"/>
					<Vertex X="29101" Y="41642" Z="0"/>
					<Vertex X="28458" Y="41722" Z="0"/>
					<Vertex X="28137" Y="41722" Z="0"/>
					<Vertex X="27896" Y="41722" Z="0"/>
					<Vertex X="27574" Y="41722" Z="0"/>
					<Vertex X="27413" Y="41722" Z="0"/>
					<Vertex X="27172" Y="41722" Z="0"/>
					<Vertex X="26690" Y="41722" Z="0"/>
					<Vertex X="26368" Y="41722" Z="0"/>
					<Vertex X="25966" Y="41722" Z="0"/>
					<Vertex X="25564" Y="41722" Z="0"/>
					<Vertex X="25162" Y="41642" Z="0"/>
					<Vertex X="24841" Y="41561" Z="0"/>
					<Vertex X="24358" Y="41561" Z="0"/>
					<Vertex X="24198" Y="41561" Z="0"/>
					<Vertex X="24117" Y="41561" Z="0"/>
					<Vertex X="23957" Y="41561" Z="0"/>
					<Vertex X="23796" Y="41561" Z="0"/>
					<Vertex X="23715" Y="41561" Z="0"/>
					<Vertex X="23474" Y="41561" Z="0"/>
					<Vertex X="23233" Y="41561" Z="0"/>
					<Vertex X="22992" Y="41561" Z="0"/>
					<Vertex X="22751" Y="41561" Z="0"/>
					<Vertex X="22268" Y="41561" Z="0"/>
					<Vertex X="22027" Y="41561" Z="0"/>
					<Vertex X="21866" Y="41561" Z="0"/>
					<Vertex X="21625" Y="41561" Z="0"/>
					<Vertex X="21545" Y="41561" Z="0"/>
					<Vertex X="21384" Y="41561" Z="0"/>
					<Vertex X="21063" Y="41561" Z="0"/>
					<Vertex X="20902" Y="41561" Z="0"/>
					<Vertex X="20580" Y="41561" Z="0"/>
					<Vertex X="20259" Y="41561" Z="0"/>
					<Vertex X="20017" Y="41561" Z="0"/>
					<Vertex X="19937" Y="41561" Z="0"/>
					<Vertex X="19696" Y="41561" Z="0"/>
					<Vertex X="19535" Y="41561" Z="0"/>
					<Vertex X="19455" Y="41561" Z="0"/>
					<Vertex X="19374" Y="41561" Z="0"/>
					<Vertex X="19294" Y="41561" Z="0"/>
					<Vertex X="19294" Y="41481" Z="0"/>
					<Vertex X="19214" Y="41481" Z="0"/>
					<Vertex X="18972" Y="41481" Z="0"/>
					<Vertex X="18731" Y="41481" Z="0"/>
					<Vertex X="18651" Y="41481" Z="0"/>
					<Vertex X="18490" Y="41481" Z="0"/>
					<Vertex X="18329" Y="41481" Z="0"/>
					<Vertex X="18168" Y="41481" Z="0"/>
					<Vertex X="18088" Y="41481" Z="0"/>
					<Vertex X="18008" Y="41481" Z="0"/>
					<Vertex X="17927" Y="41481" Z="0"/>
					<Vertex X="17847" Y="41481" Z="0"/>
					<Vertex X="17767" Y="41481" Z="0"/>
					<Vertex X="17686" Y="41481" Z="0"/>
					<Vertex X="16802" Y="41883" Z="0"/>
				</Vertices>
			</Region>
			<Region Id="2" Type="0" Zoom="0.012307" Selected="1" ImageLocation="" ImageFocus="-1" Length="64825.8" Area="140813424.5" LengthMicrons="16381.5" AreaMicrons="8991963.8" Text="" NegativeROA="0" InputRegionId="0" Analyze="1" DisplayId="2">
				<Attributes/>
				<Vertices>
					<Vertex X="42928" Y="32317" Z="0"/>
					<Vertex X="42848" Y="32317" Z="0"/>
					<Vertex X="41481" Y="32317" Z="0"/>
					<Vertex X="40838" Y="32317" Z="0"/>
					<Vertex X="40678" Y="32317" Z="0"/>
					<Vertex X="40517" Y="32317" Z="0"/>
					<Vertex X="40436" Y="32317" Z="0"/>
					<Vertex X="40356" Y="32317" Z="0"/>
					<Vertex X="40276" Y="32397" Z="0"/>
					<Vertex X="40195" Y="32397" Z="0"/>
					<Vertex X="40115" Y="32477" Z="0"/>
					<Vertex X="39954" Y="32477" Z="0"/>
					<Vertex X="39793" Y="32558" Z="0"/>
					<Vertex X="39713" Y="32558" Z="0"/>
					<Vertex X="39472" Y="32638" Z="0"/>
					<Vertex X="39311" Y="32719" Z="0"/>
					<Vertex X="39231" Y="32799" Z="0"/>
					<Vertex X="39070" Y="32799" Z="0"/>
					<Vertex X="39070" Y="32879" Z="0"/>
					<Vertex X="38909" Y="32879" Z="0"/>
					<Vertex X="38829" Y="32879" Z="0"/>
					<Vertex X="38587" Y="32960" Z="0"/>
					<Vertex X="38105" Y="33121" Z="0"/>
					<Vertex X="37864" Y="33121" Z="0"/>
					<Vertex X="37301" Y="33201" Z="0"/>
					<Vertex X="36980" Y="33201" Z="0"/>
					<Vertex X="36578" Y="33201" Z="0"/>
					<Vertex X="36095" Y="33281" Z="0"/>
					<Vertex X="35854" Y="33281" Z="0"/>
					<Vertex X="35291" Y="33362" Z="0"/>
					<Vertex X="35050" Y="33442" Z="0"/>
					<Vertex X="34809" Y="33522" Z="0"/>
					<Vertex X="34648" Y="33522" Z="0"/>
					<Vertex X="34407" Y="33603" Z="0"/>
					<Vertex X="34327" Y="33603" Z="0"/>
					<Vertex X="34327" Y="33683" Z="0"/>
					<Vertex X="34246" Y="33683" Z="0"/>
					<Vertex X="34086" Y="33764" Z="0"/>
					<Vertex X="34005" Y="33844" Z="0"/>
					<Vertex X="33603" Y="34005" Z="0"/>
					<Vertex X="33443" Y="34085" Z="0"/>
					<Vertex X="33201" Y="34246" Z="0"/>
					<Vertex X="32880" Y="34326" Z="0"/>
					<Vertex X="32719" Y="34407" Z="0"/>
					<Vertex X="32639" Y="34407" Z="0"/>
					<Vertex X="32558" Y="34487" Z="0"/>
					<Vertex X="32478" Y="34487" Z="0"/>
					<Vertex X="32397" Y="34487" Z="0"/>
					<Vertex X="32317" Y="34568" Z="0"/>
					<Vertex X="32156" Y="34728" Z="0"/>
					<Vertex X="31915" Y="34809" Z="0"/>
					<Vertex X="31835" Y="34889" Z="0"/>
					<Vertex X="31433" Y="35130" Z="0"/>
					<Vertex X="31192" Y="35211" Z="0"/>
					<Vertex X="31111" Y="35291" Z="0"/>
					<Vertex X="31031" Y="35291" Z="0"/>
					<Vertex X="30950" Y="35291" Z="0"/>
					<Vertex X="30950" Y="35371" Z="0"/>
					<Vertex X="30790" Y="35452" Z="0"/>
					<Vertex X="30709" Y="35532" Z="0"/>
					<Vertex X="30629" Y="35532" Z="0"/>
					<Vertex X="30548" Y="35613" Z="0"/>
					<Vertex X="30468" Y="35693" Z="0"/>
					<Vertex X="30388" Y="35773" Z="0"/>
					<Vertex X="30227" Y="35854" Z="0"/>
					<Vertex X="29905" Y="36015" Z="0"/>
					<Vertex X="29825" Y="36095" Z="0"/>
					<Vertex X="29745" Y="36095" Z="0"/>
					<Vertex X="29664" Y="36175" Z="0"/>
					<Vertex X="29584" Y="36175" Z="0"/>
					<Vertex X="29584" Y="36256" Z="0"/>
					<Vertex X="29503" Y="36336" Z="0"/>
					<Vertex X="29343" Y="36336" Z="0"/>
					<Vertex X="29343" Y="36416" Z="0"/>
					<Vertex X="29262" Y="36416" Z="0"/>
					<Vertex X="29262" Y="36497" Z="0"/>
					<Vertex X="29182" Y="36577" Z="0"/>
					<Vertex X="29101" Y="36577" Z="0"/>
					<Vertex X="29021" Y="36658" Z="0"/>
					<Vertex X="28941" Y="36738" Z="0"/>
					<Vertex X="28860" Y="36818" Z="0"/>
					<Vertex X="28780" Y="36899" Z="0"/>
					<Vertex X="28780" Y="36979" Z="0"/>
					<Vertex X="28700" Y="37060" Z="0"/>
					<Vertex X="28619" Y="37301" Z="0"/>
					<Vertex X="28619" Y="37381" Z="0"/>
					<Vertex X="28619" Y="37462" Z="0"/>
					<Vertex X="28619" Y="37622" Z="0"/>
					<Vertex X="28539" Y="37703" Z="0"/>
					<Vertex X="28539" Y="37783" Z="0"/>
					<Vertex X="28539" Y="37864" Z="0"/>
					<Vertex X="28539" Y="37944" Z="0"/>
					<Vertex X="28539" Y="38024" Z="0"/>
					<Vertex X="28539" Y="38105" Z="0"/>
					<Vertex X="28539" Y="38185" Z="0"/>
					<Vertex X="28619" Y="38265" Z="0"/>
					<Vertex X="28700" Y="38346" Z="0"/>
					<Vertex X="28780" Y="38346" Z="0"/>
					<Vertex X="28780" Y="38426" Z="0"/>
					<Vertex X="28860" Y="38426" Z="0"/>
					<Vertex X="29423" Y="38587" Z="0"/>
					<Vertex X="29825" Y="38587" Z="0"/>
					<Vertex X="29986" Y="38667" Z="0"/>
					<Vertex X="30066" Y="38667" Z="0"/>
					<Vertex X="30147" Y="38667" Z="0"/>
					<Vertex X="30307" Y="38667" Z="0"/>
					<Vertex X="30468" Y="38667" Z="0"/>
					<Vertex X="30790" Y="38667" Z="0"/>
					<Vertex X="31272" Y="38667" Z="0"/>
					<Vertex X="31754" Y="38748" Z="0"/>
					<Vertex X="32317" Y="38748" Z="0"/>
					<Vertex X="32558" Y="38748" Z="0"/>
					<Vertex X="32799" Y="38748" Z="0"/>
					<Vertex X="32960" Y="38748" Z="0"/>
					<Vertex X="33121" Y="38748" Z="0"/>
					<Vertex X="33201" Y="38748" Z="0"/>
					<Vertex X="33443" Y="38748" Z="0"/>
					<Vertex X="33684" Y="38748" Z="0"/>
					<Vertex X="34005" Y="38748" Z="0"/>
					<Vertex X="34246" Y="38748" Z="0"/>
					<Vertex X="34488" Y="38748" Z="0"/>
					<Vertex X="34568" Y="38748" Z="0"/>
					<Vertex X="34568" Y="38667" Z="0"/>
					<Vertex X="34648" Y="38667" Z="0"/>
					<Vertex X="34809" Y="38667" Z="0"/>
					<Vertex X="34890" Y="38667" Z="0"/>
					<Vertex X="34970" Y="38587" Z="0"/>
					<Vertex X="35050" Y="38587" Z="0"/>
					<Vertex X="35372" Y="38507" Z="0"/>
					<Vertex X="35854" Y="38507" Z="0"/>
					<Vertex X="36417" Y="38507" Z="0"/>
					<Vertex X="36738" Y="38507" Z="0"/>
					<Vertex X="36899" Y="38507" Z="0"/>
					<Vertex X="36980" Y="38507" Z="0"/>
					<Vertex X="37301" Y="38507" Z="0"/>
					<Vertex X="38346" Y="38667" Z="0"/>
					<Vertex X="39793" Y="38828" Z="0"/>
					<Vertex X="40356" Y="38909" Z="0"/>
					<Vertex X="40597" Y="38909" Z="0"/>
					<Vertex X="40838" Y="38989" Z="0"/>
					<Vertex X="40919" Y="38989" Z="0"/>
					<Vertex X="41160" Y="38989" Z="0"/>
					<Vertex X="41562" Y="38909" Z="0"/>
					<Vertex X="41964" Y="38909" Z="0"/>
					<Vertex X="42205" Y="38909" Z="0"/>
					<Vertex X="42366" Y="38828" Z="0"/>
					<Vertex X="42446" Y="38748" Z="0"/>
					<Vertex X="43250" Y="38667" Z="0"/>
					<Vertex X="43652" Y="38667" Z="0"/>
					<Vertex X="43974" Y="38667" Z="0"/>
					<Vertex X="44215" Y="38667" Z="0"/>
					<Vertex X="44375" Y="38667" Z="0"/>
					<Vertex X="44456" Y="38667" Z="0"/>
					<Vertex X="44536" Y="38667" Z="0"/>
					<Vertex X="45019" Y="38667" Z="0"/>
					<Vertex X="45260" Y="38667" Z="0"/>
					<Vertex X="45903" Y="38667" Z="0"/>
					<Vertex X="45983" Y="38667" Z="0"/>
					<Vertex X="46144" Y="38667" Z="0"/>
					<Vertex X="46305" Y="38667" Z="0"/>
					<Vertex X="46385" Y="38667" Z="0"/>
					<Vertex X="46466" Y="38667" Z="0"/>
					<Vertex X="46626" Y="38667" Z="0"/>
					<Vertex X="46868" Y="38667" Z="0"/>
					<Vertex X="47430" Y="38748" Z="0"/>
					<Vertex X="47591" Y="38748" Z="0"/>
					<Vertex X="47752" Y="38748" Z="0"/>
					<Vertex X="47832" Y="38748" Z="0"/>
					<Vertex X="47913" Y="38828" Z="0"/>
					<Vertex X="47993" Y="38828" Z="0"/>
					<Vertex X="48073" Y="38828" Z="0"/>
					<Vertex X="48154" Y="38828" Z="0"/>
					<Vertex X="48315" Y="38828" Z="0"/>
					<Vertex X="48636" Y="38828" Z="0"/>
					<Vertex X="48877" Y="38828" Z="0"/>
					<Vertex X="49118" Y="38828" Z="0"/>
					<Vertex X="49279" Y="38909" Z="0"/>
					<Vertex X="49440" Y="38909" Z="0"/>
					<Vertex X="49681" Y="38989" Z="0"/>
					<Vertex X="49842" Y="38989" Z="0"/>
					<Vertex X="50003" Y="38989" Z="0"/>
					<Vertex X="50244" Y="38989" Z="0"/>
					<Vertex X="50405" Y="39069" Z="0"/>
					<Vertex X="50565" Y="39069" Z="0"/>
					<Vertex X="50646" Y="39069" Z="0"/>
					<Vertex X="50887" Y="39069" Z="0"/>
					<Vertex X="51048" Y="39069" Z="0"/>
					<Vertex X="51369" Y="39150" Z="0"/>
					<Vertex X="51611" Y="39150" Z="0"/>
					<Vertex X="51852" Y="39150" Z="0"/>
					<Vertex X="52013" Y="39150" Z="0"/>
					<Vertex X="52254" Y="39150" Z="0"/>
					<Vertex X="52495" Y="39150" Z="0"/>
					<Vertex X="52656" Y="39150" Z="0"/>
					<Vertex X="52736" Y="39150" Z="0"/>
					<Vertex X="52816" Y="39150" Z="0"/>
					<Vertex X="52897" Y="39150" Z="0"/>
					<Vertex X="52977" Y="39150" Z="0"/>
					<Vertex X="53058" Y="39150" Z="0"/>
					<Vertex X="53138" Y="39150" Z="0"/>
					<Vertex X="53218" Y="39150" Z="0"/>
					<Vertex X="53299" Y="39150" Z="0"/>
					<Vertex X="53379" Y="39150" Z="0"/>
					<Vertex X="53460" Y="39069" Z="0"/>
					<Vertex X="53540" Y="39069" Z="0"/>
					<Vertex X="53620" Y="39069" Z="0"/>
					<Vertex X="53701" Y="39069" Z="0"/>
					<Vertex X="53861" Y="38989" Z="0"/>
					<Vertex X="54183" Y="38909" Z="0"/>
					<Vertex X="54665" Y="38828" Z="0"/>
					<Vertex X="54826" Y="38828" Z="0"/>
					<Vertex X="54987" Y="38828" Z="0"/>
					<Vertex X="55067" Y="38748" Z="0"/>
					<Vertex X="55148" Y="38748" Z="0"/>
					<Vertex X="55308" Y="38667" Z="0"/>
					<Vertex X="55469" Y="38667" Z="0"/>
					<Vertex X="55630" Y="38667" Z="0"/>
					<Vertex X="55710" Y="38587" Z="0"/>
					<Vertex X="55871" Y="38587" Z="0"/>
					<Vertex X="56354" Y="38426" Z="0"/>
					<Vertex X="56595" Y="38426" Z="0"/>
					<Vertex X="56755" Y="38426" Z="0"/>
					<Vertex X="56755" Y="38346" Z="0"/>
					<Vertex X="56836" Y="38346" Z="0"/>
					<Vertex X="56916" Y="38265" Z="0"/>
					<Vertex X="57077" Y="38265" Z="0"/>
					<Vertex X="57238" Y="38185" Z="0"/>
					<Vertex X="57318" Y="38105" Z="0"/>
					<Vertex X="57479" Y="38105" Z="0"/>
					<Vertex X="57640" Y="38024" Z="0"/>
					<Vertex X="57881" Y="37944" Z="0"/>
					<Vertex X="57961" Y="37864" Z="0"/>
					<Vertex X="58042" Y="37864" Z="0"/>
					<Vertex X="58042" Y="37622" Z="0"/>
					<Vertex X="58122" Y="37462" Z="0"/>
					<Vertex X="58122" Y="37381" Z="0"/>
					<Vertex X="58122" Y="37301" Z="0"/>
					<Vertex X="58122" Y="37220" Z="0"/>
					<Vertex X="58042" Y="37060" Z="0"/>
					<Vertex X="56997" Y="36416" Z="0"/>
					<Vertex X="56193" Y="35934" Z="0"/>
					<Vertex X="56032" Y="35854" Z="0"/>
					<Vertex X="55871" Y="35693" Z="0"/>
					<Vertex X="55710" Y="35613" Z="0"/>
					<Vertex X="55469" Y="35532" Z="0"/>
					<Vertex X="55228" Y="35452" Z="0"/>
					<Vertex X="55067" Y="35371" Z="0"/>
					<Vertex X="54907" Y="35371" Z="0"/>
					<Vertex X="54826" Y="35291" Z="0"/>
					<Vertex X="54746" Y="35291" Z="0"/>
					<Vertex X="54665" Y="35211" Z="0"/>
					<Vertex X="54585" Y="35211" Z="0"/>
					<Vertex X="54424" Y="35130" Z="0"/>
					<Vertex X="54022" Y="35050" Z="0"/>
					<Vertex X="53460" Y="34889" Z="0"/>
					<Vertex X="53218" Y="34809" Z="0"/>
					<Vertex X="52977" Y="34728" Z="0"/>
					<Vertex X="52816" Y="34728" Z="0"/>
					<Vertex X="52656" Y="34648" Z="0"/>
					<Vertex X="52575" Y="34648" Z="0"/>
					<Vertex X="52414" Y="34568" Z="0"/>
					<Vertex X="52254" Y="34487" Z="0"/>
					<Vertex X="52013" Y="34487" Z="0"/>
					<Vertex X="51691" Y="34326" Z="0"/>
					<Vertex X="51289" Y="34166" Z="0"/>
					<Vertex X="51209" Y="34166" Z="0"/>
					<Vertex X="51128" Y="34166" Z="0"/>
					<Vertex X="51048" Y="34085" Z="0"/>
					<Vertex X="50887" Y="34085" Z="0"/>
					<Vertex X="50726" Y="34005" Z="0"/>
					<Vertex X="50646" Y="34005" Z="0"/>
					<Vertex X="50565" Y="33924" Z="0"/>
					<Vertex X="50405" Y="33924" Z="0"/>
					<Vertex X="50244" Y="33924" Z="0"/>
					<Vertex X="50003" Y="33764" Z="0"/>
					<Vertex X="49762" Y="33603" Z="0"/>
					<Vertex X="49360" Y="33522" Z="0"/>
					<Vertex X="49199" Y="33522" Z="0"/>
					<Vertex X="49038" Y="33522" Z="0"/>
					<Vertex X="48958" Y="33442" Z="0"/>
					<Vertex X="48877" Y="33442" Z="0"/>
					<Vertex X="48797" Y="33442" Z="0"/>
					<Vertex X="48556" Y="33442" Z="0"/>
					<Vertex X="48073" Y="33281" Z="0"/>
					<Vertex X="47832" Y="33201" Z="0"/>
					<Vertex X="47591" Y="33201" Z="0"/>
					<Vertex X="47430" Y="33201" Z="0"/>
					<Vertex X="47109" Y="33121" Z="0"/>
					<Vertex X="46707" Y="32960" Z="0"/>
					<Vertex X="46466" Y="32799" Z="0"/>
					<Vertex X="46224" Y="32799" Z="0"/>
					<Vertex X="46144" Y="32799" Z="0"/>
					<Vertex X="46064" Y="32719" Z="0"/>
					<Vertex X="45983" Y="32638" Z="0"/>
					<Vertex X="45823" Y="32638" Z="0"/>
					<Vertex X="45742" Y="32638" Z="0"/>
					<Vertex X="45662" Y="32638" Z="0"/>
					<Vertex X="45581" Y="32638" Z="0"/>
					<Vertex X="45501" Y="32638" Z="0"/>
					<Vertex X="45421" Y="32638" Z="0"/>
					<Vertex X="45340" Y="32638" Z="0"/>
					<Vertex X="45179" Y="32638" Z="0"/>
					<Vertex X="44777" Y="32558" Z="0"/>
					<Vertex X="44536" Y="32477" Z="0"/>
					<Vertex X="44375" Y="32477" Z="0"/>
					<Vertex X="44134" Y="32397" Z="0"/>
					<Vertex X="44054" Y="32397" Z="0"/>
					<Vertex X="43893" Y="32317" Z="0"/>
					<Vertex X="43732" Y="32317" Z="0"/>
					<Vertex X="43652" Y="32236" Z="0"/>
					<Vertex X="42928" Y="32317" Z="0"/>
				</Vertices>
			</Region>
		</Regions>
		<Plots/>
	</Annotation>
</Annotations>
