<Annotations MicronsPerPixel="0.252700">
	<Annotation Id="1" Name="" ReadOnly="0" NameReadOnly="0" LineColorReadOnly="0" Incremental="0" Type="4" LineColor="65535" Visible="1" Selected="1" MarkupImagePath="" MacroName="">
		<Attributes/>
		<Regions>
			<RegionAttributeHeaders/>
			<Region Id="1" Type="0" Zoom="0.025293" Selected="0" ImageLocation="" ImageFocus="-1" Length="97901.1" Area="555059156.5" LengthMicrons="24739.6" AreaMicrons="35444573.8" Text="" NegativeROA="0" InputRegionId="0" Analyze="1" DisplayId="1">
				<Attributes/>
				<Vertices>
					<Vertex X="46429" Y="12400" Z="0"/>
					<Vertex X="46625" Y="12361" Z="0"/>
					<Vertex X="46703" Y="12322" Z="0"/>
					<Vertex X="46781" Y="12283" Z="0"/>
					<Vertex X="46820" Y="12283" Z="0"/>
					<Vertex X="46899" Y="12283" Z="0"/>
					<Vertex X="46938" Y="12243" Z="0"/>
					<Vertex X="46977" Y="12243" Z="0"/>
					<Vertex X="47055" Y="12243" Z="0"/>
					<Vertex X="47133" Y="12204" Z="0"/>
					<Vertex X="47173" Y="12204" Z="0"/>
					<Vertex X="47212" Y="12204" Z="0"/>
					<Vertex X="47290" Y="12165" Z="0"/>
					<Vertex X="47407" Y="12165" Z="0"/>
					<Vertex X="47525" Y="12126" Z="0"/>
					<Vertex X="47603" Y="12087" Z="0"/>
					<Vertex X="47681" Y="12087" Z="0"/>
					<Vertex X="47759" Y="12087" Z="0"/>
					<Vertex X="47837" Y="12048" Z="0"/>
					<Vertex X="47877" Y="12048" Z="0"/>
					<Vertex X="47955" Y="12009" Z="0"/>
					<Vertex X="48033" Y="11970" Z="0"/>
					<Vertex X="48111" Y="11931" Z="0"/>
					<Vertex X="48189" Y="11931" Z="0"/>
					<Vertex X="48307" Y="11891" Z="0"/>
					<Vertex X="48502" Y="11813" Z="0"/>
					<Vertex X="48542" Y="11774" Z="0"/>
					<Vertex X="48620" Y="11774" Z="0"/>
					<Vertex X="48659" Y="11735" Z="0"/>
					<Vertex X="48698" Y="11696" Z="0"/>
					<Vertex X="48737" Y="11696" Z="0"/>
					<Vertex X="48776" Y="11657" Z="0"/>
					<Vertex X="48854" Y="11618" Z="0"/>
					<Vertex X="48933" Y="11539" Z="0"/>
					<Vertex X="49050" Y="11500" Z="0"/>
					<Vertex X="49167" Y="11461" Z="0"/>
					<Vertex X="49246" Y="11422" Z="0"/>
					<Vertex X="49285" Y="11422" Z="0"/>
					<Vertex X="49324" Y="11383" Z="0"/>
					<Vertex X="49363" Y="11344" Z="0"/>
					<Vertex X="49402" Y="11344" Z="0"/>
					<Vertex X="49480" Y="11344" Z="0"/>
					<Vertex X="49519" Y="11305" Z="0"/>
					<Vertex X="49559" Y="11266" Z="0"/>
					<Vertex X="49598" Y="11266" Z="0"/>
					<Vertex X="49637" Y="11266" Z="0"/>
					<Vertex X="49676" Y="11266" Z="0"/>
					<Vertex X="49715" Y="11266" Z="0"/>
					<Vertex X="49793" Y="11266" Z="0"/>
					<Vertex X="49871" Y="11266" Z="0"/>
					<Vertex X="49950" Y="11266" Z="0"/>
					<Vertex X="50067" Y="11266" Z="0"/>
					<Vertex X="50145" Y="11266" Z="0"/>
					<Vertex X="50223" Y="11266" Z="0"/>
					<Vertex X="50302" Y="11266" Z="0"/>
					<Vertex X="50341" Y="11266" Z="0"/>
					<Vertex X="50380" Y="11266" Z="0"/>
					<Vertex X="50458" Y="11266" Z="0"/>
					<Vertex X="50497" Y="11266" Z="0"/>
					<Vertex X="50536" Y="11266" Z="0"/>
					<Vertex X="50654" Y="11266" Z="0"/>
					<Vertex X="50771" Y="11266" Z="0"/>
					<Vertex X="50888" Y="11266" Z="0"/>
					<Vertex X="51045" Y="11266" Z="0"/>
					<Vertex X="51280" Y="11266" Z="0"/>
					<Vertex X="51475" Y="11305" Z="0"/>
					<Vertex X="51632" Y="11305" Z="0"/>
					<Vertex X="51671" Y="11305" Z="0"/>
					<Vertex X="51710" Y="11305" Z="0"/>
					<Vertex X="51749" Y="11305" Z="0"/>
					<Vertex X="51827" Y="11305" Z="0"/>
					<Vertex X="51866" Y="11344" Z="0"/>
					<Vertex X="51945" Y="11344" Z="0"/>
					<Vertex X="51984" Y="11344" Z="0"/>
					<Vertex X="52023" Y="11344" Z="0"/>
					<Vertex X="52062" Y="11383" Z="0"/>
					<Vertex X="52140" Y="11383" Z="0"/>
					<Vertex X="52218" Y="11422" Z="0"/>
					<Vertex X="52257" Y="11422" Z="0"/>
					<Vertex X="52297" Y="11461" Z="0"/>
					<Vertex X="52375" Y="11500" Z="0"/>
					<Vertex X="52414" Y="11500" Z="0"/>
					<Vertex X="52609" Y="11657" Z="0"/>
					<Vertex X="52766" Y="11774" Z="0"/>
					<Vertex X="52805" Y="11774" Z="0"/>
					<Vertex X="52805" Y="11813" Z="0"/>
					<Vertex X="52844" Y="11852" Z="0"/>
					<Vertex X="52883" Y="11852" Z="0"/>
					<Vertex X="52883" Y="11891" Z="0"/>
					<Vertex X="52922" Y="11891" Z="0"/>
					<Vertex X="52961" Y="11931" Z="0"/>
					<Vertex X="53001" Y="11970" Z="0"/>
					<Vertex X="53040" Y="12009" Z="0"/>
					<Vertex X="53040" Y="12048" Z="0"/>
					<Vertex X="53079" Y="12087" Z="0"/>
					<Vertex X="53079" Y="12126" Z="0"/>
					<Vertex X="53118" Y="12165" Z="0"/>
					<Vertex X="53157" Y="12243" Z="0"/>
					<Vertex X="53196" Y="12243" Z="0"/>
					<Vertex X="53196" Y="12322" Z="0"/>
					<Vertex X="53235" Y="12361" Z="0"/>
					<Vertex X="53235" Y="12400" Z="0"/>
					<Vertex X="53235" Y="12439" Z="0"/>
					<Vertex X="53274" Y="12517" Z="0"/>
					<Vertex X="53314" Y="12595" Z="0"/>
					<Vertex X="53314" Y="12635" Z="0"/>
					<Vertex X="53353" Y="12674" Z="0"/>
					<Vertex X="53353" Y="12791" Z="0"/>
					<Vertex X="53392" Y="12908" Z="0"/>
					<Vertex X="53431" Y="13065" Z="0"/>
					<Vertex X="53470" Y="13104" Z="0"/>
					<Vertex X="53470" Y="13221" Z="0"/>
					<Vertex X="53470" Y="13300" Z="0"/>
					<Vertex X="53509" Y="13300" Z="0"/>
					<Vertex X="53509" Y="13339" Z="0"/>
					<Vertex X="53509" Y="13378" Z="0"/>
					<Vertex X="53548" Y="13378" Z="0"/>
					<Vertex X="53548" Y="13417" Z="0"/>
					<Vertex X="53548" Y="13456" Z="0"/>
					<Vertex X="53587" Y="13534" Z="0"/>
					<Vertex X="53587" Y="13573" Z="0"/>
					<Vertex X="53626" Y="13612" Z="0"/>
					<Vertex X="53626" Y="13652" Z="0"/>
					<Vertex X="53666" Y="13652" Z="0"/>
					<Vertex X="53666" Y="13691" Z="0"/>
					<Vertex X="53666" Y="13769" Z="0"/>
					<Vertex X="53705" Y="13808" Z="0"/>
					<Vertex X="53744" Y="13847" Z="0"/>
					<Vertex X="53744" Y="13886" Z="0"/>
					<Vertex X="53744" Y="13925" Z="0"/>
					<Vertex X="53744" Y="13964" Z="0"/>
					<Vertex X="53783" Y="13964" Z="0"/>
					<Vertex X="53783" Y="14043" Z="0"/>
					<Vertex X="53822" Y="14082" Z="0"/>
					<Vertex X="53861" Y="14121" Z="0"/>
					<Vertex X="53900" Y="14160" Z="0"/>
					<Vertex X="53900" Y="14199" Z="0"/>
					<Vertex X="53939" Y="14238" Z="0"/>
					<Vertex X="53978" Y="14238" Z="0"/>
					<Vertex X="54018" Y="14277" Z="0"/>
					<Vertex X="54057" Y="14317" Z="0"/>
					<Vertex X="54096" Y="14356" Z="0"/>
					<Vertex X="54174" Y="14434" Z="0"/>
					<Vertex X="54213" Y="14512" Z="0"/>
					<Vertex X="54291" Y="14551" Z="0"/>
					<Vertex X="54370" Y="14629" Z="0"/>
					<Vertex X="54409" Y="14708" Z="0"/>
					<Vertex X="54487" Y="14747" Z="0"/>
					<Vertex X="54526" Y="14786" Z="0"/>
					<Vertex X="54565" Y="14786" Z="0"/>
					<Vertex X="54565" Y="14825" Z="0"/>
					<Vertex X="54643" Y="14903" Z="0"/>
					<Vertex X="54683" Y="14942" Z="0"/>
					<Vertex X="54761" Y="15060" Z="0"/>
					<Vertex X="54878" Y="15138" Z="0"/>
					<Vertex X="55035" Y="15255" Z="0"/>
					<Vertex X="55152" Y="15333" Z="0"/>
					<Vertex X="55230" Y="15412" Z="0"/>
					<Vertex X="55269" Y="15451" Z="0"/>
					<Vertex X="55347" Y="15529" Z="0"/>
					<Vertex X="55387" Y="15607" Z="0"/>
					<Vertex X="55465" Y="15686" Z="0"/>
					<Vertex X="55582" Y="15842" Z="0"/>
					<Vertex X="55700" Y="15959" Z="0"/>
					<Vertex X="55817" Y="16116" Z="0"/>
					<Vertex X="55934" Y="16272" Z="0"/>
					<Vertex X="56052" Y="16429" Z="0"/>
					<Vertex X="56169" Y="16585" Z="0"/>
					<Vertex X="56247" Y="16781" Z="0"/>
					<Vertex X="56286" Y="16859" Z="0"/>
					<Vertex X="56325" Y="16937" Z="0"/>
					<Vertex X="56404" Y="17015" Z="0"/>
					<Vertex X="56443" Y="17094" Z="0"/>
					<Vertex X="56482" Y="17172" Z="0"/>
					<Vertex X="56521" Y="17250" Z="0"/>
					<Vertex X="56560" Y="17328" Z="0"/>
					<Vertex X="56599" Y="17407" Z="0"/>
					<Vertex X="56599" Y="17524" Z="0"/>
					<Vertex X="56638" Y="17602" Z="0"/>
					<Vertex X="56638" Y="17641" Z="0"/>
					<Vertex X="56638" Y="17680" Z="0"/>
					<Vertex X="56638" Y="17759" Z="0"/>
					<Vertex X="56677" Y="17837" Z="0"/>
					<Vertex X="56677" Y="17876" Z="0"/>
					<Vertex X="56717" Y="17954" Z="0"/>
					<Vertex X="56717" Y="18032" Z="0"/>
					<Vertex X="56756" Y="18111" Z="0"/>
					<Vertex X="56756" Y="18189" Z="0"/>
					<Vertex X="56756" Y="18228" Z="0"/>
					<Vertex X="56756" Y="18345" Z="0"/>
					<Vertex X="56795" Y="18463" Z="0"/>
					<Vertex X="56795" Y="18541" Z="0"/>
					<Vertex X="56795" Y="18658" Z="0"/>
					<Vertex X="56795" Y="18776" Z="0"/>
					<Vertex X="56795" Y="18893" Z="0"/>
					<Vertex X="56795" Y="19010" Z="0"/>
					<Vertex X="56795" Y="19089" Z="0"/>
					<Vertex X="56795" Y="19206" Z="0"/>
					<Vertex X="56795" Y="19284" Z="0"/>
					<Vertex X="56795" Y="19362" Z="0"/>
					<Vertex X="56795" Y="19480" Z="0"/>
					<Vertex X="56795" Y="19597" Z="0"/>
					<Vertex X="56795" Y="19714" Z="0"/>
					<Vertex X="56795" Y="19832" Z="0"/>
					<Vertex X="56795" Y="19910" Z="0"/>
					<Vertex X="56795" Y="20066" Z="0"/>
					<Vertex X="56795" Y="20223" Z="0"/>
					<Vertex X="56756" Y="20340" Z="0"/>
					<Vertex X="56717" Y="20536" Z="0"/>
					<Vertex X="56717" Y="20692" Z="0"/>
					<Vertex X="56677" Y="20810" Z="0"/>
					<Vertex X="56638" Y="20927" Z="0"/>
					<Vertex X="56638" Y="21044" Z="0"/>
					<Vertex X="56599" Y="21162" Z="0"/>
					<Vertex X="56560" Y="21279" Z="0"/>
					<Vertex X="56560" Y="21396" Z="0"/>
					<Vertex X="56521" Y="21514" Z="0"/>
					<Vertex X="56521" Y="21670" Z="0"/>
					<Vertex X="56482" Y="21787" Z="0"/>
					<Vertex X="56443" Y="21905" Z="0"/>
					<Vertex X="56404" Y="22061" Z="0"/>
					<Vertex X="56364" Y="22218" Z="0"/>
					<Vertex X="56325" Y="22413" Z="0"/>
					<Vertex X="56325" Y="22570" Z="0"/>
					<Vertex X="56286" Y="22804" Z="0"/>
					<Vertex X="56247" Y="23078" Z="0"/>
					<Vertex X="56247" Y="23313" Z="0"/>
					<Vertex X="56208" Y="23508" Z="0"/>
					<Vertex X="56208" Y="23704" Z="0"/>
					<Vertex X="56169" Y="23939" Z="0"/>
					<Vertex X="56169" Y="24056" Z="0"/>
					<Vertex X="56169" Y="24213" Z="0"/>
					<Vertex X="56169" Y="24369" Z="0"/>
					<Vertex X="56169" Y="24643" Z="0"/>
					<Vertex X="56169" Y="24838" Z="0"/>
					<Vertex X="56169" Y="25034" Z="0"/>
					<Vertex X="56169" Y="25190" Z="0"/>
					<Vertex X="56169" Y="25386" Z="0"/>
					<Vertex X="56169" Y="25582" Z="0"/>
					<Vertex X="56169" Y="25738" Z="0"/>
					<Vertex X="56169" Y="25894" Z="0"/>
					<Vertex X="56169" Y="26129" Z="0"/>
					<Vertex X="56169" Y="26325" Z="0"/>
					<Vertex X="56169" Y="26559" Z="0"/>
					<Vertex X="56169" Y="26755" Z="0"/>
					<Vertex X="56169" Y="26951" Z="0"/>
					<Vertex X="56169" Y="27146" Z="0"/>
					<Vertex X="56169" Y="27342" Z="0"/>
					<Vertex X="56130" Y="27498" Z="0"/>
					<Vertex X="56130" Y="27733" Z="0"/>
					<Vertex X="56091" Y="27889" Z="0"/>
					<Vertex X="56091" Y="28085" Z="0"/>
					<Vertex X="56052" Y="28280" Z="0"/>
					<Vertex X="56052" Y="28437" Z="0"/>
					<Vertex X="56012" Y="28593" Z="0"/>
					<Vertex X="56012" Y="28711" Z="0"/>
					<Vertex X="55973" Y="28828" Z="0"/>
					<Vertex X="55934" Y="29024" Z="0"/>
					<Vertex X="55934" Y="29141" Z="0"/>
					<Vertex X="55895" Y="29297" Z="0"/>
					<Vertex X="55856" Y="29454" Z="0"/>
					<Vertex X="55817" Y="29689" Z="0"/>
					<Vertex X="55778" Y="29845" Z="0"/>
					<Vertex X="55778" Y="30080" Z="0"/>
					<Vertex X="55778" Y="30236" Z="0"/>
					<Vertex X="55739" Y="30471" Z="0"/>
					<Vertex X="55700" Y="30627" Z="0"/>
					<Vertex X="55660" Y="30862" Z="0"/>
					<Vertex X="55621" Y="31019" Z="0"/>
					<Vertex X="55582" Y="31175" Z="0"/>
					<Vertex X="55582" Y="31331" Z="0"/>
					<Vertex X="55543" Y="31449" Z="0"/>
					<Vertex X="55543" Y="31566" Z="0"/>
					<Vertex X="55543" Y="31644" Z="0"/>
					<Vertex X="55543" Y="31723" Z="0"/>
					<Vertex X="55543" Y="31762" Z="0"/>
					<Vertex X="55543" Y="31801" Z="0"/>
					<Vertex X="55504" Y="31801" Z="0"/>
					<Vertex X="55504" Y="31957" Z="0"/>
					<Vertex X="55504" Y="32505" Z="0"/>
					<Vertex X="55504" Y="33052" Z="0"/>
					<Vertex X="55504" Y="33287" Z="0"/>
					<Vertex X="55543" Y="33561" Z="0"/>
					<Vertex X="55582" Y="33835" Z="0"/>
					<Vertex X="55621" Y="34030" Z="0"/>
					<Vertex X="55660" Y="34148" Z="0"/>
					<Vertex X="55700" Y="34265" Z="0"/>
					<Vertex X="55700" Y="34343" Z="0"/>
					<Vertex X="55700" Y="34382" Z="0"/>
					<Vertex X="55700" Y="34461" Z="0"/>
					<Vertex X="55700" Y="34500" Z="0"/>
					<Vertex X="55700" Y="34578" Z="0"/>
					<Vertex X="55700" Y="34656" Z="0"/>
					<Vertex X="55700" Y="34734" Z="0"/>
					<Vertex X="55700" Y="34852" Z="0"/>
					<Vertex X="55700" Y="35008" Z="0"/>
					<Vertex X="55700" Y="35165" Z="0"/>
					<Vertex X="55700" Y="35282" Z="0"/>
					<Vertex X="55700" Y="35438" Z="0"/>
					<Vertex X="55660" Y="35634" Z="0"/>
					<Vertex X="55621" Y="35791" Z="0"/>
					<Vertex X="55543" Y="35908" Z="0"/>
					<Vertex X="55504" Y="36103" Z="0"/>
					<Vertex X="55504" Y="36182" Z="0"/>
					<Vertex X="55465" Y="36338" Z="0"/>
					<Vertex X="55426" Y="36455" Z="0"/>
					<Vertex X="55387" Y="36534" Z="0"/>
					<Vertex X="55347" Y="36690" Z="0"/>
					<Vertex X="55347" Y="36729" Z="0"/>
					<Vertex X="55269" Y="36886" Z="0"/>
					<Vertex X="55191" Y="37003" Z="0"/>
					<Vertex X="55152" Y="37120" Z="0"/>
					<Vertex X="55113" Y="37277" Z="0"/>
					<Vertex X="55074" Y="37394" Z="0"/>
					<Vertex X="55035" Y="37472" Z="0"/>
					<Vertex X="54995" Y="37590" Z="0"/>
					<Vertex X="54956" Y="37668" Z="0"/>
					<Vertex X="54917" Y="37785" Z="0"/>
					<Vertex X="54878" Y="37903" Z="0"/>
					<Vertex X="54800" Y="38020" Z="0"/>
					<Vertex X="54722" Y="38137" Z="0"/>
					<Vertex X="54722" Y="38255" Z="0"/>
					<Vertex X="54643" Y="38450" Z="0"/>
					<Vertex X="54526" Y="38646" Z="0"/>
					<Vertex X="54448" Y="38802" Z="0"/>
					<Vertex X="54370" Y="38998" Z="0"/>
					<Vertex X="54291" Y="39154" Z="0"/>
					<Vertex X="54174" Y="39350" Z="0"/>
					<Vertex X="54096" Y="39467" Z="0"/>
					<Vertex X="54018" Y="39585" Z="0"/>
					<Vertex X="53939" Y="39702" Z="0"/>
					<Vertex X="53900" Y="39819" Z="0"/>
					<Vertex X="53783" Y="40015" Z="0"/>
					<Vertex X="53666" Y="40211" Z="0"/>
					<Vertex X="53548" Y="40406" Z="0"/>
					<Vertex X="53392" Y="40602" Z="0"/>
					<Vertex X="53274" Y="40836" Z="0"/>
					<Vertex X="53118" Y="41071" Z="0"/>
					<Vertex X="53001" Y="41306" Z="0"/>
					<Vertex X="52844" Y="41501" Z="0"/>
					<Vertex X="52727" Y="41736" Z="0"/>
					<Vertex X="52649" Y="41892" Z="0"/>
					<Vertex X="52531" Y="42088" Z="0"/>
					<Vertex X="52453" Y="42205" Z="0"/>
					<Vertex X="52375" Y="42362" Z="0"/>
					<Vertex X="52336" Y="42440" Z="0"/>
					<Vertex X="52297" Y="42479" Z="0"/>
					<Vertex X="52257" Y="42597" Z="0"/>
					<Vertex X="52218" Y="42675" Z="0"/>
					<Vertex X="52179" Y="42753" Z="0"/>
					<Vertex X="52140" Y="42831" Z="0"/>
					<Vertex X="52062" Y="42909" Z="0"/>
					<Vertex X="52062" Y="43027" Z="0"/>
					<Vertex X="51984" Y="43066" Z="0"/>
					<Vertex X="51984" Y="43105" Z="0"/>
					<Vertex X="51984" Y="43144" Z="0"/>
					<Vertex X="51945" Y="43222" Z="0"/>
					<Vertex X="51905" Y="43261" Z="0"/>
					<Vertex X="51866" Y="43418" Z="0"/>
					<Vertex X="51788" Y="43457" Z="0"/>
					<Vertex X="51788" Y="43496" Z="0"/>
					<Vertex X="51749" Y="43613" Z="0"/>
					<Vertex X="51710" Y="43653" Z="0"/>
					<Vertex X="51671" Y="43731" Z="0"/>
					<Vertex X="51632" Y="43809" Z="0"/>
					<Vertex X="51592" Y="43926" Z="0"/>
					<Vertex X="51514" Y="44005" Z="0"/>
					<Vertex X="51475" Y="44122" Z="0"/>
					<Vertex X="51397" Y="44200" Z="0"/>
					<Vertex X="51358" Y="44318" Z="0"/>
					<Vertex X="51280" Y="44396" Z="0"/>
					<Vertex X="51240" Y="44435" Z="0"/>
					<Vertex X="51240" Y="44513" Z="0"/>
					<Vertex X="51162" Y="44552" Z="0"/>
					<Vertex X="51123" Y="44591" Z="0"/>
					<Vertex X="51084" Y="44670" Z="0"/>
					<Vertex X="51045" Y="44748" Z="0"/>
					<Vertex X="50967" Y="44787" Z="0"/>
					<Vertex X="50928" Y="44865" Z="0"/>
					<Vertex X="50849" Y="44904" Z="0"/>
					<Vertex X="50810" Y="44943" Z="0"/>
					<Vertex X="50771" Y="44983" Z="0"/>
					<Vertex X="50732" Y="44983" Z="0"/>
					<Vertex X="50732" Y="45022" Z="0"/>
					<Vertex X="50654" Y="45022" Z="0"/>
					<Vertex X="50615" Y="45061" Z="0"/>
					<Vertex X="50575" Y="45100" Z="0"/>
					<Vertex X="50536" Y="45100" Z="0"/>
					<Vertex X="50497" Y="45100" Z="0"/>
					<Vertex X="50458" Y="45100" Z="0"/>
					<Vertex X="50419" Y="45100" Z="0"/>
					<Vertex X="50341" Y="45100" Z="0"/>
					<Vertex X="50263" Y="45139" Z="0"/>
					<Vertex X="50184" Y="45178" Z="0"/>
					<Vertex X="50067" Y="45178" Z="0"/>
					<Vertex X="49989" Y="45178" Z="0"/>
					<Vertex X="49832" Y="45217" Z="0"/>
					<Vertex X="49637" Y="45256" Z="0"/>
					<Vertex X="49519" Y="45256" Z="0"/>
					<Vertex X="49441" Y="45256" Z="0"/>
					<Vertex X="49324" Y="45295" Z="0"/>
					<Vertex X="49285" Y="45295" Z="0"/>
					<Vertex X="49206" Y="45335" Z="0"/>
					<Vertex X="49128" Y="45335" Z="0"/>
					<Vertex X="49011" Y="45335" Z="0"/>
					<Vertex X="48972" Y="45335" Z="0"/>
					<Vertex X="48933" Y="45335" Z="0"/>
					<Vertex X="48894" Y="45374" Z="0"/>
					<Vertex X="48815" Y="45413" Z="0"/>
					<Vertex X="48776" Y="45413" Z="0"/>
					<Vertex X="48659" Y="45452" Z="0"/>
					<Vertex X="48581" Y="45491" Z="0"/>
					<Vertex X="48424" Y="45530" Z="0"/>
					<Vertex X="48189" Y="45569" Z="0"/>
					<Vertex X="47994" Y="45608" Z="0"/>
					<Vertex X="47877" Y="45647" Z="0"/>
					<Vertex X="47759" Y="45687" Z="0"/>
					<Vertex X="47720" Y="45687" Z="0"/>
					<Vertex X="47681" Y="45687" Z="0"/>
					<Vertex X="47642" Y="45726" Z="0"/>
					<Vertex X="47603" Y="45726" Z="0"/>
					<Vertex X="47564" Y="45765" Z="0"/>
					<Vertex X="47485" Y="45804" Z="0"/>
					<Vertex X="47368" Y="45804" Z="0"/>
					<Vertex X="47212" Y="45843" Z="0"/>
					<Vertex X="47094" Y="45882" Z="0"/>
					<Vertex X="46977" Y="45882" Z="0"/>
					<Vertex X="46860" Y="45921" Z="0"/>
					<Vertex X="46742" Y="45960" Z="0"/>
					<Vertex X="46703" Y="45960" Z="0"/>
					<Vertex X="46625" Y="45960" Z="0"/>
					<Vertex X="46508" Y="45960" Z="0"/>
					<Vertex X="46351" Y="45960" Z="0"/>
					<Vertex X="46234" Y="45960" Z="0"/>
					<Vertex X="46038" Y="45960" Z="0"/>
					<Vertex X="45921" Y="45960" Z="0"/>
					<Vertex X="45803" Y="45960" Z="0"/>
					<Vertex X="45686" Y="45921" Z="0"/>
					<Vertex X="45530" Y="45921" Z="0"/>
					<Vertex X="45295" Y="45921" Z="0"/>
					<Vertex X="45178" Y="45921" Z="0"/>
					<Vertex X="45060" Y="45921" Z="0"/>
					<Vertex X="44982" Y="45921" Z="0"/>
					<Vertex X="44943" Y="45921" Z="0"/>
					<Vertex X="44904" Y="45921" Z="0"/>
					<Vertex X="44787" Y="45921" Z="0"/>
					<Vertex X="44747" Y="45921" Z="0"/>
					<Vertex X="44630" Y="45921" Z="0"/>
					<Vertex X="44474" Y="45921" Z="0"/>
					<Vertex X="44356" Y="45921" Z="0"/>
					<Vertex X="44239" Y="45921" Z="0"/>
					<Vertex X="44122" Y="45882" Z="0"/>
					<Vertex X="44043" Y="45843" Z="0"/>
					<Vertex X="43887" Y="45804" Z="0"/>
					<Vertex X="43770" Y="45765" Z="0"/>
					<Vertex X="43652" Y="45726" Z="0"/>
					<Vertex X="43457" Y="45726" Z="0"/>
					<Vertex X="43183" Y="45647" Z="0"/>
					<Vertex X="43026" Y="45608" Z="0"/>
					<Vertex X="42870" Y="45569" Z="0"/>
					<Vertex X="42713" Y="45491" Z="0"/>
					<Vertex X="42557" Y="45413" Z="0"/>
					<Vertex X="42401" Y="45374" Z="0"/>
					<Vertex X="42283" Y="45335" Z="0"/>
					<Vertex X="42009" Y="45256" Z="0"/>
					<Vertex X="41775" Y="45139" Z="0"/>
					<Vertex X="41618" Y="45061" Z="0"/>
					<Vertex X="41344" Y="44943" Z="0"/>
					<Vertex X="41149" Y="44865" Z="0"/>
					<Vertex X="40875" Y="44748" Z="0"/>
					<Vertex X="40562" Y="44630" Z="0"/>
					<Vertex X="40288" Y="44513" Z="0"/>
					<Vertex X="39936" Y="44396" Z="0"/>
					<Vertex X="39662" Y="44278" Z="0"/>
					<Vertex X="39271" Y="44161" Z="0"/>
					<Vertex X="38998" Y="44044" Z="0"/>
					<Vertex X="38763" Y="43966" Z="0"/>
					<Vertex X="38606" Y="43926" Z="0"/>
					<Vertex X="38450" Y="43848" Z="0"/>
					<Vertex X="38293" Y="43770" Z="0"/>
					<Vertex X="38137" Y="43692" Z="0"/>
					<Vertex X="37981" Y="43653" Z="0"/>
					<Vertex X="37824" Y="43574" Z="0"/>
					<Vertex X="37668" Y="43535" Z="0"/>
					<Vertex X="37472" Y="43418" Z="0"/>
					<Vertex X="37316" Y="43379" Z="0"/>
					<Vertex X="37120" Y="43340" Z="0"/>
					<Vertex X="37003" Y="43261" Z="0"/>
					<Vertex X="36924" Y="43222" Z="0"/>
					<Vertex X="36768" Y="43105" Z="0"/>
					<Vertex X="36651" Y="43027" Z="0"/>
					<Vertex X="36455" Y="42949" Z="0"/>
					<Vertex X="36220" Y="42792" Z="0"/>
					<Vertex X="36103" Y="42714" Z="0"/>
					<Vertex X="35907" Y="42636" Z="0"/>
					<Vertex X="35790" Y="42557" Z="0"/>
					<Vertex X="35634" Y="42479" Z="0"/>
					<Vertex X="35555" Y="42401" Z="0"/>
					<Vertex X="35477" Y="42362" Z="0"/>
					<Vertex X="35399" Y="42284" Z="0"/>
					<Vertex X="35321" Y="42244" Z="0"/>
					<Vertex X="35242" Y="42166" Z="0"/>
					<Vertex X="35125" Y="42088" Z="0"/>
					<Vertex X="34930" Y="42010" Z="0"/>
					<Vertex X="34773" Y="41892" Z="0"/>
					<Vertex X="34617" Y="41853" Z="0"/>
					<Vertex X="34538" Y="41775" Z="0"/>
					<Vertex X="34460" Y="41736" Z="0"/>
					<Vertex X="34382" Y="41697" Z="0"/>
					<Vertex X="34226" Y="41619" Z="0"/>
					<Vertex X="34069" Y="41540" Z="0"/>
					<Vertex X="33873" Y="41462" Z="0"/>
					<Vertex X="33756" Y="41384" Z="0"/>
					<Vertex X="33639" Y="41345" Z="0"/>
					<Vertex X="33561" Y="41306" Z="0"/>
					<Vertex X="33404" Y="41267" Z="0"/>
					<Vertex X="33287" Y="41149" Z="0"/>
					<Vertex X="33052" Y="41110" Z="0"/>
					<Vertex X="32935" Y="41032" Z="0"/>
					<Vertex X="32817" Y="40954" Z="0"/>
					<Vertex X="32661" Y="40915" Z="0"/>
					<Vertex X="32622" Y="40836" Z="0"/>
					<Vertex X="32583" Y="40836" Z="0"/>
					<Vertex X="32544" Y="40758" Z="0"/>
					<Vertex X="32504" Y="40719" Z="0"/>
					<Vertex X="32387" Y="40641" Z="0"/>
					<Vertex X="32348" Y="40523" Z="0"/>
					<Vertex X="32270" Y="40445" Z="0"/>
					<Vertex X="32231" Y="40406" Z="0"/>
					<Vertex X="32152" Y="40328" Z="0"/>
					<Vertex X="32152" Y="40250" Z="0"/>
					<Vertex X="32074" Y="40171" Z="0"/>
					<Vertex X="32035" Y="40054" Z="0"/>
					<Vertex X="31957" Y="39898" Z="0"/>
					<Vertex X="31840" Y="39741" Z="0"/>
					<Vertex X="31800" Y="39624" Z="0"/>
					<Vertex X="31722" Y="39546" Z="0"/>
					<Vertex X="31722" Y="39506" Z="0"/>
					<Vertex X="31683" Y="39428" Z="0"/>
					<Vertex X="31644" Y="39389" Z="0"/>
					<Vertex X="31605" Y="39311" Z="0"/>
					<Vertex X="31605" Y="39233" Z="0"/>
					<Vertex X="31527" Y="39154" Z="0"/>
					<Vertex X="31527" Y="39037" Z="0"/>
					<Vertex X="31487" Y="38998" Z="0"/>
					<Vertex X="31409" Y="38920" Z="0"/>
					<Vertex X="31409" Y="38802" Z="0"/>
					<Vertex X="31409" Y="38763" Z="0"/>
					<Vertex X="31331" Y="38607" Z="0"/>
					<Vertex X="31292" Y="38529" Z="0"/>
					<Vertex X="31292" Y="38450" Z="0"/>
					<Vertex X="31253" Y="38411" Z="0"/>
					<Vertex X="31253" Y="38333" Z="0"/>
					<Vertex X="31214" Y="38216" Z="0"/>
					<Vertex X="31214" Y="38098" Z="0"/>
					<Vertex X="31214" Y="37981" Z="0"/>
					<Vertex X="31214" Y="37903" Z="0"/>
					<Vertex X="31214" Y="37824" Z="0"/>
					<Vertex X="31175" Y="37746" Z="0"/>
					<Vertex X="31175" Y="37629" Z="0"/>
					<Vertex X="31135" Y="37472" Z="0"/>
					<Vertex X="31135" Y="37394" Z="0"/>
					<Vertex X="31096" Y="37277" Z="0"/>
					<Vertex X="31096" Y="37081" Z="0"/>
					<Vertex X="31096" Y="37003" Z="0"/>
					<Vertex X="31096" Y="36964" Z="0"/>
					<Vertex X="31096" Y="36886" Z="0"/>
					<Vertex X="31096" Y="36768" Z="0"/>
					<Vertex X="31096" Y="36495" Z="0"/>
					<Vertex X="31096" Y="36182" Z="0"/>
					<Vertex X="31096" Y="36103" Z="0"/>
					<Vertex X="31096" Y="36025" Z="0"/>
					<Vertex X="31135" Y="35947" Z="0"/>
					<Vertex X="31135" Y="35869" Z="0"/>
					<Vertex X="31175" Y="35791" Z="0"/>
					<Vertex X="31253" Y="35556" Z="0"/>
					<Vertex X="31253" Y="35438" Z="0"/>
					<Vertex X="31331" Y="35360" Z="0"/>
					<Vertex X="31370" Y="35243" Z="0"/>
					<Vertex X="31409" Y="35165" Z="0"/>
					<Vertex X="31487" Y="35008" Z="0"/>
					<Vertex X="31527" Y="34891" Z="0"/>
					<Vertex X="31605" Y="34813" Z="0"/>
					<Vertex X="31683" Y="34695" Z="0"/>
					<Vertex X="31761" Y="34578" Z="0"/>
					<Vertex X="31840" Y="34461" Z="0"/>
					<Vertex X="31957" Y="34304" Z="0"/>
					<Vertex X="32074" Y="34148" Z="0"/>
					<Vertex X="32192" Y="34030" Z="0"/>
					<Vertex X="32309" Y="33913" Z="0"/>
					<Vertex X="32465" Y="33757" Z="0"/>
					<Vertex X="32544" Y="33678" Z="0"/>
					<Vertex X="32778" Y="33405" Z="0"/>
					<Vertex X="32896" Y="33248" Z="0"/>
					<Vertex X="33013" Y="33170" Z="0"/>
					<Vertex X="33091" Y="33052" Z="0"/>
					<Vertex X="33248" Y="32896" Z="0"/>
					<Vertex X="33404" Y="32740" Z="0"/>
					<Vertex X="33482" Y="32661" Z="0"/>
					<Vertex X="33639" Y="32505" Z="0"/>
					<Vertex X="33756" Y="32388" Z="0"/>
					<Vertex X="33913" Y="32231" Z="0"/>
					<Vertex X="33991" Y="32153" Z="0"/>
					<Vertex X="34147" Y="31996" Z="0"/>
					<Vertex X="34265" Y="31879" Z="0"/>
					<Vertex X="34460" Y="31683" Z="0"/>
					<Vertex X="34617" Y="31527" Z="0"/>
					<Vertex X="34773" Y="31331" Z="0"/>
					<Vertex X="34969" Y="31136" Z="0"/>
					<Vertex X="35086" Y="31019" Z="0"/>
					<Vertex X="35360" Y="30784" Z="0"/>
					<Vertex X="35477" Y="30666" Z="0"/>
					<Vertex X="35595" Y="30549" Z="0"/>
					<Vertex X="35751" Y="30432" Z="0"/>
					<Vertex X="35868" Y="30314" Z="0"/>
					<Vertex X="35986" Y="30197" Z="0"/>
					<Vertex X="36025" Y="30158" Z="0"/>
					<Vertex X="36103" Y="30080" Z="0"/>
					<Vertex X="36299" Y="29845" Z="0"/>
					<Vertex X="36377" Y="29806" Z="0"/>
					<Vertex X="36455" Y="29767" Z="0"/>
					<Vertex X="36494" Y="29650" Z="0"/>
					<Vertex X="36651" Y="29532" Z="0"/>
					<Vertex X="36924" Y="29258" Z="0"/>
					<Vertex X="37042" Y="29141" Z="0"/>
					<Vertex X="37159" Y="29024" Z="0"/>
					<Vertex X="37316" Y="28906" Z="0"/>
					<Vertex X="37394" Y="28828" Z="0"/>
					<Vertex X="37472" Y="28711" Z="0"/>
					<Vertex X="37628" Y="28593" Z="0"/>
					<Vertex X="37746" Y="28476" Z="0"/>
					<Vertex X="37863" Y="28320" Z="0"/>
					<Vertex X="37941" Y="28241" Z="0"/>
					<Vertex X="38176" Y="28007" Z="0"/>
					<Vertex X="38333" Y="27928" Z="0"/>
					<Vertex X="38411" Y="27811" Z="0"/>
					<Vertex X="38489" Y="27733" Z="0"/>
					<Vertex X="38606" Y="27694" Z="0"/>
					<Vertex X="38685" Y="27576" Z="0"/>
					<Vertex X="38724" Y="27498" Z="0"/>
					<Vertex X="38841" Y="27420" Z="0"/>
					<Vertex X="38919" Y="27264" Z="0"/>
					<Vertex X="39076" Y="27146" Z="0"/>
					<Vertex X="39232" Y="26990" Z="0"/>
					<Vertex X="39545" Y="26638" Z="0"/>
					<Vertex X="39741" Y="26481" Z="0"/>
					<Vertex X="39936" Y="26325" Z="0"/>
					<Vertex X="40132" Y="26168" Z="0"/>
					<Vertex X="40210" Y="26012" Z="0"/>
					<Vertex X="40367" Y="25894" Z="0"/>
					<Vertex X="40484" Y="25777" Z="0"/>
					<Vertex X="40719" Y="25503" Z="0"/>
					<Vertex X="40797" Y="25464" Z="0"/>
					<Vertex X="40836" Y="25386" Z="0"/>
					<Vertex X="40914" Y="25347" Z="0"/>
					<Vertex X="40914" Y="25269" Z="0"/>
					<Vertex X="41031" Y="25151" Z="0"/>
					<Vertex X="41149" Y="24995" Z="0"/>
					<Vertex X="41188" Y="24956" Z="0"/>
					<Vertex X="41266" Y="24917" Z="0"/>
					<Vertex X="41266" Y="24878" Z="0"/>
					<Vertex X="41305" Y="24838" Z="0"/>
					<Vertex X="41384" Y="24799" Z="0"/>
					<Vertex X="41423" Y="24721" Z="0"/>
					<Vertex X="41462" Y="24682" Z="0"/>
					<Vertex X="41540" Y="24565" Z="0"/>
					<Vertex X="41579" Y="24525" Z="0"/>
					<Vertex X="41696" Y="24408" Z="0"/>
					<Vertex X="41775" Y="24369" Z="0"/>
					<Vertex X="41814" Y="24330" Z="0"/>
					<Vertex X="41892" Y="24252" Z="0"/>
					<Vertex X="41970" Y="24173" Z="0"/>
					<Vertex X="42088" Y="24056" Z="0"/>
					<Vertex X="42127" Y="24017" Z="0"/>
					<Vertex X="42166" Y="23978" Z="0"/>
					<Vertex X="42244" Y="23900" Z="0"/>
					<Vertex X="42322" Y="23782" Z="0"/>
					<Vertex X="42361" Y="23704" Z="0"/>
					<Vertex X="42479" Y="23587" Z="0"/>
					<Vertex X="42596" Y="23430" Z="0"/>
					<Vertex X="42674" Y="23313" Z="0"/>
					<Vertex X="42792" Y="23117" Z="0"/>
					<Vertex X="42870" Y="23039" Z="0"/>
					<Vertex X="42948" Y="22961" Z="0"/>
					<Vertex X="43026" Y="22844" Z="0"/>
					<Vertex X="43026" Y="22765" Z="0"/>
					<Vertex X="43105" Y="22687" Z="0"/>
					<Vertex X="43144" Y="22687" Z="0"/>
					<Vertex X="43144" Y="22648" Z="0"/>
					<Vertex X="43183" Y="22531" Z="0"/>
					<Vertex X="43496" Y="21670" Z="0"/>
					<Vertex X="43535" Y="21553" Z="0"/>
					<Vertex X="43613" Y="21396" Z="0"/>
					<Vertex X="43613" Y="21318" Z="0"/>
					<Vertex X="43652" Y="21240" Z="0"/>
					<Vertex X="43691" Y="21162" Z="0"/>
					<Vertex X="43691" Y="21005" Z="0"/>
					<Vertex X="43730" Y="20966" Z="0"/>
					<Vertex X="43730" Y="20927" Z="0"/>
					<Vertex X="43730" Y="20849" Z="0"/>
					<Vertex X="43770" Y="20770" Z="0"/>
					<Vertex X="43770" Y="20653" Z="0"/>
					<Vertex X="43809" Y="20536" Z="0"/>
					<Vertex X="43809" Y="20184" Z="0"/>
					<Vertex X="43848" Y="20066" Z="0"/>
					<Vertex X="43848" Y="19910" Z="0"/>
					<Vertex X="43926" Y="19558" Z="0"/>
					<Vertex X="43926" Y="19401" Z="0"/>
					<Vertex X="43965" Y="19206" Z="0"/>
					<Vertex X="44043" Y="18854" Z="0"/>
					<Vertex X="44043" Y="18736" Z="0"/>
					<Vertex X="44082" Y="18541" Z="0"/>
					<Vertex X="44161" Y="18267" Z="0"/>
					<Vertex X="44161" Y="18189" Z="0"/>
					<Vertex X="44200" Y="18111" Z="0"/>
					<Vertex X="44200" Y="18032" Z="0"/>
					<Vertex X="44239" Y="17719" Z="0"/>
					<Vertex X="44278" Y="17602" Z="0"/>
					<Vertex X="44278" Y="17485" Z="0"/>
					<Vertex X="44356" Y="17250" Z="0"/>
					<Vertex X="44356" Y="17133" Z="0"/>
					<Vertex X="44356" Y="17015" Z="0"/>
					<Vertex X="44395" Y="16898" Z="0"/>
					<Vertex X="44395" Y="16781" Z="0"/>
					<Vertex X="44474" Y="16585" Z="0"/>
					<Vertex X="44474" Y="16507" Z="0"/>
					<Vertex X="44474" Y="16429" Z="0"/>
					<Vertex X="44552" Y="16194" Z="0"/>
					<Vertex X="44591" Y="16077" Z="0"/>
					<Vertex X="44591" Y="15959" Z="0"/>
					<Vertex X="44669" Y="15842" Z="0"/>
					<Vertex X="44747" Y="15646" Z="0"/>
					<Vertex X="44747" Y="15568" Z="0"/>
					<Vertex X="44787" Y="15490" Z="0"/>
					<Vertex X="44865" Y="15373" Z="0"/>
					<Vertex X="44904" Y="15255" Z="0"/>
					<Vertex X="44982" Y="15177" Z="0"/>
					<Vertex X="45060" Y="15021" Z="0"/>
					<Vertex X="45099" Y="14942" Z="0"/>
					<Vertex X="45139" Y="14864" Z="0"/>
					<Vertex X="45217" Y="14747" Z="0"/>
					<Vertex X="45334" Y="14551" Z="0"/>
					<Vertex X="45412" Y="14434" Z="0"/>
					<Vertex X="45530" Y="14277" Z="0"/>
					<Vertex X="45530" Y="14238" Z="0"/>
					<Vertex X="45608" Y="14082" Z="0"/>
					<Vertex X="45647" Y="14004" Z="0"/>
					<Vertex X="45725" Y="13886" Z="0"/>
					<Vertex X="45803" Y="13612" Z="0"/>
					<Vertex X="45843" Y="13573" Z="0"/>
					<Vertex X="45882" Y="13456" Z="0"/>
					<Vertex X="45921" Y="13378" Z="0"/>
					<Vertex X="45960" Y="13300" Z="0"/>
					<Vertex X="45999" Y="13260" Z="0"/>
					<Vertex X="46038" Y="13065" Z="0"/>
					<Vertex X="46077" Y="12987" Z="0"/>
					<Vertex X="46156" Y="12752" Z="0"/>
					<Vertex X="46195" Y="12674" Z="0"/>
					<Vertex X="46234" Y="12635" Z="0"/>
					<Vertex X="46234" Y="12595" Z="0"/>
					<Vertex X="46234" Y="12556" Z="0"/>
					<Vertex X="46273" Y="12478" Z="0"/>
					<Vertex X="46273" Y="12439" Z="0"/>
					<Vertex X="46273" Y="12400" Z="0"/>
					<Vertex X="46429" Y="12400" Z="0"/>
				</Vertices>
			</Region>
			<Region Id="2" Type="0" Zoom="0.025293" Selected="0" ImageLocation="" ImageFocus="-1" Length="59835.2" Area="247198908.0" LengthMicrons="15120.4" AreaMicrons="15785452.5" Text="" NegativeROA="0" InputRegionId="0" Analyze="1" DisplayId="2">
				<Attributes/>
				<Vertices>
					<Vertex X="20457" Y="40523" Z="0"/>
					<Vertex X="20144" Y="40406" Z="0"/>
					<Vertex X="19987" Y="40366" Z="0"/>
					<Vertex X="19753" Y="40327" Z="0"/>
					<Vertex X="19557" Y="40288" Z="0"/>
					<Vertex X="19479" Y="40288" Z="0"/>
					<Vertex X="19440" Y="40249" Z="0"/>
					<Vertex X="19401" Y="40249" Z="0"/>
					<Vertex X="19362" Y="40249" Z="0"/>
					<Vertex X="19010" Y="40406" Z="0"/>
					<Vertex X="18892" Y="40445" Z="0"/>
					<Vertex X="18775" Y="40484" Z="0"/>
					<Vertex X="18697" Y="40523" Z="0"/>
					<Vertex X="18658" Y="40562" Z="0"/>
					<Vertex X="18618" Y="40601" Z="0"/>
					<Vertex X="18579" Y="40601" Z="0"/>
					<Vertex X="18540" Y="40601" Z="0"/>
					<Vertex X="18540" Y="40640" Z="0"/>
					<Vertex X="18501" Y="40679" Z="0"/>
					<Vertex X="18462" Y="40718" Z="0"/>
					<Vertex X="18423" Y="40758" Z="0"/>
					<Vertex X="18345" Y="40797" Z="0"/>
					<Vertex X="18306" Y="40836" Z="0"/>
					<Vertex X="18227" Y="40953" Z="0"/>
					<Vertex X="18188" Y="40992" Z="0"/>
					<Vertex X="18110" Y="41031" Z="0"/>
					<Vertex X="18110" Y="41071" Z="0"/>
					<Vertex X="18071" Y="41149" Z="0"/>
					<Vertex X="18032" Y="41149" Z="0"/>
					<Vertex X="18032" Y="41188" Z="0"/>
					<Vertex X="17993" Y="41227" Z="0"/>
					<Vertex X="17993" Y="41266" Z="0"/>
					<Vertex X="17953" Y="41305" Z="0"/>
					<Vertex X="17914" Y="41383" Z="0"/>
					<Vertex X="17875" Y="41462" Z="0"/>
					<Vertex X="17836" Y="41579" Z="0"/>
					<Vertex X="17797" Y="41657" Z="0"/>
					<Vertex X="17758" Y="41735" Z="0"/>
					<Vertex X="17680" Y="41814" Z="0"/>
					<Vertex X="17680" Y="41892" Z="0"/>
					<Vertex X="17641" Y="41970" Z="0"/>
					<Vertex X="17601" Y="42048" Z="0"/>
					<Vertex X="17562" Y="42127" Z="0"/>
					<Vertex X="17523" Y="42166" Z="0"/>
					<Vertex X="17484" Y="42244" Z="0"/>
					<Vertex X="17445" Y="42322" Z="0"/>
					<Vertex X="17406" Y="42361" Z="0"/>
					<Vertex X="17367" Y="42479" Z="0"/>
					<Vertex X="17328" Y="42518" Z="0"/>
					<Vertex X="17249" Y="42635" Z="0"/>
					<Vertex X="17171" Y="42792" Z="0"/>
					<Vertex X="17093" Y="42909" Z="0"/>
					<Vertex X="17015" Y="43026" Z="0"/>
					<Vertex X="16936" Y="43183" Z="0"/>
					<Vertex X="16819" Y="43300" Z="0"/>
					<Vertex X="16780" Y="43378" Z="0"/>
					<Vertex X="16663" Y="43535" Z="0"/>
					<Vertex X="16663" Y="43613" Z="0"/>
					<Vertex X="16584" Y="43652" Z="0"/>
					<Vertex X="16584" Y="43730" Z="0"/>
					<Vertex X="16506" Y="43848" Z="0"/>
					<Vertex X="16467" Y="43926" Z="0"/>
					<Vertex X="16467" Y="44004" Z="0"/>
					<Vertex X="16428" Y="44043" Z="0"/>
					<Vertex X="16350" Y="44200" Z="0"/>
					<Vertex X="16272" Y="44356" Z="0"/>
					<Vertex X="16193" Y="44473" Z="0"/>
					<Vertex X="16115" Y="44591" Z="0"/>
					<Vertex X="16076" Y="44630" Z="0"/>
					<Vertex X="15998" Y="44747" Z="0"/>
					<Vertex X="15959" Y="44865" Z="0"/>
					<Vertex X="15880" Y="44943" Z="0"/>
					<Vertex X="15802" Y="45060" Z="0"/>
					<Vertex X="15724" Y="45178" Z="0"/>
					<Vertex X="15646" Y="45334" Z="0"/>
					<Vertex X="15528" Y="45451" Z="0"/>
					<Vertex X="15450" Y="45608" Z="0"/>
					<Vertex X="15372" Y="45725" Z="0"/>
					<Vertex X="15255" Y="45882" Z="0"/>
					<Vertex X="15137" Y="46038" Z="0"/>
					<Vertex X="15059" Y="46234" Z="0"/>
					<Vertex X="14942" Y="46429" Z="0"/>
					<Vertex X="14863" Y="46547" Z="0"/>
					<Vertex X="14824" Y="46664" Z="0"/>
					<Vertex X="14746" Y="46820" Z="0"/>
					<Vertex X="14707" Y="46899" Z="0"/>
					<Vertex X="14668" Y="46938" Z="0"/>
					<Vertex X="14629" Y="47016" Z="0"/>
					<Vertex X="14590" Y="47094" Z="0"/>
					<Vertex X="14590" Y="47172" Z="0"/>
					<Vertex X="14550" Y="47290" Z="0"/>
					<Vertex X="14472" Y="47407" Z="0"/>
					<Vertex X="14433" Y="47524" Z="0"/>
					<Vertex X="14433" Y="47642" Z="0"/>
					<Vertex X="14394" Y="47798" Z="0"/>
					<Vertex X="14355" Y="47876" Z="0"/>
					<Vertex X="14316" Y="47955" Z="0"/>
					<Vertex X="14277" Y="48072" Z="0"/>
					<Vertex X="14277" Y="48189" Z="0"/>
					<Vertex X="14238" Y="48307" Z="0"/>
					<Vertex X="14198" Y="48385" Z="0"/>
					<Vertex X="14198" Y="48502" Z="0"/>
					<Vertex X="14198" Y="48620" Z="0"/>
					<Vertex X="14198" Y="48698" Z="0"/>
					<Vertex X="14198" Y="48815" Z="0"/>
					<Vertex X="14198" Y="48933" Z="0"/>
					<Vertex X="14198" Y="49050" Z="0"/>
					<Vertex X="14198" Y="49167" Z="0"/>
					<Vertex X="14198" Y="49363" Z="0"/>
					<Vertex X="14198" Y="49480" Z="0"/>
					<Vertex X="14198" Y="49637" Z="0"/>
					<Vertex X="14198" Y="49715" Z="0"/>
					<Vertex X="14198" Y="49793" Z="0"/>
					<Vertex X="14198" Y="49871" Z="0"/>
					<Vertex X="14238" Y="49989" Z="0"/>
					<Vertex X="14238" Y="50028" Z="0"/>
					<Vertex X="14316" Y="50145" Z="0"/>
					<Vertex X="14355" Y="50262" Z="0"/>
					<Vertex X="14394" Y="50419" Z="0"/>
					<Vertex X="14433" Y="50536" Z="0"/>
					<Vertex X="14511" Y="50654" Z="0"/>
					<Vertex X="14550" Y="50771" Z="0"/>
					<Vertex X="14629" Y="50967" Z="0"/>
					<Vertex X="14707" Y="51123" Z="0"/>
					<Vertex X="14785" Y="51279" Z="0"/>
					<Vertex X="14824" Y="51397" Z="0"/>
					<Vertex X="14903" Y="51475" Z="0"/>
					<Vertex X="14942" Y="51553" Z="0"/>
					<Vertex X="14942" Y="51671" Z="0"/>
					<Vertex X="14981" Y="51749" Z="0"/>
					<Vertex X="15059" Y="51866" Z="0"/>
					<Vertex X="15098" Y="51984" Z="0"/>
					<Vertex X="15176" Y="52140" Z="0"/>
					<Vertex X="15255" Y="52296" Z="0"/>
					<Vertex X="15372" Y="52492" Z="0"/>
					<Vertex X="15489" Y="52688" Z="0"/>
					<Vertex X="15607" Y="52844" Z="0"/>
					<Vertex X="15763" Y="53040" Z="0"/>
					<Vertex X="15880" Y="53196" Z="0"/>
					<Vertex X="15959" Y="53353" Z="0"/>
					<Vertex X="16037" Y="53431" Z="0"/>
					<Vertex X="16115" Y="53548" Z="0"/>
					<Vertex X="16193" Y="53665" Z="0"/>
					<Vertex X="16311" Y="53783" Z="0"/>
					<Vertex X="16350" Y="53900" Z="0"/>
					<Vertex X="16428" Y="53978" Z="0"/>
					<Vertex X="16467" Y="54096" Z="0"/>
					<Vertex X="16545" Y="54213" Z="0"/>
					<Vertex X="16584" Y="54330" Z="0"/>
					<Vertex X="16663" Y="54448" Z="0"/>
					<Vertex X="16741" Y="54565" Z="0"/>
					<Vertex X="16858" Y="54722" Z="0"/>
					<Vertex X="16897" Y="54761" Z="0"/>
					<Vertex X="16976" Y="54878" Z="0"/>
					<Vertex X="17054" Y="54956" Z="0"/>
					<Vertex X="17132" Y="55034" Z="0"/>
					<Vertex X="17171" Y="55074" Z="0"/>
					<Vertex X="17289" Y="55269" Z="0"/>
					<Vertex X="17406" Y="55387" Z="0"/>
					<Vertex X="17601" Y="55543" Z="0"/>
					<Vertex X="17797" Y="55739" Z="0"/>
					<Vertex X="18032" Y="55895" Z="0"/>
					<Vertex X="18266" Y="56091" Z="0"/>
					<Vertex X="18462" Y="56208" Z="0"/>
					<Vertex X="18579" Y="56325" Z="0"/>
					<Vertex X="18697" Y="56404" Z="0"/>
					<Vertex X="18775" Y="56443" Z="0"/>
					<Vertex X="18931" Y="56599" Z="0"/>
					<Vertex X="19088" Y="56716" Z="0"/>
					<Vertex X="19283" Y="56834" Z="0"/>
					<Vertex X="19440" Y="56951" Z="0"/>
					<Vertex X="19675" Y="57108" Z="0"/>
					<Vertex X="19870" Y="57225" Z="0"/>
					<Vertex X="19987" Y="57303" Z="0"/>
					<Vertex X="20105" Y="57342" Z="0"/>
					<Vertex X="20183" Y="57420" Z="0"/>
					<Vertex X="20222" Y="57460" Z="0"/>
					<Vertex X="20300" Y="57538" Z="0"/>
					<Vertex X="20418" Y="57538" Z="0"/>
					<Vertex X="20496" Y="57616" Z="0"/>
					<Vertex X="20613" Y="57655" Z="0"/>
					<Vertex X="20731" Y="57655" Z="0"/>
					<Vertex X="20809" Y="57694" Z="0"/>
					<Vertex X="20926" Y="57694" Z="0"/>
					<Vertex X="21044" Y="57733" Z="0"/>
					<Vertex X="21122" Y="57733" Z="0"/>
					<Vertex X="21161" Y="57733" Z="0"/>
					<Vertex X="21317" Y="57733" Z="0"/>
					<Vertex X="21630" Y="57733" Z="0"/>
					<Vertex X="21865" Y="57733" Z="0"/>
					<Vertex X="22061" Y="57733" Z="0"/>
					<Vertex X="22217" Y="57733" Z="0"/>
					<Vertex X="22373" Y="57733" Z="0"/>
					<Vertex X="22491" Y="57733" Z="0"/>
					<Vertex X="22647" Y="57733" Z="0"/>
					<Vertex X="22765" Y="57733" Z="0"/>
					<Vertex X="22843" Y="57733" Z="0"/>
					<Vertex X="22960" Y="57733" Z="0"/>
					<Vertex X="23078" Y="57733" Z="0"/>
					<Vertex X="23234" Y="57733" Z="0"/>
					<Vertex X="23430" Y="57733" Z="0"/>
					<Vertex X="23625" Y="57733" Z="0"/>
					<Vertex X="23860" Y="57773" Z="0"/>
					<Vertex X="23977" Y="57773" Z="0"/>
					<Vertex X="24095" Y="57773" Z="0"/>
					<Vertex X="24212" Y="57812" Z="0"/>
					<Vertex X="24329" Y="57812" Z="0"/>
					<Vertex X="24407" Y="57851" Z="0"/>
					<Vertex X="24603" Y="57929" Z="0"/>
					<Vertex X="24642" Y="57929" Z="0"/>
					<Vertex X="24681" Y="57929" Z="0"/>
					<Vertex X="25151" Y="58125" Z="0"/>
					<Vertex X="25816" Y="58359" Z="0"/>
					<Vertex X="26168" Y="58477" Z="0"/>
					<Vertex X="26324" Y="58555" Z="0"/>
					<Vertex X="26481" Y="58594" Z="0"/>
					<Vertex X="26598" Y="58633" Z="0"/>
					<Vertex X="26637" Y="58672" Z="0"/>
					<Vertex X="26833" Y="58711" Z="0"/>
					<Vertex X="26989" Y="58790" Z="0"/>
					<Vertex X="27224" Y="58829" Z="0"/>
					<Vertex X="27458" Y="58907" Z="0"/>
					<Vertex X="27615" Y="58946" Z="0"/>
					<Vertex X="27771" Y="59024" Z="0"/>
					<Vertex X="27967" Y="59063" Z="0"/>
					<Vertex X="28123" Y="59102" Z="0"/>
					<Vertex X="28241" Y="59142" Z="0"/>
					<Vertex X="28397" Y="59220" Z="0"/>
					<Vertex X="28554" Y="59259" Z="0"/>
					<Vertex X="28671" Y="59298" Z="0"/>
					<Vertex X="28788" Y="59298" Z="0"/>
					<Vertex X="28906" Y="59337" Z="0"/>
					<Vertex X="29023" Y="59376" Z="0"/>
					<Vertex X="29101" Y="59376" Z="0"/>
					<Vertex X="29140" Y="59376" Z="0"/>
					<Vertex X="29179" Y="59376" Z="0"/>
					<Vertex X="29219" Y="59376" Z="0"/>
					<Vertex X="29297" Y="59376" Z="0"/>
					<Vertex X="29531" Y="59376" Z="0"/>
					<Vertex X="29649" Y="59376" Z="0"/>
					<Vertex X="29805" Y="59376" Z="0"/>
					<Vertex X="29923" Y="59376" Z="0"/>
					<Vertex X="30079" Y="59376" Z="0"/>
					<Vertex X="30118" Y="59376" Z="0"/>
					<Vertex X="30157" Y="59376" Z="0"/>
					<Vertex X="30196" Y="59376" Z="0"/>
					<Vertex X="30236" Y="59337" Z="0"/>
					<Vertex X="30275" Y="59298" Z="0"/>
					<Vertex X="30353" Y="59259" Z="0"/>
					<Vertex X="30431" Y="59220" Z="0"/>
					<Vertex X="30509" Y="59181" Z="0"/>
					<Vertex X="30627" Y="59102" Z="0"/>
					<Vertex X="30666" Y="59063" Z="0"/>
					<Vertex X="30744" Y="59024" Z="0"/>
					<Vertex X="30783" Y="59024" Z="0"/>
					<Vertex X="30783" Y="58985" Z="0"/>
					<Vertex X="30783" Y="58946" Z="0"/>
					<Vertex X="30822" Y="58946" Z="0"/>
					<Vertex X="30861" Y="58907" Z="0"/>
					<Vertex X="30940" Y="58790" Z="0"/>
					<Vertex X="30979" Y="58750" Z="0"/>
					<Vertex X="31057" Y="58672" Z="0"/>
					<Vertex X="31174" Y="58555" Z="0"/>
					<Vertex X="31213" Y="58516" Z="0"/>
					<Vertex X="31253" Y="58477" Z="0"/>
					<Vertex X="31292" Y="58437" Z="0"/>
					<Vertex X="31292" Y="58359" Z="0"/>
					<Vertex X="31331" Y="58320" Z="0"/>
					<Vertex X="31370" Y="58281" Z="0"/>
					<Vertex X="31448" Y="58203" Z="0"/>
					<Vertex X="31487" Y="58164" Z="0"/>
					<Vertex X="31565" Y="58046" Z="0"/>
					<Vertex X="31605" Y="58007" Z="0"/>
					<Vertex X="31644" Y="57929" Z="0"/>
					<Vertex X="31761" Y="57851" Z="0"/>
					<Vertex X="31839" Y="57773" Z="0"/>
					<Vertex X="31917" Y="57694" Z="0"/>
					<Vertex X="31996" Y="57655" Z="0"/>
					<Vertex X="32035" Y="57577" Z="0"/>
					<Vertex X="32113" Y="57499" Z="0"/>
					<Vertex X="32152" Y="57460" Z="0"/>
					<Vertex X="32230" Y="57342" Z="0"/>
					<Vertex X="32269" Y="57264" Z="0"/>
					<Vertex X="32387" Y="57147" Z="0"/>
					<Vertex X="32426" Y="57029" Z="0"/>
					<Vertex X="32504" Y="56990" Z="0"/>
					<Vertex X="32543" Y="56912" Z="0"/>
					<Vertex X="32622" Y="56834" Z="0"/>
					<Vertex X="32622" Y="56795" Z="0"/>
					<Vertex X="32661" Y="56716" Z="0"/>
					<Vertex X="32700" Y="56638" Z="0"/>
					<Vertex X="32700" Y="56599" Z="0"/>
					<Vertex X="32739" Y="56560" Z="0"/>
					<Vertex X="32778" Y="56482" Z="0"/>
					<Vertex X="32817" Y="56364" Z="0"/>
					<Vertex X="32856" Y="56247" Z="0"/>
					<Vertex X="32934" Y="56169" Z="0"/>
					<Vertex X="32974" Y="56012" Z="0"/>
					<Vertex X="33052" Y="55856" Z="0"/>
					<Vertex X="33130" Y="55739" Z="0"/>
					<Vertex X="33169" Y="55621" Z="0"/>
					<Vertex X="33208" Y="55504" Z="0"/>
					<Vertex X="33247" Y="55347" Z="0"/>
					<Vertex X="33286" Y="55230" Z="0"/>
					<Vertex X="33286" Y="55152" Z="0"/>
					<Vertex X="33326" Y="54995" Z="0"/>
					<Vertex X="33326" Y="54839" Z="0"/>
					<Vertex X="33365" Y="54643" Z="0"/>
					<Vertex X="33404" Y="54291" Z="0"/>
					<Vertex X="33404" Y="54174" Z="0"/>
					<Vertex X="33404" Y="53978" Z="0"/>
					<Vertex X="33404" Y="53783" Z="0"/>
					<Vertex X="33404" Y="53626" Z="0"/>
					<Vertex X="33404" Y="53470" Z="0"/>
					<Vertex X="33404" Y="53313" Z="0"/>
					<Vertex X="33404" Y="53235" Z="0"/>
					<Vertex X="33404" Y="53157" Z="0"/>
					<Vertex X="33365" Y="53040" Z="0"/>
					<Vertex X="33365" Y="52961" Z="0"/>
					<Vertex X="33365" Y="52844" Z="0"/>
					<Vertex X="33326" Y="52648" Z="0"/>
					<Vertex X="33286" Y="52531" Z="0"/>
					<Vertex X="33247" Y="52375" Z="0"/>
					<Vertex X="33208" Y="52257" Z="0"/>
					<Vertex X="33208" Y="52062" Z="0"/>
					<Vertex X="33169" Y="52023" Z="0"/>
					<Vertex X="33130" Y="51905" Z="0"/>
					<Vertex X="33091" Y="51788" Z="0"/>
					<Vertex X="33052" Y="51631" Z="0"/>
					<Vertex X="33013" Y="51475" Z="0"/>
					<Vertex X="32974" Y="51397" Z="0"/>
					<Vertex X="32934" Y="51279" Z="0"/>
					<Vertex X="32895" Y="51045" Z="0"/>
					<Vertex X="32856" Y="50927" Z="0"/>
					<Vertex X="32817" Y="50849" Z="0"/>
					<Vertex X="32817" Y="50810" Z="0"/>
					<Vertex X="32778" Y="50693" Z="0"/>
					<Vertex X="32739" Y="50615" Z="0"/>
					<Vertex X="32739" Y="50575" Z="0"/>
					<Vertex X="32700" Y="50536" Z="0"/>
					<Vertex X="32661" Y="50419" Z="0"/>
					<Vertex X="32582" Y="50302" Z="0"/>
					<Vertex X="32504" Y="50145" Z="0"/>
					<Vertex X="32387" Y="49910" Z="0"/>
					<Vertex X="32309" Y="49793" Z="0"/>
					<Vertex X="32152" Y="49558" Z="0"/>
					<Vertex X="32113" Y="49480" Z="0"/>
					<Vertex X="32074" Y="49363" Z="0"/>
					<Vertex X="31996" Y="49285" Z="0"/>
					<Vertex X="31917" Y="49206" Z="0"/>
					<Vertex X="31878" Y="49167" Z="0"/>
					<Vertex X="31839" Y="49011" Z="0"/>
					<Vertex X="31683" Y="48893" Z="0"/>
					<Vertex X="31526" Y="48698" Z="0"/>
					<Vertex X="31213" Y="48307" Z="0"/>
					<Vertex X="31057" Y="48111" Z="0"/>
					<Vertex X="30900" Y="48033" Z="0"/>
					<Vertex X="30783" Y="47876" Z="0"/>
					<Vertex X="30705" Y="47798" Z="0"/>
					<Vertex X="30666" Y="47720" Z="0"/>
					<Vertex X="30588" Y="47642" Z="0"/>
					<Vertex X="30509" Y="47564" Z="0"/>
					<Vertex X="30431" Y="47446" Z="0"/>
					<Vertex X="30275" Y="47251" Z="0"/>
					<Vertex X="30118" Y="47094" Z="0"/>
					<Vertex X="29923" Y="46899" Z="0"/>
					<Vertex X="29727" Y="46664" Z="0"/>
					<Vertex X="29610" Y="46586" Z="0"/>
					<Vertex X="29492" Y="46429" Z="0"/>
					<Vertex X="29453" Y="46390" Z="0"/>
					<Vertex X="29375" Y="46234" Z="0"/>
					<Vertex X="29336" Y="46195" Z="0"/>
					<Vertex X="29219" Y="46077" Z="0"/>
					<Vertex X="29179" Y="45999" Z="0"/>
					<Vertex X="29101" Y="45960" Z="0"/>
					<Vertex X="29062" Y="45882" Z="0"/>
					<Vertex X="28984" Y="45764" Z="0"/>
					<Vertex X="28906" Y="45686" Z="0"/>
					<Vertex X="28867" Y="45647" Z="0"/>
					<Vertex X="28827" Y="45608" Z="0"/>
					<Vertex X="28827" Y="45569" Z="0"/>
					<Vertex X="28788" Y="45530" Z="0"/>
					<Vertex X="28710" Y="45490" Z="0"/>
					<Vertex X="28671" Y="45412" Z="0"/>
					<Vertex X="28632" Y="45334" Z="0"/>
					<Vertex X="28593" Y="45295" Z="0"/>
					<Vertex X="28514" Y="45217" Z="0"/>
					<Vertex X="28475" Y="45138" Z="0"/>
					<Vertex X="28358" Y="45060" Z="0"/>
					<Vertex X="28202" Y="44904" Z="0"/>
					<Vertex X="28045" Y="44786" Z="0"/>
					<Vertex X="27889" Y="44591" Z="0"/>
					<Vertex X="27654" Y="44434" Z="0"/>
					<Vertex X="27419" Y="44278" Z="0"/>
					<Vertex X="27224" Y="44161" Z="0"/>
					<Vertex X="27145" Y="44082" Z="0"/>
					<Vertex X="27106" Y="44043" Z="0"/>
					<Vertex X="27067" Y="44043" Z="0"/>
					<Vertex X="27028" Y="44004" Z="0"/>
					<Vertex X="26793" Y="43848" Z="0"/>
					<Vertex X="26637" Y="43809" Z="0"/>
					<Vertex X="26402" Y="43691" Z="0"/>
					<Vertex X="26168" Y="43613" Z="0"/>
					<Vertex X="25933" Y="43496" Z="0"/>
					<Vertex X="25737" Y="43378" Z="0"/>
					<Vertex X="25620" Y="43300" Z="0"/>
					<Vertex X="25542" Y="43261" Z="0"/>
					<Vertex X="25385" Y="43183" Z="0"/>
					<Vertex X="25072" Y="43026" Z="0"/>
					<Vertex X="24916" Y="42909" Z="0"/>
					<Vertex X="24799" Y="42870" Z="0"/>
					<Vertex X="24759" Y="42831" Z="0"/>
					<Vertex X="24603" Y="42752" Z="0"/>
					<Vertex X="24525" Y="42752" Z="0"/>
					<Vertex X="24486" Y="42674" Z="0"/>
					<Vertex X="24407" Y="42635" Z="0"/>
					<Vertex X="24329" Y="42557" Z="0"/>
					<Vertex X="24251" Y="42557" Z="0"/>
					<Vertex X="24095" Y="42440" Z="0"/>
					<Vertex X="24055" Y="42361" Z="0"/>
					<Vertex X="23977" Y="42361" Z="0"/>
					<Vertex X="23899" Y="42322" Z="0"/>
					<Vertex X="23860" Y="42283" Z="0"/>
					<Vertex X="23782" Y="42244" Z="0"/>
					<Vertex X="23625" Y="42127" Z="0"/>
					<Vertex X="23430" Y="42009" Z="0"/>
					<Vertex X="23312" Y="41931" Z="0"/>
					<Vertex X="23234" Y="41892" Z="0"/>
					<Vertex X="23156" Y="41853" Z="0"/>
					<Vertex X="23078" Y="41814" Z="0"/>
					<Vertex X="23038" Y="41775" Z="0"/>
					<Vertex X="22999" Y="41775" Z="0"/>
					<Vertex X="22960" Y="41735" Z="0"/>
					<Vertex X="22882" Y="41696" Z="0"/>
					<Vertex X="22608" Y="41579" Z="0"/>
					<Vertex X="22569" Y="41540" Z="0"/>
					<Vertex X="22530" Y="41501" Z="0"/>
					<Vertex X="22452" Y="41501" Z="0"/>
					<Vertex X="22452" Y="41462" Z="0"/>
					<Vertex X="22373" Y="41423" Z="0"/>
					<Vertex X="22334" Y="41383" Z="0"/>
					<Vertex X="22256" Y="41383" Z="0"/>
					<Vertex X="22217" Y="41344" Z="0"/>
					<Vertex X="22178" Y="41305" Z="0"/>
					<Vertex X="22139" Y="41305" Z="0"/>
					<Vertex X="22100" Y="41266" Z="0"/>
					<Vertex X="22061" Y="41227" Z="0"/>
					<Vertex X="22021" Y="41227" Z="0"/>
					<Vertex X="21943" Y="41188" Z="0"/>
					<Vertex X="21865" Y="41149" Z="0"/>
					<Vertex X="21787" Y="41071" Z="0"/>
					<Vertex X="21748" Y="41071" Z="0"/>
					<Vertex X="21709" Y="41071" Z="0"/>
					<Vertex X="21669" Y="40992" Z="0"/>
					<Vertex X="21591" Y="40953" Z="0"/>
					<Vertex X="21552" Y="40914" Z="0"/>
					<Vertex X="21513" Y="40914" Z="0"/>
					<Vertex X="21435" Y="40875" Z="0"/>
					<Vertex X="21356" Y="40836" Z="0"/>
					<Vertex X="21317" Y="40836" Z="0"/>
					<Vertex X="21278" Y="40836" Z="0"/>
					<Vertex X="21239" Y="40797" Z="0"/>
					<Vertex X="21083" Y="40797" Z="0"/>
					<Vertex X="21044" Y="40758" Z="0"/>
					<Vertex X="21004" Y="40758" Z="0"/>
					<Vertex X="20926" Y="40718" Z="0"/>
					<Vertex X="20887" Y="40718" Z="0"/>
					<Vertex X="20457" Y="40523" Z="0"/>
				</Vertices>
			</Region>
			<Region Id="3" Type="0" Zoom="0.025293" Selected="1" ImageLocation="" ImageFocus="-1" Length="30100.4" Area="52049090.0" LengthMicrons="7606.4" AreaMicrons="3323713.9" Text="" NegativeROA="0" InputRegionId="0" Analyze="1" DisplayId="3">
				<Attributes/>
				<Vertices>
					<Vertex X="18306" Y="30236" Z="0"/>
					<Vertex X="18032" Y="30275" Z="0"/>
					<Vertex X="17484" Y="30510" Z="0"/>
					<Vertex X="17445" Y="30549" Z="0"/>
					<Vertex X="17406" Y="30588" Z="0"/>
					<Vertex X="17367" Y="30588" Z="0"/>
					<Vertex X="17367" Y="30627" Z="0"/>
					<Vertex X="17328" Y="30627" Z="0"/>
					<Vertex X="17328" Y="30666" Z="0"/>
					<Vertex X="17249" Y="30705" Z="0"/>
					<Vertex X="17249" Y="30783" Z="0"/>
					<Vertex X="17171" Y="30822" Z="0"/>
					<Vertex X="17132" Y="30862" Z="0"/>
					<Vertex X="17093" Y="30940" Z="0"/>
					<Vertex X="17054" Y="30979" Z="0"/>
					<Vertex X="17054" Y="31018" Z="0"/>
					<Vertex X="17015" Y="31057" Z="0"/>
					<Vertex X="16976" Y="31057" Z="0"/>
					<Vertex X="16936" Y="31135" Z="0"/>
					<Vertex X="16936" Y="31174" Z="0"/>
					<Vertex X="16858" Y="31253" Z="0"/>
					<Vertex X="16819" Y="31292" Z="0"/>
					<Vertex X="16741" Y="31370" Z="0"/>
					<Vertex X="16702" Y="31409" Z="0"/>
					<Vertex X="16624" Y="31487" Z="0"/>
					<Vertex X="16545" Y="31526" Z="0"/>
					<Vertex X="16506" Y="31566" Z="0"/>
					<Vertex X="16428" Y="31644" Z="0"/>
					<Vertex X="16311" Y="31683" Z="0"/>
					<Vertex X="16232" Y="31722" Z="0"/>
					<Vertex X="16193" Y="31800" Z="0"/>
					<Vertex X="16115" Y="31800" Z="0"/>
					<Vertex X="16115" Y="31879" Z="0"/>
					<Vertex X="16037" Y="31879" Z="0"/>
					<Vertex X="15998" Y="31957" Z="0"/>
					<Vertex X="15920" Y="31996" Z="0"/>
					<Vertex X="15841" Y="32074" Z="0"/>
					<Vertex X="15841" Y="32113" Z="0"/>
					<Vertex X="15802" Y="32113" Z="0"/>
					<Vertex X="15802" Y="32152" Z="0"/>
					<Vertex X="15724" Y="32231" Z="0"/>
					<Vertex X="15724" Y="32270" Z="0"/>
					<Vertex X="15646" Y="32387" Z="0"/>
					<Vertex X="15607" Y="32426" Z="0"/>
					<Vertex X="15528" Y="32543" Z="0"/>
					<Vertex X="15411" Y="32700" Z="0"/>
					<Vertex X="15372" Y="32817" Z="0"/>
					<Vertex X="15255" Y="32896" Z="0"/>
					<Vertex X="15215" Y="32974" Z="0"/>
					<Vertex X="15098" Y="33169" Z="0"/>
					<Vertex X="15059" Y="33208" Z="0"/>
					<Vertex X="15020" Y="33326" Z="0"/>
					<Vertex X="14981" Y="33404" Z="0"/>
					<Vertex X="14942" Y="33443" Z="0"/>
					<Vertex X="14903" Y="33521" Z="0"/>
					<Vertex X="14903" Y="33639" Z="0"/>
					<Vertex X="14863" Y="33717" Z="0"/>
					<Vertex X="14863" Y="33795" Z="0"/>
					<Vertex X="14863" Y="33912" Z="0"/>
					<Vertex X="14824" Y="33991" Z="0"/>
					<Vertex X="14824" Y="34108" Z="0"/>
					<Vertex X="14824" Y="34186" Z="0"/>
					<Vertex X="14824" Y="34265" Z="0"/>
					<Vertex X="14824" Y="34382" Z="0"/>
					<Vertex X="14824" Y="34499" Z="0"/>
					<Vertex X="14824" Y="34577" Z="0"/>
					<Vertex X="14863" Y="34656" Z="0"/>
					<Vertex X="14863" Y="34734" Z="0"/>
					<Vertex X="14942" Y="34812" Z="0"/>
					<Vertex X="15020" Y="35047" Z="0"/>
					<Vertex X="15098" Y="35125" Z="0"/>
					<Vertex X="15137" Y="35242" Z="0"/>
					<Vertex X="15215" Y="35321" Z="0"/>
					<Vertex X="15255" Y="35360" Z="0"/>
					<Vertex X="15333" Y="35438" Z="0"/>
					<Vertex X="15372" Y="35516" Z="0"/>
					<Vertex X="15450" Y="35555" Z="0"/>
					<Vertex X="15450" Y="35634" Z="0"/>
					<Vertex X="15489" Y="35634" Z="0"/>
					<Vertex X="15528" Y="35673" Z="0"/>
					<Vertex X="15567" Y="35673" Z="0"/>
					<Vertex X="15567" Y="35751" Z="0"/>
					<Vertex X="15646" Y="35751" Z="0"/>
					<Vertex X="15724" Y="35829" Z="0"/>
					<Vertex X="15763" Y="35868" Z="0"/>
					<Vertex X="15880" Y="35946" Z="0"/>
					<Vertex X="15959" Y="35986" Z="0"/>
					<Vertex X="15998" Y="36064" Z="0"/>
					<Vertex X="16076" Y="36103" Z="0"/>
					<Vertex X="16193" Y="36142" Z="0"/>
					<Vertex X="16311" Y="36181" Z="0"/>
					<Vertex X="16428" Y="36299" Z="0"/>
					<Vertex X="16545" Y="36299" Z="0"/>
					<Vertex X="16584" Y="36299" Z="0"/>
					<Vertex X="16624" Y="36338" Z="0"/>
					<Vertex X="16663" Y="36338" Z="0"/>
					<Vertex X="16858" Y="36455" Z="0"/>
					<Vertex X="16976" Y="36494" Z="0"/>
					<Vertex X="17054" Y="36533" Z="0"/>
					<Vertex X="17210" Y="36611" Z="0"/>
					<Vertex X="17249" Y="36611" Z="0"/>
					<Vertex X="17328" Y="36651" Z="0"/>
					<Vertex X="17328" Y="36690" Z="0"/>
					<Vertex X="17367" Y="36690" Z="0"/>
					<Vertex X="17445" Y="36729" Z="0"/>
					<Vertex X="17562" Y="36768" Z="0"/>
					<Vertex X="17680" Y="36846" Z="0"/>
					<Vertex X="17875" Y="37003" Z="0"/>
					<Vertex X="17953" Y="37042" Z="0"/>
					<Vertex X="18071" Y="37159" Z="0"/>
					<Vertex X="18266" Y="37315" Z="0"/>
					<Vertex X="18462" Y="37394" Z="0"/>
					<Vertex X="18540" Y="37472" Z="0"/>
					<Vertex X="18697" Y="37589" Z="0"/>
					<Vertex X="18775" Y="37628" Z="0"/>
					<Vertex X="18814" Y="37628" Z="0"/>
					<Vertex X="18892" Y="37668" Z="0"/>
					<Vertex X="19049" Y="37824" Z="0"/>
					<Vertex X="19244" Y="37941" Z="0"/>
					<Vertex X="19557" Y="38098" Z="0"/>
					<Vertex X="19635" Y="38137" Z="0"/>
					<Vertex X="19714" Y="38176" Z="0"/>
					<Vertex X="19753" Y="38215" Z="0"/>
					<Vertex X="19831" Y="38254" Z="0"/>
					<Vertex X="19909" Y="38293" Z="0"/>
					<Vertex X="19948" Y="38332" Z="0"/>
					<Vertex X="19987" Y="38372" Z="0"/>
					<Vertex X="20066" Y="38411" Z="0"/>
					<Vertex X="20144" Y="38411" Z="0"/>
					<Vertex X="20183" Y="38489" Z="0"/>
					<Vertex X="20222" Y="38489" Z="0"/>
					<Vertex X="20300" Y="38528" Z="0"/>
					<Vertex X="20339" Y="38567" Z="0"/>
					<Vertex X="20379" Y="38567" Z="0"/>
					<Vertex X="20379" Y="38606" Z="0"/>
					<Vertex X="20418" Y="38606" Z="0"/>
					<Vertex X="20457" Y="38606" Z="0"/>
					<Vertex X="20496" Y="38606" Z="0"/>
					<Vertex X="20535" Y="38685" Z="0"/>
					<Vertex X="20574" Y="38685" Z="0"/>
					<Vertex X="20652" Y="38763" Z="0"/>
					<Vertex X="20770" Y="38802" Z="0"/>
					<Vertex X="20809" Y="38841" Z="0"/>
					<Vertex X="20848" Y="38880" Z="0"/>
					<Vertex X="20965" Y="38919" Z="0"/>
					<Vertex X="21044" Y="38958" Z="0"/>
					<Vertex X="21122" Y="38997" Z="0"/>
					<Vertex X="21200" Y="39076" Z="0"/>
					<Vertex X="21278" Y="39115" Z="0"/>
					<Vertex X="21317" Y="39115" Z="0"/>
					<Vertex X="21317" Y="39154" Z="0"/>
					<Vertex X="21356" Y="39154" Z="0"/>
					<Vertex X="21396" Y="39154" Z="0"/>
					<Vertex X="21474" Y="39193" Z="0"/>
					<Vertex X="21591" Y="39232" Z="0"/>
					<Vertex X="21787" Y="39349" Z="0"/>
					<Vertex X="21826" Y="39389" Z="0"/>
					<Vertex X="21943" Y="39428" Z="0"/>
					<Vertex X="22021" Y="39467" Z="0"/>
					<Vertex X="22061" Y="39506" Z="0"/>
					<Vertex X="22139" Y="39506" Z="0"/>
					<Vertex X="22139" Y="39545" Z="0"/>
					<Vertex X="22178" Y="39545" Z="0"/>
					<Vertex X="22217" Y="39545" Z="0"/>
					<Vertex X="22256" Y="39545" Z="0"/>
					<Vertex X="22373" Y="39584" Z="0"/>
					<Vertex X="22452" Y="39623" Z="0"/>
					<Vertex X="22569" Y="39662" Z="0"/>
					<Vertex X="22686" Y="39701" Z="0"/>
					<Vertex X="22765" Y="39741" Z="0"/>
					<Vertex X="22882" Y="39780" Z="0"/>
					<Vertex X="22921" Y="39780" Z="0"/>
					<Vertex X="23038" Y="39819" Z="0"/>
					<Vertex X="23117" Y="39858" Z="0"/>
					<Vertex X="23273" Y="39858" Z="0"/>
					<Vertex X="23430" Y="39858" Z="0"/>
					<Vertex X="23508" Y="39858" Z="0"/>
					<Vertex X="23547" Y="39858" Z="0"/>
					<Vertex X="23625" Y="39858" Z="0"/>
					<Vertex X="23664" Y="39858" Z="0"/>
					<Vertex X="23703" Y="39819" Z="0"/>
					<Vertex X="23821" Y="39780" Z="0"/>
					<Vertex X="23860" Y="39701" Z="0"/>
					<Vertex X="23938" Y="39662" Z="0"/>
					<Vertex X="24016" Y="39584" Z="0"/>
					<Vertex X="24095" Y="39584" Z="0"/>
					<Vertex X="24134" Y="39545" Z="0"/>
					<Vertex X="24134" Y="39506" Z="0"/>
					<Vertex X="24173" Y="39428" Z="0"/>
					<Vertex X="24212" Y="39389" Z="0"/>
					<Vertex X="24251" Y="39232" Z="0"/>
					<Vertex X="24290" Y="39154" Z="0"/>
					<Vertex X="24290" Y="39076" Z="0"/>
					<Vertex X="24290" Y="39037" Z="0"/>
					<Vertex X="24290" Y="38958" Z="0"/>
					<Vertex X="24290" Y="38841" Z="0"/>
					<Vertex X="24290" Y="38724" Z="0"/>
					<Vertex X="24290" Y="38606" Z="0"/>
					<Vertex X="24290" Y="38489" Z="0"/>
					<Vertex X="24251" Y="38332" Z="0"/>
					<Vertex X="24212" Y="38137" Z="0"/>
					<Vertex X="24173" Y="38020" Z="0"/>
					<Vertex X="24134" Y="37941" Z="0"/>
					<Vertex X="24095" Y="37824" Z="0"/>
					<Vertex X="24016" Y="37668" Z="0"/>
					<Vertex X="23977" Y="37628" Z="0"/>
					<Vertex X="23938" Y="37472" Z="0"/>
					<Vertex X="23860" Y="37355" Z="0"/>
					<Vertex X="23782" Y="37198" Z="0"/>
					<Vertex X="23703" Y="37042" Z="0"/>
					<Vertex X="23586" Y="36768" Z="0"/>
					<Vertex X="23547" Y="36729" Z="0"/>
					<Vertex X="23547" Y="36651" Z="0"/>
					<Vertex X="23508" Y="36611" Z="0"/>
					<Vertex X="23469" Y="36533" Z="0"/>
					<Vertex X="23469" Y="36455" Z="0"/>
					<Vertex X="23390" Y="36377" Z="0"/>
					<Vertex X="23351" Y="36259" Z="0"/>
					<Vertex X="23312" Y="36181" Z="0"/>
					<Vertex X="23234" Y="36103" Z="0"/>
					<Vertex X="23195" Y="35907" Z="0"/>
					<Vertex X="23078" Y="35673" Z="0"/>
					<Vertex X="23038" Y="35634" Z="0"/>
					<Vertex X="22999" Y="35516" Z="0"/>
					<Vertex X="22999" Y="35438" Z="0"/>
					<Vertex X="22960" Y="35399" Z="0"/>
					<Vertex X="22960" Y="35360" Z="0"/>
					<Vertex X="22921" Y="35282" Z="0"/>
					<Vertex X="22882" Y="35203" Z="0"/>
					<Vertex X="22882" Y="35164" Z="0"/>
					<Vertex X="22843" Y="35047" Z="0"/>
					<Vertex X="22843" Y="35008" Z="0"/>
					<Vertex X="22804" Y="34929" Z="0"/>
					<Vertex X="22804" Y="34890" Z="0"/>
					<Vertex X="22804" Y="34812" Z="0"/>
					<Vertex X="22804" Y="34734" Z="0"/>
					<Vertex X="22765" Y="34617" Z="0"/>
					<Vertex X="22725" Y="34538" Z="0"/>
					<Vertex X="22725" Y="34460" Z="0"/>
					<Vertex X="22686" Y="34421" Z="0"/>
					<Vertex X="22686" Y="34343" Z="0"/>
					<Vertex X="22686" Y="34225" Z="0"/>
					<Vertex X="22647" Y="34186" Z="0"/>
					<Vertex X="22608" Y="34030" Z="0"/>
					<Vertex X="22608" Y="33912" Z="0"/>
					<Vertex X="22608" Y="33834" Z="0"/>
					<Vertex X="22569" Y="33795" Z="0"/>
					<Vertex X="22530" Y="33756" Z="0"/>
					<Vertex X="22491" Y="33639" Z="0"/>
					<Vertex X="22491" Y="33600" Z="0"/>
					<Vertex X="22452" Y="33560" Z="0"/>
					<Vertex X="22413" Y="33443" Z="0"/>
					<Vertex X="22373" Y="33404" Z="0"/>
					<Vertex X="22334" Y="33326" Z="0"/>
					<Vertex X="22334" Y="33248" Z="0"/>
					<Vertex X="22178" Y="33052" Z="0"/>
					<Vertex X="22178" Y="33013" Z="0"/>
					<Vertex X="22100" Y="32856" Z="0"/>
					<Vertex X="22061" Y="32778" Z="0"/>
					<Vertex X="21982" Y="32739" Z="0"/>
					<Vertex X="21982" Y="32661" Z="0"/>
					<Vertex X="21904" Y="32622" Z="0"/>
					<Vertex X="21865" Y="32583" Z="0"/>
					<Vertex X="21826" Y="32543" Z="0"/>
					<Vertex X="21787" Y="32465" Z="0"/>
					<Vertex X="21591" Y="32270" Z="0"/>
					<Vertex X="21435" Y="32152" Z="0"/>
					<Vertex X="21356" Y="32113" Z="0"/>
					<Vertex X="21278" Y="32035" Z="0"/>
					<Vertex X="21200" Y="31957" Z="0"/>
					<Vertex X="21122" Y="31918" Z="0"/>
					<Vertex X="21083" Y="31918" Z="0"/>
					<Vertex X="21044" Y="31879" Z="0"/>
					<Vertex X="21004" Y="31839" Z="0"/>
					<Vertex X="20926" Y="31800" Z="0"/>
					<Vertex X="20848" Y="31761" Z="0"/>
					<Vertex X="20731" Y="31683" Z="0"/>
					<Vertex X="20652" Y="31644" Z="0"/>
					<Vertex X="20613" Y="31605" Z="0"/>
					<Vertex X="20574" Y="31566" Z="0"/>
					<Vertex X="20535" Y="31566" Z="0"/>
					<Vertex X="20496" Y="31526" Z="0"/>
					<Vertex X="20418" Y="31487" Z="0"/>
					<Vertex X="20300" Y="31409" Z="0"/>
					<Vertex X="20261" Y="31370" Z="0"/>
					<Vertex X="20222" Y="31331" Z="0"/>
					<Vertex X="20183" Y="31331" Z="0"/>
					<Vertex X="20183" Y="31292" Z="0"/>
					<Vertex X="20144" Y="31292" Z="0"/>
					<Vertex X="20066" Y="31214" Z="0"/>
					<Vertex X="20027" Y="31174" Z="0"/>
					<Vertex X="19948" Y="31096" Z="0"/>
					<Vertex X="19870" Y="31057" Z="0"/>
					<Vertex X="19753" Y="30979" Z="0"/>
					<Vertex X="19714" Y="30901" Z="0"/>
					<Vertex X="19596" Y="30862" Z="0"/>
					<Vertex X="19557" Y="30783" Z="0"/>
					<Vertex X="19518" Y="30783" Z="0"/>
					<Vertex X="19479" Y="30744" Z="0"/>
					<Vertex X="19401" Y="30666" Z="0"/>
					<Vertex X="19362" Y="30666" Z="0"/>
					<Vertex X="19283" Y="30627" Z="0"/>
					<Vertex X="19244" Y="30588" Z="0"/>
					<Vertex X="19205" Y="30549" Z="0"/>
					<Vertex X="19166" Y="30549" Z="0"/>
					<Vertex X="19127" Y="30549" Z="0"/>
					<Vertex X="19088" Y="30549" Z="0"/>
					<Vertex X="19088" Y="30510" Z="0"/>
					<Vertex X="19010" Y="30510" Z="0"/>
					<Vertex X="19010" Y="30470" Z="0"/>
					<Vertex X="18970" Y="30470" Z="0"/>
					<Vertex X="18931" Y="30470" Z="0"/>
					<Vertex X="18892" Y="30470" Z="0"/>
					<Vertex X="18892" Y="30431" Z="0"/>
					<Vertex X="18853" Y="30431" Z="0"/>
					<Vertex X="18658" Y="30431" Z="0"/>
					<Vertex X="18579" Y="30431" Z="0"/>
					<Vertex X="18306" Y="30236" Z="0"/>
				</Vertices>
			</Region>
		</Regions>
		<Plots/>
	</Annotation>
</Annotations>
