<Annotations MicronsPerPixel="0.252500">
	<Annotation Id="1" Name="" ReadOnly="0" NameReadOnly="0" LineColorReadOnly="0" Incremental="0" Type="4" LineColor="65280" Visible="1" Selected="1" MarkupImagePath="" MacroName="">
		<Attributes/>
		<Regions>
			<RegionAttributeHeaders/>
			<Region Id="1" Type="0" Zoom="0.015197" Selected="1" ImageLocation="" ImageFocus="-1" Length="117421.3" Area="729777002.0" LengthMicrons="29648.9" AreaMicrons="46527844.1" Text="" NegativeROA="0" InputRegionId="0" Analyze="1" DisplayId="1">
				<Attributes/>
				<Vertices>
					<Vertex X="30557" Y="5668" Z="0"/>
					<Vertex X="30426" Y="5668" Z="0"/>
					<Vertex X="30100" Y="5538" Z="0"/>
					<Vertex X="30100" Y="5668" Z="0"/>
					<Vertex X="29710" Y="5668" Z="0"/>
					<Vertex X="29644" Y="5668" Z="0"/>
					<Vertex X="29384" Y="5668" Z="0"/>
					<Vertex X="28928" Y="5538" Z="0"/>
					<Vertex X="28667" Y="5668" Z="0"/>
					<Vertex X="28341" Y="5668" Z="0"/>
					<Vertex X="27950" Y="5668" Z="0"/>
					<Vertex X="27625" Y="5668" Z="0"/>
					<Vertex X="27364" Y="5668" Z="0"/>
					<Vertex X="27038" Y="5538" Z="0"/>
					<Vertex X="26908" Y="5668" Z="0"/>
					<Vertex X="26517" Y="5668" Z="0"/>
					<Vertex X="26387" Y="5668" Z="0"/>
					<Vertex X="26061" Y="5538" Z="0"/>
					<Vertex X="26061" Y="5668" Z="0"/>
					<Vertex X="25931" Y="5668" Z="0"/>
					<Vertex X="25735" Y="5538" Z="0"/>
					<Vertex X="25605" Y="5538" Z="0"/>
					<Vertex X="25605" Y="5668" Z="0"/>
					<Vertex X="25540" Y="5668" Z="0"/>
					<Vertex X="25475" Y="5668" Z="0"/>
					<Vertex X="25344" Y="5733" Z="0"/>
					<Vertex X="25149" Y="5603" Z="0"/>
					<Vertex X="25149" Y="5798" Z="0"/>
					<Vertex X="25084" Y="5798" Z="0"/>
					<Vertex X="24693" Y="5798" Z="0"/>
					<Vertex X="24628" Y="5994" Z="0"/>
					<Vertex X="24432" Y="5929" Z="0"/>
					<Vertex X="24367" Y="5994" Z="0"/>
					<Vertex X="24432" Y="6124" Z="0"/>
					<Vertex X="24237" Y="6254" Z="0"/>
					<Vertex X="24106" Y="6319" Z="0"/>
					<Vertex X="24041" Y="6385" Z="0"/>
					<Vertex X="23911" Y="6450" Z="0"/>
					<Vertex X="23781" Y="6515" Z="0"/>
					<Vertex X="23585" Y="6385" Z="0"/>
					<Vertex X="23455" Y="6645" Z="0"/>
					<Vertex X="23259" Y="6580" Z="0"/>
					<Vertex X="23194" Y="6841" Z="0"/>
					<Vertex X="23064" Y="6906" Z="0"/>
					<Vertex X="22738" Y="6841" Z="0"/>
					<Vertex X="22738" Y="7036" Z="0"/>
					<Vertex X="22543" Y="7101" Z="0"/>
					<Vertex X="22282" Y="7036" Z="0"/>
					<Vertex X="22282" Y="7297" Z="0"/>
					<Vertex X="22087" Y="7362" Z="0"/>
					<Vertex X="21891" Y="7232" Z="0"/>
					<Vertex X="21891" Y="7427" Z="0"/>
					<Vertex X="21696" Y="7492" Z="0"/>
					<Vertex X="21565" Y="7623" Z="0"/>
					<Vertex X="21370" Y="7688" Z="0"/>
					<Vertex X="21109" Y="7623" Z="0"/>
					<Vertex X="21044" Y="7883" Z="0"/>
					<Vertex X="20914" Y="7948" Z="0"/>
					<Vertex X="20588" Y="7948" Z="0"/>
					<Vertex X="20458" Y="8013" Z="0"/>
					<Vertex X="20458" Y="8209" Z="0"/>
					<Vertex X="20393" Y="8209" Z="0"/>
					<Vertex X="20328" Y="8209" Z="0"/>
					<Vertex X="20262" Y="8209" Z="0"/>
					<Vertex X="20067" Y="8079" Z="0"/>
					<Vertex X="19872" Y="8079" Z="0"/>
					<Vertex X="19741" Y="8209" Z="0"/>
					<Vertex X="19481" Y="8274" Z="0"/>
					<Vertex X="19220" Y="8274" Z="0"/>
					<Vertex X="18959" Y="8144" Z="0"/>
					<Vertex X="18438" Y="8274" Z="0"/>
					<Vertex X="18438" Y="8470" Z="0"/>
					<Vertex X="18308" Y="8535" Z="0"/>
					<Vertex X="18178" Y="8600" Z="0"/>
					<Vertex X="17787" Y="8860" Z="0"/>
					<Vertex X="17461" Y="8860" Z="0"/>
					<Vertex X="17396" Y="9121" Z="0"/>
					<Vertex X="17135" Y="9186" Z="0"/>
					<Vertex X="16874" Y="9317" Z="0"/>
					<Vertex X="16679" Y="9251" Z="0"/>
					<Vertex X="16614" Y="9447" Z="0"/>
					<Vertex X="16288" Y="9382" Z="0"/>
					<Vertex X="16028" Y="9577" Z="0"/>
					<Vertex X="16093" Y="9707" Z="0"/>
					<Vertex X="16028" Y="9773" Z="0"/>
					<Vertex X="15767" Y="9773" Z="0"/>
					<Vertex X="15702" Y="10163" Z="0"/>
					<Vertex X="15441" Y="10163" Z="0"/>
					<Vertex X="15506" Y="10424" Z="0"/>
					<Vertex X="15376" Y="10554" Z="0"/>
					<Vertex X="15246" Y="10750" Z="0"/>
					<Vertex X="14985" Y="10685" Z="0"/>
					<Vertex X="14985" Y="10880" Z="0"/>
					<Vertex X="14920" Y="11010" Z="0"/>
					<Vertex X="14855" Y="11141" Z="0"/>
					<Vertex X="14724" Y="11206" Z="0"/>
					<Vertex X="14529" Y="11076" Z="0"/>
					<Vertex X="14594" Y="11271" Z="0"/>
					<Vertex X="14529" Y="11401" Z="0"/>
					<Vertex X="14464" Y="11401" Z="0"/>
					<Vertex X="14268" Y="11336" Z="0"/>
					<Vertex X="14203" Y="11401" Z="0"/>
					<Vertex X="14334" Y="11532" Z="0"/>
					<Vertex X="14203" Y="11597" Z="0"/>
					<Vertex X="14138" Y="11597" Z="0"/>
					<Vertex X="14008" Y="11662" Z="0"/>
					<Vertex X="13747" Y="11597" Z="0"/>
					<Vertex X="13812" Y="11792" Z="0"/>
					<Vertex X="13747" Y="11792" Z="0"/>
					<Vertex X="13552" Y="11923" Z="0"/>
					<Vertex X="13487" Y="11923" Z="0"/>
					<Vertex X="13421" Y="11988" Z="0"/>
					<Vertex X="13291" Y="11988" Z="0"/>
					<Vertex X="13161" Y="12053" Z="0"/>
					<Vertex X="13030" Y="12118" Z="0"/>
					<Vertex X="12835" Y="12183" Z="0"/>
					<Vertex X="12509" Y="12248" Z="0"/>
					<Vertex X="12184" Y="12314" Z="0"/>
					<Vertex X="11793" Y="12444" Z="0"/>
					<Vertex X="11532" Y="12509" Z="0"/>
					<Vertex X="11271" Y="12639" Z="0"/>
					<Vertex X="11076" Y="12639" Z="0"/>
					<Vertex X="10490" Y="12704" Z="0"/>
					<Vertex X="10424" Y="12900" Z="0"/>
					<Vertex X="10359" Y="12965" Z="0"/>
					<Vertex X="10294" Y="12965" Z="0"/>
					<Vertex X="10164" Y="12835" Z="0"/>
					<Vertex X="10294" Y="13030" Z="0"/>
					<Vertex X="10164" Y="12900" Z="0"/>
					<Vertex X="10294" Y="13095" Z="0"/>
					<Vertex X="10294" Y="13226" Z="0"/>
					<Vertex X="10229" Y="13356" Z="0"/>
					<Vertex X="10164" Y="13486" Z="0"/>
					<Vertex X="10164" Y="13617" Z="0"/>
					<Vertex X="10033" Y="13942" Z="0"/>
					<Vertex X="9903" Y="14138" Z="0"/>
					<Vertex X="9838" Y="14333" Z="0"/>
					<Vertex X="9838" Y="14398" Z="0"/>
					<Vertex X="9708" Y="14659" Z="0"/>
					<Vertex X="9643" Y="14789" Z="0"/>
					<Vertex X="9577" Y="14985" Z="0"/>
					<Vertex X="9512" Y="15115" Z="0"/>
					<Vertex X="9447" Y="15180" Z="0"/>
					<Vertex X="9382" Y="15311" Z="0"/>
					<Vertex X="9317" Y="15506" Z="0"/>
					<Vertex X="9252" Y="15636" Z="0"/>
					<Vertex X="9187" Y="15832" Z="0"/>
					<Vertex X="9056" Y="15767" Z="0"/>
					<Vertex X="9056" Y="16158" Z="0"/>
					<Vertex X="8991" Y="16353" Z="0"/>
					<Vertex X="8926" Y="16418" Z="0"/>
					<Vertex X="8796" Y="16353" Z="0"/>
					<Vertex X="8796" Y="16679" Z="0"/>
					<Vertex X="8730" Y="16939" Z="0"/>
					<Vertex X="8665" Y="17135" Z="0"/>
					<Vertex X="8600" Y="17265" Z="0"/>
					<Vertex X="8535" Y="17526" Z="0"/>
					<Vertex X="8470" Y="17721" Z="0"/>
					<Vertex X="8405" Y="17917" Z="0"/>
					<Vertex X="8340" Y="18242" Z="0"/>
					<Vertex X="8274" Y="18373" Z="0"/>
					<Vertex X="8209" Y="18698" Z="0"/>
					<Vertex X="8144" Y="19089" Z="0"/>
					<Vertex X="8079" Y="19480" Z="0"/>
					<Vertex X="8014" Y="19806" Z="0"/>
					<Vertex X="7949" Y="20262" Z="0"/>
					<Vertex X="7883" Y="20718" Z="0"/>
					<Vertex X="7883" Y="21044" Z="0"/>
					<Vertex X="7753" Y="21044" Z="0"/>
					<Vertex X="7883" Y="21565" Z="0"/>
					<Vertex X="7883" Y="21891" Z="0"/>
					<Vertex X="7883" Y="22086" Z="0"/>
					<Vertex X="7753" Y="22086" Z="0"/>
					<Vertex X="7753" Y="22152" Z="0"/>
					<Vertex X="7818" Y="22477" Z="0"/>
					<Vertex X="7753" Y="22738" Z="0"/>
					<Vertex X="7623" Y="22868" Z="0"/>
					<Vertex X="7558" Y="22999" Z="0"/>
					<Vertex X="7623" Y="23780" Z="0"/>
					<Vertex X="7558" Y="24236" Z="0"/>
					<Vertex X="7493" Y="24692" Z="0"/>
					<Vertex X="7427" Y="25083" Z="0"/>
					<Vertex X="7427" Y="25344" Z="0"/>
					<Vertex X="7297" Y="25474" Z="0"/>
					<Vertex X="7427" Y="26191" Z="0"/>
					<Vertex X="7297" Y="26256" Z="0"/>
					<Vertex X="7427" Y="26647" Z="0"/>
					<Vertex X="7427" Y="26973" Z="0"/>
					<Vertex X="7427" Y="27233" Z="0"/>
					<Vertex X="7427" Y="27559" Z="0"/>
					<Vertex X="7427" Y="27820" Z="0"/>
					<Vertex X="7427" Y="28146" Z="0"/>
					<Vertex X="7362" Y="28276" Z="0"/>
					<Vertex X="7493" Y="28536" Z="0"/>
					<Vertex X="7427" Y="29058" Z="0"/>
					<Vertex X="7623" Y="29383" Z="0"/>
					<Vertex X="7558" Y="29579" Z="0"/>
					<Vertex X="7753" Y="30035" Z="0"/>
					<Vertex X="7883" Y="30556" Z="0"/>
					<Vertex X="7949" Y="30882" Z="0"/>
					<Vertex X="8014" Y="31208" Z="0"/>
					<Vertex X="8144" Y="31533" Z="0"/>
					<Vertex X="8079" Y="31729" Z="0"/>
					<Vertex X="8340" Y="32185" Z="0"/>
					<Vertex X="8209" Y="32185" Z="0"/>
					<Vertex X="8340" Y="32380" Z="0"/>
					<Vertex X="8470" Y="32576" Z="0"/>
					<Vertex X="8535" Y="32576" Z="0"/>
					<Vertex X="8600" Y="32641" Z="0"/>
					<Vertex X="8665" Y="32837" Z="0"/>
					<Vertex X="8991" Y="33162" Z="0"/>
					<Vertex X="9252" Y="33488" Z="0"/>
					<Vertex X="9512" Y="33749" Z="0"/>
					<Vertex X="9643" Y="33879" Z="0"/>
					<Vertex X="10033" Y="34335" Z="0"/>
					<Vertex X="10099" Y="34400" Z="0"/>
					<Vertex X="10424" Y="34661" Z="0"/>
					<Vertex X="10555" Y="34726" Z="0"/>
					<Vertex X="10685" Y="34856" Z="0"/>
					<Vertex X="11402" Y="35312" Z="0"/>
					<Vertex X="11597" Y="35443" Z="0"/>
					<Vertex X="11858" Y="35638" Z="0"/>
					<Vertex X="12184" Y="35834" Z="0"/>
					<Vertex X="12379" Y="35899" Z="0"/>
					<Vertex X="12705" Y="36029" Z="0"/>
					<Vertex X="12965" Y="36094" Z="0"/>
					<Vertex X="13682" Y="36420" Z="0"/>
					<Vertex X="13877" Y="36485" Z="0"/>
					<Vertex X="14334" Y="36550" Z="0"/>
					<Vertex X="14594" Y="36615" Z="0"/>
					<Vertex X="14985" Y="36681" Z="0"/>
					<Vertex X="15311" Y="36746" Z="0"/>
					<Vertex X="15767" Y="36811" Z="0"/>
					<Vertex X="15832" Y="36811" Z="0"/>
					<Vertex X="16093" Y="36811" Z="0"/>
					<Vertex X="16614" Y="36941" Z="0"/>
					<Vertex X="16809" Y="36941" Z="0"/>
					<Vertex X="16940" Y="36941" Z="0"/>
					<Vertex X="17331" Y="37137" Z="0"/>
					<Vertex X="17591" Y="37202" Z="0"/>
					<Vertex X="17787" Y="37332" Z="0"/>
					<Vertex X="17982" Y="37397" Z="0"/>
					<Vertex X="18178" Y="37397" Z="0"/>
					<Vertex X="18178" Y="37332" Z="0"/>
					<Vertex X="18373" Y="37528" Z="0"/>
					<Vertex X="18373" Y="37462" Z="0"/>
					<Vertex X="18699" Y="37658" Z="0"/>
					<Vertex X="18829" Y="37723" Z="0"/>
					<Vertex X="18829" Y="37723" Z="0"/>
					<Vertex X="18894" Y="37723" Z="0"/>
					<Vertex X="19025" Y="37788" Z="0"/>
					<Vertex X="19155" Y="37788" Z="0"/>
					<Vertex X="19285" Y="37853" Z="0"/>
					<Vertex X="19481" Y="37853" Z="0"/>
					<Vertex X="19676" Y="37984" Z="0"/>
					<Vertex X="19676" Y="37853" Z="0"/>
					<Vertex X="20002" Y="37984" Z="0"/>
					<Vertex X="20197" Y="37984" Z="0"/>
					<Vertex X="20328" Y="37853" Z="0"/>
					<Vertex X="20458" Y="37853" Z="0"/>
					<Vertex X="20784" Y="37853" Z="0"/>
					<Vertex X="21044" Y="37853" Z="0"/>
					<Vertex X="21435" Y="37984" Z="0"/>
					<Vertex X="21565" Y="37984" Z="0"/>
					<Vertex X="21631" Y="37853" Z="0"/>
					<Vertex X="21956" Y="37918" Z="0"/>
					<Vertex X="22152" Y="37853" Z="0"/>
					<Vertex X="22282" Y="37788" Z="0"/>
					<Vertex X="22347" Y="37462" Z="0"/>
					<Vertex X="22608" Y="37528" Z="0"/>
					<Vertex X="22673" Y="37528" Z="0"/>
					<Vertex X="22934" Y="37462" Z="0"/>
					<Vertex X="22999" Y="37202" Z="0"/>
					<Vertex X="23585" Y="37137" Z="0"/>
					<Vertex X="23846" Y="37071" Z="0"/>
					<Vertex X="24106" Y="36746" Z="0"/>
					<Vertex X="24432" Y="36615" Z="0"/>
					<Vertex X="24888" Y="36550" Z="0"/>
					<Vertex X="25084" Y="36420" Z="0"/>
					<Vertex X="25149" Y="36094" Z="0"/>
					<Vertex X="25149" Y="35964" Z="0"/>
					<Vertex X="25409" Y="35899" Z="0"/>
					<Vertex X="25344" Y="35638" Z="0"/>
					<Vertex X="25670" Y="35443" Z="0"/>
					<Vertex X="25800" Y="35182" Z="0"/>
					<Vertex X="25866" Y="34921" Z="0"/>
					<Vertex X="25866" Y="34531" Z="0"/>
					<Vertex X="26061" Y="34531" Z="0"/>
					<Vertex X="26191" Y="34140" Z="0"/>
					<Vertex X="26126" Y="33944" Z="0"/>
					<Vertex X="26256" Y="33553" Z="0"/>
					<Vertex X="26322" Y="33423" Z="0"/>
					<Vertex X="26387" Y="33162" Z="0"/>
					<Vertex X="26647" Y="33032" Z="0"/>
					<Vertex X="26713" Y="32837" Z="0"/>
					<Vertex X="26843" Y="32576" Z="0"/>
					<Vertex X="26713" Y="32315" Z="0"/>
					<Vertex X="26973" Y="32055" Z="0"/>
					<Vertex X="27038" Y="31990" Z="0"/>
					<Vertex X="27103" Y="31729" Z="0"/>
					<Vertex X="27169" Y="31533" Z="0"/>
					<Vertex X="27299" Y="31273" Z="0"/>
					<Vertex X="27364" Y="31077" Z="0"/>
					<Vertex X="27429" Y="30817" Z="0"/>
					<Vertex X="27559" Y="30621" Z="0"/>
					<Vertex X="27690" Y="30361" Z="0"/>
					<Vertex X="27690" Y="30035" Z="0"/>
					<Vertex X="27820" Y="29774" Z="0"/>
					<Vertex X="28016" Y="29840" Z="0"/>
					<Vertex X="28146" Y="29644" Z="0"/>
					<Vertex X="28341" Y="29383" Z="0"/>
					<Vertex X="28276" Y="29188" Z="0"/>
					<Vertex X="28537" Y="29123" Z="0"/>
					<Vertex X="28667" Y="28862" Z="0"/>
					<Vertex X="28863" Y="28667" Z="0"/>
					<Vertex X="28928" Y="28471" Z="0"/>
					<Vertex X="28863" Y="28276" Z="0"/>
					<Vertex X="29123" Y="28211" Z="0"/>
					<Vertex X="29188" Y="28080" Z="0"/>
					<Vertex X="29058" Y="27755" Z="0"/>
					<Vertex X="29384" Y="27559" Z="0"/>
					<Vertex X="29384" Y="27364" Z="0"/>
					<Vertex X="29579" Y="27364" Z="0"/>
					<Vertex X="29905" Y="27103" Z="0"/>
					<Vertex X="30166" Y="26973" Z="0"/>
					<Vertex X="30361" Y="26843" Z="0"/>
					<Vertex X="30557" Y="26712" Z="0"/>
					<Vertex X="30752" Y="26582" Z="0"/>
					<Vertex X="30882" Y="26517" Z="0"/>
					<Vertex X="30947" Y="26386" Z="0"/>
					<Vertex X="30882" Y="26126" Z="0"/>
					<Vertex X="31143" Y="26191" Z="0"/>
					<Vertex X="31208" Y="26061" Z="0"/>
					<Vertex X="31273" Y="25996" Z="0"/>
					<Vertex X="31338" Y="25865" Z="0"/>
					<Vertex X="31338" Y="25670" Z="0"/>
					<Vertex X="31403" Y="25605" Z="0"/>
					<Vertex X="31664" Y="25605" Z="0"/>
					<Vertex X="31860" Y="25539" Z="0"/>
					<Vertex X="31925" Y="25474" Z="0"/>
					<Vertex X="31925" Y="25279" Z="0"/>
					<Vertex X="32120" Y="25083" Z="0"/>
					<Vertex X="32381" Y="25149" Z="0"/>
					<Vertex X="32511" Y="25083" Z="0"/>
					<Vertex X="32576" Y="25018" Z="0"/>
					<Vertex X="32707" Y="24953" Z="0"/>
					<Vertex X="32837" Y="24953" Z="0"/>
					<Vertex X="32837" Y="24823" Z="0"/>
					<Vertex X="33293" Y="24953" Z="0"/>
					<Vertex X="33423" Y="24823" Z="0"/>
					<Vertex X="33619" Y="24953" Z="0"/>
					<Vertex X="33619" Y="24758" Z="0"/>
					<Vertex X="33879" Y="24823" Z="0"/>
					<Vertex X="34205" Y="24823" Z="0"/>
					<Vertex X="34531" Y="24758" Z="0"/>
					<Vertex X="34726" Y="24562" Z="0"/>
					<Vertex X="34922" Y="24497" Z="0"/>
					<Vertex X="35964" Y="24367" Z="0"/>
					<Vertex X="36160" Y="24171" Z="0"/>
					<Vertex X="36746" Y="23976" Z="0"/>
					<Vertex X="37267" Y="23976" Z="0"/>
					<Vertex X="37463" Y="23911" Z="0"/>
					<Vertex X="37723" Y="23780" Z="0"/>
					<Vertex X="37984" Y="23650" Z="0"/>
					<Vertex X="37919" Y="23520" Z="0"/>
					<Vertex X="38375" Y="23455" Z="0"/>
					<Vertex X="38570" Y="23324" Z="0"/>
					<Vertex X="38701" Y="23194" Z="0"/>
					<Vertex X="38831" Y="23129" Z="0"/>
					<Vertex X="38961" Y="22999" Z="0"/>
					<Vertex X="38961" Y="22738" Z="0"/>
					<Vertex X="39026" Y="22673" Z="0"/>
					<Vertex X="39091" Y="22608" Z="0"/>
					<Vertex X="39352" Y="22542" Z="0"/>
					<Vertex X="39482" Y="22347" Z="0"/>
					<Vertex X="39482" Y="22021" Z="0"/>
					<Vertex X="39743" Y="22021" Z="0"/>
					<Vertex X="39808" Y="21891" Z="0"/>
					<Vertex X="39938" Y="21826" Z="0"/>
					<Vertex X="40004" Y="21695" Z="0"/>
					<Vertex X="40069" Y="21630" Z="0"/>
					<Vertex X="40134" Y="21565" Z="0"/>
					<Vertex X="40264" Y="21435" Z="0"/>
					<Vertex X="40264" Y="21370" Z="0"/>
					<Vertex X="40329" Y="21305" Z="0"/>
					<Vertex X="40329" Y="21239" Z="0"/>
					<Vertex X="40395" Y="21109" Z="0"/>
					<Vertex X="40460" Y="21044" Z="0"/>
					<Vertex X="40395" Y="20783" Z="0"/>
					<Vertex X="40525" Y="20783" Z="0"/>
					<Vertex X="40590" Y="20718" Z="0"/>
					<Vertex X="40590" Y="20588" Z="0"/>
					<Vertex X="40655" Y="20458" Z="0"/>
					<Vertex X="40590" Y="20132" Z="0"/>
					<Vertex X="40785" Y="20067" Z="0"/>
					<Vertex X="40916" Y="19871" Z="0"/>
					<Vertex X="41046" Y="19611" Z="0"/>
					<Vertex X="41111" Y="19415" Z="0"/>
					<Vertex X="41242" Y="19155" Z="0"/>
					<Vertex X="41372" Y="18894" Z="0"/>
					<Vertex X="41372" Y="18764" Z="0"/>
					<Vertex X="41307" Y="18438" Z="0"/>
					<Vertex X="41502" Y="18373" Z="0"/>
					<Vertex X="41567" Y="18242" Z="0"/>
					<Vertex X="41567" Y="18112" Z="0"/>
					<Vertex X="41632" Y="17982" Z="0"/>
					<Vertex X="41632" Y="17851" Z="0"/>
					<Vertex X="41567" Y="17656" Z="0"/>
					<Vertex X="41698" Y="17656" Z="0"/>
					<Vertex X="41698" Y="17591" Z="0"/>
					<Vertex X="41698" Y="17526" Z="0"/>
					<Vertex X="41698" Y="17461" Z="0"/>
					<Vertex X="41632" Y="17395" Z="0"/>
					<Vertex X="41632" Y="17395" Z="0"/>
					<Vertex X="41632" Y="17265" Z="0"/>
					<Vertex X="41502" Y="17135" Z="0"/>
					<Vertex X="41372" Y="16809" Z="0"/>
					<Vertex X="41176" Y="16548" Z="0"/>
					<Vertex X="40981" Y="16223" Z="0"/>
					<Vertex X="40916" Y="16027" Z="0"/>
					<Vertex X="40785" Y="15897" Z="0"/>
					<Vertex X="40785" Y="15832" Z="0"/>
					<Vertex X="40720" Y="15701" Z="0"/>
					<Vertex X="40590" Y="15441" Z="0"/>
					<Vertex X="40525" Y="15376" Z="0"/>
					<Vertex X="40460" Y="15180" Z="0"/>
					<Vertex X="40395" Y="14985" Z="0"/>
					<Vertex X="40264" Y="14854" Z="0"/>
					<Vertex X="40199" Y="14659" Z="0"/>
					<Vertex X="40069" Y="14529" Z="0"/>
					<Vertex X="39873" Y="14333" Z="0"/>
					<Vertex X="39678" Y="14073" Z="0"/>
					<Vertex X="39352" Y="13747" Z="0"/>
					<Vertex X="39222" Y="13617" Z="0"/>
					<Vertex X="39026" Y="13421" Z="0"/>
					<Vertex X="38570" Y="13030" Z="0"/>
					<Vertex X="38310" Y="12835" Z="0"/>
					<Vertex X="38114" Y="12704" Z="0"/>
					<Vertex X="37984" Y="12704" Z="0"/>
					<Vertex X="37788" Y="12574" Z="0"/>
					<Vertex X="37658" Y="12444" Z="0"/>
					<Vertex X="37593" Y="12379" Z="0"/>
					<Vertex X="37528" Y="12379" Z="0"/>
					<Vertex X="37463" Y="12314" Z="0"/>
					<Vertex X="37137" Y="12314" Z="0"/>
					<Vertex X="36876" Y="12183" Z="0"/>
					<Vertex X="36746" Y="12118" Z="0"/>
					<Vertex X="36551" Y="12053" Z="0"/>
					<Vertex X="36290" Y="11857" Z="0"/>
					<Vertex X="35899" Y="11532" Z="0"/>
					<Vertex X="35834" Y="11532" Z="0"/>
					<Vertex X="35313" Y="11010" Z="0"/>
					<Vertex X="34987" Y="10685" Z="0"/>
					<Vertex X="34857" Y="10554" Z="0"/>
					<Vertex X="34661" Y="10359" Z="0"/>
					<Vertex X="34661" Y="10294" Z="0"/>
					<Vertex X="34596" Y="10229" Z="0"/>
					<Vertex X="34596" Y="10098" Z="0"/>
					<Vertex X="34531" Y="9903" Z="0"/>
					<Vertex X="34531" Y="9773" Z="0"/>
					<Vertex X="34466" Y="9707" Z="0"/>
					<Vertex X="34466" Y="9447" Z="0"/>
					<Vertex X="34270" Y="9251" Z="0"/>
					<Vertex X="34401" Y="9186" Z="0"/>
					<Vertex X="34335" Y="9056" Z="0"/>
					<Vertex X="34335" Y="8926" Z="0"/>
					<Vertex X="34335" Y="8860" Z="0"/>
					<Vertex X="34270" Y="8665" Z="0"/>
					<Vertex X="34075" Y="8404" Z="0"/>
					<Vertex X="34205" Y="8404" Z="0"/>
					<Vertex X="34075" Y="8209" Z="0"/>
					<Vertex X="33944" Y="8013" Z="0"/>
					<Vertex X="33684" Y="7753" Z="0"/>
					<Vertex X="33554" Y="7557" Z="0"/>
					<Vertex X="33228" Y="7297" Z="0"/>
					<Vertex X="33163" Y="7232" Z="0"/>
					<Vertex X="32772" Y="6971" Z="0"/>
					<Vertex X="32707" Y="6971" Z="0"/>
					<Vertex X="32511" Y="6841" Z="0"/>
					<Vertex X="32316" Y="6710" Z="0"/>
					<Vertex X="32120" Y="6580" Z="0"/>
					<Vertex X="31990" Y="6515" Z="0"/>
					<Vertex X="31860" Y="6385" Z="0"/>
					<Vertex X="31794" Y="6385" Z="0"/>
					<Vertex X="31729" Y="6319" Z="0"/>
					<Vertex X="31664" Y="6254" Z="0"/>
					<Vertex X="31534" Y="6189" Z="0"/>
					<Vertex X="31403" Y="6124" Z="0"/>
					<Vertex X="31338" Y="6059" Z="0"/>
					<Vertex X="31273" Y="5994" Z="0"/>
					<Vertex X="31273" Y="5929" Z="0"/>
					<Vertex X="31208" Y="5929" Z="0"/>
					<Vertex X="31143" Y="5863" Z="0"/>
					<Vertex X="31078" Y="5798" Z="0"/>
					<Vertex X="31078" Y="5733" Z="0"/>
					<Vertex X="31013" Y="5733" Z="0"/>
					<Vertex X="31013" Y="5668" Z="0"/>
					<Vertex X="30817" Y="5538" Z="0"/>
					<Vertex X="30557" Y="5668" Z="0"/>
				</Vertices>
			</Region>
		</Regions>
		<Plots/>
	</Annotation>
</Annotations>
