<Annotations MicronsPerPixel="0.252500">
	<Annotation Id="1" Name="" ReadOnly="0" NameReadOnly="0" LineColorReadOnly="0" Incremental="0" Type="4" LineColor="65535" Visible="1" Selected="1" MarkupImagePath="" MacroName="">
		<Attributes/>
		<Regions>
			<RegionAttributeHeaders/>
			<Region Id="1" Type="0" Zoom="0.008656" Selected="0" ImageLocation="" ImageFocus="-1" Length="92767.4" Area="319710288.0" LengthMicrons="23423.8" AreaMicrons="20383528.7" Text="" NegativeROA="0" InputRegionId="0" Analyze="1" DisplayId="1">
				<Attributes/>
				<Vertices>
					<Vertex X="23335" Y="31341" Z="0"/>
					<Vertex X="23335" Y="31227" Z="0"/>
					<Vertex X="23106" Y="30884" Z="0"/>
					<Vertex X="23335" Y="30769" Z="0"/>
					<Vertex X="23335" Y="29969" Z="0"/>
					<Vertex X="23335" Y="29740" Z="0"/>
					<Vertex X="23106" Y="29054" Z="0"/>
					<Vertex X="23564" Y="28596" Z="0"/>
					<Vertex X="23678" Y="28139" Z="0"/>
					<Vertex X="23792" Y="27338" Z="0"/>
					<Vertex X="23907" Y="26652" Z="0"/>
					<Vertex X="24136" Y="26080" Z="0"/>
					<Vertex X="24136" Y="25851" Z="0"/>
					<Vertex X="24250" Y="25165" Z="0"/>
					<Vertex X="24364" Y="24593" Z="0"/>
					<Vertex X="24593" Y="24135" Z="0"/>
					<Vertex X="24593" Y="23906" Z="0"/>
					<Vertex X="24822" Y="23449" Z="0"/>
					<Vertex X="24936" Y="23334" Z="0"/>
					<Vertex X="25051" Y="23106" Z="0"/>
					<Vertex X="25279" Y="22877" Z="0"/>
					<Vertex X="25508" Y="22648" Z="0"/>
					<Vertex X="25508" Y="22191" Z="0"/>
					<Vertex X="25966" Y="22305" Z="0"/>
					<Vertex X="26080" Y="22191" Z="0"/>
					<Vertex X="26309" Y="22076" Z="0"/>
					<Vertex X="26538" Y="21847" Z="0"/>
					<Vertex X="26766" Y="21733" Z="0"/>
					<Vertex X="26881" Y="21504" Z="0"/>
					<Vertex X="26995" Y="21390" Z="0"/>
					<Vertex X="27110" Y="21276" Z="0"/>
					<Vertex X="27224" Y="21161" Z="0"/>
					<Vertex X="27338" Y="21047" Z="0"/>
					<Vertex X="27110" Y="20589" Z="0"/>
					<Vertex X="27453" Y="20246" Z="0"/>
					<Vertex X="27453" Y="19560" Z="0"/>
					<Vertex X="27796" Y="19445" Z="0"/>
					<Vertex X="27796" Y="18759" Z="0"/>
					<Vertex X="28025" Y="18416" Z="0"/>
					<Vertex X="28368" Y="18416" Z="0"/>
					<Vertex X="28597" Y="18073" Z="0"/>
					<Vertex X="28825" Y="17958" Z="0"/>
					<Vertex X="28940" Y="17844" Z="0"/>
					<Vertex X="29054" Y="17730" Z="0"/>
					<Vertex X="29283" Y="17501" Z="0"/>
					<Vertex X="29397" Y="17501" Z="0"/>
					<Vertex X="29626" Y="17386" Z="0"/>
					<Vertex X="29855" Y="17272" Z="0"/>
					<Vertex X="30084" Y="17272" Z="0"/>
					<Vertex X="30312" Y="17272" Z="0"/>
					<Vertex X="30427" Y="17272" Z="0"/>
					<Vertex X="30656" Y="17272" Z="0"/>
					<Vertex X="30884" Y="17272" Z="0"/>
					<Vertex X="31227" Y="17272" Z="0"/>
					<Vertex X="31571" Y="17272" Z="0"/>
					<Vertex X="31685" Y="17272" Z="0"/>
					<Vertex X="32028" Y="17272" Z="0"/>
					<Vertex X="32143" Y="17043" Z="0"/>
					<Vertex X="32829" Y="17272" Z="0"/>
					<Vertex X="32943" Y="17158" Z="0"/>
					<Vertex X="33630" Y="17386" Z="0"/>
					<Vertex X="33858" Y="17272" Z="0"/>
					<Vertex X="34316" Y="17272" Z="0"/>
					<Vertex X="35002" Y="17615" Z="0"/>
					<Vertex X="35460" Y="17730" Z="0"/>
					<Vertex X="35803" Y="17844" Z="0"/>
					<Vertex X="36260" Y="17844" Z="0"/>
					<Vertex X="36375" Y="17844" Z="0"/>
					<Vertex X="36832" Y="17844" Z="0"/>
					<Vertex X="36947" Y="17844" Z="0"/>
					<Vertex X="38091" Y="17844" Z="0"/>
					<Vertex X="38548" Y="17844" Z="0"/>
					<Vertex X="38777" Y="17844" Z="0"/>
					<Vertex X="39463" Y="17844" Z="0"/>
					<Vertex X="39578" Y="17615" Z="0"/>
					<Vertex X="39806" Y="17615" Z="0"/>
					<Vertex X="40149" Y="17615" Z="0"/>
					<Vertex X="40836" Y="17844" Z="0"/>
					<Vertex X="41179" Y="17844" Z="0"/>
					<Vertex X="41179" Y="17615" Z="0"/>
					<Vertex X="42094" Y="17844" Z="0"/>
					<Vertex X="42666" Y="17844" Z="0"/>
					<Vertex X="43238" Y="17844" Z="0"/>
					<Vertex X="43467" Y="17844" Z="0"/>
					<Vertex X="44267" Y="17844" Z="0"/>
					<Vertex X="44496" Y="17844" Z="0"/>
					<Vertex X="44954" Y="17844" Z="0"/>
					<Vertex X="45411" Y="17844" Z="0"/>
					<Vertex X="45869" Y="17730" Z="0"/>
					<Vertex X="46326" Y="17730" Z="0"/>
					<Vertex X="46784" Y="17730" Z="0"/>
					<Vertex X="47013" Y="17386" Z="0"/>
					<Vertex X="47699" Y="17615" Z="0"/>
					<Vertex X="48156" Y="17386" Z="0"/>
					<Vertex X="48500" Y="17386" Z="0"/>
					<Vertex X="48957" Y="17272" Z="0"/>
					<Vertex X="49186" Y="17158" Z="0"/>
					<Vertex X="49758" Y="17043" Z="0"/>
					<Vertex X="50101" Y="16929" Z="0"/>
					<Vertex X="50558" Y="16815" Z="0"/>
					<Vertex X="51016" Y="16700" Z="0"/>
					<Vertex X="51359" Y="16586" Z="0"/>
					<Vertex X="51702" Y="16586" Z="0"/>
					<Vertex X="52045" Y="16471" Z="0"/>
					<Vertex X="52389" Y="16471" Z="0"/>
					<Vertex X="52503" Y="16471" Z="0"/>
					<Vertex X="52846" Y="16357" Z="0"/>
					<Vertex X="53189" Y="16357" Z="0"/>
					<Vertex X="53304" Y="16128" Z="0"/>
					<Vertex X="53876" Y="16243" Z="0"/>
					<Vertex X="54219" Y="16128" Z="0"/>
					<Vertex X="54562" Y="16128" Z="0"/>
					<Vertex X="54791" Y="16128" Z="0"/>
					<Vertex X="55134" Y="16128" Z="0"/>
					<Vertex X="55363" Y="16128" Z="0"/>
					<Vertex X="55706" Y="16128" Z="0"/>
					<Vertex X="55820" Y="16128" Z="0"/>
					<Vertex X="55820" Y="15899" Z="0"/>
					<Vertex X="55935" Y="15899" Z="0"/>
					<Vertex X="56506" Y="16357" Z="0"/>
					<Vertex X="56621" Y="16357" Z="0"/>
					<Vertex X="56850" Y="16586" Z="0"/>
					<Vertex X="56964" Y="16586" Z="0"/>
					<Vertex X="57307" Y="16929" Z="0"/>
					<Vertex X="57765" Y="17386" Z="0"/>
					<Vertex X="57765" Y="17501" Z="0"/>
					<Vertex X="57879" Y="17615" Z="0"/>
					<Vertex X="57993" Y="17730" Z="0"/>
					<Vertex X="57993" Y="17844" Z="0"/>
					<Vertex X="58108" Y="18073" Z="0"/>
					<Vertex X="57879" Y="18073" Z="0"/>
					<Vertex X="58222" Y="18530" Z="0"/>
					<Vertex X="58222" Y="18645" Z="0"/>
					<Vertex X="58222" Y="18759" Z="0"/>
					<Vertex X="58222" Y="18873" Z="0"/>
					<Vertex X="57879" Y="18873" Z="0"/>
					<Vertex X="57993" Y="19217" Z="0"/>
					<Vertex X="57879" Y="19331" Z="0"/>
					<Vertex X="57536" Y="19102" Z="0"/>
					<Vertex X="57536" Y="19445" Z="0"/>
					<Vertex X="57193" Y="19331" Z="0"/>
					<Vertex X="57078" Y="19445" Z="0"/>
					<Vertex X="57078" Y="19674" Z="0"/>
					<Vertex X="56621" Y="19674" Z="0"/>
					<Vertex X="56506" Y="19789" Z="0"/>
					<Vertex X="56506" Y="20132" Z="0"/>
					<Vertex X="56278" Y="20246" Z="0"/>
					<Vertex X="56049" Y="20360" Z="0"/>
					<Vertex X="55820" Y="20475" Z="0"/>
					<Vertex X="55591" Y="20589" Z="0"/>
					<Vertex X="55363" Y="20704" Z="0"/>
					<Vertex X="55134" Y="20818" Z="0"/>
					<Vertex X="54905" Y="20932" Z="0"/>
					<Vertex X="54676" Y="21047" Z="0"/>
					<Vertex X="54448" Y="21161" Z="0"/>
					<Vertex X="54219" Y="21276" Z="0"/>
					<Vertex X="53647" Y="21619" Z="0"/>
					<Vertex X="53418" Y="21733" Z="0"/>
					<Vertex X="53304" Y="21847" Z="0"/>
					<Vertex X="53189" Y="21962" Z="0"/>
					<Vertex X="52732" Y="21962" Z="0"/>
					<Vertex X="52732" Y="22305" Z="0"/>
					<Vertex X="52503" Y="22534" Z="0"/>
					<Vertex X="52045" Y="22534" Z="0"/>
					<Vertex X="52160" Y="22877" Z="0"/>
					<Vertex X="51817" Y="22763" Z="0"/>
					<Vertex X="51588" Y="22991" Z="0"/>
					<Vertex X="51474" Y="23563" Z="0"/>
					<Vertex X="50673" Y="24135" Z="0"/>
					<Vertex X="50215" Y="24135" Z="0"/>
					<Vertex X="49987" Y="24707" Z="0"/>
					<Vertex X="49529" Y="24936" Z="0"/>
					<Vertex X="48957" Y="25279" Z="0"/>
					<Vertex X="48728" Y="25393" Z="0"/>
					<Vertex X="47813" Y="25737" Z="0"/>
					<Vertex X="47356" Y="25508" Z="0"/>
					<Vertex X="47127" Y="25851" Z="0"/>
					<Vertex X="46555" Y="26080" Z="0"/>
					<Vertex X="46097" Y="26194" Z="0"/>
					<Vertex X="45526" Y="26308" Z="0"/>
					<Vertex X="45068" Y="26537" Z="0"/>
					<Vertex X="44610" Y="26652" Z="0"/>
					<Vertex X="44496" Y="26766" Z="0"/>
					<Vertex X="43810" Y="26995" Z="0"/>
					<Vertex X="43467" Y="27109" Z="0"/>
					<Vertex X="43123" Y="27338" Z="0"/>
					<Vertex X="42895" Y="27338" Z="0"/>
					<Vertex X="42666" Y="27452" Z="0"/>
					<Vertex X="42323" Y="27567" Z="0"/>
					<Vertex X="42094" Y="27681" Z="0"/>
					<Vertex X="41751" Y="27795" Z="0"/>
					<Vertex X="41293" Y="28024" Z="0"/>
					<Vertex X="40836" Y="28253" Z="0"/>
					<Vertex X="40493" Y="28367" Z="0"/>
					<Vertex X="40035" Y="28596" Z="0"/>
					<Vertex X="39806" Y="28596" Z="0"/>
					<Vertex X="39349" Y="28825" Z="0"/>
					<Vertex X="39006" Y="28939" Z="0"/>
					<Vertex X="38434" Y="28825" Z="0"/>
					<Vertex X="37976" Y="28939" Z="0"/>
					<Vertex X="37862" Y="29397" Z="0"/>
					<Vertex X="37404" Y="29397" Z="0"/>
					<Vertex X="37061" Y="29511" Z="0"/>
					<Vertex X="36604" Y="29626" Z="0"/>
					<Vertex X="36260" Y="29397" Z="0"/>
					<Vertex X="35917" Y="29854" Z="0"/>
					<Vertex X="35460" Y="29854" Z="0"/>
					<Vertex X="35345" Y="29969" Z="0"/>
					<Vertex X="34659" Y="29740" Z="0"/>
					<Vertex X="34430" Y="30083" Z="0"/>
					<Vertex X="34087" Y="30198" Z="0"/>
					<Vertex X="33630" Y="30312" Z="0"/>
					<Vertex X="33286" Y="30312" Z="0"/>
					<Vertex X="32829" Y="30426" Z="0"/>
					<Vertex X="32371" Y="30426" Z="0"/>
					<Vertex X="31799" Y="30198" Z="0"/>
					<Vertex X="31799" Y="30426" Z="0"/>
					<Vertex X="31456" Y="30426" Z="0"/>
					<Vertex X="31113" Y="30426" Z="0"/>
					<Vertex X="30656" Y="30198" Z="0"/>
					<Vertex X="30541" Y="30426" Z="0"/>
					<Vertex X="30312" Y="30541" Z="0"/>
					<Vertex X="30084" Y="30541" Z="0"/>
					<Vertex X="29626" Y="30655" Z="0"/>
					<Vertex X="29283" Y="30769" Z="0"/>
					<Vertex X="29169" Y="30769" Z="0"/>
					<Vertex X="28825" Y="30884" Z="0"/>
					<Vertex X="28482" Y="30998" Z="0"/>
					<Vertex X="28253" Y="31113" Z="0"/>
					<Vertex X="27910" Y="31227" Z="0"/>
					<Vertex X="27682" Y="31227" Z="0"/>
					<Vertex X="27453" Y="31341" Z="0"/>
					<Vertex X="27224" Y="31341" Z="0"/>
					<Vertex X="27110" Y="31341" Z="0"/>
					<Vertex X="26881" Y="31456" Z="0"/>
					<Vertex X="26309" Y="31341" Z="0"/>
					<Vertex X="26423" Y="31570" Z="0"/>
					<Vertex X="25966" Y="31685" Z="0"/>
					<Vertex X="25623" Y="31799" Z="0"/>
					<Vertex X="25394" Y="31799" Z="0"/>
					<Vertex X="25165" Y="31799" Z="0"/>
					<Vertex X="25051" Y="31913" Z="0"/>
					<Vertex X="24936" Y="31913" Z="0"/>
					<Vertex X="24822" Y="31913" Z="0"/>
					<Vertex X="24708" Y="31913" Z="0"/>
					<Vertex X="24593" Y="31913" Z="0"/>
					<Vertex X="24479" Y="31913" Z="0"/>
					<Vertex X="24364" Y="31913" Z="0"/>
					<Vertex X="24250" Y="31913" Z="0"/>
					<Vertex X="24136" Y="31913" Z="0"/>
					<Vertex X="24021" Y="31913" Z="0"/>
					<Vertex X="23907" Y="31913" Z="0"/>
					<Vertex X="23907" Y="31913" Z="0"/>
					<Vertex X="23792" Y="31913" Z="0"/>
					<Vertex X="23678" Y="31913" Z="0"/>
					<Vertex X="23678" Y="31799" Z="0"/>
					<Vertex X="23564" Y="31799" Z="0"/>
					<Vertex X="23335" Y="31570" Z="0"/>
					<Vertex X="23335" Y="31341" Z="0"/>
				</Vertices>
			</Region>
			<Region Id="2" Type="0" Zoom="0.008656" Selected="0" ImageLocation="" ImageFocus="-1" Length="123723.5" Area="841462786.0" LengthMicrons="31240.2" AreaMicrons="53648510.7" Text="" NegativeROA="0" InputRegionId="0" Analyze="1" DisplayId="2">
				<Attributes/>
				<Vertices>
					<Vertex X="21162" Y="37404" Z="0"/>
					<Vertex X="21390" Y="37518" Z="0"/>
					<Vertex X="21619" Y="37175" Z="0"/>
					<Vertex X="21734" Y="36946" Z="0"/>
					<Vertex X="22077" Y="36603" Z="0"/>
					<Vertex X="22305" Y="36374" Z="0"/>
					<Vertex X="22763" Y="36146" Z="0"/>
					<Vertex X="23221" Y="35917" Z="0"/>
					<Vertex X="23907" Y="35688" Z="0"/>
					<Vertex X="24593" Y="35345" Z="0"/>
					<Vertex X="24708" Y="35002" Z="0"/>
					<Vertex X="25737" Y="34887" Z="0"/>
					<Vertex X="26423" Y="34659" Z="0"/>
					<Vertex X="27224" Y="34430" Z="0"/>
					<Vertex X="27682" Y="33972" Z="0"/>
					<Vertex X="28597" Y="33858" Z="0"/>
					<Vertex X="29740" Y="33972" Z="0"/>
					<Vertex X="29969" Y="33743" Z="0"/>
					<Vertex X="30999" Y="33972" Z="0"/>
					<Vertex X="31571" Y="33743" Z="0"/>
					<Vertex X="32714" Y="33972" Z="0"/>
					<Vertex X="33515" Y="33972" Z="0"/>
					<Vertex X="34087" Y="33972" Z="0"/>
					<Vertex X="35117" Y="34315" Z="0"/>
					<Vertex X="35803" Y="34315" Z="0"/>
					<Vertex X="36832" Y="34659" Z="0"/>
					<Vertex X="37747" Y="34887" Z="0"/>
					<Vertex X="38205" Y="35002" Z="0"/>
					<Vertex X="39120" Y="35116" Z="0"/>
					<Vertex X="39806" Y="35116" Z="0"/>
					<Vertex X="40950" Y="35574" Z="0"/>
					<Vertex X="41522" Y="35688" Z="0"/>
					<Vertex X="42437" Y="36031" Z="0"/>
					<Vertex X="42895" Y="36146" Z="0"/>
					<Vertex X="43810" Y="36717" Z="0"/>
					<Vertex X="44610" Y="37061" Z="0"/>
					<Vertex X="45182" Y="37404" Z="0"/>
					<Vertex X="45754" Y="37633" Z="0"/>
					<Vertex X="45983" Y="37861" Z="0"/>
					<Vertex X="46212" Y="37861" Z="0"/>
					<Vertex X="46441" Y="38090" Z="0"/>
					<Vertex X="46555" Y="38204" Z="0"/>
					<Vertex X="46669" Y="38319" Z="0"/>
					<Vertex X="46898" Y="38662" Z="0"/>
					<Vertex X="46898" Y="38891" Z="0"/>
					<Vertex X="46784" Y="39348" Z="0"/>
					<Vertex X="47241" Y="40492" Z="0"/>
					<Vertex X="47584" Y="41293" Z="0"/>
					<Vertex X="47699" Y="42094" Z="0"/>
					<Vertex X="47928" Y="42665" Z="0"/>
					<Vertex X="48042" Y="43009" Z="0"/>
					<Vertex X="48156" Y="43581" Z="0"/>
					<Vertex X="48271" Y="44152" Z="0"/>
					<Vertex X="48385" Y="44496" Z="0"/>
					<Vertex X="48500" Y="44953" Z="0"/>
					<Vertex X="48385" Y="45068" Z="0"/>
					<Vertex X="48614" Y="45525" Z="0"/>
					<Vertex X="48728" Y="45868" Z="0"/>
					<Vertex X="48728" Y="46326" Z="0"/>
					<Vertex X="48843" Y="46669" Z="0"/>
					<Vertex X="48843" Y="46898" Z="0"/>
					<Vertex X="48843" Y="47241" Z="0"/>
					<Vertex X="48843" Y="47470" Z="0"/>
					<Vertex X="48843" Y="47698" Z="0"/>
					<Vertex X="48843" Y="47813" Z="0"/>
					<Vertex X="48728" Y="48042" Z="0"/>
					<Vertex X="48614" Y="48270" Z="0"/>
					<Vertex X="48614" Y="48385" Z="0"/>
					<Vertex X="48385" Y="48499" Z="0"/>
					<Vertex X="48385" Y="48613" Z="0"/>
					<Vertex X="48271" Y="48842" Z="0"/>
					<Vertex X="47928" Y="48728" Z="0"/>
					<Vertex X="48042" Y="49071" Z="0"/>
					<Vertex X="47928" Y="49300" Z="0"/>
					<Vertex X="47813" Y="49414" Z="0"/>
					<Vertex X="47699" Y="49529" Z="0"/>
					<Vertex X="47584" Y="49643" Z="0"/>
					<Vertex X="47470" Y="49757" Z="0"/>
					<Vertex X="47356" Y="49872" Z="0"/>
					<Vertex X="47241" Y="49986" Z="0"/>
					<Vertex X="47127" Y="50100" Z="0"/>
					<Vertex X="47013" Y="50215" Z="0"/>
					<Vertex X="46784" Y="50444" Z="0"/>
					<Vertex X="46669" Y="50558" Z="0"/>
					<Vertex X="46555" Y="50672" Z="0"/>
					<Vertex X="46441" Y="50901" Z="0"/>
					<Vertex X="46326" Y="50901" Z="0"/>
					<Vertex X="46097" Y="51130" Z="0"/>
					<Vertex X="46097" Y="51244" Z="0"/>
					<Vertex X="45754" Y="51244" Z="0"/>
					<Vertex X="45640" Y="51359" Z="0"/>
					<Vertex X="45526" Y="51587" Z="0"/>
					<Vertex X="45526" Y="52159" Z="0"/>
					<Vertex X="45526" Y="52274" Z="0"/>
					<Vertex X="45182" Y="52960" Z="0"/>
					<Vertex X="44954" Y="53303" Z="0"/>
					<Vertex X="44725" Y="53875" Z="0"/>
					<Vertex X="44496" Y="54333" Z="0"/>
					<Vertex X="44382" Y="54561" Z="0"/>
					<Vertex X="44267" Y="54905" Z="0"/>
					<Vertex X="44153" Y="55362" Z="0"/>
					<Vertex X="44039" Y="55705" Z="0"/>
					<Vertex X="43695" Y="55591" Z="0"/>
					<Vertex X="43695" Y="56506" Z="0"/>
					<Vertex X="43695" Y="56620" Z="0"/>
					<Vertex X="43581" Y="56964" Z="0"/>
					<Vertex X="43581" Y="57078" Z="0"/>
					<Vertex X="43581" Y="57650" Z="0"/>
					<Vertex X="43695" Y="58222" Z="0"/>
					<Vertex X="43581" Y="58451" Z="0"/>
					<Vertex X="43810" Y="59137" Z="0"/>
					<Vertex X="44267" Y="60052" Z="0"/>
					<Vertex X="44382" Y="60281" Z="0"/>
					<Vertex X="44382" Y="60738" Z="0"/>
					<Vertex X="44496" Y="61310" Z="0"/>
					<Vertex X="44954" Y="62111" Z="0"/>
					<Vertex X="45068" Y="62568" Z="0"/>
					<Vertex X="44839" Y="62568" Z="0"/>
					<Vertex X="45182" Y="63369" Z="0"/>
					<Vertex X="45297" Y="63712" Z="0"/>
					<Vertex X="45297" Y="63941" Z="0"/>
					<Vertex X="45068" Y="64170" Z="0"/>
					<Vertex X="45297" Y="64513" Z="0"/>
					<Vertex X="45182" Y="64856" Z="0"/>
					<Vertex X="45068" Y="65199" Z="0"/>
					<Vertex X="44839" Y="65542" Z="0"/>
					<Vertex X="44610" Y="65771" Z="0"/>
					<Vertex X="44382" Y="66000" Z="0"/>
					<Vertex X="44153" Y="66343" Z="0"/>
					<Vertex X="43810" Y="66572" Z="0"/>
					<Vertex X="43581" Y="66801" Z="0"/>
					<Vertex X="43352" Y="66915" Z="0"/>
					<Vertex X="42780" Y="66915" Z="0"/>
					<Vertex X="42666" Y="67258" Z="0"/>
					<Vertex X="42094" Y="67144" Z="0"/>
					<Vertex X="41636" Y="67258" Z="0"/>
					<Vertex X="41408" Y="67373" Z="0"/>
					<Vertex X="41179" Y="67716" Z="0"/>
					<Vertex X="40836" Y="67830" Z="0"/>
					<Vertex X="40493" Y="67944" Z="0"/>
					<Vertex X="40264" Y="67944" Z="0"/>
					<Vertex X="39806" Y="68059" Z="0"/>
					<Vertex X="39692" Y="68173" Z="0"/>
					<Vertex X="39349" Y="68288" Z="0"/>
					<Vertex X="39006" Y="68516" Z="0"/>
					<Vertex X="38662" Y="68631" Z="0"/>
					<Vertex X="38434" Y="68745" Z="0"/>
					<Vertex X="37862" Y="69088" Z="0"/>
					<Vertex X="37404" Y="69431" Z="0"/>
					<Vertex X="37290" Y="69431" Z="0"/>
					<Vertex X="36718" Y="69889" Z="0"/>
					<Vertex X="36489" Y="70003" Z="0"/>
					<Vertex X="36032" Y="70232" Z="0"/>
					<Vertex X="35688" Y="70461" Z="0"/>
					<Vertex X="35231" Y="70690" Z="0"/>
					<Vertex X="34888" Y="70804" Z="0"/>
					<Vertex X="34545" Y="71033" Z="0"/>
					<Vertex X="34316" Y="71033" Z="0"/>
					<Vertex X="34087" Y="71147" Z="0"/>
					<Vertex X="33973" Y="71147" Z="0"/>
					<Vertex X="33858" Y="71147" Z="0"/>
					<Vertex X="33286" Y="71490" Z="0"/>
					<Vertex X="32829" Y="71376" Z="0"/>
					<Vertex X="32714" Y="71719" Z="0"/>
					<Vertex X="32143" Y="71948" Z="0"/>
					<Vertex X="31685" Y="72062" Z="0"/>
					<Vertex X="31113" Y="72177" Z="0"/>
					<Vertex X="30541" Y="72405" Z="0"/>
					<Vertex X="30084" Y="72405" Z="0"/>
					<Vertex X="29740" Y="72520" Z="0"/>
					<Vertex X="29283" Y="72634" Z="0"/>
					<Vertex X="28940" Y="72634" Z="0"/>
					<Vertex X="28368" Y="72634" Z="0"/>
					<Vertex X="28139" Y="72749" Z="0"/>
					<Vertex X="27567" Y="72520" Z="0"/>
					<Vertex X="27453" Y="72749" Z="0"/>
					<Vertex X="27110" Y="72749" Z="0"/>
					<Vertex X="26538" Y="72520" Z="0"/>
					<Vertex X="26538" Y="72749" Z="0"/>
					<Vertex X="26423" Y="72749" Z="0"/>
					<Vertex X="26195" Y="72749" Z="0"/>
					<Vertex X="25851" Y="72520" Z="0"/>
					<Vertex X="25737" Y="72634" Z="0"/>
					<Vertex X="25508" Y="72520" Z="0"/>
					<Vertex X="25394" Y="72405" Z="0"/>
					<Vertex X="25165" Y="72291" Z="0"/>
					<Vertex X="24936" Y="72177" Z="0"/>
					<Vertex X="24936" Y="71948" Z="0"/>
					<Vertex X="24822" Y="71948" Z="0"/>
					<Vertex X="24593" Y="71490" Z="0"/>
					<Vertex X="24479" Y="71147" Z="0"/>
					<Vertex X="24364" Y="70690" Z="0"/>
					<Vertex X="24250" Y="70003" Z="0"/>
					<Vertex X="24136" Y="69431" Z="0"/>
					<Vertex X="24136" Y="68974" Z="0"/>
					<Vertex X="24021" Y="68402" Z="0"/>
					<Vertex X="24021" Y="67601" Z="0"/>
					<Vertex X="24021" Y="67487" Z="0"/>
					<Vertex X="24021" Y="66686" Z="0"/>
					<Vertex X="24021" Y="66457" Z="0"/>
					<Vertex X="23907" Y="66000" Z="0"/>
					<Vertex X="23907" Y="65657" Z="0"/>
					<Vertex X="23907" Y="65314" Z="0"/>
					<Vertex X="23792" Y="65085" Z="0"/>
					<Vertex X="23792" Y="64856" Z="0"/>
					<Vertex X="23678" Y="64627" Z="0"/>
					<Vertex X="23678" Y="64513" Z="0"/>
					<Vertex X="23449" Y="64284" Z="0"/>
					<Vertex X="23678" Y="64055" Z="0"/>
					<Vertex X="23449" Y="63369" Z="0"/>
					<Vertex X="23449" Y="63026" Z="0"/>
					<Vertex X="23221" Y="61882" Z="0"/>
					<Vertex X="22877" Y="60624" Z="0"/>
					<Vertex X="22649" Y="60052" Z="0"/>
					<Vertex X="22191" Y="58107" Z="0"/>
					<Vertex X="21962" Y="57879" Z="0"/>
					<Vertex X="21047" Y="49986" Z="0"/>
					<Vertex X="21047" Y="49643" Z="0"/>
					<Vertex X="20818" Y="48842" Z="0"/>
					<Vertex X="21047" Y="48842" Z="0"/>
					<Vertex X="21047" Y="48613" Z="0"/>
					<Vertex X="21047" Y="48270" Z="0"/>
					<Vertex X="20818" Y="47927" Z="0"/>
					<Vertex X="21047" Y="47813" Z="0"/>
					<Vertex X="21047" Y="47584" Z="0"/>
					<Vertex X="21047" Y="47470" Z="0"/>
					<Vertex X="21047" Y="47355" Z="0"/>
					<Vertex X="21047" Y="47241" Z="0"/>
					<Vertex X="21047" Y="47126" Z="0"/>
					<Vertex X="21047" Y="47012" Z="0"/>
					<Vertex X="21047" Y="46555" Z="0"/>
					<Vertex X="21047" Y="46097" Z="0"/>
					<Vertex X="21047" Y="45411" Z="0"/>
					<Vertex X="21047" Y="44610" Z="0"/>
					<Vertex X="21047" Y="44038" Z="0"/>
					<Vertex X="21047" Y="43695" Z="0"/>
					<Vertex X="21047" Y="43123" Z="0"/>
					<Vertex X="21047" Y="42665" Z="0"/>
					<Vertex X="21047" Y="42322" Z="0"/>
					<Vertex X="21047" Y="41979" Z="0"/>
					<Vertex X="21047" Y="41750" Z="0"/>
					<Vertex X="21047" Y="41636" Z="0"/>
					<Vertex X="21047" Y="41407" Z="0"/>
					<Vertex X="21047" Y="41293" Z="0"/>
					<Vertex X="21047" Y="41178" Z="0"/>
					<Vertex X="21047" Y="41064" Z="0"/>
					<Vertex X="21047" Y="40950" Z="0"/>
					<Vertex X="21162" Y="40835" Z="0"/>
					<Vertex X="21162" Y="40607" Z="0"/>
					<Vertex X="21162" Y="40492" Z="0"/>
					<Vertex X="21162" Y="40378" Z="0"/>
					<Vertex X="21162" Y="40263" Z="0"/>
					<Vertex X="21162" Y="40149" Z="0"/>
					<Vertex X="21162" Y="40035" Z="0"/>
					<Vertex X="21162" Y="39806" Z="0"/>
					<Vertex X="21162" Y="39691" Z="0"/>
					<Vertex X="21162" Y="37289" Z="0"/>
					<Vertex X="21390" Y="37518" Z="0"/>
					<Vertex X="21162" Y="37404" Z="0"/>
					<Vertex X="21162" Y="37518" Z="0"/>
					<Vertex X="21162" Y="37633" Z="0"/>
					<Vertex X="21390" Y="37976" Z="0"/>
					<Vertex X="21390" Y="38090" Z="0"/>
					<Vertex X="21162" Y="37861" Z="0"/>
					<Vertex X="21390" Y="38204" Z="0"/>
					<Vertex X="21390" Y="38319" Z="0"/>
					<Vertex X="21390" Y="38433" Z="0"/>
					<Vertex X="21390" Y="38548" Z="0"/>
					<Vertex X="21390" Y="38662" Z="0"/>
					<Vertex X="21162" Y="38433" Z="0"/>
					<Vertex X="21162" Y="38548" Z="0"/>
					<Vertex X="21390" Y="38776" Z="0"/>
					<Vertex X="21390" Y="38891" Z="0"/>
					<Vertex X="21276" Y="39005" Z="0"/>
					<Vertex X="21276" Y="39120" Z="0"/>
					<Vertex X="21047" Y="39005" Z="0"/>
					<Vertex X="21276" Y="39348" Z="0"/>
					<Vertex X="21276" Y="39463" Z="0"/>
					<Vertex X="21162" Y="39577" Z="0"/>
					<Vertex X="20933" Y="39463" Z="0"/>
				</Vertices>
			</Region>
			<Region Id="3" Type="0" Zoom="0.008656" Selected="0" ImageLocation="" ImageFocus="-1" Length="88335.9" Area="398309094.5" LengthMicrons="22304.8" AreaMicrons="25394693.7" Text="" NegativeROA="0" InputRegionId="0" Analyze="1" DisplayId="3">
				<Attributes/>
				<Vertices>
					<Vertex X="71833" Y="23220" Z="0"/>
					<Vertex X="71948" Y="23106" Z="0"/>
					<Vertex X="72062" Y="23106" Z="0"/>
					<Vertex X="72291" Y="23106" Z="0"/>
					<Vertex X="72520" Y="23106" Z="0"/>
					<Vertex X="72405" Y="22877" Z="0"/>
					<Vertex X="73320" Y="23106" Z="0"/>
					<Vertex X="73778" Y="23106" Z="0"/>
					<Vertex X="74007" Y="22877" Z="0"/>
					<Vertex X="74464" Y="23106" Z="0"/>
					<Vertex X="74922" Y="22877" Z="0"/>
					<Vertex X="75379" Y="22992" Z="0"/>
					<Vertex X="75837" Y="22992" Z="0"/>
					<Vertex X="76294" Y="22992" Z="0"/>
					<Vertex X="76866" Y="22992" Z="0"/>
					<Vertex X="77438" Y="22992" Z="0"/>
					<Vertex X="78010" Y="22992" Z="0"/>
					<Vertex X="78468" Y="22992" Z="0"/>
					<Vertex X="78697" Y="22992" Z="0"/>
					<Vertex X="79268" Y="23106" Z="0"/>
					<Vertex X="79840" Y="23335" Z="0"/>
					<Vertex X="80412" Y="23449" Z="0"/>
					<Vertex X="80870" Y="23449" Z="0"/>
					<Vertex X="81556" Y="23792" Z="0"/>
					<Vertex X="82357" Y="24250" Z="0"/>
					<Vertex X="82814" Y="24479" Z="0"/>
					<Vertex X="83043" Y="24479" Z="0"/>
					<Vertex X="83501" Y="24707" Z="0"/>
					<Vertex X="84073" Y="25050" Z="0"/>
					<Vertex X="84301" Y="25165" Z="0"/>
					<Vertex X="84645" Y="25394" Z="0"/>
					<Vertex X="85216" Y="25737" Z="0"/>
					<Vertex X="85560" Y="25966" Z="0"/>
					<Vertex X="85788" Y="26080" Z="0"/>
					<Vertex X="86132" Y="26423" Z="0"/>
					<Vertex X="86589" Y="26652" Z="0"/>
					<Vertex X="86932" Y="26881" Z="0"/>
					<Vertex X="87733" Y="27567" Z="0"/>
					<Vertex X="88648" Y="28253" Z="0"/>
					<Vertex X="88991" Y="28368" Z="0"/>
					<Vertex X="89563" Y="28711" Z="0"/>
					<Vertex X="90364" Y="29168" Z="0"/>
					<Vertex X="90821" Y="29397" Z="0"/>
					<Vertex X="91050" Y="29283" Z="0"/>
					<Vertex X="91279" Y="29283" Z="0"/>
					<Vertex X="92308" Y="29626" Z="0"/>
					<Vertex X="92537" Y="29740" Z="0"/>
					<Vertex X="93223" Y="29855" Z="0"/>
					<Vertex X="93338" Y="29969" Z="0"/>
					<Vertex X="93795" Y="30083" Z="0"/>
					<Vertex X="94138" Y="30198" Z="0"/>
					<Vertex X="94482" Y="30427" Z="0"/>
					<Vertex X="94825" Y="30541" Z="0"/>
					<Vertex X="95282" Y="30541" Z="0"/>
					<Vertex X="95740" Y="30655" Z="0"/>
					<Vertex X="96083" Y="30770" Z="0"/>
					<Vertex X="96197" Y="30770" Z="0"/>
					<Vertex X="96541" Y="30770" Z="0"/>
					<Vertex X="96998" Y="30770" Z="0"/>
					<Vertex X="97341" Y="30770" Z="0"/>
					<Vertex X="97456" Y="30770" Z="0"/>
					<Vertex X="97799" Y="30770" Z="0"/>
					<Vertex X="98142" Y="30884" Z="0"/>
					<Vertex X="98599" Y="30884" Z="0"/>
					<Vertex X="98828" Y="31113" Z="0"/>
					<Vertex X="99286" Y="31227" Z="0"/>
					<Vertex X="99629" Y="31342" Z="0"/>
					<Vertex X="99972" Y="31570" Z="0"/>
					<Vertex X="100315" Y="31685" Z="0"/>
					<Vertex X="100430" Y="31570" Z="0"/>
					<Vertex X="100773" Y="31914" Z="0"/>
					<Vertex X="100773" Y="32028" Z="0"/>
					<Vertex X="100773" Y="32028" Z="0"/>
					<Vertex X="101002" Y="32257" Z="0"/>
					<Vertex X="101002" Y="32485" Z="0"/>
					<Vertex X="101002" Y="32829" Z="0"/>
					<Vertex X="101002" Y="33515" Z="0"/>
					<Vertex X="101116" Y="34087" Z="0"/>
					<Vertex X="101002" Y="34316" Z="0"/>
					<Vertex X="101459" Y="35459" Z="0"/>
					<Vertex X="101573" Y="35917" Z="0"/>
					<Vertex X="101802" Y="36260" Z="0"/>
					<Vertex X="101573" Y="36260" Z="0"/>
					<Vertex X="101688" Y="36489" Z="0"/>
					<Vertex X="102031" Y="36946" Z="0"/>
					<Vertex X="102145" Y="37061" Z="0"/>
					<Vertex X="102145" Y="37175" Z="0"/>
					<Vertex X="102260" Y="37518" Z="0"/>
					<Vertex X="102260" Y="37862" Z="0"/>
					<Vertex X="102374" Y="38090" Z="0"/>
					<Vertex X="102374" Y="38319" Z="0"/>
					<Vertex X="102374" Y="38662" Z="0"/>
					<Vertex X="102145" Y="38891" Z="0"/>
					<Vertex X="102145" Y="39234" Z="0"/>
					<Vertex X="102374" Y="39806" Z="0"/>
					<Vertex X="102145" Y="39806" Z="0"/>
					<Vertex X="102374" Y="40607" Z="0"/>
					<Vertex X="102145" Y="41064" Z="0"/>
					<Vertex X="102031" Y="41293" Z="0"/>
					<Vertex X="101802" Y="41636" Z="0"/>
					<Vertex X="101459" Y="42208" Z="0"/>
					<Vertex X="101345" Y="42323" Z="0"/>
					<Vertex X="101002" Y="42551" Z="0"/>
					<Vertex X="100773" Y="42894" Z="0"/>
					<Vertex X="100544" Y="43123" Z="0"/>
					<Vertex X="100315" Y="43352" Z="0"/>
					<Vertex X="99972" Y="43695" Z="0"/>
					<Vertex X="99743" Y="43924" Z="0"/>
					<Vertex X="99515" Y="44038" Z="0"/>
					<Vertex X="99286" Y="44267" Z="0"/>
					<Vertex X="99057" Y="44267" Z="0"/>
					<Vertex X="98943" Y="44381" Z="0"/>
					<Vertex X="98371" Y="44267" Z="0"/>
					<Vertex X="98256" Y="44496" Z="0"/>
					<Vertex X="97799" Y="44267" Z="0"/>
					<Vertex X="97684" Y="44496" Z="0"/>
					<Vertex X="97341" Y="44496" Z="0"/>
					<Vertex X="96998" Y="44496" Z="0"/>
					<Vertex X="96769" Y="44496" Z="0"/>
					<Vertex X="96655" Y="44496" Z="0"/>
					<Vertex X="96312" Y="44496" Z="0"/>
					<Vertex X="96197" Y="44496" Z="0"/>
					<Vertex X="95854" Y="44381" Z="0"/>
					<Vertex X="95625" Y="44267" Z="0"/>
					<Vertex X="95511" Y="44267" Z="0"/>
					<Vertex X="94825" Y="43695" Z="0"/>
					<Vertex X="94482" Y="43466" Z="0"/>
					<Vertex X="94138" Y="43238" Z="0"/>
					<Vertex X="94024" Y="43123" Z="0"/>
					<Vertex X="93681" Y="43009" Z="0"/>
					<Vertex X="93338" Y="42894" Z="0"/>
					<Vertex X="92995" Y="42780" Z="0"/>
					<Vertex X="92537" Y="42551" Z="0"/>
					<Vertex X="91965" Y="42666" Z="0"/>
					<Vertex X="91508" Y="42666" Z="0"/>
					<Vertex X="90936" Y="42666" Z="0"/>
					<Vertex X="90478" Y="42666" Z="0"/>
					<Vertex X="90249" Y="42666" Z="0"/>
					<Vertex X="89449" Y="42666" Z="0"/>
					<Vertex X="88991" Y="42666" Z="0"/>
					<Vertex X="88762" Y="42666" Z="0"/>
					<Vertex X="88190" Y="42666" Z="0"/>
					<Vertex X="87504" Y="42666" Z="0"/>
					<Vertex X="87047" Y="42666" Z="0"/>
					<Vertex X="86360" Y="42666" Z="0"/>
					<Vertex X="85903" Y="42666" Z="0"/>
					<Vertex X="85216" Y="42666" Z="0"/>
					<Vertex X="84416" Y="42437" Z="0"/>
					<Vertex X="84416" Y="42666" Z="0"/>
					<Vertex X="83844" Y="42666" Z="0"/>
					<Vertex X="83386" Y="42666" Z="0"/>
					<Vertex X="82700" Y="42437" Z="0"/>
					<Vertex X="82586" Y="42323" Z="0"/>
					<Vertex X="82357" Y="42208" Z="0"/>
					<Vertex X="82357" Y="41979" Z="0"/>
					<Vertex X="82128" Y="41636" Z="0"/>
					<Vertex X="81556" Y="40721" Z="0"/>
					<Vertex X="80755" Y="39577" Z="0"/>
					<Vertex X="80641" Y="39234" Z="0"/>
					<Vertex X="80069" Y="38433" Z="0"/>
					<Vertex X="79383" Y="37518" Z="0"/>
					<Vertex X="78582" Y="36603" Z="0"/>
					<Vertex X="78125" Y="36031" Z="0"/>
					<Vertex X="77667" Y="35574" Z="0"/>
					<Vertex X="76981" Y="34773" Z="0"/>
					<Vertex X="76866" Y="34773" Z="0"/>
					<Vertex X="76523" Y="34430" Z="0"/>
					<Vertex X="76180" Y="34087" Z="0"/>
					<Vertex X="75723" Y="33744" Z="0"/>
					<Vertex X="75494" Y="33515" Z="0"/>
					<Vertex X="75265" Y="33401" Z="0"/>
					<Vertex X="75036" Y="33172" Z="0"/>
					<Vertex X="74579" Y="32714" Z="0"/>
					<Vertex X="74350" Y="32371" Z="0"/>
					<Vertex X="74121" Y="32142" Z="0"/>
					<Vertex X="73892" Y="31685" Z="0"/>
					<Vertex X="73778" Y="31227" Z="0"/>
					<Vertex X="73664" Y="30998" Z="0"/>
					<Vertex X="73549" Y="30884" Z="0"/>
					<Vertex X="73435" Y="30655" Z="0"/>
					<Vertex X="73320" Y="30427" Z="0"/>
					<Vertex X="73206" Y="30083" Z="0"/>
					<Vertex X="73206" Y="29855" Z="0"/>
					<Vertex X="73092" Y="29397" Z="0"/>
					<Vertex X="72977" Y="29283" Z="0"/>
					<Vertex X="72977" Y="28940" Z="0"/>
					<Vertex X="72863" Y="28596" Z="0"/>
					<Vertex X="72749" Y="28253" Z="0"/>
					<Vertex X="72749" Y="28024" Z="0"/>
					<Vertex X="72634" Y="27796" Z="0"/>
					<Vertex X="72520" Y="27453" Z="0"/>
					<Vertex X="72520" Y="27109" Z="0"/>
					<Vertex X="72520" Y="26995" Z="0"/>
					<Vertex X="72405" Y="26652" Z="0"/>
					<Vertex X="72405" Y="26423" Z="0"/>
					<Vertex X="72291" Y="26309" Z="0"/>
					<Vertex X="72177" Y="26080" Z="0"/>
					<Vertex X="72177" Y="25851" Z="0"/>
					<Vertex X="72062" Y="25622" Z="0"/>
					<Vertex X="71948" Y="25508" Z="0"/>
					<Vertex X="71948" Y="25279" Z="0"/>
					<Vertex X="71948" Y="25165" Z="0"/>
					<Vertex X="71833" Y="25050" Z="0"/>
					<Vertex X="71833" Y="24936" Z="0"/>
					<Vertex X="71833" Y="24707" Z="0"/>
					<Vertex X="71833" Y="24593" Z="0"/>
					<Vertex X="71719" Y="24479" Z="0"/>
					<Vertex X="71719" Y="24364" Z="0"/>
					<Vertex X="71719" Y="24250" Z="0"/>
					<Vertex X="71719" Y="24135" Z="0"/>
					<Vertex X="71605" Y="24021" Z="0"/>
					<Vertex X="71490" Y="23907" Z="0"/>
					<Vertex X="71262" Y="23678" Z="0"/>
					<Vertex X="71833" Y="23220" Z="0"/>
				</Vertices>
			</Region>
			<Region Id="4" Type="0" Zoom="0.008656" Selected="1" ImageLocation="" ImageFocus="-1" Length="34934.9" Area="72483841.5" LengthMicrons="8821.1" AreaMicrons="4621297.8" Text="" NegativeROA="0" InputRegionId="0" Analyze="1" DisplayId="4">
				<Attributes/>
				<Vertices>
					<Vertex X="73549" Y="57193" Z="0"/>
					<Vertex X="73549" Y="57421" Z="0"/>
					<Vertex X="73664" Y="57764" Z="0"/>
					<Vertex X="73664" Y="57879" Z="0"/>
					<Vertex X="73664" Y="57993" Z="0"/>
					<Vertex X="73664" Y="58222" Z="0"/>
					<Vertex X="73778" Y="58565" Z="0"/>
					<Vertex X="73892" Y="58680" Z="0"/>
					<Vertex X="73892" Y="58908" Z="0"/>
					<Vertex X="74121" Y="59137" Z="0"/>
					<Vertex X="74121" Y="59366" Z="0"/>
					<Vertex X="74350" Y="59595" Z="0"/>
					<Vertex X="74464" Y="59709" Z="0"/>
					<Vertex X="74579" Y="59938" Z="0"/>
					<Vertex X="74807" Y="60167" Z="0"/>
					<Vertex X="75036" Y="60395" Z="0"/>
					<Vertex X="75036" Y="60281" Z="0"/>
					<Vertex X="75494" Y="60624" Z="0"/>
					<Vertex X="75837" Y="60738" Z="0"/>
					<Vertex X="75837" Y="60624" Z="0"/>
					<Vertex X="76180" Y="60624" Z="0"/>
					<Vertex X="76523" Y="60853" Z="0"/>
					<Vertex X="76523" Y="60624" Z="0"/>
					<Vertex X="76752" Y="60624" Z="0"/>
					<Vertex X="76981" Y="60624" Z="0"/>
					<Vertex X="77324" Y="60853" Z="0"/>
					<Vertex X="77438" Y="60853" Z="0"/>
					<Vertex X="77553" Y="60853" Z="0"/>
					<Vertex X="77781" Y="60738" Z="0"/>
					<Vertex X="77896" Y="60624" Z="0"/>
					<Vertex X="77781" Y="60395" Z="0"/>
					<Vertex X="78125" Y="60510" Z="0"/>
					<Vertex X="78239" Y="60395" Z="0"/>
					<Vertex X="78353" Y="60281" Z="0"/>
					<Vertex X="78353" Y="59938" Z="0"/>
					<Vertex X="78811" Y="59938" Z="0"/>
					<Vertex X="79040" Y="59709" Z="0"/>
					<Vertex X="79268" Y="59480" Z="0"/>
					<Vertex X="79383" Y="59366" Z="0"/>
					<Vertex X="79383" Y="59251" Z="0"/>
					<Vertex X="79612" Y="58908" Z="0"/>
					<Vertex X="79840" Y="58565" Z="0"/>
					<Vertex X="79955" Y="58336" Z="0"/>
					<Vertex X="80069" Y="57993" Z="0"/>
					<Vertex X="80184" Y="57421" Z="0"/>
					<Vertex X="80298" Y="57307" Z="0"/>
					<Vertex X="80298" Y="56735" Z="0"/>
					<Vertex X="80069" Y="56049" Z="0"/>
					<Vertex X="80298" Y="55706" Z="0"/>
					<Vertex X="80298" Y="55477" Z="0"/>
					<Vertex X="80069" Y="54790" Z="0"/>
					<Vertex X="80298" Y="54790" Z="0"/>
					<Vertex X="80184" Y="54562" Z="0"/>
					<Vertex X="80184" Y="54219" Z="0"/>
					<Vertex X="80184" Y="53761" Z="0"/>
					<Vertex X="80184" Y="53303" Z="0"/>
					<Vertex X="80184" Y="52846" Z="0"/>
					<Vertex X="79840" Y="52160" Z="0"/>
					<Vertex X="79840" Y="52045" Z="0"/>
					<Vertex X="79840" Y="51588" Z="0"/>
					<Vertex X="79726" Y="51130" Z="0"/>
					<Vertex X="79497" Y="50673" Z="0"/>
					<Vertex X="79383" Y="50444" Z="0"/>
					<Vertex X="79154" Y="50101" Z="0"/>
					<Vertex X="78811" Y="49872" Z="0"/>
					<Vertex X="78697" Y="49758" Z="0"/>
					<Vertex X="78582" Y="49643" Z="0"/>
					<Vertex X="78353" Y="49529" Z="0"/>
					<Vertex X="77896" Y="49186" Z="0"/>
					<Vertex X="77896" Y="49300" Z="0"/>
					<Vertex X="77553" Y="49300" Z="0"/>
					<Vertex X="77210" Y="49300" Z="0"/>
					<Vertex X="76981" Y="49300" Z="0"/>
					<Vertex X="76752" Y="49300" Z="0"/>
					<Vertex X="76523" Y="49300" Z="0"/>
					<Vertex X="76409" Y="49300" Z="0"/>
					<Vertex X="76180" Y="49300" Z="0"/>
					<Vertex X="75837" Y="49414" Z="0"/>
					<Vertex X="75723" Y="49414" Z="0"/>
					<Vertex X="75379" Y="49643" Z="0"/>
					<Vertex X="75265" Y="49643" Z="0"/>
					<Vertex X="75036" Y="49872" Z="0"/>
					<Vertex X="74350" Y="49872" Z="0"/>
					<Vertex X="74464" Y="50215" Z="0"/>
					<Vertex X="74121" Y="50444" Z="0"/>
					<Vertex X="74121" Y="50558" Z="0"/>
					<Vertex X="73892" Y="50787" Z="0"/>
					<Vertex X="73664" Y="51016" Z="0"/>
					<Vertex X="73320" Y="51359" Z="0"/>
					<Vertex X="73092" Y="51702" Z="0"/>
					<Vertex X="72863" Y="52045" Z="0"/>
					<Vertex X="72520" Y="52388" Z="0"/>
					<Vertex X="72405" Y="52732" Z="0"/>
					<Vertex X="72291" Y="53075" Z="0"/>
					<Vertex X="72177" Y="53418" Z="0"/>
					<Vertex X="72177" Y="53761" Z="0"/>
					<Vertex X="72177" Y="53990" Z="0"/>
					<Vertex X="72177" Y="54447" Z="0"/>
					<Vertex X="72177" Y="54790" Z="0"/>
					<Vertex X="71948" Y="55591" Z="0"/>
					<Vertex X="72177" Y="55820" Z="0"/>
					<Vertex X="72177" Y="56163" Z="0"/>
					<Vertex X="73092" Y="56163" Z="0"/>
					<Vertex X="73320" Y="56392" Z="0"/>
					<Vertex X="73320" Y="56506" Z="0"/>
					<Vertex X="73435" Y="56621" Z="0"/>
					<Vertex X="73435" Y="56849" Z="0"/>
					<Vertex X="73549" Y="56964" Z="0"/>
					<Vertex X="73549" Y="57193" Z="0"/>
				</Vertices>
			</Region>
		</Regions>
		<Plots/>
	</Annotation>
</Annotations>
