<Annotations MicronsPerPixel="0.252500">
	<Annotation Id="1" Name="" ReadOnly="0" NameReadOnly="0" LineColorReadOnly="0" Incremental="0" Type="4" LineColor="65535" Visible="1" Selected="1" MarkupImagePath="" MacroName="">
		<Attributes/>
		<Regions>
			<RegionAttributeHeaders/>
			<Region Id="1" Type="0" Zoom="0.006945" Selected="1" ImageLocation="" ImageFocus="-1" Length="152911.3" Area="902470690.5" LengthMicrons="38610.1" AreaMicrons="57538145.9" Text="" NegativeROA="0" InputRegionId="0" Analyze="1" DisplayId="1">
				<Attributes/>
				<Vertices>
					<Vertex X="7840" Y="24662" Z="0"/>
					<Vertex X="7840" Y="24519" Z="0"/>
					<Vertex X="7840" Y="24377" Z="0"/>
					<Vertex X="8126" Y="24377" Z="0"/>
					<Vertex X="8126" Y="24092" Z="0"/>
					<Vertex X="8126" Y="23236" Z="0"/>
					<Vertex X="8126" Y="23094" Z="0"/>
					<Vertex X="7983" Y="22096" Z="0"/>
					<Vertex X="8411" Y="21953" Z="0"/>
					<Vertex X="8696" Y="21526" Z="0"/>
					<Vertex X="8981" Y="21098" Z="0"/>
					<Vertex X="9266" Y="20813" Z="0"/>
					<Vertex X="9409" Y="20670" Z="0"/>
					<Vertex X="9836" Y="20385" Z="0"/>
					<Vertex X="10121" Y="20100" Z="0"/>
					<Vertex X="10264" Y="20100" Z="0"/>
					<Vertex X="10121" Y="19673" Z="0"/>
					<Vertex X="10692" Y="19958" Z="0"/>
					<Vertex X="10977" Y="19815" Z="0"/>
					<Vertex X="11119" Y="19673" Z="0"/>
					<Vertex X="11404" Y="19530" Z="0"/>
					<Vertex X="11689" Y="19530" Z="0"/>
					<Vertex X="11689" Y="19102" Z="0"/>
					<Vertex X="12260" Y="19245" Z="0"/>
					<Vertex X="12545" Y="19245" Z="0"/>
					<Vertex X="12972" Y="19102" Z="0"/>
					<Vertex X="13400" Y="19102" Z="0"/>
					<Vertex X="13543" Y="19102" Z="0"/>
					<Vertex X="13970" Y="19102" Z="0"/>
					<Vertex X="14540" Y="18960" Z="0"/>
					<Vertex X="14968" Y="18960" Z="0"/>
					<Vertex X="15396" Y="18817" Z="0"/>
					<Vertex X="15538" Y="18390" Z="0"/>
					<Vertex X="16109" Y="18247" Z="0"/>
					<Vertex X="16964" Y="18390" Z="0"/>
					<Vertex X="17534" Y="18390" Z="0"/>
					<Vertex X="17534" Y="18104" Z="0"/>
					<Vertex X="18247" Y="18104" Z="0"/>
					<Vertex X="18532" Y="18104" Z="0"/>
					<Vertex X="19102" Y="18247" Z="0"/>
					<Vertex X="19958" Y="18675" Z="0"/>
					<Vertex X="20385" Y="18817" Z="0"/>
					<Vertex X="20528" Y="18960" Z="0"/>
					<Vertex X="20955" Y="18960" Z="0"/>
					<Vertex X="20813" Y="18675" Z="0"/>
					<Vertex X="20955" Y="18817" Z="0"/>
					<Vertex X="21526" Y="19245" Z="0"/>
					<Vertex X="21953" Y="19530" Z="0"/>
					<Vertex X="22523" Y="20100" Z="0"/>
					<Vertex X="22666" Y="20243" Z="0"/>
					<Vertex X="23664" Y="21241" Z="0"/>
					<Vertex X="24234" Y="21811" Z="0"/>
					<Vertex X="24377" Y="22096" Z="0"/>
					<Vertex X="24947" Y="22666" Z="0"/>
					<Vertex X="25232" Y="22951" Z="0"/>
					<Vertex X="26230" Y="23807" Z="0"/>
					<Vertex X="26372" Y="23949" Z="0"/>
					<Vertex X="27085" Y="24519" Z="0"/>
					<Vertex X="27370" Y="24662" Z="0"/>
					<Vertex X="27655" Y="24804" Z="0"/>
					<Vertex X="28368" Y="25517" Z="0"/>
					<Vertex X="28653" Y="25802" Z="0"/>
					<Vertex X="29081" Y="26087" Z="0"/>
					<Vertex X="29224" Y="26230" Z="0"/>
					<Vertex X="29366" Y="26230" Z="0"/>
					<Vertex X="29794" Y="26658" Z="0"/>
					<Vertex X="30221" Y="27085" Z="0"/>
					<Vertex X="30506" Y="27228" Z="0"/>
					<Vertex X="30792" Y="27656" Z="0"/>
					<Vertex X="31219" Y="27941" Z="0"/>
					<Vertex X="31647" Y="28226" Z="0"/>
					<Vertex X="32075" Y="28796" Z="0"/>
					<Vertex X="32645" Y="29366" Z="0"/>
					<Vertex X="32930" Y="29651" Z="0"/>
					<Vertex X="33215" Y="29936" Z="0"/>
					<Vertex X="33215" Y="30222" Z="0"/>
					<Vertex X="33643" Y="30649" Z="0"/>
					<Vertex X="33643" Y="30934" Z="0"/>
					<Vertex X="33643" Y="31219" Z="0"/>
					<Vertex X="33500" Y="31505" Z="0"/>
					<Vertex X="33928" Y="32217" Z="0"/>
					<Vertex X="34213" Y="33073" Z="0"/>
					<Vertex X="34641" Y="34213" Z="0"/>
					<Vertex X="34641" Y="34926" Z="0"/>
					<Vertex X="35353" Y="36351" Z="0"/>
					<Vertex X="35638" Y="37207" Z="0"/>
					<Vertex X="35924" Y="38205" Z="0"/>
					<Vertex X="36066" Y="38632" Z="0"/>
					<Vertex X="36494" Y="39630" Z="0"/>
					<Vertex X="36636" Y="40343" Z="0"/>
					<Vertex X="36921" Y="40913" Z="0"/>
					<Vertex X="36779" Y="40913" Z="0"/>
					<Vertex X="37064" Y="41483" Z="0"/>
					<Vertex X="37634" Y="42196" Z="0"/>
					<Vertex X="37919" Y="42624" Z="0"/>
					<Vertex X="38204" Y="43051" Z="0"/>
					<Vertex X="38204" Y="43336" Z="0"/>
					<Vertex X="38632" Y="43907" Z="0"/>
					<Vertex X="39060" Y="44334" Z="0"/>
					<Vertex X="39345" Y="44762" Z="0"/>
					<Vertex X="39630" Y="45332" Z="0"/>
					<Vertex X="39772" Y="45475" Z="0"/>
					<Vertex X="40343" Y="46188" Z="0"/>
					<Vertex X="40343" Y="46615" Z="0"/>
					<Vertex X="40770" Y="47043" Z="0"/>
					<Vertex X="41055" Y="47756" Z="0"/>
					<Vertex X="41768" Y="48754" Z="0"/>
					<Vertex X="42053" Y="49324" Z="0"/>
					<Vertex X="42196" Y="49609" Z="0"/>
					<Vertex X="42196" Y="49751" Z="0"/>
					<Vertex X="42481" Y="50607" Z="0"/>
					<Vertex X="42624" Y="51034" Z="0"/>
					<Vertex X="42909" Y="51747" Z="0"/>
					<Vertex X="43907" Y="53173" Z="0"/>
					<Vertex X="44334" Y="54028" Z="0"/>
					<Vertex X="45190" Y="55311" Z="0"/>
					<Vertex X="45902" Y="56451" Z="0"/>
					<Vertex X="46045" Y="57022" Z="0"/>
					<Vertex X="47043" Y="58875" Z="0"/>
					<Vertex X="47470" Y="59588" Z="0"/>
					<Vertex X="47898" Y="60300" Z="0"/>
					<Vertex X="48753" Y="61583" Z="0"/>
					<Vertex X="49324" Y="62581" Z="0"/>
					<Vertex X="49466" Y="62724" Z="0"/>
					<Vertex X="49466" Y="62866" Z="0"/>
					<Vertex X="49609" Y="63294" Z="0"/>
					<Vertex X="50036" Y="63864" Z="0"/>
					<Vertex X="49894" Y="64007" Z="0"/>
					<Vertex X="50321" Y="64720" Z="0"/>
					<Vertex X="50321" Y="65147" Z="0"/>
					<Vertex X="50179" Y="65290" Z="0"/>
					<Vertex X="50464" Y="66145" Z="0"/>
					<Vertex X="50464" Y="66573" Z="0"/>
					<Vertex X="50464" Y="66858" Z="0"/>
					<Vertex X="50464" Y="67285" Z="0"/>
					<Vertex X="50036" Y="67285" Z="0"/>
					<Vertex X="50179" Y="68141" Z="0"/>
					<Vertex X="49751" Y="67998" Z="0"/>
					<Vertex X="49609" Y="68283" Z="0"/>
					<Vertex X="49751" Y="68711" Z="0"/>
					<Vertex X="49609" Y="68854" Z="0"/>
					<Vertex X="49466" Y="68996" Z="0"/>
					<Vertex X="49324" Y="69139" Z="0"/>
					<Vertex X="49181" Y="69281" Z="0"/>
					<Vertex X="49038" Y="69424" Z="0"/>
					<Vertex X="48896" Y="69424" Z="0"/>
					<Vertex X="48753" Y="69566" Z="0"/>
					<Vertex X="48183" Y="69424" Z="0"/>
					<Vertex X="48041" Y="69566" Z="0"/>
					<Vertex X="48183" Y="69851" Z="0"/>
					<Vertex X="48041" Y="69994" Z="0"/>
					<Vertex X="47898" Y="70137" Z="0"/>
					<Vertex X="47613" Y="70137" Z="0"/>
					<Vertex X="47470" Y="70279" Z="0"/>
					<Vertex X="47043" Y="70137" Z="0"/>
					<Vertex X="47043" Y="70422" Z="0"/>
					<Vertex X="46615" Y="70279" Z="0"/>
					<Vertex X="46615" Y="70707" Z="0"/>
					<Vertex X="46472" Y="70707" Z="0"/>
					<Vertex X="46187" Y="70849" Z="0"/>
					<Vertex X="46045" Y="70849" Z="0"/>
					<Vertex X="45760" Y="70849" Z="0"/>
					<Vertex X="45475" Y="70849" Z="0"/>
					<Vertex X="45190" Y="70849" Z="0"/>
					<Vertex X="45047" Y="70849" Z="0"/>
					<Vertex X="44762" Y="70849" Z="0"/>
					<Vertex X="44334" Y="70707" Z="0"/>
					<Vertex X="43764" Y="70422" Z="0"/>
					<Vertex X="43479" Y="70422" Z="0"/>
					<Vertex X="43051" Y="70137" Z="0"/>
					<Vertex X="42481" Y="69994" Z="0"/>
					<Vertex X="41768" Y="69281" Z="0"/>
					<Vertex X="41626" Y="69424" Z="0"/>
					<Vertex X="41198" Y="68996" Z="0"/>
					<Vertex X="40913" Y="68854" Z="0"/>
					<Vertex X="40485" Y="68568" Z="0"/>
					<Vertex X="40200" Y="68283" Z="0"/>
					<Vertex X="39772" Y="67998" Z="0"/>
					<Vertex X="39487" Y="67713" Z="0"/>
					<Vertex X="39060" Y="67428" Z="0"/>
					<Vertex X="38917" Y="67285" Z="0"/>
					<Vertex X="37777" Y="66430" Z="0"/>
					<Vertex X="37492" Y="66003" Z="0"/>
					<Vertex X="37349" Y="66003" Z="0"/>
					<Vertex X="36636" Y="65432" Z="0"/>
					<Vertex X="36494" Y="65147" Z="0"/>
					<Vertex X="36209" Y="65005" Z="0"/>
					<Vertex X="35496" Y="64292" Z="0"/>
					<Vertex X="35353" Y="64292" Z="0"/>
					<Vertex X="34926" Y="63864" Z="0"/>
					<Vertex X="34355" Y="63437" Z="0"/>
					<Vertex X="33928" Y="63151" Z="0"/>
					<Vertex X="33643" Y="63009" Z="0"/>
					<Vertex X="33215" Y="62581" Z="0"/>
					<Vertex X="32645" Y="62154" Z="0"/>
					<Vertex X="31932" Y="61441" Z="0"/>
					<Vertex X="31789" Y="61441" Z="0"/>
					<Vertex X="31219" Y="61156" Z="0"/>
					<Vertex X="30506" Y="60443" Z="0"/>
					<Vertex X="30364" Y="60443" Z="0"/>
					<Vertex X="30079" Y="60300" Z="0"/>
					<Vertex X="29366" Y="59730" Z="0"/>
					<Vertex X="29366" Y="59588" Z="0"/>
					<Vertex X="28938" Y="59302" Z="0"/>
					<Vertex X="28653" Y="58875" Z="0"/>
					<Vertex X="28226" Y="58590" Z="0"/>
					<Vertex X="27655" Y="58019" Z="0"/>
					<Vertex X="27228" Y="57734" Z="0"/>
					<Vertex X="26800" Y="57307" Z="0"/>
					<Vertex X="26658" Y="57164" Z="0"/>
					<Vertex X="26372" Y="56879" Z="0"/>
					<Vertex X="26230" Y="56737" Z="0"/>
					<Vertex X="26087" Y="56451" Z="0"/>
					<Vertex X="25802" Y="56166" Z="0"/>
					<Vertex X="25660" Y="55881" Z="0"/>
					<Vertex X="25517" Y="55596" Z="0"/>
					<Vertex X="25375" Y="55454" Z="0"/>
					<Vertex X="25232" Y="55311" Z="0"/>
					<Vertex X="24947" Y="54741" Z="0"/>
					<Vertex X="24947" Y="54456" Z="0"/>
					<Vertex X="24804" Y="54028" Z="0"/>
					<Vertex X="24804" Y="53743" Z="0"/>
					<Vertex X="24377" Y="53173" Z="0"/>
					<Vertex X="24662" Y="53173" Z="0"/>
					<Vertex X="24662" Y="52745" Z="0"/>
					<Vertex X="24519" Y="52460" Z="0"/>
					<Vertex X="24234" Y="51605" Z="0"/>
					<Vertex X="24519" Y="51462" Z="0"/>
					<Vertex X="24092" Y="51034" Z="0"/>
					<Vertex X="24377" Y="51034" Z="0"/>
					<Vertex X="24377" Y="50892" Z="0"/>
					<Vertex X="24377" Y="50749" Z="0"/>
					<Vertex X="24092" Y="50464" Z="0"/>
					<Vertex X="24092" Y="50322" Z="0"/>
					<Vertex X="24234" Y="50322" Z="0"/>
					<Vertex X="23949" Y="49751" Z="0"/>
					<Vertex X="23664" Y="49181" Z="0"/>
					<Vertex X="23379" Y="48754" Z="0"/>
					<Vertex X="23094" Y="48041" Z="0"/>
					<Vertex X="22809" Y="47613" Z="0"/>
					<Vertex X="22523" Y="46900" Z="0"/>
					<Vertex X="21953" Y="46188" Z="0"/>
					<Vertex X="21953" Y="45902" Z="0"/>
					<Vertex X="21811" Y="45475" Z="0"/>
					<Vertex X="21668" Y="45332" Z="0"/>
					<Vertex X="21240" Y="44762" Z="0"/>
					<Vertex X="21383" Y="44762" Z="0"/>
					<Vertex X="21383" Y="44619" Z="0"/>
					<Vertex X="21240" Y="44334" Z="0"/>
					<Vertex X="21098" Y="44192" Z="0"/>
					<Vertex X="20955" Y="43907" Z="0"/>
					<Vertex X="20813" Y="43764" Z="0"/>
					<Vertex X="20670" Y="43479" Z="0"/>
					<Vertex X="20528" Y="43194" Z="0"/>
					<Vertex X="20385" Y="42909" Z="0"/>
					<Vertex X="20100" Y="42624" Z="0"/>
					<Vertex X="19815" Y="42196" Z="0"/>
					<Vertex X="19672" Y="42053" Z="0"/>
					<Vertex X="18960" Y="41198" Z="0"/>
					<Vertex X="18960" Y="41056" Z="0"/>
					<Vertex X="18675" Y="40628" Z="0"/>
					<Vertex X="18389" Y="40200" Z="0"/>
					<Vertex X="18247" Y="40058" Z="0"/>
					<Vertex X="17962" Y="39630" Z="0"/>
					<Vertex X="17819" Y="39345" Z="0"/>
					<Vertex X="17677" Y="39202" Z="0"/>
					<Vertex X="17392" Y="38632" Z="0"/>
					<Vertex X="17249" Y="38347" Z="0"/>
					<Vertex X="17106" Y="38062" Z="0"/>
					<Vertex X="16964" Y="37777" Z="0"/>
					<Vertex X="16536" Y="37064" Z="0"/>
					<Vertex X="16679" Y="37064" Z="0"/>
					<Vertex X="16536" Y="36779" Z="0"/>
					<Vertex X="16536" Y="36494" Z="0"/>
					<Vertex X="16394" Y="36351" Z="0"/>
					<Vertex X="16394" Y="36209" Z="0"/>
					<Vertex X="16394" Y="36066" Z="0"/>
					<Vertex X="16251" Y="35781" Z="0"/>
					<Vertex X="15823" Y="35353" Z="0"/>
					<Vertex X="15966" Y="35353" Z="0"/>
					<Vertex X="15966" Y="35211" Z="0"/>
					<Vertex X="15823" Y="34926" Z="0"/>
					<Vertex X="15396" Y="34498" Z="0"/>
					<Vertex X="15253" Y="34213" Z="0"/>
					<Vertex X="15111" Y="33928" Z="0"/>
					<Vertex X="14683" Y="33643" Z="0"/>
					<Vertex X="14826" Y="33500" Z="0"/>
					<Vertex X="14540" Y="33358" Z="0"/>
					<Vertex X="14255" Y="33073" Z="0"/>
					<Vertex X="14113" Y="32645" Z="0"/>
					<Vertex X="13828" Y="32360" Z="0"/>
					<Vertex X="13543" Y="32075" Z="0"/>
					<Vertex X="13400" Y="31790" Z="0"/>
					<Vertex X="12972" Y="31219" Z="0"/>
					<Vertex X="12830" Y="31077" Z="0"/>
					<Vertex X="12687" Y="30934" Z="0"/>
					<Vertex X="12260" Y="30507" Z="0"/>
					<Vertex X="11975" Y="30222" Z="0"/>
					<Vertex X="11404" Y="29509" Z="0"/>
					<Vertex X="11262" Y="29509" Z="0"/>
					<Vertex X="10977" Y="29081" Z="0"/>
					<Vertex X="10406" Y="28511" Z="0"/>
					<Vertex X="10121" Y="28368" Z="0"/>
					<Vertex X="9979" Y="28083" Z="0"/>
					<Vertex X="9836" Y="27941" Z="0"/>
					<Vertex X="9694" Y="27656" Z="0"/>
					<Vertex X="9551" Y="27513" Z="0"/>
					<Vertex X="9409" Y="27228" Z="0"/>
					<Vertex X="9266" Y="27085" Z="0"/>
					<Vertex X="9266" Y="26943" Z="0"/>
					<Vertex X="9123" Y="26800" Z="0"/>
					<Vertex X="8696" Y="26373" Z="0"/>
					<Vertex X="8838" Y="26515" Z="0"/>
					<Vertex X="8696" Y="26373" Z="0"/>
					<Vertex X="8696" Y="26230" Z="0"/>
					<Vertex X="8553" Y="26230" Z="0"/>
					<Vertex X="8553" Y="26087" Z="0"/>
					<Vertex X="8411" Y="25945" Z="0"/>
					<Vertex X="8411" Y="25802" Z="0"/>
					<Vertex X="8411" Y="25660" Z="0"/>
					<Vertex X="8411" Y="25517" Z="0"/>
					<Vertex X="8411" Y="25375" Z="0"/>
					<Vertex X="8268" Y="25375" Z="0"/>
					<Vertex X="8268" Y="25232" Z="0"/>
					<Vertex X="7983" Y="24947" Z="0"/>
					<Vertex X="7840" Y="24662" Z="0"/>
				</Vertices>
			</Region>
		</Regions>
		<Plots/>
	</Annotation>
</Annotations>
