<Annotations MicronsPerPixel="0.252500">
	<Annotation Id="1" Name="" ReadOnly="0" NameReadOnly="0" LineColorReadOnly="0" Incremental="0" Type="4" LineColor="16711935" Visible="1" Selected="1" MarkupImagePath="" MacroName="">
		<Attributes/>
		<Regions>
			<RegionAttributeHeaders/>
			<Region Id="1" Type="0" Zoom="0.008641" Selected="0" ImageLocation="" ImageFocus="-1" Length="64547.7" Area="164572365.0" LengthMicrons="16298.3" AreaMicrons="10492516.6" Text="" NegativeROA="0" InputRegionId="0" Analyze="1" DisplayId="1">
				<Attributes/>
				<Vertices>
					<Vertex X="14438" Y="53280" Z="0"/>
					<Vertex X="14782" Y="52822" Z="0"/>
					<Vertex X="15125" Y="52364" Z="0"/>
					<Vertex X="15125" Y="51905" Z="0"/>
					<Vertex X="15240" Y="51791" Z="0"/>
					<Vertex X="15584" Y="51791" Z="0"/>
					<Vertex X="15584" Y="51676" Z="0"/>
					<Vertex X="15469" Y="51332" Z="0"/>
					<Vertex X="15698" Y="51447" Z="0"/>
					<Vertex X="15813" Y="51332" Z="0"/>
					<Vertex X="15813" Y="51218" Z="0"/>
					<Vertex X="15813" Y="51103" Z="0"/>
					<Vertex X="15927" Y="50989" Z="0"/>
					<Vertex X="15927" Y="50874" Z="0"/>
					<Vertex X="15927" Y="50760" Z="0"/>
					<Vertex X="16042" Y="50530" Z="0"/>
					<Vertex X="16157" Y="50301" Z="0"/>
					<Vertex X="16271" Y="49957" Z="0"/>
					<Vertex X="16042" Y="49728" Z="0"/>
					<Vertex X="16386" Y="49843" Z="0"/>
					<Vertex X="16386" Y="49614" Z="0"/>
					<Vertex X="16386" Y="49041" Z="0"/>
					<Vertex X="16729" Y="49041" Z="0"/>
					<Vertex X="16844" Y="48812" Z="0"/>
					<Vertex X="16959" Y="48582" Z="0"/>
					<Vertex X="17188" Y="48353" Z="0"/>
					<Vertex X="17302" Y="48010" Z="0"/>
					<Vertex X="17417" Y="47780" Z="0"/>
					<Vertex X="17302" Y="47437" Z="0"/>
					<Vertex X="17417" Y="47207" Z="0"/>
					<Vertex X="17761" Y="47093" Z="0"/>
					<Vertex X="17875" Y="46864" Z="0"/>
					<Vertex X="17990" Y="46635" Z="0"/>
					<Vertex X="17875" Y="46291" Z="0"/>
					<Vertex X="18104" Y="46291" Z="0"/>
					<Vertex X="17990" Y="46062" Z="0"/>
					<Vertex X="18219" Y="46062" Z="0"/>
					<Vertex X="18334" Y="45947" Z="0"/>
					<Vertex X="18448" Y="45832" Z="0"/>
					<Vertex X="18448" Y="45718" Z="0"/>
					<Vertex X="18334" Y="45374" Z="0"/>
					<Vertex X="18677" Y="45489" Z="0"/>
					<Vertex X="18792" Y="45374" Z="0"/>
					<Vertex X="18906" Y="45260" Z="0"/>
					<Vertex X="18792" Y="44916" Z="0"/>
					<Vertex X="19136" Y="45145" Z="0"/>
					<Vertex X="19021" Y="44801" Z="0"/>
					<Vertex X="19479" Y="45030" Z="0"/>
					<Vertex X="19709" Y="45030" Z="0"/>
					<Vertex X="19823" Y="45030" Z="0"/>
					<Vertex X="20167" Y="45030" Z="0"/>
					<Vertex X="20167" Y="44801" Z="0"/>
					<Vertex X="20511" Y="45030" Z="0"/>
					<Vertex X="20854" Y="45030" Z="0"/>
					<Vertex X="21198" Y="45030" Z="0"/>
					<Vertex X="21542" Y="45145" Z="0"/>
					<Vertex X="21886" Y="45260" Z="0"/>
					<Vertex X="22229" Y="45374" Z="0"/>
					<Vertex X="22344" Y="45260" Z="0"/>
					<Vertex X="22688" Y="45374" Z="0"/>
					<Vertex X="23146" Y="45718" Z="0"/>
					<Vertex X="23490" Y="45832" Z="0"/>
					<Vertex X="23604" Y="45832" Z="0"/>
					<Vertex X="23948" Y="45947" Z="0"/>
					<Vertex X="24063" Y="46062" Z="0"/>
					<Vertex X="24292" Y="46176" Z="0"/>
					<Vertex X="24292" Y="46062" Z="0"/>
					<Vertex X="24750" Y="46405" Z="0"/>
					<Vertex X="24979" Y="46520" Z="0"/>
					<Vertex X="25438" Y="46864" Z="0"/>
					<Vertex X="25896" Y="46978" Z="0"/>
					<Vertex X="26354" Y="47322" Z="0"/>
					<Vertex X="26354" Y="47093" Z="0"/>
					<Vertex X="26813" Y="47437" Z="0"/>
					<Vertex X="26927" Y="47437" Z="0"/>
					<Vertex X="26927" Y="47207" Z="0"/>
					<Vertex X="27156" Y="47207" Z="0"/>
					<Vertex X="27386" Y="47207" Z="0"/>
					<Vertex X="27729" Y="47437" Z="0"/>
					<Vertex X="27958" Y="47551" Z="0"/>
					<Vertex X="28073" Y="47551" Z="0"/>
					<Vertex X="28073" Y="47322" Z="0"/>
					<Vertex X="28417" Y="47666" Z="0"/>
					<Vertex X="28531" Y="47666" Z="0"/>
					<Vertex X="28646" Y="47551" Z="0"/>
					<Vertex X="28875" Y="47551" Z="0"/>
					<Vertex X="29448" Y="47780" Z="0"/>
					<Vertex X="29792" Y="47780" Z="0"/>
					<Vertex X="30250" Y="47895" Z="0"/>
					<Vertex X="30708" Y="48010" Z="0"/>
					<Vertex X="31167" Y="48124" Z="0"/>
					<Vertex X="31511" Y="48353" Z="0"/>
					<Vertex X="31740" Y="48353" Z="0"/>
					<Vertex X="32083" Y="48468" Z="0"/>
					<Vertex X="32427" Y="48697" Z="0"/>
					<Vertex X="32771" Y="49041" Z="0"/>
					<Vertex X="33000" Y="49155" Z="0"/>
					<Vertex X="33115" Y="49270" Z="0"/>
					<Vertex X="33229" Y="49270" Z="0"/>
					<Vertex X="33573" Y="49614" Z="0"/>
					<Vertex X="33688" Y="49843" Z="0"/>
					<Vertex X="33688" Y="49843" Z="0"/>
					<Vertex X="33917" Y="50072" Z="0"/>
					<Vertex X="33802" Y="50187" Z="0"/>
					<Vertex X="34146" Y="50530" Z="0"/>
					<Vertex X="34031" Y="50645" Z="0"/>
					<Vertex X="34146" Y="50989" Z="0"/>
					<Vertex X="34261" Y="51218" Z="0"/>
					<Vertex X="34604" Y="52249" Z="0"/>
					<Vertex X="34490" Y="52364" Z="0"/>
					<Vertex X="34719" Y="52822" Z="0"/>
					<Vertex X="34490" Y="52822" Z="0"/>
					<Vertex X="34833" Y="53280" Z="0"/>
					<Vertex X="34833" Y="53624" Z="0"/>
					<Vertex X="34604" Y="53624" Z="0"/>
					<Vertex X="34604" Y="53968" Z="0"/>
					<Vertex X="34604" Y="54197" Z="0"/>
					<Vertex X="34833" Y="54655" Z="0"/>
					<Vertex X="34833" Y="54884" Z="0"/>
					<Vertex X="34604" Y="54884" Z="0"/>
					<Vertex X="34604" Y="55228" Z="0"/>
					<Vertex X="34604" Y="55343" Z="0"/>
					<Vertex X="34833" Y="55916" Z="0"/>
					<Vertex X="34833" Y="56145" Z="0"/>
					<Vertex X="34719" Y="56259" Z="0"/>
					<Vertex X="34719" Y="56489" Z="0"/>
					<Vertex X="34604" Y="56603" Z="0"/>
					<Vertex X="34261" Y="56489" Z="0"/>
					<Vertex X="34375" Y="56718" Z="0"/>
					<Vertex X="34146" Y="56832" Z="0"/>
					<Vertex X="34031" Y="56947" Z="0"/>
					<Vertex X="33802" Y="56947" Z="0"/>
					<Vertex X="33573" Y="57062" Z="0"/>
					<Vertex X="33344" Y="57062" Z="0"/>
					<Vertex X="33000" Y="57062" Z="0"/>
					<Vertex X="32771" Y="56832" Z="0"/>
					<Vertex X="32771" Y="57062" Z="0"/>
					<Vertex X="32313" Y="57062" Z="0"/>
					<Vertex X="32198" Y="57062" Z="0"/>
					<Vertex X="31969" Y="56947" Z="0"/>
					<Vertex X="31625" Y="56832" Z="0"/>
					<Vertex X="31167" Y="56489" Z="0"/>
					<Vertex X="31167" Y="56718" Z="0"/>
					<Vertex X="30938" Y="56603" Z="0"/>
					<Vertex X="30479" Y="56603" Z="0"/>
					<Vertex X="30136" Y="56259" Z="0"/>
					<Vertex X="30021" Y="56489" Z="0"/>
					<Vertex X="29563" Y="56259" Z="0"/>
					<Vertex X="29563" Y="56489" Z="0"/>
					<Vertex X="28990" Y="56259" Z="0"/>
					<Vertex X="28990" Y="56374" Z="0"/>
					<Vertex X="28646" Y="56374" Z="0"/>
					<Vertex X="28188" Y="56145" Z="0"/>
					<Vertex X="27958" Y="56259" Z="0"/>
					<Vertex X="27615" Y="56145" Z="0"/>
					<Vertex X="27156" Y="56145" Z="0"/>
					<Vertex X="26813" Y="56145" Z="0"/>
					<Vertex X="26698" Y="56145" Z="0"/>
					<Vertex X="26354" Y="56030" Z="0"/>
					<Vertex X="26125" Y="56030" Z="0"/>
					<Vertex X="25781" Y="56030" Z="0"/>
					<Vertex X="25667" Y="56030" Z="0"/>
					<Vertex X="25323" Y="56030" Z="0"/>
					<Vertex X="25094" Y="56030" Z="0"/>
					<Vertex X="24750" Y="56030" Z="0"/>
					<Vertex X="24636" Y="55916" Z="0"/>
					<Vertex X="24292" Y="55916" Z="0"/>
					<Vertex X="23948" Y="55916" Z="0"/>
					<Vertex X="23719" Y="55916" Z="0"/>
					<Vertex X="23261" Y="55801" Z="0"/>
					<Vertex X="23031" Y="55801" Z="0"/>
					<Vertex X="22688" Y="55687" Z="0"/>
					<Vertex X="22229" Y="55572" Z="0"/>
					<Vertex X="21771" Y="55457" Z="0"/>
					<Vertex X="21427" Y="55343" Z="0"/>
					<Vertex X="20740" Y="54999" Z="0"/>
					<Vertex X="20511" Y="54770" Z="0"/>
					<Vertex X="20281" Y="54884" Z="0"/>
					<Vertex X="20052" Y="54884" Z="0"/>
					<Vertex X="19479" Y="54541" Z="0"/>
					<Vertex X="19479" Y="54655" Z="0"/>
					<Vertex X="19250" Y="54655" Z="0"/>
					<Vertex X="18677" Y="54426" Z="0"/>
					<Vertex X="18334" Y="54426" Z="0"/>
					<Vertex X="18219" Y="54426" Z="0"/>
					<Vertex X="17875" Y="54426" Z="0"/>
					<Vertex X="17875" Y="54655" Z="0"/>
					<Vertex X="17531" Y="54655" Z="0"/>
					<Vertex X="17302" Y="54655" Z="0"/>
					<Vertex X="16959" Y="54426" Z="0"/>
					<Vertex X="16729" Y="54426" Z="0"/>
					<Vertex X="16729" Y="54541" Z="0"/>
					<Vertex X="16500" Y="54541" Z="0"/>
					<Vertex X="16042" Y="54197" Z="0"/>
					<Vertex X="15927" Y="54197" Z="0"/>
					<Vertex X="15698" Y="54197" Z="0"/>
					<Vertex X="15698" Y="54426" Z="0"/>
					<Vertex X="15584" Y="54426" Z="0"/>
					<Vertex X="15469" Y="54426" Z="0"/>
					<Vertex X="15354" Y="54426" Z="0"/>
					<Vertex X="15240" Y="54312" Z="0"/>
					<Vertex X="15125" Y="54312" Z="0"/>
					<Vertex X="15011" Y="54312" Z="0"/>
					<Vertex X="14782" Y="54082" Z="0"/>
					<Vertex X="14667" Y="54197" Z="0"/>
					<Vertex X="14552" Y="54082" Z="0"/>
					<Vertex X="14323" Y="53853" Z="0"/>
					<Vertex X="14667" Y="53968" Z="0"/>
					<Vertex X="14896" Y="54082" Z="0"/>
					<Vertex X="14438" Y="53280" Z="0"/>
				</Vertices>
			</Region>
			<Region Id="2" Type="0" Zoom="0.008641" Selected="0" ImageLocation="" ImageFocus="-1" Length="79138.1" Area="195402080.5" LengthMicrons="19982.4" AreaMicrons="12458103.7" Text="" NegativeROA="0" InputRegionId="0" Analyze="1" DisplayId="2">
				<Attributes/>
				<Vertices>
					<Vertex X="39875" Y="49155" Z="0"/>
					<Vertex X="40104" Y="48926" Z="0"/>
					<Vertex X="40677" Y="49155" Z="0"/>
					<Vertex X="40792" Y="48926" Z="0"/>
					<Vertex X="41021" Y="48926" Z="0"/>
					<Vertex X="41479" Y="49155" Z="0"/>
					<Vertex X="41708" Y="49155" Z="0"/>
					<Vertex X="41823" Y="49270" Z="0"/>
					<Vertex X="42281" Y="49499" Z="0"/>
					<Vertex X="42281" Y="49385" Z="0"/>
					<Vertex X="42740" Y="49728" Z="0"/>
					<Vertex X="42740" Y="49614" Z="0"/>
					<Vertex X="43427" Y="50072" Z="0"/>
					<Vertex X="43656" Y="50072" Z="0"/>
					<Vertex X="44000" Y="50187" Z="0"/>
					<Vertex X="44229" Y="50301" Z="0"/>
					<Vertex X="44344" Y="50072" Z="0"/>
					<Vertex X="44458" Y="50072" Z="0"/>
					<Vertex X="45031" Y="50301" Z="0"/>
					<Vertex X="45031" Y="50072" Z="0"/>
					<Vertex X="45604" Y="50187" Z="0"/>
					<Vertex X="45719" Y="50072" Z="0"/>
					<Vertex X="45719" Y="49728" Z="0"/>
					<Vertex X="46177" Y="49843" Z="0"/>
					<Vertex X="46292" Y="49728" Z="0"/>
					<Vertex X="46521" Y="49614" Z="0"/>
					<Vertex X="46635" Y="49385" Z="0"/>
					<Vertex X="46750" Y="49270" Z="0"/>
					<Vertex X="46865" Y="49155" Z="0"/>
					<Vertex X="46635" Y="48926" Z="0"/>
					<Vertex X="46979" Y="48926" Z="0"/>
					<Vertex X="46865" Y="48582" Z="0"/>
					<Vertex X="46979" Y="48582" Z="0"/>
					<Vertex X="47208" Y="48697" Z="0"/>
					<Vertex X="47323" Y="48468" Z="0"/>
					<Vertex X="47323" Y="48239" Z="0"/>
					<Vertex X="47323" Y="48124" Z="0"/>
					<Vertex X="47438" Y="47895" Z="0"/>
					<Vertex X="47438" Y="47780" Z="0"/>
					<Vertex X="47208" Y="47322" Z="0"/>
					<Vertex X="47208" Y="47093" Z="0"/>
					<Vertex X="47552" Y="47207" Z="0"/>
					<Vertex X="47323" Y="46864" Z="0"/>
					<Vertex X="47552" Y="46864" Z="0"/>
					<Vertex X="47552" Y="46749" Z="0"/>
					<Vertex X="47667" Y="46520" Z="0"/>
					<Vertex X="47667" Y="46291" Z="0"/>
					<Vertex X="47781" Y="46176" Z="0"/>
					<Vertex X="47781" Y="45947" Z="0"/>
					<Vertex X="47667" Y="45603" Z="0"/>
					<Vertex X="48010" Y="45603" Z="0"/>
					<Vertex X="48010" Y="45489" Z="0"/>
					<Vertex X="48125" Y="45260" Z="0"/>
					<Vertex X="48240" Y="45030" Z="0"/>
					<Vertex X="48354" Y="44916" Z="0"/>
					<Vertex X="48240" Y="44457" Z="0"/>
					<Vertex X="48698" Y="44572" Z="0"/>
					<Vertex X="48698" Y="44343" Z="0"/>
					<Vertex X="48583" Y="43999" Z="0"/>
					<Vertex X="49042" Y="43999" Z="0"/>
					<Vertex X="48812" Y="43770" Z="0"/>
					<Vertex X="49271" Y="43770" Z="0"/>
					<Vertex X="49385" Y="43541" Z="0"/>
					<Vertex X="49271" Y="43197" Z="0"/>
					<Vertex X="49615" Y="43312" Z="0"/>
					<Vertex X="49729" Y="43197" Z="0"/>
					<Vertex X="49958" Y="43082" Z="0"/>
					<Vertex X="50073" Y="42853" Z="0"/>
					<Vertex X="50302" Y="42624" Z="0"/>
					<Vertex X="50531" Y="42395" Z="0"/>
					<Vertex X="50760" Y="42166" Z="0"/>
					<Vertex X="50990" Y="42051" Z="0"/>
					<Vertex X="51104" Y="41593" Z="0"/>
					<Vertex X="51333" Y="41364" Z="0"/>
					<Vertex X="51792" Y="41364" Z="0"/>
					<Vertex X="51906" Y="41020" Z="0"/>
					<Vertex X="52365" Y="41135" Z="0"/>
					<Vertex X="52708" Y="41020" Z="0"/>
					<Vertex X="52708" Y="40791" Z="0"/>
					<Vertex X="53167" Y="41020" Z="0"/>
					<Vertex X="53167" Y="40791" Z="0"/>
					<Vertex X="53281" Y="40791" Z="0"/>
					<Vertex X="53625" Y="40791" Z="0"/>
					<Vertex X="54198" Y="41020" Z="0"/>
					<Vertex X="54542" Y="41020" Z="0"/>
					<Vertex X="54542" Y="40791" Z="0"/>
					<Vertex X="55000" Y="41020" Z="0"/>
					<Vertex X="55229" Y="40791" Z="0"/>
					<Vertex X="55573" Y="40791" Z="0"/>
					<Vertex X="56031" Y="41020" Z="0"/>
					<Vertex X="56031" Y="40791" Z="0"/>
					<Vertex X="56490" Y="41135" Z="0"/>
					<Vertex X="56719" Y="41135" Z="0"/>
					<Vertex X="56948" Y="41364" Z="0"/>
					<Vertex X="56948" Y="41249" Z="0"/>
					<Vertex X="57406" Y="41708" Z="0"/>
					<Vertex X="57635" Y="41937" Z="0"/>
					<Vertex X="57865" Y="42280" Z="0"/>
					<Vertex X="57979" Y="42624" Z="0"/>
					<Vertex X="58094" Y="42853" Z="0"/>
					<Vertex X="58208" Y="43197" Z="0"/>
					<Vertex X="58323" Y="43312" Z="0"/>
					<Vertex X="58437" Y="43655" Z="0"/>
					<Vertex X="58437" Y="43885" Z="0"/>
					<Vertex X="58552" Y="44228" Z="0"/>
					<Vertex X="58323" Y="44228" Z="0"/>
					<Vertex X="58667" Y="44801" Z="0"/>
					<Vertex X="58667" Y="45030" Z="0"/>
					<Vertex X="58667" Y="45260" Z="0"/>
					<Vertex X="58667" Y="45489" Z="0"/>
					<Vertex X="58667" Y="45832" Z="0"/>
					<Vertex X="58781" Y="46176" Z="0"/>
					<Vertex X="58781" Y="46405" Z="0"/>
					<Vertex X="58781" Y="46749" Z="0"/>
					<Vertex X="58781" Y="46864" Z="0"/>
					<Vertex X="58552" Y="47207" Z="0"/>
					<Vertex X="58667" Y="47895" Z="0"/>
					<Vertex X="58552" Y="48010" Z="0"/>
					<Vertex X="58323" Y="48582" Z="0"/>
					<Vertex X="58208" Y="48697" Z="0"/>
					<Vertex X="57979" Y="49041" Z="0"/>
					<Vertex X="57635" Y="48926" Z="0"/>
					<Vertex X="57521" Y="49155" Z="0"/>
					<Vertex X="57406" Y="49957" Z="0"/>
					<Vertex X="57062" Y="50301" Z="0"/>
					<Vertex X="56719" Y="50301" Z="0"/>
					<Vertex X="56490" Y="50989" Z="0"/>
					<Vertex X="56146" Y="51332" Z="0"/>
					<Vertex X="55802" Y="51676" Z="0"/>
					<Vertex X="55344" Y="52020" Z="0"/>
					<Vertex X="55229" Y="52249" Z="0"/>
					<Vertex X="54885" Y="52478" Z="0"/>
					<Vertex X="54312" Y="52478" Z="0"/>
					<Vertex X="54198" Y="53051" Z="0"/>
					<Vertex X="53854" Y="53280" Z="0"/>
					<Vertex X="53625" Y="53509" Z="0"/>
					<Vertex X="53281" Y="53739" Z="0"/>
					<Vertex X="52937" Y="53968" Z="0"/>
					<Vertex X="52594" Y="54197" Z="0"/>
					<Vertex X="52365" Y="54312" Z="0"/>
					<Vertex X="52021" Y="54426" Z="0"/>
					<Vertex X="51677" Y="54655" Z="0"/>
					<Vertex X="51333" Y="54770" Z="0"/>
					<Vertex X="51104" Y="54884" Z="0"/>
					<Vertex X="50531" Y="54770" Z="0"/>
					<Vertex X="50417" Y="55114" Z="0"/>
					<Vertex X="50187" Y="55228" Z="0"/>
					<Vertex X="49729" Y="55114" Z="0"/>
					<Vertex X="49729" Y="55457" Z="0"/>
					<Vertex X="49500" Y="55457" Z="0"/>
					<Vertex X="49156" Y="55572" Z="0"/>
					<Vertex X="48927" Y="55687" Z="0"/>
					<Vertex X="48583" Y="55801" Z="0"/>
					<Vertex X="48469" Y="55916" Z="0"/>
					<Vertex X="48240" Y="55916" Z="0"/>
					<Vertex X="47552" Y="56145" Z="0"/>
					<Vertex X="46865" Y="56030" Z="0"/>
					<Vertex X="46406" Y="56489" Z="0"/>
					<Vertex X="45948" Y="56603" Z="0"/>
					<Vertex X="45719" Y="56603" Z="0"/>
					<Vertex X="45490" Y="56718" Z="0"/>
					<Vertex X="45146" Y="56832" Z="0"/>
					<Vertex X="44688" Y="56603" Z="0"/>
					<Vertex X="44573" Y="56947" Z="0"/>
					<Vertex X="44229" Y="56947" Z="0"/>
					<Vertex X="43771" Y="56832" Z="0"/>
					<Vertex X="43771" Y="57062" Z="0"/>
					<Vertex X="43427" Y="57176" Z="0"/>
					<Vertex X="43083" Y="56947" Z="0"/>
					<Vertex X="42740" Y="56947" Z="0"/>
					<Vertex X="42396" Y="57062" Z="0"/>
					<Vertex X="42396" Y="57291" Z="0"/>
					<Vertex X="42167" Y="57291" Z="0"/>
					<Vertex X="41365" Y="57062" Z="0"/>
					<Vertex X="41479" Y="57291" Z="0"/>
					<Vertex X="41250" Y="57291" Z="0"/>
					<Vertex X="40792" Y="57062" Z="0"/>
					<Vertex X="40677" Y="57062" Z="0"/>
					<Vertex X="40333" Y="57062" Z="0"/>
					<Vertex X="40333" Y="57291" Z="0"/>
					<Vertex X="40104" Y="57176" Z="0"/>
					<Vertex X="39875" Y="57176" Z="0"/>
					<Vertex X="39531" Y="57062" Z="0"/>
					<Vertex X="39302" Y="56832" Z="0"/>
					<Vertex X="39073" Y="57062" Z="0"/>
					<Vertex X="38500" Y="56718" Z="0"/>
					<Vertex X="38385" Y="56832" Z="0"/>
					<Vertex X="38042" Y="56718" Z="0"/>
					<Vertex X="37813" Y="56603" Z="0"/>
					<Vertex X="37698" Y="56489" Z="0"/>
					<Vertex X="37583" Y="56374" Z="0"/>
					<Vertex X="37469" Y="56259" Z="0"/>
					<Vertex X="37354" Y="56145" Z="0"/>
					<Vertex X="37240" Y="55801" Z="0"/>
					<Vertex X="37125" Y="55687" Z="0"/>
					<Vertex X="36896" Y="55228" Z="0"/>
					<Vertex X="37125" Y="55228" Z="0"/>
					<Vertex X="37125" Y="54999" Z="0"/>
					<Vertex X="37125" Y="54884" Z="0"/>
					<Vertex X="37125" Y="54655" Z="0"/>
					<Vertex X="37125" Y="54426" Z="0"/>
					<Vertex X="36896" Y="54082" Z="0"/>
					<Vertex X="37125" Y="54082" Z="0"/>
					<Vertex X="37240" Y="53968" Z="0"/>
					<Vertex X="37240" Y="53853" Z="0"/>
					<Vertex X="37125" Y="53509" Z="0"/>
					<Vertex X="37354" Y="53509" Z="0"/>
					<Vertex X="37125" Y="53280" Z="0"/>
					<Vertex X="37125" Y="53166" Z="0"/>
					<Vertex X="37469" Y="53280" Z="0"/>
					<Vertex X="37469" Y="53166" Z="0"/>
					<Vertex X="37583" Y="52937" Z="0"/>
					<Vertex X="37354" Y="52707" Z="0"/>
					<Vertex X="37698" Y="52822" Z="0"/>
					<Vertex X="37698" Y="52707" Z="0"/>
					<Vertex X="37698" Y="52478" Z="0"/>
					<Vertex X="37813" Y="52364" Z="0"/>
					<Vertex X="37927" Y="52249" Z="0"/>
					<Vertex X="37927" Y="52135" Z="0"/>
					<Vertex X="38042" Y="51905" Z="0"/>
					<Vertex X="38042" Y="51791" Z="0"/>
					<Vertex X="38156" Y="51676" Z="0"/>
					<Vertex X="38271" Y="51447" Z="0"/>
					<Vertex X="38042" Y="51218" Z="0"/>
					<Vertex X="38271" Y="51332" Z="0"/>
					<Vertex X="38385" Y="51218" Z="0"/>
					<Vertex X="38385" Y="51103" Z="0"/>
					<Vertex X="38385" Y="50989" Z="0"/>
					<Vertex X="38500" Y="50989" Z="0"/>
					<Vertex X="38271" Y="50645" Z="0"/>
					<Vertex X="38385" Y="50530" Z="0"/>
					<Vertex X="38615" Y="50645" Z="0"/>
					<Vertex X="38615" Y="50530" Z="0"/>
					<Vertex X="38729" Y="50530" Z="0"/>
					<Vertex X="38500" Y="50187" Z="0"/>
					<Vertex X="38844" Y="50301" Z="0"/>
					<Vertex X="38844" Y="50187" Z="0"/>
					<Vertex X="38958" Y="50072" Z="0"/>
					<Vertex X="38729" Y="49843" Z="0"/>
					<Vertex X="39073" Y="49957" Z="0"/>
					<Vertex X="38844" Y="49728" Z="0"/>
					<Vertex X="38844" Y="49614" Z="0"/>
					<Vertex X="39073" Y="49843" Z="0"/>
					<Vertex X="38958" Y="49614" Z="0"/>
					<Vertex X="39188" Y="49843" Z="0"/>
					<Vertex X="39188" Y="49728" Z="0"/>
					<Vertex X="38958" Y="49499" Z="0"/>
					<Vertex X="39875" Y="49155" Z="0"/>
				</Vertices>
			</Region>
			<Region Id="3" Type="0" Zoom="0.008641" Selected="1" ImageLocation="" ImageFocus="-1" Length="63989.0" Area="217312068.5" LengthMicrons="16157.2" AreaMicrons="13855002.3" Text="" NegativeROA="0" InputRegionId="0" Analyze="1" DisplayId="3">
				<Attributes/>
				<Vertices>
					<Vertex X="44229" Y="28187" Z="0"/>
					<Vertex X="44344" Y="28416" Z="0"/>
					<Vertex X="44458" Y="28645" Z="0"/>
					<Vertex X="44573" Y="28760" Z="0"/>
					<Vertex X="44802" Y="29103" Z="0"/>
					<Vertex X="44917" Y="29333" Z="0"/>
					<Vertex X="44802" Y="29447" Z="0"/>
					<Vertex X="44917" Y="29562" Z="0"/>
					<Vertex X="45260" Y="30135" Z="0"/>
					<Vertex X="45375" Y="30364" Z="0"/>
					<Vertex X="45490" Y="30593" Z="0"/>
					<Vertex X="45604" Y="30822" Z="0"/>
					<Vertex X="45719" Y="31166" Z="0"/>
					<Vertex X="45948" Y="31510" Z="0"/>
					<Vertex X="46063" Y="31853" Z="0"/>
					<Vertex X="46292" Y="32197" Z="0"/>
					<Vertex X="46521" Y="32541" Z="0"/>
					<Vertex X="46521" Y="32655" Z="0"/>
					<Vertex X="46635" Y="32999" Z="0"/>
					<Vertex X="46750" Y="33228" Z="0"/>
					<Vertex X="46635" Y="33228" Z="0"/>
					<Vertex X="46865" Y="33687" Z="0"/>
					<Vertex X="47094" Y="34030" Z="0"/>
					<Vertex X="47208" Y="34374" Z="0"/>
					<Vertex X="47323" Y="34718" Z="0"/>
					<Vertex X="47323" Y="34947" Z="0"/>
					<Vertex X="47323" Y="35176" Z="0"/>
					<Vertex X="47552" Y="35749" Z="0"/>
					<Vertex X="47667" Y="35978" Z="0"/>
					<Vertex X="47781" Y="36322" Z="0"/>
					<Vertex X="48010" Y="36666" Z="0"/>
					<Vertex X="48240" Y="37010" Z="0"/>
					<Vertex X="48469" Y="37353" Z="0"/>
					<Vertex X="48583" Y="37353" Z="0"/>
					<Vertex X="49156" Y="37812" Z="0"/>
					<Vertex X="49500" Y="38041" Z="0"/>
					<Vertex X="49844" Y="38155" Z="0"/>
					<Vertex X="49958" Y="38270" Z="0"/>
					<Vertex X="50302" Y="38385" Z="0"/>
					<Vertex X="50302" Y="38270" Z="0"/>
					<Vertex X="50875" Y="38614" Z="0"/>
					<Vertex X="51219" Y="38728" Z="0"/>
					<Vertex X="51562" Y="38843" Z="0"/>
					<Vertex X="51792" Y="38843" Z="0"/>
					<Vertex X="52135" Y="38843" Z="0"/>
					<Vertex X="52479" Y="38843" Z="0"/>
					<Vertex X="52594" Y="38843" Z="0"/>
					<Vertex X="52823" Y="38843" Z="0"/>
					<Vertex X="53281" Y="38728" Z="0"/>
					<Vertex X="53396" Y="38728" Z="0"/>
					<Vertex X="53740" Y="38614" Z="0"/>
					<Vertex X="53969" Y="38614" Z="0"/>
					<Vertex X="54198" Y="38614" Z="0"/>
					<Vertex X="54542" Y="38499" Z="0"/>
					<Vertex X="54885" Y="38499" Z="0"/>
					<Vertex X="55115" Y="38155" Z="0"/>
					<Vertex X="55344" Y="38155" Z="0"/>
					<Vertex X="55687" Y="38041" Z="0"/>
					<Vertex X="56260" Y="38155" Z="0"/>
					<Vertex X="56260" Y="37926" Z="0"/>
					<Vertex X="56833" Y="38041" Z="0"/>
					<Vertex X="56948" Y="37697" Z="0"/>
					<Vertex X="57635" Y="37812" Z="0"/>
					<Vertex X="57750" Y="37812" Z="0"/>
					<Vertex X="57979" Y="37697" Z="0"/>
					<Vertex X="58094" Y="37697" Z="0"/>
					<Vertex X="58323" Y="37583" Z="0"/>
					<Vertex X="58323" Y="37124" Z="0"/>
					<Vertex X="58437" Y="37124" Z="0"/>
					<Vertex X="58552" Y="37010" Z="0"/>
					<Vertex X="58896" Y="37124" Z="0"/>
					<Vertex X="58781" Y="36780" Z="0"/>
					<Vertex X="59010" Y="36780" Z="0"/>
					<Vertex X="59010" Y="36551" Z="0"/>
					<Vertex X="59010" Y="36437" Z="0"/>
					<Vertex X="59010" Y="36093" Z="0"/>
					<Vertex X="59010" Y="35978" Z="0"/>
					<Vertex X="58781" Y="35520" Z="0"/>
					<Vertex X="58781" Y="35176" Z="0"/>
					<Vertex X="59010" Y="35176" Z="0"/>
					<Vertex X="59010" Y="35062" Z="0"/>
					<Vertex X="59010" Y="34718" Z="0"/>
					<Vertex X="59010" Y="34489" Z="0"/>
					<Vertex X="59010" Y="34260" Z="0"/>
					<Vertex X="59010" Y="33916" Z="0"/>
					<Vertex X="59010" Y="33801" Z="0"/>
					<Vertex X="58896" Y="33572" Z="0"/>
					<Vertex X="58667" Y="33114" Z="0"/>
					<Vertex X="58896" Y="33114" Z="0"/>
					<Vertex X="58896" Y="32770" Z="0"/>
					<Vertex X="58781" Y="32426" Z="0"/>
					<Vertex X="58781" Y="32312" Z="0"/>
					<Vertex X="58437" Y="31739" Z="0"/>
					<Vertex X="58552" Y="31624" Z="0"/>
					<Vertex X="58552" Y="31166" Z="0"/>
					<Vertex X="58208" Y="30708" Z="0"/>
					<Vertex X="57979" Y="29218" Z="0"/>
					<Vertex X="57750" Y="28301" Z="0"/>
					<Vertex X="57406" Y="27728" Z="0"/>
					<Vertex X="57406" Y="27385" Z="0"/>
					<Vertex X="57292" Y="27156" Z="0"/>
					<Vertex X="57292" Y="26926" Z="0"/>
					<Vertex X="56948" Y="26468" Z="0"/>
					<Vertex X="56833" Y="26468" Z="0"/>
					<Vertex X="56719" Y="26239" Z="0"/>
					<Vertex X="56604" Y="26010" Z="0"/>
					<Vertex X="56490" Y="25895" Z="0"/>
					<Vertex X="56375" Y="25666" Z="0"/>
					<Vertex X="56260" Y="25437" Z="0"/>
					<Vertex X="56031" Y="24864" Z="0"/>
					<Vertex X="56146" Y="24864" Z="0"/>
					<Vertex X="56146" Y="24635" Z="0"/>
					<Vertex X="56146" Y="24406" Z="0"/>
					<Vertex X="56146" Y="24291" Z="0"/>
					<Vertex X="56146" Y="24062" Z="0"/>
					<Vertex X="56146" Y="23718" Z="0"/>
					<Vertex X="56146" Y="23489" Z="0"/>
					<Vertex X="56146" Y="23145" Z="0"/>
					<Vertex X="56146" Y="22916" Z="0"/>
					<Vertex X="56146" Y="22687" Z="0"/>
					<Vertex X="56146" Y="22458" Z="0"/>
					<Vertex X="56031" Y="22228" Z="0"/>
					<Vertex X="55917" Y="21999" Z="0"/>
					<Vertex X="55802" Y="21656" Z="0"/>
					<Vertex X="55687" Y="21426" Z="0"/>
					<Vertex X="55687" Y="21312" Z="0"/>
					<Vertex X="55229" Y="20854" Z="0"/>
					<Vertex X="55115" Y="20510" Z="0"/>
					<Vertex X="54542" Y="19937" Z="0"/>
					<Vertex X="54542" Y="19822" Z="0"/>
					<Vertex X="54198" Y="19479" Z="0"/>
					<Vertex X="53969" Y="19135" Z="0"/>
					<Vertex X="53625" Y="18906" Z="0"/>
					<Vertex X="53167" Y="18447" Z="0"/>
					<Vertex X="53052" Y="18333" Z="0"/>
					<Vertex X="53052" Y="18447" Z="0"/>
					<Vertex X="52823" Y="18333" Z="0"/>
					<Vertex X="52594" Y="18333" Z="0"/>
					<Vertex X="52479" Y="18333" Z="0"/>
					<Vertex X="52250" Y="18333" Z="0"/>
					<Vertex X="52135" Y="18333" Z="0"/>
					<Vertex X="51906" Y="18333" Z="0"/>
					<Vertex X="51562" Y="18447" Z="0"/>
					<Vertex X="51448" Y="18447" Z="0"/>
					<Vertex X="51333" Y="18562" Z="0"/>
					<Vertex X="51219" Y="18562" Z="0"/>
					<Vertex X="51104" Y="18676" Z="0"/>
					<Vertex X="50875" Y="18676" Z="0"/>
					<Vertex X="50760" Y="18791" Z="0"/>
					<Vertex X="50646" Y="18906" Z="0"/>
					<Vertex X="50187" Y="18791" Z="0"/>
					<Vertex X="50187" Y="19135" Z="0"/>
					<Vertex X="50073" Y="19135" Z="0"/>
					<Vertex X="49844" Y="19249" Z="0"/>
					<Vertex X="49729" Y="19364" Z="0"/>
					<Vertex X="49500" Y="19479" Z="0"/>
					<Vertex X="49385" Y="19593" Z="0"/>
					<Vertex X="48927" Y="19479" Z="0"/>
					<Vertex X="48812" Y="19479" Z="0"/>
					<Vertex X="48927" Y="19822" Z="0"/>
					<Vertex X="48583" Y="19593" Z="0"/>
					<Vertex X="48469" Y="19593" Z="0"/>
					<Vertex X="48583" Y="19822" Z="0"/>
					<Vertex X="48240" Y="19708" Z="0"/>
					<Vertex X="48354" Y="19937" Z="0"/>
					<Vertex X="48240" Y="19937" Z="0"/>
					<Vertex X="48125" Y="20051" Z="0"/>
					<Vertex X="47896" Y="19822" Z="0"/>
					<Vertex X="47896" Y="20166" Z="0"/>
					<Vertex X="47552" Y="20051" Z="0"/>
					<Vertex X="47667" Y="20281" Z="0"/>
					<Vertex X="47667" Y="20395" Z="0"/>
					<Vertex X="47208" Y="20281" Z="0"/>
					<Vertex X="47323" Y="20624" Z="0"/>
					<Vertex X="46979" Y="20510" Z="0"/>
					<Vertex X="47094" Y="20968" Z="0"/>
					<Vertex X="46979" Y="20968" Z="0"/>
					<Vertex X="46865" Y="21083" Z="0"/>
					<Vertex X="46750" Y="21197" Z="0"/>
					<Vertex X="46635" Y="21312" Z="0"/>
					<Vertex X="46406" Y="21426" Z="0"/>
					<Vertex X="46406" Y="21656" Z="0"/>
					<Vertex X="46292" Y="21770" Z="0"/>
					<Vertex X="46177" Y="21999" Z="0"/>
					<Vertex X="46063" Y="22228" Z="0"/>
					<Vertex X="45948" Y="22801" Z="0"/>
					<Vertex X="45833" Y="23031" Z="0"/>
					<Vertex X="45604" Y="23489" Z="0"/>
					<Vertex X="45146" Y="24291" Z="0"/>
					<Vertex X="45031" Y="24520" Z="0"/>
					<Vertex X="44115" Y="25437" Z="0"/>
					<Vertex X="44115" Y="25895" Z="0"/>
					<Vertex X="43885" Y="26468" Z="0"/>
					<Vertex X="43771" Y="27041" Z="0"/>
					<Vertex X="43771" Y="27614" Z="0"/>
					<Vertex X="43656" Y="27499" Z="0"/>
					<Vertex X="43542" Y="27499" Z="0"/>
					<Vertex X="43771" Y="27728" Z="0"/>
					<Vertex X="43885" Y="27843" Z="0"/>
					<Vertex X="44000" Y="27958" Z="0"/>
					<Vertex X="44115" Y="27958" Z="0"/>
					<Vertex X="44115" Y="28072" Z="0"/>
					<Vertex X="44229" Y="28187" Z="0"/>
				</Vertices>
			</Region>
		</Regions>
		<Plots/>
	</Annotation>
</Annotations>
