<Annotations MicronsPerPixel="0.252500">
	<Annotation Id="1" Name="" ReadOnly="0" NameReadOnly="0" LineColorReadOnly="0" Incremental="0" Type="4" LineColor="255" Visible="1" Selected="1" MarkupImagePath="" MacroName="">
		<Attributes/>
		<Regions>
			<RegionAttributeHeaders/>
			<Region Id="1" Type="0" Zoom="0.008336" Selected="0" ImageLocation="" ImageFocus="-1" Length="73268.7" Area="202094529.5" LengthMicrons="18500.3" AreaMicrons="12884789.1" Text="" NegativeROA="0" InputRegionId="0" Analyze="1" DisplayId="1">
				<Attributes/>
				<Vertices>
					<Vertex X="29337" Y="59504" Z="0"/>
					<Vertex X="29693" Y="59742" Z="0"/>
					<Vertex X="29812" Y="59504" Z="0"/>
					<Vertex X="29930" Y="59029" Z="0"/>
					<Vertex X="30287" Y="59148" Z="0"/>
					<Vertex X="30406" Y="58554" Z="0"/>
					<Vertex X="30881" Y="58673" Z="0"/>
					<Vertex X="31237" Y="58317" Z="0"/>
					<Vertex X="31356" Y="57723" Z="0"/>
					<Vertex X="31950" Y="57723" Z="0"/>
					<Vertex X="32306" Y="57604" Z="0"/>
					<Vertex X="32781" Y="56891" Z="0"/>
					<Vertex X="33018" Y="56654" Z="0"/>
					<Vertex X="33256" Y="56416" Z="0"/>
					<Vertex X="33731" Y="56535" Z="0"/>
					<Vertex X="33969" Y="56298" Z="0"/>
					<Vertex X="34325" Y="56060" Z="0"/>
					<Vertex X="34562" Y="55941" Z="0"/>
					<Vertex X="34800" Y="55704" Z="0"/>
					<Vertex X="35038" Y="55585" Z="0"/>
					<Vertex X="34919" Y="55229" Z="0"/>
					<Vertex X="35394" Y="55347" Z="0"/>
					<Vertex X="35275" Y="55110" Z="0"/>
					<Vertex X="35394" Y="54991" Z="0"/>
					<Vertex X="35750" Y="54872" Z="0"/>
					<Vertex X="36225" Y="54872" Z="0"/>
					<Vertex X="36463" Y="54754" Z="0"/>
					<Vertex X="36700" Y="54635" Z="0"/>
					<Vertex X="36819" Y="54160" Z="0"/>
					<Vertex X="37294" Y="54160" Z="0"/>
					<Vertex X="37532" Y="53922" Z="0"/>
					<Vertex X="37769" Y="53685" Z="0"/>
					<Vertex X="37888" Y="53566" Z="0"/>
					<Vertex X="38126" Y="53447" Z="0"/>
					<Vertex X="38244" Y="53328" Z="0"/>
					<Vertex X="38363" Y="53091" Z="0"/>
					<Vertex X="38601" Y="52972" Z="0"/>
					<Vertex X="38719" Y="52734" Z="0"/>
					<Vertex X="38957" Y="52616" Z="0"/>
					<Vertex X="38838" Y="52259" Z="0"/>
					<Vertex X="39076" Y="52141" Z="0"/>
					<Vertex X="39551" Y="52259" Z="0"/>
					<Vertex X="39432" Y="51784" Z="0"/>
					<Vertex X="39788" Y="52022" Z="0"/>
					<Vertex X="39907" Y="51903" Z="0"/>
					<Vertex X="40026" Y="51903" Z="0"/>
					<Vertex X="40263" Y="51784" Z="0"/>
					<Vertex X="40501" Y="51666" Z="0"/>
					<Vertex X="40739" Y="51547" Z="0"/>
					<Vertex X="40976" Y="51547" Z="0"/>
					<Vertex X="41095" Y="51428" Z="0"/>
					<Vertex X="41095" Y="51190" Z="0"/>
					<Vertex X="41451" Y="51309" Z="0"/>
					<Vertex X="41451" Y="50953" Z="0"/>
					<Vertex X="41926" Y="51072" Z="0"/>
					<Vertex X="42164" Y="50953" Z="0"/>
					<Vertex X="42401" Y="50834" Z="0"/>
					<Vertex X="42995" Y="50597" Z="0"/>
					<Vertex X="43233" Y="50478" Z="0"/>
					<Vertex X="43470" Y="50478" Z="0"/>
					<Vertex X="43708" Y="50359" Z="0"/>
					<Vertex X="43827" Y="50359" Z="0"/>
					<Vertex X="43827" Y="50003" Z="0"/>
					<Vertex X="44302" Y="50240" Z="0"/>
					<Vertex X="44302" Y="50122" Z="0"/>
					<Vertex X="44302" Y="49884" Z="0"/>
					<Vertex X="44777" Y="50122" Z="0"/>
					<Vertex X="45133" Y="50003" Z="0"/>
					<Vertex X="45371" Y="50003" Z="0"/>
					<Vertex X="45608" Y="50003" Z="0"/>
					<Vertex X="45608" Y="49765" Z="0"/>
					<Vertex X="45964" Y="49884" Z="0"/>
					<Vertex X="46083" Y="49884" Z="0"/>
					<Vertex X="46202" Y="49884" Z="0"/>
					<Vertex X="46321" Y="49884" Z="0"/>
					<Vertex X="46440" Y="49884" Z="0"/>
					<Vertex X="46321" Y="49646" Z="0"/>
					<Vertex X="46440" Y="49765" Z="0"/>
					<Vertex X="46677" Y="50003" Z="0"/>
					<Vertex X="46796" Y="50122" Z="0"/>
					<Vertex X="46796" Y="50122" Z="0"/>
					<Vertex X="46796" Y="50240" Z="0"/>
					<Vertex X="46796" Y="50359" Z="0"/>
					<Vertex X="46796" Y="50597" Z="0"/>
					<Vertex X="47033" Y="51072" Z="0"/>
					<Vertex X="47033" Y="51190" Z="0"/>
					<Vertex X="47033" Y="51309" Z="0"/>
					<Vertex X="47033" Y="51547" Z="0"/>
					<Vertex X="47033" Y="51666" Z="0"/>
					<Vertex X="47033" Y="51903" Z="0"/>
					<Vertex X="47033" Y="52022" Z="0"/>
					<Vertex X="47033" Y="52259" Z="0"/>
					<Vertex X="47033" Y="52378" Z="0"/>
					<Vertex X="47033" Y="52497" Z="0"/>
					<Vertex X="46796" Y="52616" Z="0"/>
					<Vertex X="46796" Y="52734" Z="0"/>
					<Vertex X="47033" Y="53091" Z="0"/>
					<Vertex X="47033" Y="53447" Z="0"/>
					<Vertex X="47271" Y="53803" Z="0"/>
					<Vertex X="47390" Y="53922" Z="0"/>
					<Vertex X="47508" Y="54160" Z="0"/>
					<Vertex X="47865" Y="54516" Z="0"/>
					<Vertex X="47746" Y="54635" Z="0"/>
					<Vertex X="47865" Y="54754" Z="0"/>
					<Vertex X="47865" Y="54872" Z="0"/>
					<Vertex X="47865" Y="55110" Z="0"/>
					<Vertex X="47865" Y="55466" Z="0"/>
					<Vertex X="48102" Y="55822" Z="0"/>
					<Vertex X="48102" Y="56060" Z="0"/>
					<Vertex X="47865" Y="56179" Z="0"/>
					<Vertex X="48102" Y="56654" Z="0"/>
					<Vertex X="47746" Y="56773" Z="0"/>
					<Vertex X="47746" Y="57010" Z="0"/>
					<Vertex X="47746" Y="57604" Z="0"/>
					<Vertex X="47390" Y="57604" Z="0"/>
					<Vertex X="47390" Y="57723" Z="0"/>
					<Vertex X="47508" Y="58317" Z="0"/>
					<Vertex X="47390" Y="58554" Z="0"/>
					<Vertex X="47271" Y="58792" Z="0"/>
					<Vertex X="47152" Y="59029" Z="0"/>
					<Vertex X="47033" Y="59267" Z="0"/>
					<Vertex X="47033" Y="59386" Z="0"/>
					<Vertex X="46915" Y="59623" Z="0"/>
					<Vertex X="46796" Y="59861" Z="0"/>
					<Vertex X="46677" Y="59979" Z="0"/>
					<Vertex X="46558" Y="60098" Z="0"/>
					<Vertex X="46558" Y="60217" Z="0"/>
					<Vertex X="46440" Y="60455" Z="0"/>
					<Vertex X="46321" Y="60573" Z="0"/>
					<Vertex X="46321" Y="60692" Z="0"/>
					<Vertex X="46083" Y="60930" Z="0"/>
					<Vertex X="45846" Y="60692" Z="0"/>
					<Vertex X="45846" Y="61286" Z="0"/>
					<Vertex X="45608" Y="61523" Z="0"/>
					<Vertex X="45252" Y="61405" Z="0"/>
					<Vertex X="45133" Y="61999" Z="0"/>
					<Vertex X="44658" Y="61999" Z="0"/>
					<Vertex X="44539" Y="62117" Z="0"/>
					<Vertex X="44658" Y="62474" Z="0"/>
					<Vertex X="44539" Y="62592" Z="0"/>
					<Vertex X="44302" Y="62830" Z="0"/>
					<Vertex X="44183" Y="62949" Z="0"/>
					<Vertex X="44064" Y="63067" Z="0"/>
					<Vertex X="43589" Y="62949" Z="0"/>
					<Vertex X="43470" Y="63067" Z="0"/>
					<Vertex X="43352" Y="63186" Z="0"/>
					<Vertex X="43352" Y="63543" Z="0"/>
					<Vertex X="43114" Y="63780" Z="0"/>
					<Vertex X="42876" Y="63899" Z="0"/>
					<Vertex X="42639" Y="64136" Z="0"/>
					<Vertex X="42401" Y="64255" Z="0"/>
					<Vertex X="42164" Y="64493" Z="0"/>
					<Vertex X="42045" Y="64493" Z="0"/>
					<Vertex X="41451" Y="64493" Z="0"/>
					<Vertex X="41570" Y="64849" Z="0"/>
					<Vertex X="41214" Y="64968" Z="0"/>
					<Vertex X="40857" Y="65087" Z="0"/>
					<Vertex X="40382" Y="65324" Z="0"/>
					<Vertex X="39670" Y="65205" Z="0"/>
					<Vertex X="38957" Y="65443" Z="0"/>
					<Vertex X="38838" Y="65799" Z="0"/>
					<Vertex X="38363" Y="66037" Z="0"/>
					<Vertex X="37651" Y="65918" Z="0"/>
					<Vertex X="37413" Y="65918" Z="0"/>
					<Vertex X="37294" Y="66393" Z="0"/>
					<Vertex X="36938" Y="66393" Z="0"/>
					<Vertex X="36582" Y="66512" Z="0"/>
					<Vertex X="36344" Y="66631" Z="0"/>
					<Vertex X="36106" Y="66631" Z="0"/>
					<Vertex X="35631" Y="66393" Z="0"/>
					<Vertex X="35631" Y="66631" Z="0"/>
					<Vertex X="35275" Y="66393" Z="0"/>
					<Vertex X="34919" Y="66512" Z="0"/>
					<Vertex X="34681" Y="66512" Z="0"/>
					<Vertex X="34800" Y="66749" Z="0"/>
					<Vertex X="34206" Y="66512" Z="0"/>
					<Vertex X="34325" Y="66749" Z="0"/>
					<Vertex X="34087" Y="66749" Z="0"/>
					<Vertex X="33612" Y="66512" Z="0"/>
					<Vertex X="33494" Y="66512" Z="0"/>
					<Vertex X="33612" Y="66749" Z="0"/>
					<Vertex X="33256" Y="66749" Z="0"/>
					<Vertex X="33137" Y="66749" Z="0"/>
					<Vertex X="32662" Y="66393" Z="0"/>
					<Vertex X="32425" Y="66512" Z="0"/>
					<Vertex X="32187" Y="66393" Z="0"/>
					<Vertex X="31831" Y="66393" Z="0"/>
					<Vertex X="31593" Y="66274" Z="0"/>
					<Vertex X="31237" Y="66156" Z="0"/>
					<Vertex X="30999" Y="65918" Z="0"/>
					<Vertex X="30643" Y="65799" Z="0"/>
					<Vertex X="30287" Y="65443" Z="0"/>
					<Vertex X="30287" Y="65562" Z="0"/>
					<Vertex X="30168" Y="65562" Z="0"/>
					<Vertex X="30049" Y="65324" Z="0"/>
					<Vertex X="29930" Y="65205" Z="0"/>
					<Vertex X="29812" Y="65087" Z="0"/>
					<Vertex X="29812" Y="64968" Z="0"/>
					<Vertex X="29812" Y="64849" Z="0"/>
					<Vertex X="29693" Y="64612" Z="0"/>
					<Vertex X="29337" Y="64255" Z="0"/>
					<Vertex X="29455" Y="64018" Z="0"/>
					<Vertex X="29455" Y="63899" Z="0"/>
					<Vertex X="29218" Y="63543" Z="0"/>
					<Vertex X="29455" Y="63543" Z="0"/>
					<Vertex X="29455" Y="63305" Z="0"/>
					<Vertex X="29455" Y="63186" Z="0"/>
					<Vertex X="29455" Y="63067" Z="0"/>
					<Vertex X="29693" Y="59861" Z="0"/>
					<Vertex X="29930" Y="60098" Z="0"/>
					<Vertex X="29693" Y="59861" Z="0"/>
					<Vertex X="29930" Y="60217" Z="0"/>
					<Vertex X="29930" Y="60336" Z="0"/>
					<Vertex X="29930" Y="60455" Z="0"/>
					<Vertex X="29693" Y="60336" Z="0"/>
					<Vertex X="29930" Y="60692" Z="0"/>
					<Vertex X="29693" Y="60573" Z="0"/>
					<Vertex X="29930" Y="60930" Z="0"/>
					<Vertex X="29693" Y="60930" Z="0"/>
					<Vertex X="29693" Y="61048" Z="0"/>
					<Vertex X="29693" Y="61167" Z="0"/>
					<Vertex X="29812" Y="61523" Z="0"/>
					<Vertex X="29812" Y="61761" Z="0"/>
					<Vertex X="29693" Y="61880" Z="0"/>
					<Vertex X="29455" Y="61880" Z="0"/>
					<Vertex X="29337" Y="62117" Z="0"/>
					<Vertex X="29574" Y="62355" Z="0"/>
					<Vertex X="29574" Y="62474" Z="0"/>
					<Vertex X="29574" Y="62592" Z="0"/>
					<Vertex X="29455" Y="62830" Z="0"/>
					<Vertex X="29218" Y="62711" Z="0"/>
				</Vertices>
			</Region>
			<Region Id="2" Type="0" Zoom="0.008336" Selected="0" ImageLocation="" ImageFocus="-1" Length="101593.3" Area="416027872.5" LengthMicrons="25652.3" AreaMicrons="26524376.5" Text="" NegativeROA="0" InputRegionId="0" Analyze="1" DisplayId="2">
				<Attributes/>
				<Vertices>
					<Vertex X="82427" Y="41688" Z="0"/>
					<Vertex X="82189" Y="41451" Z="0"/>
					<Vertex X="82308" Y="41688" Z="0"/>
					<Vertex X="82308" Y="41926" Z="0"/>
					<Vertex X="82308" Y="42044" Z="0"/>
					<Vertex X="82070" Y="42044" Z="0"/>
					<Vertex X="82308" Y="42401" Z="0"/>
					<Vertex X="82308" Y="42519" Z="0"/>
					<Vertex X="82308" Y="42638" Z="0"/>
					<Vertex X="82308" Y="42876" Z="0"/>
					<Vertex X="82308" Y="43113" Z="0"/>
					<Vertex X="82308" Y="43351" Z="0"/>
					<Vertex X="82308" Y="43588" Z="0"/>
					<Vertex X="82308" Y="43826" Z="0"/>
					<Vertex X="82070" Y="43707" Z="0"/>
					<Vertex X="82308" Y="44182" Z="0"/>
					<Vertex X="82070" Y="44539" Z="0"/>
					<Vertex X="82308" Y="45014" Z="0"/>
					<Vertex X="82070" Y="44895" Z="0"/>
					<Vertex X="82308" Y="45370" Z="0"/>
					<Vertex X="82070" Y="45489" Z="0"/>
					<Vertex X="82070" Y="45845" Z="0"/>
					<Vertex X="82308" Y="46439" Z="0"/>
					<Vertex X="82070" Y="46558" Z="0"/>
					<Vertex X="81952" Y="46914" Z="0"/>
					<Vertex X="82189" Y="47508" Z="0"/>
					<Vertex X="82189" Y="47864" Z="0"/>
					<Vertex X="82189" Y="47983" Z="0"/>
					<Vertex X="82189" Y="48458" Z="0"/>
					<Vertex X="82070" Y="48696" Z="0"/>
					<Vertex X="82070" Y="49052" Z="0"/>
					<Vertex X="81952" Y="49171" Z="0"/>
					<Vertex X="81952" Y="49408" Z="0"/>
					<Vertex X="81595" Y="49527" Z="0"/>
					<Vertex X="81714" Y="50121" Z="0"/>
					<Vertex X="81595" Y="50477" Z="0"/>
					<Vertex X="81239" Y="50477" Z="0"/>
					<Vertex X="81239" Y="51190" Z="0"/>
					<Vertex X="81120" Y="51546" Z="0"/>
					<Vertex X="81120" Y="51902" Z="0"/>
					<Vertex X="80883" Y="52259" Z="0"/>
					<Vertex X="81120" Y="52615" Z="0"/>
					<Vertex X="81120" Y="52971" Z="0"/>
					<Vertex X="80883" Y="52971" Z="0"/>
					<Vertex X="80883" Y="53328" Z="0"/>
					<Vertex X="80883" Y="53565" Z="0"/>
					<Vertex X="80883" Y="53921" Z="0"/>
					<Vertex X="81002" Y="54040" Z="0"/>
					<Vertex X="81239" Y="54515" Z="0"/>
					<Vertex X="81358" Y="54634" Z="0"/>
					<Vertex X="81595" Y="54990" Z="0"/>
					<Vertex X="81833" Y="55109" Z="0"/>
					<Vertex X="82070" Y="55228" Z="0"/>
					<Vertex X="82308" Y="55347" Z="0"/>
					<Vertex X="82664" Y="55465" Z="0"/>
					<Vertex X="82783" Y="55465" Z="0"/>
					<Vertex X="83139" Y="55584" Z="0"/>
					<Vertex X="83258" Y="55584" Z="0"/>
					<Vertex X="83496" Y="55584" Z="0"/>
					<Vertex X="83852" Y="55584" Z="0"/>
					<Vertex X="84208" Y="55584" Z="0"/>
					<Vertex X="84446" Y="55584" Z="0"/>
					<Vertex X="84802" Y="55584" Z="0"/>
					<Vertex X="85158" Y="55584" Z="0"/>
					<Vertex X="85277" Y="55347" Z="0"/>
					<Vertex X="85396" Y="55347" Z="0"/>
					<Vertex X="85752" Y="55584" Z="0"/>
					<Vertex X="85990" Y="55584" Z="0"/>
					<Vertex X="86227" Y="55584" Z="0"/>
					<Vertex X="86584" Y="55584" Z="0"/>
					<Vertex X="86821" Y="55584" Z="0"/>
					<Vertex X="87296" Y="55465" Z="0"/>
					<Vertex X="87178" Y="55228" Z="0"/>
					<Vertex X="87771" Y="55347" Z="0"/>
					<Vertex X="87771" Y="55109" Z="0"/>
					<Vertex X="88128" Y="55228" Z="0"/>
					<Vertex X="88365" Y="55228" Z="0"/>
					<Vertex X="88484" Y="55109" Z="0"/>
					<Vertex X="88603" Y="54634" Z="0"/>
					<Vertex X="88959" Y="54753" Z="0"/>
					<Vertex X="89197" Y="54515" Z="0"/>
					<Vertex X="89553" Y="54278" Z="0"/>
					<Vertex X="89553" Y="53803" Z="0"/>
					<Vertex X="89791" Y="53565" Z="0"/>
					<Vertex X="90147" Y="53684" Z="0"/>
					<Vertex X="90147" Y="53209" Z="0"/>
					<Vertex X="90741" Y="53209" Z="0"/>
					<Vertex X="91216" Y="52734" Z="0"/>
					<Vertex X="91453" Y="52496" Z="0"/>
					<Vertex X="91691" Y="51784" Z="0"/>
					<Vertex X="92166" Y="51784" Z="0"/>
					<Vertex X="92522" Y="51309" Z="0"/>
					<Vertex X="92879" Y="50952" Z="0"/>
					<Vertex X="93235" Y="50477" Z="0"/>
					<Vertex X="93472" Y="50240" Z="0"/>
					<Vertex X="93948" Y="49646" Z="0"/>
					<Vertex X="93948" Y="49171" Z="0"/>
					<Vertex X="94423" Y="49171" Z="0"/>
					<Vertex X="94660" Y="48814" Z="0"/>
					<Vertex X="94898" Y="48577" Z="0"/>
					<Vertex X="95016" Y="48102" Z="0"/>
					<Vertex X="95254" Y="47864" Z="0"/>
					<Vertex X="95492" Y="47745" Z="0"/>
					<Vertex X="96085" Y="47745" Z="0"/>
					<Vertex X="96085" Y="47270" Z="0"/>
					<Vertex X="96323" Y="47152" Z="0"/>
					<Vertex X="96798" Y="47270" Z="0"/>
					<Vertex X="97036" Y="47152" Z="0"/>
					<Vertex X="97392" Y="47033" Z="0"/>
					<Vertex X="97629" Y="46795" Z="0"/>
					<Vertex X="97629" Y="46558" Z="0"/>
					<Vertex X="98342" Y="46439" Z="0"/>
					<Vertex X="98461" Y="46083" Z="0"/>
					<Vertex X="99292" Y="45845" Z="0"/>
					<Vertex X="99411" Y="45370" Z="0"/>
					<Vertex X="99886" Y="45251" Z="0"/>
					<Vertex X="100242" Y="44895" Z="0"/>
					<Vertex X="100124" Y="44539" Z="0"/>
					<Vertex X="100599" Y="44539" Z="0"/>
					<Vertex X="100480" Y="44182" Z="0"/>
					<Vertex X="100955" Y="44182" Z="0"/>
					<Vertex X="100717" Y="43707" Z="0"/>
					<Vertex X="100955" Y="43470" Z="0"/>
					<Vertex X="101311" Y="43470" Z="0"/>
					<Vertex X="101311" Y="43351" Z="0"/>
					<Vertex X="101430" Y="43232" Z="0"/>
					<Vertex X="101430" Y="42995" Z="0"/>
					<Vertex X="101549" Y="42638" Z="0"/>
					<Vertex X="101668" Y="42519" Z="0"/>
					<Vertex X="101668" Y="42282" Z="0"/>
					<Vertex X="101786" Y="41926" Z="0"/>
					<Vertex X="101905" Y="41569" Z="0"/>
					<Vertex X="101905" Y="41451" Z="0"/>
					<Vertex X="101905" Y="41213" Z="0"/>
					<Vertex X="101905" Y="41094" Z="0"/>
					<Vertex X="101668" Y="40500" Z="0"/>
					<Vertex X="101905" Y="40619" Z="0"/>
					<Vertex X="101668" Y="40144" Z="0"/>
					<Vertex X="101905" Y="40144" Z="0"/>
					<Vertex X="101905" Y="39907" Z="0"/>
					<Vertex X="101905" Y="39669" Z="0"/>
					<Vertex X="101786" Y="39075" Z="0"/>
					<Vertex X="102024" Y="39194" Z="0"/>
					<Vertex X="102024" Y="39075" Z="0"/>
					<Vertex X="102024" Y="38838" Z="0"/>
					<Vertex X="102143" Y="38600" Z="0"/>
					<Vertex X="102143" Y="38481" Z="0"/>
					<Vertex X="102261" Y="38363" Z="0"/>
					<Vertex X="102261" Y="38125" Z="0"/>
					<Vertex X="102261" Y="37769" Z="0"/>
					<Vertex X="102143" Y="37294" Z="0"/>
					<Vertex X="102143" Y="36818" Z="0"/>
					<Vertex X="102380" Y="36700" Z="0"/>
					<Vertex X="102143" Y="35987" Z="0"/>
					<Vertex X="102380" Y="35631" Z="0"/>
					<Vertex X="102380" Y="35156" Z="0"/>
					<Vertex X="102499" Y="34443" Z="0"/>
					<Vertex X="102499" Y="33968" Z="0"/>
					<Vertex X="102499" Y="33612" Z="0"/>
					<Vertex X="102499" Y="33374" Z="0"/>
					<Vertex X="102499" Y="33255" Z="0"/>
					<Vertex X="102380" Y="33255" Z="0"/>
					<Vertex X="102380" Y="33137" Z="0"/>
					<Vertex X="102261" Y="33018" Z="0"/>
					<Vertex X="102024" Y="32899" Z="0"/>
					<Vertex X="101668" Y="32543" Z="0"/>
					<Vertex X="101549" Y="32543" Z="0"/>
					<Vertex X="101311" Y="32424" Z="0"/>
					<Vertex X="100836" Y="32186" Z="0"/>
					<Vertex X="100599" Y="31949" Z="0"/>
					<Vertex X="100599" Y="32068" Z="0"/>
					<Vertex X="100242" Y="32068" Z="0"/>
					<Vertex X="99648" Y="31711" Z="0"/>
					<Vertex X="99530" Y="31830" Z="0"/>
					<Vertex X="99055" Y="31474" Z="0"/>
					<Vertex X="98580" Y="31236" Z="0"/>
					<Vertex X="97986" Y="30880" Z="0"/>
					<Vertex X="97867" Y="30761" Z="0"/>
					<Vertex X="97748" Y="30642" Z="0"/>
					<Vertex X="97511" Y="30286" Z="0"/>
					<Vertex X="97273" Y="30049" Z="0"/>
					<Vertex X="97154" Y="29811" Z="0"/>
					<Vertex X="96798" Y="29336" Z="0"/>
					<Vertex X="96679" Y="29217" Z="0"/>
					<Vertex X="96442" Y="28742" Z="0"/>
					<Vertex X="96323" Y="28386" Z="0"/>
					<Vertex X="96204" Y="28386" Z="0"/>
					<Vertex X="96323" Y="28267" Z="0"/>
					<Vertex X="96204" Y="28029" Z="0"/>
					<Vertex X="95967" Y="27792" Z="0"/>
					<Vertex X="95610" Y="27317" Z="0"/>
					<Vertex X="95610" Y="27198" Z="0"/>
					<Vertex X="95135" Y="26604" Z="0"/>
					<Vertex X="95016" Y="26367" Z="0"/>
					<Vertex X="94779" Y="26129" Z="0"/>
					<Vertex X="94304" Y="25654" Z="0"/>
					<Vertex X="94066" Y="25417" Z="0"/>
					<Vertex X="93591" Y="25060" Z="0"/>
					<Vertex X="93472" Y="24823" Z="0"/>
					<Vertex X="93472" Y="24941" Z="0"/>
					<Vertex X="93116" Y="24704" Z="0"/>
					<Vertex X="93116" Y="24823" Z="0"/>
					<Vertex X="92641" Y="24466" Z="0"/>
					<Vertex X="92522" Y="24466" Z="0"/>
					<Vertex X="92641" Y="24704" Z="0"/>
					<Vertex X="92522" Y="24704" Z="0"/>
					<Vertex X="92403" Y="24704" Z="0"/>
					<Vertex X="92285" Y="24823" Z="0"/>
					<Vertex X="92166" Y="24823" Z="0"/>
					<Vertex X="92047" Y="24823" Z="0"/>
					<Vertex X="91691" Y="24585" Z="0"/>
					<Vertex X="91453" Y="24704" Z="0"/>
					<Vertex X="91572" Y="25060" Z="0"/>
					<Vertex X="91453" Y="25179" Z="0"/>
					<Vertex X="91216" Y="25179" Z="0"/>
					<Vertex X="91097" Y="25298" Z="0"/>
					<Vertex X="90859" Y="25417" Z="0"/>
					<Vertex X="90503" Y="25179" Z="0"/>
					<Vertex X="90503" Y="25535" Z="0"/>
					<Vertex X="90147" Y="25654" Z="0"/>
					<Vertex X="89909" Y="25535" Z="0"/>
					<Vertex X="89909" Y="25892" Z="0"/>
					<Vertex X="89791" Y="25892" Z="0"/>
					<Vertex X="89672" Y="26010" Z="0"/>
					<Vertex X="89315" Y="25892" Z="0"/>
					<Vertex X="89197" Y="25892" Z="0"/>
					<Vertex X="89197" Y="26248" Z="0"/>
					<Vertex X="89078" Y="26367" Z="0"/>
					<Vertex X="88959" Y="26367" Z="0"/>
					<Vertex X="88722" Y="26129" Z="0"/>
					<Vertex X="88840" Y="26485" Z="0"/>
					<Vertex X="88722" Y="26604" Z="0"/>
					<Vertex X="88603" Y="26723" Z="0"/>
					<Vertex X="88365" Y="26604" Z="0"/>
					<Vertex X="88484" Y="26961" Z="0"/>
					<Vertex X="88365" Y="27198" Z="0"/>
					<Vertex X="88247" Y="27436" Z="0"/>
					<Vertex X="88247" Y="27673" Z="0"/>
					<Vertex X="88009" Y="28267" Z="0"/>
					<Vertex X="87653" Y="28386" Z="0"/>
					<Vertex X="87890" Y="28980" Z="0"/>
					<Vertex X="87890" Y="29336" Z="0"/>
					<Vertex X="87890" Y="29692" Z="0"/>
					<Vertex X="87653" Y="29930" Z="0"/>
					<Vertex X="87890" Y="30167" Z="0"/>
					<Vertex X="87771" Y="30167" Z="0"/>
					<Vertex X="87771" Y="30286" Z="0"/>
					<Vertex X="87653" Y="30405" Z="0"/>
					<Vertex X="87534" Y="30642" Z="0"/>
					<Vertex X="87415" Y="30761" Z="0"/>
					<Vertex X="87296" Y="30999" Z="0"/>
					<Vertex X="87178" Y="31118" Z="0"/>
					<Vertex X="87059" Y="31236" Z="0"/>
					<Vertex X="86703" Y="31236" Z="0"/>
					<Vertex X="86703" Y="31711" Z="0"/>
					<Vertex X="86346" Y="31830" Z="0"/>
					<Vertex X="86109" Y="32068" Z="0"/>
					<Vertex X="86109" Y="32780" Z="0"/>
					<Vertex X="85990" Y="33137" Z="0"/>
					<Vertex X="85752" Y="33018" Z="0"/>
					<Vertex X="85871" Y="33612" Z="0"/>
					<Vertex X="85634" Y="34087" Z="0"/>
					<Vertex X="85515" Y="34443" Z="0"/>
					<Vertex X="85277" Y="35037" Z="0"/>
					<Vertex X="85040" Y="35393" Z="0"/>
					<Vertex X="84802" Y="35987" Z="0"/>
					<Vertex X="84802" Y="36225" Z="0"/>
					<Vertex X="84446" Y="36462" Z="0"/>
					<Vertex X="84565" Y="37056" Z="0"/>
					<Vertex X="84327" Y="37412" Z="0"/>
					<Vertex X="83971" Y="37650" Z="0"/>
					<Vertex X="83852" Y="37887" Z="0"/>
					<Vertex X="84090" Y="38244" Z="0"/>
					<Vertex X="83971" Y="38600" Z="0"/>
					<Vertex X="83971" Y="38719" Z="0"/>
					<Vertex X="83971" Y="38956" Z="0"/>
					<Vertex X="83614" Y="38956" Z="0"/>
					<Vertex X="83614" Y="39194" Z="0"/>
					<Vertex X="83496" Y="39313" Z="0"/>
					<Vertex X="83733" Y="39669" Z="0"/>
					<Vertex X="83733" Y="39788" Z="0"/>
					<Vertex X="83733" Y="39907" Z="0"/>
					<Vertex X="83733" Y="40025" Z="0"/>
					<Vertex X="83614" Y="40263" Z="0"/>
					<Vertex X="83614" Y="40500" Z="0"/>
					<Vertex X="83614" Y="40738" Z="0"/>
					<Vertex X="83021" Y="40619" Z="0"/>
					<Vertex X="83258" Y="40857" Z="0"/>
					<Vertex X="83139" Y="40857" Z="0"/>
					<Vertex X="83021" Y="40975" Z="0"/>
					<Vertex X="82902" Y="41094" Z="0"/>
					<Vertex X="82546" Y="40975" Z="0"/>
					<Vertex X="82783" Y="41213" Z="0"/>
					<Vertex X="82664" Y="41332" Z="0"/>
					<Vertex X="82427" Y="41094" Z="0"/>
					<Vertex X="82546" Y="41451" Z="0"/>
					<Vertex X="82189" Y="41213" Z="0"/>
					<Vertex X="82427" Y="41569" Z="0"/>
					<Vertex X="82427" Y="41688" Z="0"/>
				</Vertices>
			</Region>
			<Region Id="3" Type="0" Zoom="0.008336" Selected="0" ImageLocation="" ImageFocus="-1" Length="62363.2" Area="158859998.5" LengthMicrons="15746.7" AreaMicrons="10128317.6" Text="" NegativeROA="0" InputRegionId="0" Analyze="1" DisplayId="3">
				<Attributes/>
				<Vertices>
					<Vertex X="64492" Y="79101" Z="0"/>
					<Vertex X="64611" Y="78745" Z="0"/>
					<Vertex X="64848" Y="78508" Z="0"/>
					<Vertex X="64730" Y="78033" Z="0"/>
					<Vertex X="65086" Y="78033" Z="0"/>
					<Vertex X="65324" Y="77320" Z="0"/>
					<Vertex X="65917" Y="77320" Z="0"/>
					<Vertex X="65799" Y="76964" Z="0"/>
					<Vertex X="66036" Y="76845" Z="0"/>
					<Vertex X="66274" Y="76726" Z="0"/>
					<Vertex X="66749" Y="76845" Z="0"/>
					<Vertex X="66986" Y="76726" Z="0"/>
					<Vertex X="66868" Y="76488" Z="0"/>
					<Vertex X="67105" Y="76488" Z="0"/>
					<Vertex X="67224" Y="76488" Z="0"/>
					<Vertex X="67461" Y="76488" Z="0"/>
					<Vertex X="67699" Y="76488" Z="0"/>
					<Vertex X="68174" Y="76726" Z="0"/>
					<Vertex X="68293" Y="76488" Z="0"/>
					<Vertex X="68530" Y="76488" Z="0"/>
					<Vertex X="69124" Y="76726" Z="0"/>
					<Vertex X="69362" Y="76726" Z="0"/>
					<Vertex X="69599" Y="76726" Z="0"/>
					<Vertex X="69956" Y="76726" Z="0"/>
					<Vertex X="70074" Y="76726" Z="0"/>
					<Vertex X="70074" Y="76488" Z="0"/>
					<Vertex X="70668" Y="76726" Z="0"/>
					<Vertex X="70787" Y="76488" Z="0"/>
					<Vertex X="71262" Y="76845" Z="0"/>
					<Vertex X="71618" Y="76845" Z="0"/>
					<Vertex X="71975" Y="76964" Z="0"/>
					<Vertex X="72450" Y="76964" Z="0"/>
					<Vertex X="72569" Y="76845" Z="0"/>
					<Vertex X="73400" Y="77082" Z="0"/>
					<Vertex X="73875" Y="77201" Z="0"/>
					<Vertex X="73994" Y="77082" Z="0"/>
					<Vertex X="74231" Y="77082" Z="0"/>
					<Vertex X="74588" Y="77320" Z="0"/>
					<Vertex X="75181" Y="77320" Z="0"/>
					<Vertex X="75775" Y="77557" Z="0"/>
					<Vertex X="76250" Y="77557" Z="0"/>
					<Vertex X="76725" Y="77676" Z="0"/>
					<Vertex X="76963" Y="77676" Z="0"/>
					<Vertex X="77201" Y="77439" Z="0"/>
					<Vertex X="77438" Y="77439" Z="0"/>
					<Vertex X="77676" Y="77439" Z="0"/>
					<Vertex X="78032" Y="77439" Z="0"/>
					<Vertex X="78745" Y="77676" Z="0"/>
					<Vertex X="78863" Y="77439" Z="0"/>
					<Vertex X="79101" Y="77439" Z="0"/>
					<Vertex X="79576" Y="77676" Z="0"/>
					<Vertex X="79695" Y="77439" Z="0"/>
					<Vertex X="80051" Y="77676" Z="0"/>
					<Vertex X="80407" Y="77439" Z="0"/>
					<Vertex X="81120" Y="77676" Z="0"/>
					<Vertex X="81239" Y="77439" Z="0"/>
					<Vertex X="81714" Y="77676" Z="0"/>
					<Vertex X="81714" Y="77439" Z="0"/>
					<Vertex X="81951" Y="77557" Z="0"/>
					<Vertex X="82308" Y="77676" Z="0"/>
					<Vertex X="82664" Y="77914" Z="0"/>
					<Vertex X="82783" Y="78033" Z="0"/>
					<Vertex X="82783" Y="77914" Z="0"/>
					<Vertex X="83139" Y="78270" Z="0"/>
					<Vertex X="83377" Y="78508" Z="0"/>
					<Vertex X="83495" Y="78626" Z="0"/>
					<Vertex X="83733" Y="78745" Z="0"/>
					<Vertex X="83733" Y="78864" Z="0"/>
					<Vertex X="84089" Y="79101" Z="0"/>
					<Vertex X="84208" Y="79339" Z="0"/>
					<Vertex X="84327" Y="79577" Z="0"/>
					<Vertex X="84208" Y="79695" Z="0"/>
					<Vertex X="84564" Y="80052" Z="0"/>
					<Vertex X="84446" Y="80170" Z="0"/>
					<Vertex X="84446" Y="80289" Z="0"/>
					<Vertex X="84564" Y="80645" Z="0"/>
					<Vertex X="84564" Y="80883" Z="0"/>
					<Vertex X="84564" Y="81239" Z="0"/>
					<Vertex X="84564" Y="81477" Z="0"/>
					<Vertex X="84564" Y="81596" Z="0"/>
					<Vertex X="84683" Y="81952" Z="0"/>
					<Vertex X="84564" Y="82071" Z="0"/>
					<Vertex X="84564" Y="82189" Z="0"/>
					<Vertex X="84446" Y="82308" Z="0"/>
					<Vertex X="84089" Y="82189" Z="0"/>
					<Vertex X="84327" Y="82427" Z="0"/>
					<Vertex X="84208" Y="82546" Z="0"/>
					<Vertex X="84089" Y="82665" Z="0"/>
					<Vertex X="83852" Y="82665" Z="0"/>
					<Vertex X="83495" Y="82546" Z="0"/>
					<Vertex X="83614" Y="82783" Z="0"/>
					<Vertex X="83139" Y="82665" Z="0"/>
					<Vertex X="83258" Y="82902" Z="0"/>
					<Vertex X="83020" Y="82902" Z="0"/>
					<Vertex X="82902" Y="83021" Z="0"/>
					<Vertex X="82545" Y="83140" Z="0"/>
					<Vertex X="82426" Y="83140" Z="0"/>
					<Vertex X="82070" Y="83140" Z="0"/>
					<Vertex X="81951" Y="83258" Z="0"/>
					<Vertex X="81476" Y="83021" Z="0"/>
					<Vertex X="81358" Y="83140" Z="0"/>
					<Vertex X="81358" Y="83377" Z="0"/>
					<Vertex X="81120" Y="83377" Z="0"/>
					<Vertex X="80882" Y="83496" Z="0"/>
					<Vertex X="80645" Y="83496" Z="0"/>
					<Vertex X="80526" Y="83615" Z="0"/>
					<Vertex X="80407" Y="83615" Z="0"/>
					<Vertex X="80289" Y="83615" Z="0"/>
					<Vertex X="79814" Y="83852" Z="0"/>
					<Vertex X="79576" Y="83971" Z="0"/>
					<Vertex X="78982" Y="83971" Z="0"/>
					<Vertex X="78982" Y="84327" Z="0"/>
					<Vertex X="78626" Y="84565" Z="0"/>
					<Vertex X="78151" Y="84802" Z="0"/>
					<Vertex X="77794" Y="84921" Z="0"/>
					<Vertex X="77676" Y="85040" Z="0"/>
					<Vertex X="77319" Y="84921" Z="0"/>
					<Vertex X="76844" Y="85159" Z="0"/>
					<Vertex X="76725" Y="85515" Z="0"/>
					<Vertex X="76369" Y="85634" Z="0"/>
					<Vertex X="76013" Y="85753" Z="0"/>
					<Vertex X="75538" Y="85634" Z="0"/>
					<Vertex X="75538" Y="85990" Z="0"/>
					<Vertex X="75063" Y="85753" Z="0"/>
					<Vertex X="74825" Y="85871" Z="0"/>
					<Vertex X="74588" Y="86228" Z="0"/>
					<Vertex X="74350" Y="86228" Z="0"/>
					<Vertex X="74113" Y="86228" Z="0"/>
					<Vertex X="73756" Y="86228" Z="0"/>
					<Vertex X="73519" Y="86228" Z="0"/>
					<Vertex X="73281" Y="86228" Z="0"/>
					<Vertex X="72925" Y="86228" Z="0"/>
					<Vertex X="72569" Y="85990" Z="0"/>
					<Vertex X="72093" Y="85990" Z="0"/>
					<Vertex X="71856" Y="85990" Z="0"/>
					<Vertex X="71618" Y="86228" Z="0"/>
					<Vertex X="71262" Y="86228" Z="0"/>
					<Vertex X="70906" Y="86228" Z="0"/>
					<Vertex X="70549" Y="86228" Z="0"/>
					<Vertex X="69837" Y="86109" Z="0"/>
					<Vertex X="69718" Y="86346" Z="0"/>
					<Vertex X="69480" Y="86346" Z="0"/>
					<Vertex X="69005" Y="86228" Z="0"/>
					<Vertex X="68649" Y="86465" Z="0"/>
					<Vertex X="68174" Y="86584" Z="0"/>
					<Vertex X="67818" Y="86584" Z="0"/>
					<Vertex X="67224" Y="86346" Z="0"/>
					<Vertex X="67224" Y="86584" Z="0"/>
					<Vertex X="66749" Y="86346" Z="0"/>
					<Vertex X="66749" Y="86584" Z="0"/>
					<Vertex X="66511" Y="86584" Z="0"/>
					<Vertex X="66155" Y="86228" Z="0"/>
					<Vertex X="66036" Y="86228" Z="0"/>
					<Vertex X="66036" Y="86346" Z="0"/>
					<Vertex X="65917" Y="86346" Z="0"/>
					<Vertex X="65680" Y="86228" Z="0"/>
					<Vertex X="65442" Y="86109" Z="0"/>
					<Vertex X="65086" Y="85753" Z="0"/>
					<Vertex X="64967" Y="85753" Z="0"/>
					<Vertex X="64848" Y="85515" Z="0"/>
					<Vertex X="64730" Y="85396" Z="0"/>
					<Vertex X="64611" Y="85159" Z="0"/>
					<Vertex X="64492" Y="84802" Z="0"/>
					<Vertex X="64373" Y="84684" Z="0"/>
					<Vertex X="64373" Y="84446" Z="0"/>
					<Vertex X="64136" Y="83971" Z="0"/>
					<Vertex X="64255" Y="83852" Z="0"/>
					<Vertex X="64255" Y="83615" Z="0"/>
					<Vertex X="64017" Y="83140" Z="0"/>
					<Vertex X="64255" Y="83140" Z="0"/>
					<Vertex X="64255" Y="83021" Z="0"/>
					<Vertex X="64255" Y="82783" Z="0"/>
					<Vertex X="64255" Y="82546" Z="0"/>
					<Vertex X="64017" Y="82189" Z="0"/>
					<Vertex X="64255" Y="82071" Z="0"/>
					<Vertex X="64017" Y="81596" Z="0"/>
					<Vertex X="64255" Y="81596" Z="0"/>
					<Vertex X="64017" Y="81239" Z="0"/>
					<Vertex X="64255" Y="81239" Z="0"/>
					<Vertex X="64017" Y="80883" Z="0"/>
					<Vertex X="64255" Y="80883" Z="0"/>
					<Vertex X="64017" Y="80527" Z="0"/>
					<Vertex X="64255" Y="80645" Z="0"/>
					<Vertex X="64255" Y="80527" Z="0"/>
					<Vertex X="64255" Y="80408" Z="0"/>
					<Vertex X="64255" Y="80289" Z="0"/>
					<Vertex X="64255" Y="80289" Z="0"/>
					<Vertex X="64017" Y="80052" Z="0"/>
					<Vertex X="64017" Y="80052" Z="0"/>
					<Vertex X="64492" Y="79101" Z="0"/>
				</Vertices>
			</Region>
			<Region Id="4" Type="0" Zoom="0.008336" Selected="0" ImageLocation="" ImageFocus="-1" Length="45706.2" Area="99372630.5" LengthMicrons="11540.8" AreaMicrons="6335626.2" Text="" NegativeROA="0" InputRegionId="0" Analyze="1" DisplayId="4">
				<Attributes/>
				<Vertices>
					<Vertex X="51427" Y="73757" Z="0"/>
					<Vertex X="51427" Y="73638" Z="0"/>
					<Vertex X="51190" Y="72925" Z="0"/>
					<Vertex X="51190" Y="72807" Z="0"/>
					<Vertex X="51190" Y="72332" Z="0"/>
					<Vertex X="51427" Y="72332" Z="0"/>
					<Vertex X="51190" Y="71738" Z="0"/>
					<Vertex X="51427" Y="71381" Z="0"/>
					<Vertex X="51427" Y="70788" Z="0"/>
					<Vertex X="51427" Y="70194" Z="0"/>
					<Vertex X="51427" Y="69719" Z="0"/>
					<Vertex X="51546" Y="69362" Z="0"/>
					<Vertex X="51665" Y="68768" Z="0"/>
					<Vertex X="51665" Y="68412" Z="0"/>
					<Vertex X="51784" Y="67937" Z="0"/>
					<Vertex X="51546" Y="67581" Z="0"/>
					<Vertex X="51902" Y="67581" Z="0"/>
					<Vertex X="52021" Y="67343" Z="0"/>
					<Vertex X="52021" Y="67106" Z="0"/>
					<Vertex X="52140" Y="66987" Z="0"/>
					<Vertex X="52259" Y="66868" Z="0"/>
					<Vertex X="52259" Y="66749" Z="0"/>
					<Vertex X="52378" Y="66631" Z="0"/>
					<Vertex X="52496" Y="66512" Z="0"/>
					<Vertex X="52378" Y="66037" Z="0"/>
					<Vertex X="52853" Y="66155" Z="0"/>
					<Vertex X="52971" Y="66037" Z="0"/>
					<Vertex X="52853" Y="65680" Z="0"/>
					<Vertex X="53209" Y="65799" Z="0"/>
					<Vertex X="53090" Y="65562" Z="0"/>
					<Vertex X="53565" Y="65562" Z="0"/>
					<Vertex X="53803" Y="65443" Z="0"/>
					<Vertex X="53922" Y="65324" Z="0"/>
					<Vertex X="53922" Y="64968" Z="0"/>
					<Vertex X="54040" Y="64968" Z="0"/>
					<Vertex X="54515" Y="65087" Z="0"/>
					<Vertex X="54634" Y="65087" Z="0"/>
					<Vertex X="54872" Y="64968" Z="0"/>
					<Vertex X="54990" Y="64968" Z="0"/>
					<Vertex X="55228" Y="64968" Z="0"/>
					<Vertex X="55347" Y="64849" Z="0"/>
					<Vertex X="55347" Y="64611" Z="0"/>
					<Vertex X="55822" Y="64849" Z="0"/>
					<Vertex X="55703" Y="64611" Z="0"/>
					<Vertex X="55941" Y="64611" Z="0"/>
					<Vertex X="56297" Y="64849" Z="0"/>
					<Vertex X="56416" Y="64849" Z="0"/>
					<Vertex X="56416" Y="64611" Z="0"/>
					<Vertex X="56772" Y="64611" Z="0"/>
					<Vertex X="57247" Y="64849" Z="0"/>
					<Vertex X="57366" Y="64611" Z="0"/>
					<Vertex X="57603" Y="64730" Z="0"/>
					<Vertex X="58078" Y="65087" Z="0"/>
					<Vertex X="58078" Y="64849" Z="0"/>
					<Vertex X="58197" Y="64968" Z="0"/>
					<Vertex X="58791" Y="65443" Z="0"/>
					<Vertex X="58910" Y="65562" Z="0"/>
					<Vertex X="59147" Y="65799" Z="0"/>
					<Vertex X="59147" Y="65918" Z="0"/>
					<Vertex X="59623" Y="66393" Z="0"/>
					<Vertex X="59741" Y="66749" Z="0"/>
					<Vertex X="59860" Y="67106" Z="0"/>
					<Vertex X="59741" Y="67224" Z="0"/>
					<Vertex X="60098" Y="67581" Z="0"/>
					<Vertex X="59979" Y="67937" Z="0"/>
					<Vertex X="59979" Y="68056" Z="0"/>
					<Vertex X="60098" Y="68412" Z="0"/>
					<Vertex X="60454" Y="68887" Z="0"/>
					<Vertex X="60335" Y="68887" Z="0"/>
					<Vertex X="60573" Y="69243" Z="0"/>
					<Vertex X="60691" Y="69362" Z="0"/>
					<Vertex X="60810" Y="69481" Z="0"/>
					<Vertex X="60929" Y="69481" Z="0"/>
					<Vertex X="61167" Y="69837" Z="0"/>
					<Vertex X="61167" Y="69719" Z="0"/>
					<Vertex X="61642" Y="70075" Z="0"/>
					<Vertex X="61760" Y="69956" Z="0"/>
					<Vertex X="61998" Y="70312" Z="0"/>
					<Vertex X="62235" Y="70312" Z="0"/>
					<Vertex X="62354" Y="70312" Z="0"/>
					<Vertex X="62354" Y="70431" Z="0"/>
					<Vertex X="62473" Y="70431" Z="0"/>
					<Vertex X="62592" Y="70431" Z="0"/>
					<Vertex X="62829" Y="70669" Z="0"/>
					<Vertex X="62948" Y="70788" Z="0"/>
					<Vertex X="63067" Y="70906" Z="0"/>
					<Vertex X="63067" Y="71025" Z="0"/>
					<Vertex X="63067" Y="71144" Z="0"/>
					<Vertex X="63423" Y="71738" Z="0"/>
					<Vertex X="63423" Y="71856" Z="0"/>
					<Vertex X="63542" Y="72094" Z="0"/>
					<Vertex X="62473" Y="74588" Z="0"/>
					<Vertex X="62592" Y="74944" Z="0"/>
					<Vertex X="62354" Y="75063" Z="0"/>
					<Vertex X="61879" Y="74826" Z="0"/>
					<Vertex X="61523" Y="74944" Z="0"/>
					<Vertex X="61285" Y="75063" Z="0"/>
					<Vertex X="61523" Y="75301" Z="0"/>
					<Vertex X="61048" Y="75182" Z="0"/>
					<Vertex X="61048" Y="75420" Z="0"/>
					<Vertex X="60691" Y="75538" Z="0"/>
					<Vertex X="60573" Y="75538" Z="0"/>
					<Vertex X="60335" Y="75538" Z="0"/>
					<Vertex X="59741" Y="75301" Z="0"/>
					<Vertex X="59741" Y="75538" Z="0"/>
					<Vertex X="59504" Y="75538" Z="0"/>
					<Vertex X="59266" Y="75538" Z="0"/>
					<Vertex X="59147" Y="75538" Z="0"/>
					<Vertex X="58791" Y="75301" Z="0"/>
					<Vertex X="58791" Y="75538" Z="0"/>
					<Vertex X="58435" Y="75538" Z="0"/>
					<Vertex X="58197" Y="75538" Z="0"/>
					<Vertex X="58078" Y="75538" Z="0"/>
					<Vertex X="57722" Y="75538" Z="0"/>
					<Vertex X="57603" Y="75538" Z="0"/>
					<Vertex X="57247" Y="75301" Z="0"/>
					<Vertex X="56891" Y="75182" Z="0"/>
					<Vertex X="56891" Y="75420" Z="0"/>
					<Vertex X="56653" Y="75420" Z="0"/>
					<Vertex X="56297" Y="75420" Z="0"/>
					<Vertex X="56178" Y="75420" Z="0"/>
					<Vertex X="55466" Y="75063" Z="0"/>
					<Vertex X="55347" Y="75301" Z="0"/>
					<Vertex X="55228" Y="75301" Z="0"/>
					<Vertex X="54872" Y="75301" Z="0"/>
					<Vertex X="54634" Y="75301" Z="0"/>
					<Vertex X="54397" Y="75301" Z="0"/>
					<Vertex X="54159" Y="75063" Z="0"/>
					<Vertex X="53922" Y="75182" Z="0"/>
					<Vertex X="53684" Y="75182" Z="0"/>
					<Vertex X="53565" Y="75182" Z="0"/>
					<Vertex X="53446" Y="75063" Z="0"/>
					<Vertex X="53328" Y="75063" Z="0"/>
					<Vertex X="53209" Y="75063" Z="0"/>
					<Vertex X="52971" Y="74944" Z="0"/>
					<Vertex X="52853" Y="74944" Z="0"/>
					<Vertex X="52378" Y="74826" Z="0"/>
					<Vertex X="52140" Y="74707" Z="0"/>
					<Vertex X="51902" Y="74588" Z="0"/>
					<Vertex X="51902" Y="74469" Z="0"/>
					<Vertex X="51784" Y="74232" Z="0"/>
					<Vertex X="51546" Y="73994" Z="0"/>
					<Vertex X="51190" Y="73757" Z="0"/>
					<Vertex X="51427" Y="73757" Z="0"/>
				</Vertices>
			</Region>
			<Region Id="5" Type="0" Zoom="0.008336" Selected="1" ImageLocation="" ImageFocus="-1" Length="53160.0" Area="90982200.5" LengthMicrons="13422.9" AreaMicrons="5800683.8" Text="" NegativeROA="0" InputRegionId="0" Analyze="1" DisplayId="5">
				<Attributes/>
				<Vertices>
					<Vertex X="40025" Y="77676" Z="0"/>
					<Vertex X="40144" Y="77439" Z="0"/>
					<Vertex X="41213" Y="77676" Z="0"/>
					<Vertex X="41569" Y="77676" Z="0"/>
					<Vertex X="42163" Y="77558" Z="0"/>
					<Vertex X="42757" Y="77914" Z="0"/>
					<Vertex X="43232" Y="78033" Z="0"/>
					<Vertex X="43470" Y="78152" Z="0"/>
					<Vertex X="43707" Y="78270" Z="0"/>
					<Vertex X="43826" Y="78270" Z="0"/>
					<Vertex X="44063" Y="78389" Z="0"/>
					<Vertex X="44182" Y="78389" Z="0"/>
					<Vertex X="44420" Y="78389" Z="0"/>
					<Vertex X="44420" Y="78152" Z="0"/>
					<Vertex X="44895" Y="78389" Z="0"/>
					<Vertex X="45014" Y="78389" Z="0"/>
					<Vertex X="45014" Y="78270" Z="0"/>
					<Vertex X="45132" Y="78152" Z="0"/>
					<Vertex X="44895" Y="77795" Z="0"/>
					<Vertex X="45132" Y="77795" Z="0"/>
					<Vertex X="45132" Y="77558" Z="0"/>
					<Vertex X="45132" Y="77439" Z="0"/>
					<Vertex X="45132" Y="77201" Z="0"/>
					<Vertex X="45132" Y="77083" Z="0"/>
					<Vertex X="45132" Y="76845" Z="0"/>
					<Vertex X="45132" Y="76726" Z="0"/>
					<Vertex X="45132" Y="76489" Z="0"/>
					<Vertex X="45132" Y="76370" Z="0"/>
					<Vertex X="45014" Y="76251" Z="0"/>
					<Vertex X="45014" Y="75895" Z="0"/>
					<Vertex X="44657" Y="75539" Z="0"/>
					<Vertex X="44895" Y="75539" Z="0"/>
					<Vertex X="44895" Y="75420" Z="0"/>
					<Vertex X="44776" Y="75064" Z="0"/>
					<Vertex X="44776" Y="74826" Z="0"/>
					<Vertex X="44539" Y="74470" Z="0"/>
					<Vertex X="44776" Y="74351" Z="0"/>
					<Vertex X="44776" Y="74232" Z="0"/>
					<Vertex X="44776" Y="74113" Z="0"/>
					<Vertex X="44776" Y="73876" Z="0"/>
					<Vertex X="44776" Y="73757" Z="0"/>
					<Vertex X="44657" Y="73401" Z="0"/>
					<Vertex X="44657" Y="73282" Z="0"/>
					<Vertex X="44776" Y="73163" Z="0"/>
					<Vertex X="45014" Y="73282" Z="0"/>
					<Vertex X="45132" Y="73282" Z="0"/>
					<Vertex X="45370" Y="73163" Z="0"/>
					<Vertex X="45489" Y="73044" Z="0"/>
					<Vertex X="45608" Y="73044" Z="0"/>
					<Vertex X="45726" Y="73044" Z="0"/>
					<Vertex X="45489" Y="72807" Z="0"/>
					<Vertex X="45726" Y="72807" Z="0"/>
					<Vertex X="45845" Y="72807" Z="0"/>
					<Vertex X="46201" Y="73044" Z="0"/>
					<Vertex X="46320" Y="73163" Z="0"/>
					<Vertex X="46439" Y="73163" Z="0"/>
					<Vertex X="46558" Y="73163" Z="0"/>
					<Vertex X="46676" Y="73282" Z="0"/>
					<Vertex X="47270" Y="73757" Z="0"/>
					<Vertex X="47270" Y="73876" Z="0"/>
					<Vertex X="47745" Y="74351" Z="0"/>
					<Vertex X="47864" Y="74470" Z="0"/>
					<Vertex X="48102" Y="74707" Z="0"/>
					<Vertex X="48220" Y="74707" Z="0"/>
					<Vertex X="48458" Y="75064" Z="0"/>
					<Vertex X="48933" Y="75301" Z="0"/>
					<Vertex X="49289" Y="75657" Z="0"/>
					<Vertex X="49527" Y="75776" Z="0"/>
					<Vertex X="49764" Y="75895" Z="0"/>
					<Vertex X="49883" Y="75776" Z="0"/>
					<Vertex X="50240" Y="76132" Z="0"/>
					<Vertex X="50477" Y="76251" Z="0"/>
					<Vertex X="50596" Y="76370" Z="0"/>
					<Vertex X="50833" Y="76489" Z="0"/>
					<Vertex X="50952" Y="76608" Z="0"/>
					<Vertex X="51071" Y="76726" Z="0"/>
					<Vertex X="51190" Y="76726" Z="0"/>
					<Vertex X="51665" Y="76964" Z="0"/>
					<Vertex X="51784" Y="77083" Z="0"/>
					<Vertex X="51784" Y="76964" Z="0"/>
					<Vertex X="52140" Y="77320" Z="0"/>
					<Vertex X="52259" Y="77439" Z="0"/>
					<Vertex X="52377" Y="77676" Z="0"/>
					<Vertex X="52496" Y="77914" Z="0"/>
					<Vertex X="52615" Y="78152" Z="0"/>
					<Vertex X="52971" Y="78508" Z="0"/>
					<Vertex X="52971" Y="78627" Z="0"/>
					<Vertex X="53090" Y="78745" Z="0"/>
					<Vertex X="53090" Y="78983" Z="0"/>
					<Vertex X="53090" Y="79102" Z="0"/>
					<Vertex X="53090" Y="79220" Z="0"/>
					<Vertex X="53209" Y="79458" Z="0"/>
					<Vertex X="52971" Y="79458" Z="0"/>
					<Vertex X="53209" Y="79814" Z="0"/>
					<Vertex X="53209" Y="80052" Z="0"/>
					<Vertex X="53209" Y="80171" Z="0"/>
					<Vertex X="53209" Y="80289" Z="0"/>
					<Vertex X="53209" Y="80527" Z="0"/>
					<Vertex X="53090" Y="80764" Z="0"/>
					<Vertex X="52734" Y="80646" Z="0"/>
					<Vertex X="52853" Y="81121" Z="0"/>
					<Vertex X="52734" Y="81240" Z="0"/>
					<Vertex X="52496" Y="81121" Z="0"/>
					<Vertex X="52496" Y="81477" Z="0"/>
					<Vertex X="52377" Y="81715" Z="0"/>
					<Vertex X="51902" Y="81596" Z="0"/>
					<Vertex X="51784" Y="81596" Z="0"/>
					<Vertex X="51784" Y="81715" Z="0"/>
					<Vertex X="51546" Y="81833" Z="0"/>
					<Vertex X="51546" Y="82071" Z="0"/>
					<Vertex X="51190" Y="81952" Z="0"/>
					<Vertex X="51190" Y="82309" Z="0"/>
					<Vertex X="51071" Y="82427" Z="0"/>
					<Vertex X="50833" Y="82427" Z="0"/>
					<Vertex X="50715" Y="82546" Z="0"/>
					<Vertex X="50596" Y="82546" Z="0"/>
					<Vertex X="50477" Y="82665" Z="0"/>
					<Vertex X="50121" Y="82427" Z="0"/>
					<Vertex X="50002" Y="82546" Z="0"/>
					<Vertex X="49883" Y="82902" Z="0"/>
					<Vertex X="49646" Y="82784" Z="0"/>
					<Vertex X="49646" Y="83140" Z="0"/>
					<Vertex X="49408" Y="83140" Z="0"/>
					<Vertex X="49289" Y="83259" Z="0"/>
					<Vertex X="49171" Y="83377" Z="0"/>
					<Vertex X="48814" Y="83140" Z="0"/>
					<Vertex X="48933" Y="83496" Z="0"/>
					<Vertex X="48814" Y="83615" Z="0"/>
					<Vertex X="48577" Y="83734" Z="0"/>
					<Vertex X="48458" Y="83853" Z="0"/>
					<Vertex X="48220" Y="83853" Z="0"/>
					<Vertex X="48102" Y="83971" Z="0"/>
					<Vertex X="47864" Y="84090" Z="0"/>
					<Vertex X="47389" Y="83971" Z="0"/>
					<Vertex X="47508" Y="84209" Z="0"/>
					<Vertex X="47389" Y="84209" Z="0"/>
					<Vertex X="47270" Y="84209" Z="0"/>
					<Vertex X="47152" Y="84209" Z="0"/>
					<Vertex X="46914" Y="84209" Z="0"/>
					<Vertex X="46676" Y="84209" Z="0"/>
					<Vertex X="46558" Y="84209" Z="0"/>
					<Vertex X="46083" Y="83971" Z="0"/>
					<Vertex X="46083" Y="84328" Z="0"/>
					<Vertex X="45964" Y="84328" Z="0"/>
					<Vertex X="45726" Y="84328" Z="0"/>
					<Vertex X="45608" Y="84328" Z="0"/>
					<Vertex X="45132" Y="84328" Z="0"/>
					<Vertex X="44776" Y="84090" Z="0"/>
					<Vertex X="44776" Y="84328" Z="0"/>
					<Vertex X="44657" Y="84328" Z="0"/>
					<Vertex X="44301" Y="84328" Z="0"/>
					<Vertex X="44182" Y="84328" Z="0"/>
					<Vertex X="43945" Y="84328" Z="0"/>
					<Vertex X="43588" Y="84090" Z="0"/>
					<Vertex X="43588" Y="84209" Z="0"/>
					<Vertex X="43470" Y="84209" Z="0"/>
					<Vertex X="43232" Y="84090" Z="0"/>
					<Vertex X="42995" Y="83853" Z="0"/>
					<Vertex X="42757" Y="83734" Z="0"/>
					<Vertex X="42638" Y="83615" Z="0"/>
					<Vertex X="42401" Y="83377" Z="0"/>
					<Vertex X="42044" Y="83021" Z="0"/>
					<Vertex X="42163" Y="83140" Z="0"/>
					<Vertex X="42044" Y="83021" Z="0"/>
					<Vertex X="41926" Y="83021" Z="0"/>
					<Vertex X="41688" Y="82784" Z="0"/>
					<Vertex X="41569" Y="82665" Z="0"/>
					<Vertex X="41451" Y="82546" Z="0"/>
					<Vertex X="41213" Y="82309" Z="0"/>
					<Vertex X="40857" Y="82071" Z="0"/>
					<Vertex X="40975" Y="82190" Z="0"/>
					<Vertex X="40975" Y="82071" Z="0"/>
					<Vertex X="40738" Y="81952" Z="0"/>
					<Vertex X="40500" Y="81833" Z="0"/>
					<Vertex X="40263" Y="81715" Z="0"/>
					<Vertex X="40263" Y="81596" Z="0"/>
					<Vertex X="40144" Y="81477" Z="0"/>
					<Vertex X="40144" Y="81358" Z="0"/>
					<Vertex X="40025" Y="81121" Z="0"/>
					<Vertex X="40025" Y="81002" Z="0"/>
					<Vertex X="40025" Y="80764" Z="0"/>
					<Vertex X="40025" Y="80527" Z="0"/>
					<Vertex X="40025" Y="80408" Z="0"/>
					<Vertex X="39788" Y="80052" Z="0"/>
					<Vertex X="40025" Y="79933" Z="0"/>
					<Vertex X="40025" Y="79696" Z="0"/>
					<Vertex X="39788" Y="79339" Z="0"/>
					<Vertex X="40025" Y="79339" Z="0"/>
					<Vertex X="40025" Y="79102" Z="0"/>
					<Vertex X="40025" Y="78983" Z="0"/>
					<Vertex X="40025" Y="78864" Z="0"/>
					<Vertex X="39788" Y="78627" Z="0"/>
					<Vertex X="40025" Y="78745" Z="0"/>
					<Vertex X="40025" Y="78627" Z="0"/>
					<Vertex X="39907" Y="78627" Z="0"/>
					<Vertex X="39669" Y="78270" Z="0"/>
					<Vertex X="39550" Y="78152" Z="0"/>
					<Vertex X="39788" Y="78389" Z="0"/>
					<Vertex X="39550" Y="78033" Z="0"/>
					<Vertex X="39788" Y="78270" Z="0"/>
					<Vertex X="39669" Y="78152" Z="0"/>
					<Vertex X="39669" Y="78033" Z="0"/>
					<Vertex X="39313" Y="77795" Z="0"/>
					<Vertex X="40025" Y="77676" Z="0"/>
				</Vertices>
			</Region>
		</Regions>
		<Plots/>
	</Annotation>
</Annotations>
