<Annotations MicronsPerPixel="0.252500">
	<Annotation Id="1" Name="" ReadOnly="0" NameReadOnly="0" LineColorReadOnly="0" Incremental="0" Type="4" LineColor="65280" Visible="1" Selected="1" MarkupImagePath="" MacroName="">
		<Attributes/>
		<Regions>
			<RegionAttributeHeaders/>
			<Region Id="2" Type="0" Zoom="0.009388" Selected="0" ImageLocation="" ImageFocus="-1" Length="88232.8" Area="342337931.5" LengthMicrons="22278.8" AreaMicrons="21826182.3" Text="" NegativeROA="0" InputRegionId="0" Analyze="1" DisplayId="2">
				<Attributes/>
				<Vertices>
					<Vertex X="38180" Y="59167" Z="0"/>
					<Vertex X="38391" Y="59906" Z="0"/>
					<Vertex X="38180" Y="60328" Z="0"/>
					<Vertex X="38180" Y="60539" Z="0"/>
					<Vertex X="38180" Y="61488" Z="0"/>
					<Vertex X="38180" Y="61804" Z="0"/>
					<Vertex X="38285" Y="62753" Z="0"/>
					<Vertex X="38075" Y="62753" Z="0"/>
					<Vertex X="38075" Y="63386" Z="0"/>
					<Vertex X="37969" Y="63703" Z="0"/>
					<Vertex X="37864" Y="63914" Z="0"/>
					<Vertex X="37758" Y="64335" Z="0"/>
					<Vertex X="37442" Y="64863" Z="0"/>
					<Vertex X="37336" Y="65179" Z="0"/>
					<Vertex X="37231" Y="65390" Z="0"/>
					<Vertex X="37231" Y="65496" Z="0"/>
					<Vertex X="37231" Y="65601" Z="0"/>
					<Vertex X="37231" Y="65812" Z="0"/>
					<Vertex X="37231" Y="65917" Z="0"/>
					<Vertex X="37231" Y="66128" Z="0"/>
					<Vertex X="37231" Y="66339" Z="0"/>
					<Vertex X="37020" Y="66339" Z="0"/>
					<Vertex X="37020" Y="66445" Z="0"/>
					<Vertex X="37020" Y="66656" Z="0"/>
					<Vertex X="37125" Y="66867" Z="0"/>
					<Vertex X="37231" Y="67183" Z="0"/>
					<Vertex X="37442" Y="67499" Z="0"/>
					<Vertex X="37336" Y="67499" Z="0"/>
					<Vertex X="37653" Y="67921" Z="0"/>
					<Vertex X="37758" Y="68027" Z="0"/>
					<Vertex X="37547" Y="68027" Z="0"/>
					<Vertex X="37864" Y="68238" Z="0"/>
					<Vertex X="38075" Y="68449" Z="0"/>
					<Vertex X="38285" Y="68554" Z="0"/>
					<Vertex X="38602" Y="68871" Z="0"/>
					<Vertex X="38602" Y="68976" Z="0"/>
					<Vertex X="38707" Y="68871" Z="0"/>
					<Vertex X="39024" Y="68976" Z="0"/>
					<Vertex X="39657" Y="69292" Z="0"/>
					<Vertex X="39973" Y="69187" Z="0"/>
					<Vertex X="40500" Y="69609" Z="0"/>
					<Vertex X="40817" Y="69609" Z="0"/>
					<Vertex X="41028" Y="69714" Z="0"/>
					<Vertex X="41660" Y="69820" Z="0"/>
					<Vertex X="42293" Y="69925" Z="0"/>
					<Vertex X="42293" Y="69820" Z="0"/>
					<Vertex X="42821" Y="70031" Z="0"/>
					<Vertex X="42926" Y="69925" Z="0"/>
					<Vertex X="43242" Y="70136" Z="0"/>
					<Vertex X="43664" Y="70136" Z="0"/>
					<Vertex X="43875" Y="69925" Z="0"/>
					<Vertex X="44192" Y="70136" Z="0"/>
					<Vertex X="44508" Y="70136" Z="0"/>
					<Vertex X="44719" Y="69820" Z="0"/>
					<Vertex X="45141" Y="70031" Z="0"/>
					<Vertex X="45246" Y="69714" Z="0"/>
					<Vertex X="45879" Y="69820" Z="0"/>
					<Vertex X="45985" Y="69609" Z="0"/>
					<Vertex X="46301" Y="69503" Z="0"/>
					<Vertex X="46934" Y="69714" Z="0"/>
					<Vertex X="47039" Y="69398" Z="0"/>
					<Vertex X="47145" Y="69292" Z="0"/>
					<Vertex X="47672" Y="69503" Z="0"/>
					<Vertex X="47883" Y="69398" Z="0"/>
					<Vertex X="47883" Y="69187" Z="0"/>
					<Vertex X="48305" Y="69292" Z="0"/>
					<Vertex X="48410" Y="69187" Z="0"/>
					<Vertex X="48621" Y="69187" Z="0"/>
					<Vertex X="48727" Y="69082" Z="0"/>
					<Vertex X="48832" Y="69082" Z="0"/>
					<Vertex X="49043" Y="68976" Z="0"/>
					<Vertex X="49149" Y="68976" Z="0"/>
					<Vertex X="49465" Y="68976" Z="0"/>
					<Vertex X="49571" Y="68660" Z="0"/>
					<Vertex X="49782" Y="68660" Z="0"/>
					<Vertex X="50414" Y="68660" Z="0"/>
					<Vertex X="51047" Y="68871" Z="0"/>
					<Vertex X="51258" Y="68871" Z="0"/>
					<Vertex X="51574" Y="68871" Z="0"/>
					<Vertex X="51680" Y="68660" Z="0"/>
					<Vertex X="51785" Y="68660" Z="0"/>
					<Vertex X="52524" Y="68871" Z="0"/>
					<Vertex X="52524" Y="68660" Z="0"/>
					<Vertex X="52946" Y="68871" Z="0"/>
					<Vertex X="53262" Y="68871" Z="0"/>
					<Vertex X="53473" Y="68871" Z="0"/>
					<Vertex X="53789" Y="68871" Z="0"/>
					<Vertex X="54000" Y="68871" Z="0"/>
					<Vertex X="54106" Y="68554" Z="0"/>
					<Vertex X="54528" Y="68554" Z="0"/>
					<Vertex X="54633" Y="68554" Z="0"/>
					<Vertex X="55266" Y="68660" Z="0"/>
					<Vertex X="55582" Y="68660" Z="0"/>
					<Vertex X="55899" Y="68554" Z="0"/>
					<Vertex X="56215" Y="68554" Z="0"/>
					<Vertex X="56321" Y="68343" Z="0"/>
					<Vertex X="56531" Y="68343" Z="0"/>
					<Vertex X="56742" Y="68238" Z="0"/>
					<Vertex X="57059" Y="68449" Z="0"/>
					<Vertex X="57270" Y="68449" Z="0"/>
					<Vertex X="57270" Y="68343" Z="0"/>
					<Vertex X="57375" Y="68343" Z="0"/>
					<Vertex X="57586" Y="68343" Z="0"/>
					<Vertex X="58008" Y="68238" Z="0"/>
					<Vertex X="58430" Y="68132" Z="0"/>
					<Vertex X="58641" Y="67710" Z="0"/>
					<Vertex X="59063" Y="67710" Z="0"/>
					<Vertex X="59379" Y="67499" Z="0"/>
					<Vertex X="59274" Y="67078" Z="0"/>
					<Vertex X="59696" Y="66972" Z="0"/>
					<Vertex X="59590" Y="66656" Z="0"/>
					<Vertex X="59906" Y="66656" Z="0"/>
					<Vertex X="60012" Y="66445" Z="0"/>
					<Vertex X="60117" Y="66339" Z="0"/>
					<Vertex X="59906" Y="65917" Z="0"/>
					<Vertex X="60012" Y="65601" Z="0"/>
					<Vertex X="60223" Y="65707" Z="0"/>
					<Vertex X="60012" Y="65285" Z="0"/>
					<Vertex X="60223" Y="65390" Z="0"/>
					<Vertex X="60223" Y="65179" Z="0"/>
					<Vertex X="60223" Y="65074" Z="0"/>
					<Vertex X="60223" Y="64968" Z="0"/>
					<Vertex X="60223" Y="64863" Z="0"/>
					<Vertex X="60223" Y="64652" Z="0"/>
					<Vertex X="59906" Y="64230" Z="0"/>
					<Vertex X="59906" Y="64125" Z="0"/>
					<Vertex X="60012" Y="64125" Z="0"/>
					<Vertex X="59906" Y="63914" Z="0"/>
					<Vertex X="59801" Y="63703" Z="0"/>
					<Vertex X="59696" Y="63492" Z="0"/>
					<Vertex X="59696" Y="63386" Z="0"/>
					<Vertex X="59696" Y="63281" Z="0"/>
					<Vertex X="59485" Y="62964" Z="0"/>
					<Vertex X="59274" Y="62542" Z="0"/>
					<Vertex X="59168" Y="62332" Z="0"/>
					<Vertex X="59063" Y="62121" Z="0"/>
					<Vertex X="58957" Y="61910" Z="0"/>
					<Vertex X="58957" Y="61699" Z="0"/>
					<Vertex X="58641" Y="61066" Z="0"/>
					<Vertex X="58535" Y="60750" Z="0"/>
					<Vertex X="58219" Y="60328" Z="0"/>
					<Vertex X="58219" Y="60222" Z="0"/>
					<Vertex X="57903" Y="59800" Z="0"/>
					<Vertex X="57692" Y="59484" Z="0"/>
					<Vertex X="57270" Y="58957" Z="0"/>
					<Vertex X="57164" Y="58851" Z="0"/>
					<Vertex X="56848" Y="58324" Z="0"/>
					<Vertex X="56426" Y="57902" Z="0"/>
					<Vertex X="56215" Y="57480" Z="0"/>
					<Vertex X="55899" Y="57164" Z="0"/>
					<Vertex X="55160" Y="56425" Z="0"/>
					<Vertex X="55055" Y="56214" Z="0"/>
					<Vertex X="54528" Y="55687" Z="0"/>
					<Vertex X="54106" Y="55054" Z="0"/>
					<Vertex X="53789" Y="54738" Z="0"/>
					<Vertex X="53367" Y="54316" Z="0"/>
					<Vertex X="53051" Y="53789" Z="0"/>
					<Vertex X="52840" Y="53367" Z="0"/>
					<Vertex X="51996" Y="52207" Z="0"/>
					<Vertex X="51996" Y="52101" Z="0"/>
					<Vertex X="51891" Y="51996" Z="0"/>
					<Vertex X="51574" Y="51679" Z="0"/>
					<Vertex X="51364" Y="51468" Z="0"/>
					<Vertex X="51153" Y="51257" Z="0"/>
					<Vertex X="50731" Y="50835" Z="0"/>
					<Vertex X="50625" Y="50835" Z="0"/>
					<Vertex X="50414" Y="50625" Z="0"/>
					<Vertex X="50309" Y="50414" Z="0"/>
					<Vertex X="50203" Y="50203" Z="0"/>
					<Vertex X="49992" Y="49992" Z="0"/>
					<Vertex X="49992" Y="49781" Z="0"/>
					<Vertex X="49992" Y="49570" Z="0"/>
					<Vertex X="49782" Y="49253" Z="0"/>
					<Vertex X="49676" Y="48937" Z="0"/>
					<Vertex X="49465" Y="48621" Z="0"/>
					<Vertex X="49149" Y="48304" Z="0"/>
					<Vertex X="49149" Y="48199" Z="0"/>
					<Vertex X="48938" Y="48093" Z="0"/>
					<Vertex X="48832" Y="47988" Z="0"/>
					<Vertex X="48727" Y="47988" Z="0"/>
					<Vertex X="48516" Y="47882" Z="0"/>
					<Vertex X="48410" Y="47777" Z="0"/>
					<Vertex X="48199" Y="47671" Z="0"/>
					<Vertex X="48094" Y="47671" Z="0"/>
					<Vertex X="47672" Y="47355" Z="0"/>
					<Vertex X="47778" Y="47461" Z="0"/>
					<Vertex X="47461" Y="47250" Z="0"/>
					<Vertex X="47461" Y="47355" Z="0"/>
					<Vertex X="47356" Y="47355" Z="0"/>
					<Vertex X="47145" Y="47355" Z="0"/>
					<Vertex X="47039" Y="47355" Z="0"/>
					<Vertex X="46934" Y="47355" Z="0"/>
					<Vertex X="46828" Y="47355" Z="0"/>
					<Vertex X="46617" Y="47355" Z="0"/>
					<Vertex X="46407" Y="47355" Z="0"/>
					<Vertex X="46301" Y="47355" Z="0"/>
					<Vertex X="46196" Y="47461" Z="0"/>
					<Vertex X="45985" Y="47671" Z="0"/>
					<Vertex X="45985" Y="47777" Z="0"/>
					<Vertex X="45774" Y="48093" Z="0"/>
					<Vertex X="45457" Y="47988" Z="0"/>
					<Vertex X="45563" Y="48304" Z="0"/>
					<Vertex X="45246" Y="48199" Z="0"/>
					<Vertex X="45352" Y="48515" Z="0"/>
					<Vertex X="45246" Y="48726" Z="0"/>
					<Vertex X="45246" Y="48832" Z="0"/>
					<Vertex X="45141" Y="49043" Z="0"/>
					<Vertex X="44824" Y="48937" Z="0"/>
					<Vertex X="44719" Y="49148" Z="0"/>
					<Vertex X="44614" Y="49253" Z="0"/>
					<Vertex X="44719" Y="49781" Z="0"/>
					<Vertex X="44614" Y="49886" Z="0"/>
					<Vertex X="44508" Y="49992" Z="0"/>
					<Vertex X="44508" Y="50097" Z="0"/>
					<Vertex X="44192" Y="49992" Z="0"/>
					<Vertex X="44086" Y="50097" Z="0"/>
					<Vertex X="43981" Y="50097" Z="0"/>
					<Vertex X="44192" Y="50414" Z="0"/>
					<Vertex X="43875" Y="50308" Z="0"/>
					<Vertex X="43981" Y="50519" Z="0"/>
					<Vertex X="43981" Y="50625" Z="0"/>
					<Vertex X="43770" Y="50730" Z="0"/>
					<Vertex X="43453" Y="50519" Z="0"/>
					<Vertex X="43664" Y="50730" Z="0"/>
					<Vertex X="43348" Y="50625" Z="0"/>
					<Vertex X="43242" Y="50730" Z="0"/>
					<Vertex X="43032" Y="50835" Z="0"/>
					<Vertex X="43242" Y="51046" Z="0"/>
					<Vertex X="42926" Y="50941" Z="0"/>
					<Vertex X="43032" Y="51257" Z="0"/>
					<Vertex X="42821" Y="51468" Z="0"/>
					<Vertex X="42715" Y="51574" Z="0"/>
					<Vertex X="42610" Y="51679" Z="0"/>
					<Vertex X="42293" Y="51574" Z="0"/>
					<Vertex X="42082" Y="51785" Z="0"/>
					<Vertex X="42082" Y="52207" Z="0"/>
					<Vertex X="41871" Y="52101" Z="0"/>
					<Vertex X="41871" Y="52523" Z="0"/>
					<Vertex X="41660" Y="52734" Z="0"/>
					<Vertex X="41555" Y="52839" Z="0"/>
					<Vertex X="41239" Y="52839" Z="0"/>
					<Vertex X="41344" Y="53156" Z="0"/>
					<Vertex X="41239" Y="53261" Z="0"/>
					<Vertex X="41133" Y="53578" Z="0"/>
					<Vertex X="41028" Y="53789" Z="0"/>
					<Vertex X="40817" Y="53578" Z="0"/>
					<Vertex X="41028" Y="54000" Z="0"/>
					<Vertex X="41028" Y="54105" Z="0"/>
					<Vertex X="40922" Y="54210" Z="0"/>
					<Vertex X="40711" Y="54105" Z="0"/>
					<Vertex X="40922" Y="54316" Z="0"/>
					<Vertex X="40606" Y="54316" Z="0"/>
					<Vertex X="40500" Y="54527" Z="0"/>
					<Vertex X="40711" Y="54843" Z="0"/>
					<Vertex X="40606" Y="54949" Z="0"/>
					<Vertex X="40500" Y="55054" Z="0"/>
					<Vertex X="40395" Y="55160" Z="0"/>
					<Vertex X="39973" Y="55371" Z="0"/>
					<Vertex X="40184" Y="55898" Z="0"/>
					<Vertex X="40078" Y="56109" Z="0"/>
					<Vertex X="40078" Y="56214" Z="0"/>
					<Vertex X="39762" Y="56214" Z="0"/>
					<Vertex X="39867" Y="56531" Z="0"/>
					<Vertex X="39657" Y="56425" Z="0"/>
					<Vertex X="39762" Y="56636" Z="0"/>
					<Vertex X="39762" Y="56742" Z="0"/>
					<Vertex X="39657" Y="56847" Z="0"/>
					<Vertex X="39551" Y="56953" Z="0"/>
					<Vertex X="39551" Y="57058" Z="0"/>
					<Vertex X="39446" Y="57058" Z="0"/>
					<Vertex X="39446" Y="57164" Z="0"/>
					<Vertex X="39340" Y="57164" Z="0"/>
					<Vertex X="39340" Y="57269" Z="0"/>
					<Vertex X="39235" Y="57375" Z="0"/>
					<Vertex X="39235" Y="57480" Z="0"/>
					<Vertex X="39129" Y="57480" Z="0"/>
					<Vertex X="38918" Y="57375" Z="0"/>
					<Vertex X="39024" Y="57691" Z="0"/>
					<Vertex X="39024" Y="57796" Z="0"/>
					<Vertex X="38918" Y="57902" Z="0"/>
					<Vertex X="38918" Y="58007" Z="0"/>
					<Vertex X="38813" Y="58113" Z="0"/>
					<Vertex X="38602" Y="58007" Z="0"/>
					<Vertex X="38707" Y="58324" Z="0"/>
					<Vertex X="38707" Y="58429" Z="0"/>
					<Vertex X="38602" Y="58535" Z="0"/>
					<Vertex X="38391" Y="58324" Z="0"/>
					<Vertex X="38391" Y="58429" Z="0"/>
					<Vertex X="38496" Y="58746" Z="0"/>
					<Vertex X="38285" Y="58640" Z="0"/>
					<Vertex X="38180" Y="58746" Z="0"/>
					<Vertex X="38180" Y="58851" Z="0"/>
					<Vertex X="38180" Y="59062" Z="0"/>
					<Vertex X="38180" Y="59062" Z="0"/>
					<Vertex X="38075" Y="59167" Z="0"/>
					<Vertex X="38391" Y="59378" Z="0"/>
					<Vertex X="38391" Y="59273" Z="0"/>
					<Vertex X="38391" Y="59273" Z="0"/>
					<Vertex X="38180" Y="59167" Z="0"/>
				</Vertices>
			</Region>
			<Region Id="3" Type="0" Zoom="0.009388" Selected="0" ImageLocation="" ImageFocus="-1" Length="120509.1" Area="674023974.0" LengthMicrons="30428.6" AreaMicrons="42973240.2" Text="" NegativeROA="0" InputRegionId="0" Analyze="1" DisplayId="3">
				<Attributes/>
				<Vertices>
					<Vertex X="56953" Y="13500" Z="0"/>
					<Vertex X="56953" Y="13395" Z="0"/>
					<Vertex X="57164" Y="12973" Z="0"/>
					<Vertex X="57375" Y="12657" Z="0"/>
					<Vertex X="58113" Y="12129" Z="0"/>
					<Vertex X="58746" Y="11391" Z="0"/>
					<Vertex X="59484" Y="10547" Z="0"/>
					<Vertex X="59801" Y="10231" Z="0"/>
					<Vertex X="60012" Y="9598" Z="0"/>
					<Vertex X="60539" Y="9387" Z="0"/>
					<Vertex X="60855" Y="9176" Z="0"/>
					<Vertex X="60961" Y="8649" Z="0"/>
					<Vertex X="61277" Y="8754" Z="0"/>
					<Vertex X="61699" Y="8332" Z="0"/>
					<Vertex X="61804" Y="7911" Z="0"/>
					<Vertex X="62015" Y="7805" Z="0"/>
					<Vertex X="62332" Y="7911" Z="0"/>
					<Vertex X="62437" Y="7911" Z="0"/>
					<Vertex X="62648" Y="7805" Z="0"/>
					<Vertex X="62754" Y="7805" Z="0"/>
					<Vertex X="62859" Y="7700" Z="0"/>
					<Vertex X="62965" Y="7700" Z="0"/>
					<Vertex X="62859" Y="7489" Z="0"/>
					<Vertex X="63176" Y="7700" Z="0"/>
					<Vertex X="63281" Y="7700" Z="0"/>
					<Vertex X="63492" Y="7594" Z="0"/>
					<Vertex X="63597" Y="7594" Z="0"/>
					<Vertex X="63597" Y="7383" Z="0"/>
					<Vertex X="63914" Y="7594" Z="0"/>
					<Vertex X="64230" Y="7594" Z="0"/>
					<Vertex X="64547" Y="7594" Z="0"/>
					<Vertex X="64547" Y="7383" Z="0"/>
					<Vertex X="64863" Y="7383" Z="0"/>
					<Vertex X="65074" Y="7383" Z="0"/>
					<Vertex X="65496" Y="7594" Z="0"/>
					<Vertex X="65601" Y="7594" Z="0"/>
					<Vertex X="65918" Y="7594" Z="0"/>
					<Vertex X="66129" Y="7594" Z="0"/>
					<Vertex X="66656" Y="7594" Z="0"/>
					<Vertex X="66551" Y="7383" Z="0"/>
					<Vertex X="67078" Y="7594" Z="0"/>
					<Vertex X="67394" Y="7594" Z="0"/>
					<Vertex X="67711" Y="7594" Z="0"/>
					<Vertex X="67922" Y="7594" Z="0"/>
					<Vertex X="68344" Y="7594" Z="0"/>
					<Vertex X="68449" Y="7383" Z="0"/>
					<Vertex X="68871" Y="7489" Z="0"/>
					<Vertex X="69082" Y="7489" Z="0"/>
					<Vertex X="69398" Y="7383" Z="0"/>
					<Vertex X="69715" Y="7278" Z="0"/>
					<Vertex X="70136" Y="7172" Z="0"/>
					<Vertex X="70347" Y="6961" Z="0"/>
					<Vertex X="70980" Y="7067" Z="0"/>
					<Vertex X="71929" Y="7067" Z="0"/>
					<Vertex X="72351" Y="7067" Z="0"/>
					<Vertex X="72773" Y="7067" Z="0"/>
					<Vertex X="72984" Y="7067" Z="0"/>
					<Vertex X="73301" Y="7067" Z="0"/>
					<Vertex X="73617" Y="7067" Z="0"/>
					<Vertex X="73722" Y="6750" Z="0"/>
					<Vertex X="74250" Y="6961" Z="0"/>
					<Vertex X="74672" Y="6856" Z="0"/>
					<Vertex X="74883" Y="6856" Z="0"/>
					<Vertex X="75199" Y="6856" Z="0"/>
					<Vertex X="75515" Y="6856" Z="0"/>
					<Vertex X="75621" Y="6645" Z="0"/>
					<Vertex X="76043" Y="6856" Z="0"/>
					<Vertex X="76465" Y="6856" Z="0"/>
					<Vertex X="76570" Y="6645" Z="0"/>
					<Vertex X="76992" Y="6856" Z="0"/>
					<Vertex X="77097" Y="6750" Z="0"/>
					<Vertex X="77519" Y="7067" Z="0"/>
					<Vertex X="77625" Y="7067" Z="0"/>
					<Vertex X="77941" Y="6961" Z="0"/>
					<Vertex X="78258" Y="7067" Z="0"/>
					<Vertex X="78363" Y="7067" Z="0"/>
					<Vertex X="78468" Y="7172" Z="0"/>
					<Vertex X="78574" Y="7172" Z="0"/>
					<Vertex X="78890" Y="7489" Z="0"/>
					<Vertex X="79207" Y="7805" Z="0"/>
					<Vertex X="79523" Y="8016" Z="0"/>
					<Vertex X="79840" Y="8332" Z="0"/>
					<Vertex X="80050" Y="8543" Z="0"/>
					<Vertex X="80156" Y="8754" Z="0"/>
					<Vertex X="80472" Y="9071" Z="0"/>
					<Vertex X="80367" Y="9282" Z="0"/>
					<Vertex X="80472" Y="9387" Z="0"/>
					<Vertex X="80472" Y="9704" Z="0"/>
					<Vertex X="80789" Y="10125" Z="0"/>
					<Vertex X="80683" Y="10442" Z="0"/>
					<Vertex X="80789" Y="10864" Z="0"/>
					<Vertex X="81105" Y="11180" Z="0"/>
					<Vertex X="81211" Y="11707" Z="0"/>
					<Vertex X="81316" Y="12024" Z="0"/>
					<Vertex X="81316" Y="12235" Z="0"/>
					<Vertex X="81422" Y="12551" Z="0"/>
					<Vertex X="81211" Y="12657" Z="0"/>
					<Vertex X="81527" Y="13184" Z="0"/>
					<Vertex X="81316" Y="13184" Z="0"/>
					<Vertex X="81633" Y="13711" Z="0"/>
					<Vertex X="81633" Y="13922" Z="0"/>
					<Vertex X="81633" Y="14344" Z="0"/>
					<Vertex X="81738" Y="14555" Z="0"/>
					<Vertex X="81527" Y="14766" Z="0"/>
					<Vertex X="81843" Y="15188" Z="0"/>
					<Vertex X="81843" Y="15504" Z="0"/>
					<Vertex X="81633" Y="15610" Z="0"/>
					<Vertex X="81738" Y="16137" Z="0"/>
					<Vertex X="82054" Y="17086" Z="0"/>
					<Vertex X="82054" Y="17508" Z="0"/>
					<Vertex X="82160" Y="17930" Z="0"/>
					<Vertex X="82160" Y="18352" Z="0"/>
					<Vertex X="82160" Y="18457" Z="0"/>
					<Vertex X="82054" Y="18563" Z="0"/>
					<Vertex X="82265" Y="18985" Z="0"/>
					<Vertex X="82265" Y="19090" Z="0"/>
					<Vertex X="82054" Y="19090" Z="0"/>
					<Vertex X="82265" Y="19828" Z="0"/>
					<Vertex X="82054" Y="20145" Z="0"/>
					<Vertex X="82265" Y="20883" Z="0"/>
					<Vertex X="82265" Y="21727" Z="0"/>
					<Vertex X="82054" Y="22043" Z="0"/>
					<Vertex X="82054" Y="22360" Z="0"/>
					<Vertex X="82265" Y="23309" Z="0"/>
					<Vertex X="82054" Y="23309" Z="0"/>
					<Vertex X="82265" Y="24047" Z="0"/>
					<Vertex X="82265" Y="24153" Z="0"/>
					<Vertex X="82054" Y="24258" Z="0"/>
					<Vertex X="82265" Y="24469" Z="0"/>
					<Vertex X="82371" Y="24680" Z="0"/>
					<Vertex X="82687" Y="24996" Z="0"/>
					<Vertex X="82687" Y="25207" Z="0"/>
					<Vertex X="82793" Y="25418" Z="0"/>
					<Vertex X="82793" Y="25629" Z="0"/>
					<Vertex X="82582" Y="25629" Z="0"/>
					<Vertex X="82793" Y="26157" Z="0"/>
					<Vertex X="82793" Y="26262" Z="0"/>
					<Vertex X="82793" Y="26578" Z="0"/>
					<Vertex X="82687" Y="27106" Z="0"/>
					<Vertex X="82687" Y="27211" Z="0"/>
					<Vertex X="82371" Y="27317" Z="0"/>
					<Vertex X="82476" Y="27739" Z="0"/>
					<Vertex X="82476" Y="28055" Z="0"/>
					<Vertex X="82476" Y="28477" Z="0"/>
					<Vertex X="82476" Y="28793" Z="0"/>
					<Vertex X="82476" Y="29215" Z="0"/>
					<Vertex X="82476" Y="29532" Z="0"/>
					<Vertex X="82476" Y="29743" Z="0"/>
					<Vertex X="82476" Y="29848" Z="0"/>
					<Vertex X="82371" Y="29953" Z="0"/>
					<Vertex X="82371" Y="30270" Z="0"/>
					<Vertex X="82054" Y="30164" Z="0"/>
					<Vertex X="82160" Y="30692" Z="0"/>
					<Vertex X="82160" Y="30903" Z="0"/>
					<Vertex X="82054" Y="31114" Z="0"/>
					<Vertex X="81843" Y="31008" Z="0"/>
					<Vertex X="81843" Y="31114" Z="0"/>
					<Vertex X="82054" Y="31535" Z="0"/>
					<Vertex X="81843" Y="31430" Z="0"/>
					<Vertex X="81843" Y="31641" Z="0"/>
					<Vertex X="81843" Y="32168" Z="0"/>
					<Vertex X="82054" Y="33118" Z="0"/>
					<Vertex X="82054" Y="33750" Z="0"/>
					<Vertex X="82054" Y="34594" Z="0"/>
					<Vertex X="82054" Y="34700" Z="0"/>
					<Vertex X="81843" Y="35121" Z="0"/>
					<Vertex X="82160" Y="35860" Z="0"/>
					<Vertex X="82054" Y="35860" Z="0"/>
					<Vertex X="82265" Y="36282" Z="0"/>
					<Vertex X="82371" Y="36493" Z="0"/>
					<Vertex X="82371" Y="36703" Z="0"/>
					<Vertex X="82371" Y="36914" Z="0"/>
					<Vertex X="82371" Y="37125" Z="0"/>
					<Vertex X="82371" Y="37336" Z="0"/>
					<Vertex X="82371" Y="37653" Z="0"/>
					<Vertex X="82371" Y="37864" Z="0"/>
					<Vertex X="82371" Y="38180" Z="0"/>
					<Vertex X="82160" Y="38180" Z="0"/>
					<Vertex X="82160" Y="38285" Z="0"/>
					<Vertex X="82371" Y="38707" Z="0"/>
					<Vertex X="82160" Y="38602" Z="0"/>
					<Vertex X="82265" Y="39024" Z="0"/>
					<Vertex X="82265" Y="39340" Z="0"/>
					<Vertex X="82160" Y="39551" Z="0"/>
					<Vertex X="82054" Y="39867" Z="0"/>
					<Vertex X="81738" Y="39762" Z="0"/>
					<Vertex X="81843" Y="40184" Z="0"/>
					<Vertex X="81843" Y="40395" Z="0"/>
					<Vertex X="81738" Y="40500" Z="0"/>
					<Vertex X="81738" Y="40606" Z="0"/>
					<Vertex X="81738" Y="40817" Z="0"/>
					<Vertex X="81738" Y="40922" Z="0"/>
					<Vertex X="81738" Y="41028" Z="0"/>
					<Vertex X="81527" Y="40922" Z="0"/>
					<Vertex X="81738" Y="41239" Z="0"/>
					<Vertex X="81527" Y="41239" Z="0"/>
					<Vertex X="81738" Y="41555" Z="0"/>
					<Vertex X="81738" Y="41766" Z="0"/>
					<Vertex X="81633" Y="41871" Z="0"/>
					<Vertex X="81211" Y="41871" Z="0"/>
					<Vertex X="81316" Y="42082" Z="0"/>
					<Vertex X="81000" Y="41977" Z="0"/>
					<Vertex X="81211" Y="42188" Z="0"/>
					<Vertex X="80894" Y="41977" Z="0"/>
					<Vertex X="81105" Y="42188" Z="0"/>
					<Vertex X="80894" Y="42399" Z="0"/>
					<Vertex X="80789" Y="42504" Z="0"/>
					<Vertex X="80683" Y="42610" Z="0"/>
					<Vertex X="80578" Y="42715" Z="0"/>
					<Vertex X="80261" Y="42610" Z="0"/>
					<Vertex X="80156" Y="42610" Z="0"/>
					<Vertex X="80156" Y="42926" Z="0"/>
					<Vertex X="80050" Y="43032" Z="0"/>
					<Vertex X="79101" Y="42926" Z="0"/>
					<Vertex X="79207" Y="43137" Z="0"/>
					<Vertex X="78996" Y="43137" Z="0"/>
					<Vertex X="78785" Y="43137" Z="0"/>
					<Vertex X="78574" Y="43032" Z="0"/>
					<Vertex X="78363" Y="42821" Z="0"/>
					<Vertex X="78152" Y="42610" Z="0"/>
					<Vertex X="77941" Y="42504" Z="0"/>
					<Vertex X="77414" Y="41977" Z="0"/>
					<Vertex X="77203" Y="41660" Z="0"/>
					<Vertex X="76992" Y="41450" Z="0"/>
					<Vertex X="76886" Y="41239" Z="0"/>
					<Vertex X="76781" Y="41133" Z="0"/>
					<Vertex X="76676" Y="41028" Z="0"/>
					<Vertex X="76254" Y="40606" Z="0"/>
					<Vertex X="76043" Y="40500" Z="0"/>
					<Vertex X="75937" Y="40395" Z="0"/>
					<Vertex X="75832" Y="40500" Z="0"/>
					<Vertex X="75726" Y="40395" Z="0"/>
					<Vertex X="75410" Y="40184" Z="0"/>
					<Vertex X="75093" Y="40078" Z="0"/>
					<Vertex X="74883" Y="39973" Z="0"/>
					<Vertex X="74566" Y="39867" Z="0"/>
					<Vertex X="74144" Y="39867" Z="0"/>
					<Vertex X="73617" Y="39551" Z="0"/>
					<Vertex X="73301" Y="39551" Z="0"/>
					<Vertex X="73090" Y="39657" Z="0"/>
					<Vertex X="72773" Y="39551" Z="0"/>
					<Vertex X="72562" Y="39551" Z="0"/>
					<Vertex X="72140" Y="39446" Z="0"/>
					<Vertex X="71402" Y="39129" Z="0"/>
					<Vertex X="71086" Y="38918" Z="0"/>
					<Vertex X="70769" Y="38707" Z="0"/>
					<Vertex X="70347" Y="38391" Z="0"/>
					<Vertex X="70031" Y="38075" Z="0"/>
					<Vertex X="69926" Y="38075" Z="0"/>
					<Vertex X="69504" Y="37758" Z="0"/>
					<Vertex X="68976" Y="37442" Z="0"/>
					<Vertex X="68765" Y="37125" Z="0"/>
					<Vertex X="68344" Y="36809" Z="0"/>
					<Vertex X="68027" Y="36387" Z="0"/>
					<Vertex X="67500" Y="35754" Z="0"/>
					<Vertex X="67500" Y="35543" Z="0"/>
					<Vertex X="67289" Y="35227" Z="0"/>
					<Vertex X="66972" Y="34805" Z="0"/>
					<Vertex X="66972" Y="34700" Z="0"/>
					<Vertex X="66656" Y="34278" Z="0"/>
					<Vertex X="66551" Y="34172" Z="0"/>
					<Vertex X="66129" Y="33645" Z="0"/>
					<Vertex X="66129" Y="33434" Z="0"/>
					<Vertex X="66023" Y="33434" Z="0"/>
					<Vertex X="66023" Y="33328" Z="0"/>
					<Vertex X="66023" Y="33223" Z="0"/>
					<Vertex X="66023" Y="32696" Z="0"/>
					<Vertex X="65918" Y="32379" Z="0"/>
					<Vertex X="66129" Y="32379" Z="0"/>
					<Vertex X="66129" Y="31746" Z="0"/>
					<Vertex X="66023" Y="31430" Z="0"/>
					<Vertex X="65918" Y="31008" Z="0"/>
					<Vertex X="65918" Y="30586" Z="0"/>
					<Vertex X="65707" Y="30270" Z="0"/>
					<Vertex X="65812" Y="29953" Z="0"/>
					<Vertex X="65812" Y="29743" Z="0"/>
					<Vertex X="65707" Y="29426" Z="0"/>
					<Vertex X="65707" Y="29215" Z="0"/>
					<Vertex X="65601" Y="28793" Z="0"/>
					<Vertex X="65390" Y="28477" Z="0"/>
					<Vertex X="65074" Y="28055" Z="0"/>
					<Vertex X="65074" Y="28055" Z="0"/>
					<Vertex X="64969" Y="28055" Z="0"/>
					<Vertex X="64652" Y="27739" Z="0"/>
					<Vertex X="64547" Y="27633" Z="0"/>
					<Vertex X="64441" Y="27739" Z="0"/>
					<Vertex X="64230" Y="27633" Z="0"/>
					<Vertex X="63597" Y="27211" Z="0"/>
					<Vertex X="63386" Y="27106" Z="0"/>
					<Vertex X="62965" Y="26789" Z="0"/>
					<Vertex X="62332" Y="26368" Z="0"/>
					<Vertex X="61594" Y="25840" Z="0"/>
					<Vertex X="61172" Y="25735" Z="0"/>
					<Vertex X="60855" Y="25629" Z="0"/>
					<Vertex X="60222" Y="25102" Z="0"/>
					<Vertex X="59273" Y="24786" Z="0"/>
					<Vertex X="59168" Y="24680" Z="0"/>
					<Vertex X="58957" Y="24575" Z="0"/>
					<Vertex X="58851" Y="24680" Z="0"/>
					<Vertex X="58640" Y="24469" Z="0"/>
					<Vertex X="58429" Y="24364" Z="0"/>
					<Vertex X="58219" Y="24258" Z="0"/>
					<Vertex X="57691" Y="23942" Z="0"/>
					<Vertex X="57691" Y="23942" Z="0"/>
					<Vertex X="57375" Y="23625" Z="0"/>
					<Vertex X="56953" Y="23309" Z="0"/>
					<Vertex X="56847" Y="22993" Z="0"/>
					<Vertex X="56847" Y="22887" Z="0"/>
					<Vertex X="56531" Y="22360" Z="0"/>
					<Vertex X="56531" Y="22254" Z="0"/>
					<Vertex X="56426" Y="21832" Z="0"/>
					<Vertex X="56320" Y="21516" Z="0"/>
					<Vertex X="56109" Y="20989" Z="0"/>
					<Vertex X="56215" Y="20883" Z="0"/>
					<Vertex X="56215" Y="20672" Z="0"/>
					<Vertex X="56215" Y="20461" Z="0"/>
					<Vertex X="56215" Y="20250" Z="0"/>
					<Vertex X="55898" Y="19723" Z="0"/>
					<Vertex X="56109" Y="19723" Z="0"/>
					<Vertex X="56109" Y="19512" Z="0"/>
					<Vertex X="55793" Y="19090" Z="0"/>
					<Vertex X="56004" Y="18879" Z="0"/>
					<Vertex X="55898" Y="18563" Z="0"/>
					<Vertex X="55898" Y="18352" Z="0"/>
					<Vertex X="55898" Y="18246" Z="0"/>
					<Vertex X="55898" Y="18036" Z="0"/>
					<Vertex X="55898" Y="17825" Z="0"/>
					<Vertex X="55898" Y="17614" Z="0"/>
					<Vertex X="55898" Y="17297" Z="0"/>
					<Vertex X="55687" Y="16981" Z="0"/>
					<Vertex X="56004" Y="16981" Z="0"/>
					<Vertex X="56004" Y="16770" Z="0"/>
					<Vertex X="56109" Y="16664" Z="0"/>
					<Vertex X="56109" Y="16454" Z="0"/>
					<Vertex X="56004" Y="16137" Z="0"/>
					<Vertex X="56004" Y="15926" Z="0"/>
					<Vertex X="56320" Y="16032" Z="0"/>
					<Vertex X="56320" Y="15926" Z="0"/>
					<Vertex X="56109" Y="15610" Z="0"/>
					<Vertex X="56426" Y="15610" Z="0"/>
					<Vertex X="56426" Y="15504" Z="0"/>
					<Vertex X="56426" Y="15399" Z="0"/>
					<Vertex X="56531" Y="15188" Z="0"/>
					<Vertex X="56637" Y="14977" Z="0"/>
					<Vertex X="56637" Y="14766" Z="0"/>
					<Vertex X="56742" Y="14555" Z="0"/>
					<Vertex X="56742" Y="14450" Z="0"/>
					<Vertex X="56531" Y="14133" Z="0"/>
					<Vertex X="56531" Y="14028" Z="0"/>
					<Vertex X="56847" Y="14133" Z="0"/>
					<Vertex X="56847" Y="14028" Z="0"/>
					<Vertex X="56637" Y="13711" Z="0"/>
					<Vertex X="56953" Y="13922" Z="0"/>
					<Vertex X="56953" Y="13817" Z="0"/>
					<Vertex X="57058" Y="13817" Z="0"/>
					<Vertex X="56847" Y="13606" Z="0"/>
					<Vertex X="56953" Y="13500" Z="0"/>
				</Vertices>
			</Region>
			<Region Id="4" Type="0" Zoom="0.009388" Selected="1" ImageLocation="" ImageFocus="-1" Length="82621.4" Area="361917780.0" LengthMicrons="20861.9" AreaMicrons="23074520.0" Text="" NegativeROA="0" InputRegionId="0" Analyze="1" DisplayId="4">
				<Attributes/>
				<Vertices>
					<Vertex X="19196" Y="36914" Z="0"/>
					<Vertex X="19301" Y="36808" Z="0"/>
					<Vertex X="24785" Y="34699" Z="0"/>
					<Vertex X="24785" Y="34383" Z="0"/>
					<Vertex X="25313" Y="34594" Z="0"/>
					<Vertex X="25313" Y="34277" Z="0"/>
					<Vertex X="25629" Y="34488" Z="0"/>
					<Vertex X="26051" Y="34383" Z="0"/>
					<Vertex X="26262" Y="34277" Z="0"/>
					<Vertex X="26367" Y="34277" Z="0"/>
					<Vertex X="26473" Y="34277" Z="0"/>
					<Vertex X="26895" Y="34172" Z="0"/>
					<Vertex X="27000" Y="34066" Z="0"/>
					<Vertex X="27317" Y="34066" Z="0"/>
					<Vertex X="27317" Y="33750" Z="0"/>
					<Vertex X="27422" Y="33750" Z="0"/>
					<Vertex X="27738" Y="33750" Z="0"/>
					<Vertex X="28160" Y="33855" Z="0"/>
					<Vertex X="28371" Y="33855" Z="0"/>
					<Vertex X="28582" Y="33750" Z="0"/>
					<Vertex X="28582" Y="33539" Z="0"/>
					<Vertex X="29004" Y="33750" Z="0"/>
					<Vertex X="29004" Y="33539" Z="0"/>
					<Vertex X="29426" Y="33750" Z="0"/>
					<Vertex X="29637" Y="33750" Z="0"/>
					<Vertex X="29848" Y="33750" Z="0"/>
					<Vertex X="29953" Y="33539" Z="0"/>
					<Vertex X="30481" Y="33750" Z="0"/>
					<Vertex X="30692" Y="33855" Z="0"/>
					<Vertex X="31008" Y="33961" Z="0"/>
					<Vertex X="31219" Y="33961" Z="0"/>
					<Vertex X="31852" Y="34277" Z="0"/>
					<Vertex X="32063" Y="34383" Z="0"/>
					<Vertex X="32485" Y="34594" Z="0"/>
					<Vertex X="32906" Y="34805" Z="0"/>
					<Vertex X="33328" Y="35121" Z="0"/>
					<Vertex X="33645" Y="35226" Z="0"/>
					<Vertex X="34383" Y="35648" Z="0"/>
					<Vertex X="34594" Y="35543" Z="0"/>
					<Vertex X="35016" Y="35965" Z="0"/>
					<Vertex X="35965" Y="36281" Z="0"/>
					<Vertex X="36281" Y="36387" Z="0"/>
					<Vertex X="36598" Y="36597" Z="0"/>
					<Vertex X="36809" Y="36703" Z="0"/>
					<Vertex X="36914" Y="36808" Z="0"/>
					<Vertex X="37020" Y="36808" Z="0"/>
					<Vertex X="37125" Y="36808" Z="0"/>
					<Vertex X="37442" Y="37019" Z="0"/>
					<Vertex X="37758" Y="37230" Z="0"/>
					<Vertex X="37758" Y="37125" Z="0"/>
					<Vertex X="38074" Y="37441" Z="0"/>
					<Vertex X="38602" Y="37863" Z="0"/>
					<Vertex X="38707" Y="37969" Z="0"/>
					<Vertex X="39129" Y="38496" Z="0"/>
					<Vertex X="39129" Y="38707" Z="0"/>
					<Vertex X="39235" Y="38918" Z="0"/>
					<Vertex X="39551" Y="39551" Z="0"/>
					<Vertex X="39762" Y="39867" Z="0"/>
					<Vertex X="39867" Y="40183" Z="0"/>
					<Vertex X="39867" Y="40394" Z="0"/>
					<Vertex X="40184" Y="41027" Z="0"/>
					<Vertex X="40289" Y="41238" Z="0"/>
					<Vertex X="40395" Y="41554" Z="0"/>
					<Vertex X="40500" Y="41765" Z="0"/>
					<Vertex X="40500" Y="41871" Z="0"/>
					<Vertex X="40395" Y="41871" Z="0"/>
					<Vertex X="40606" Y="42187" Z="0"/>
					<Vertex X="40606" Y="42398" Z="0"/>
					<Vertex X="40395" Y="42504" Z="0"/>
					<Vertex X="40395" Y="42609" Z="0"/>
					<Vertex X="40606" Y="42926" Z="0"/>
					<Vertex X="40606" Y="43031" Z="0"/>
					<Vertex X="40606" Y="43137" Z="0"/>
					<Vertex X="40606" Y="43242" Z="0"/>
					<Vertex X="40395" Y="43242" Z="0"/>
					<Vertex X="40500" Y="43664" Z="0"/>
					<Vertex X="40395" Y="43875" Z="0"/>
					<Vertex X="40289" Y="44086" Z="0"/>
					<Vertex X="40184" Y="44297" Z="0"/>
					<Vertex X="39867" Y="44402" Z="0"/>
					<Vertex X="39973" Y="44929" Z="0"/>
					<Vertex X="39867" Y="45246" Z="0"/>
					<Vertex X="39762" Y="45351" Z="0"/>
					<Vertex X="39445" Y="46090" Z="0"/>
					<Vertex X="39129" Y="46090" Z="0"/>
					<Vertex X="39235" Y="46512" Z="0"/>
					<Vertex X="39235" Y="46617" Z="0"/>
					<Vertex X="39024" Y="46512" Z="0"/>
					<Vertex X="39024" Y="46933" Z="0"/>
					<Vertex X="39129" Y="47672" Z="0"/>
					<Vertex X="39024" Y="48094" Z="0"/>
					<Vertex X="39024" Y="48410" Z="0"/>
					<Vertex X="38707" Y="48726" Z="0"/>
					<Vertex X="38813" Y="49465" Z="0"/>
					<Vertex X="38496" Y="49676" Z="0"/>
					<Vertex X="38602" Y="50203" Z="0"/>
					<Vertex X="38285" Y="50308" Z="0"/>
					<Vertex X="38391" Y="50836" Z="0"/>
					<Vertex X="38285" Y="50941" Z="0"/>
					<Vertex X="38180" Y="51363" Z="0"/>
					<Vertex X="38074" Y="51574" Z="0"/>
					<Vertex X="37758" Y="51574" Z="0"/>
					<Vertex X="37863" Y="51996" Z="0"/>
					<Vertex X="37758" Y="52207" Z="0"/>
					<Vertex X="37758" Y="52418" Z="0"/>
					<Vertex X="37442" Y="52418" Z="0"/>
					<Vertex X="37547" Y="52945" Z="0"/>
					<Vertex X="37442" Y="53156" Z="0"/>
					<Vertex X="37336" Y="53367" Z="0"/>
					<Vertex X="37231" Y="53683" Z="0"/>
					<Vertex X="37125" Y="53894" Z="0"/>
					<Vertex X="36914" Y="53894" Z="0"/>
					<Vertex X="36703" Y="54211" Z="0"/>
					<Vertex X="36809" Y="54738" Z="0"/>
					<Vertex X="36598" Y="55054" Z="0"/>
					<Vertex X="36492" Y="55476" Z="0"/>
					<Vertex X="36281" Y="55687" Z="0"/>
					<Vertex X="36176" Y="56004" Z="0"/>
					<Vertex X="36070" Y="56215" Z="0"/>
					<Vertex X="35754" Y="56004" Z="0"/>
					<Vertex X="35860" Y="56531" Z="0"/>
					<Vertex X="35543" Y="56426" Z="0"/>
					<Vertex X="35649" Y="56742" Z="0"/>
					<Vertex X="35543" Y="56847" Z="0"/>
					<Vertex X="35438" Y="56953" Z="0"/>
					<Vertex X="35227" Y="57058" Z="0"/>
					<Vertex X="34910" Y="56953" Z="0"/>
					<Vertex X="34699" Y="57058" Z="0"/>
					<Vertex X="34594" Y="57164" Z="0"/>
					<Vertex X="34278" Y="57375" Z="0"/>
					<Vertex X="34278" Y="57797" Z="0"/>
					<Vertex X="34172" Y="57797" Z="0"/>
					<Vertex X="33961" Y="57902" Z="0"/>
					<Vertex X="33750" Y="58008" Z="0"/>
					<Vertex X="33645" Y="58113" Z="0"/>
					<Vertex X="33434" Y="58218" Z="0"/>
					<Vertex X="33328" Y="58324" Z="0"/>
					<Vertex X="33223" Y="58324" Z="0"/>
					<Vertex X="32801" Y="58218" Z="0"/>
					<Vertex X="32906" Y="58429" Z="0"/>
					<Vertex X="32695" Y="58429" Z="0"/>
					<Vertex X="32485" Y="58429" Z="0"/>
					<Vertex X="32379" Y="58429" Z="0"/>
					<Vertex X="32274" Y="58429" Z="0"/>
					<Vertex X="32063" Y="58324" Z="0"/>
					<Vertex X="31852" Y="58218" Z="0"/>
					<Vertex X="31641" Y="58113" Z="0"/>
					<Vertex X="31324" Y="57902" Z="0"/>
					<Vertex X="31113" Y="57691" Z="0"/>
					<Vertex X="30692" Y="57375" Z="0"/>
					<Vertex X="30375" Y="57269" Z="0"/>
					<Vertex X="30059" Y="57164" Z="0"/>
					<Vertex X="29848" Y="57058" Z="0"/>
					<Vertex X="29531" Y="56953" Z="0"/>
					<Vertex X="29320" Y="56847" Z="0"/>
					<Vertex X="28899" Y="56531" Z="0"/>
					<Vertex X="28793" Y="56426" Z="0"/>
					<Vertex X="28582" Y="56531" Z="0"/>
					<Vertex X="28582" Y="56426" Z="0"/>
					<Vertex X="28266" Y="56320" Z="0"/>
					<Vertex X="27844" Y="56109" Z="0"/>
					<Vertex X="27844" Y="56215" Z="0"/>
					<Vertex X="27528" Y="56109" Z="0"/>
					<Vertex X="27317" Y="56109" Z="0"/>
					<Vertex X="26789" Y="55793" Z="0"/>
					<Vertex X="26684" Y="55898" Z="0"/>
					<Vertex X="26367" Y="55687" Z="0"/>
					<Vertex X="26367" Y="55793" Z="0"/>
					<Vertex X="25946" Y="55476" Z="0"/>
					<Vertex X="25840" Y="55582" Z="0"/>
					<Vertex X="25524" Y="55054" Z="0"/>
					<Vertex X="25524" Y="54738" Z="0"/>
					<Vertex X="25524" Y="54527" Z="0"/>
					<Vertex X="25313" Y="53894" Z="0"/>
					<Vertex X="25102" Y="53472" Z="0"/>
					<Vertex X="24785" Y="52840" Z="0"/>
					<Vertex X="24891" Y="52629" Z="0"/>
					<Vertex X="24469" Y="51890" Z="0"/>
					<Vertex X="24680" Y="51890" Z="0"/>
					<Vertex X="24574" Y="51469" Z="0"/>
					<Vertex X="24469" Y="51152" Z="0"/>
					<Vertex X="24363" Y="50941" Z="0"/>
					<Vertex X="24153" Y="50625" Z="0"/>
					<Vertex X="23836" Y="50097" Z="0"/>
					<Vertex X="23625" Y="49886" Z="0"/>
					<Vertex X="23731" Y="49886" Z="0"/>
					<Vertex X="23414" Y="49570" Z="0"/>
					<Vertex X="23309" Y="49359" Z="0"/>
					<Vertex X="23203" Y="49148" Z="0"/>
					<Vertex X="23309" Y="49043" Z="0"/>
					<Vertex X="22887" Y="48621" Z="0"/>
					<Vertex X="22992" Y="48515" Z="0"/>
					<Vertex X="22781" Y="48094" Z="0"/>
					<Vertex X="22887" Y="48094" Z="0"/>
					<Vertex X="22887" Y="47988" Z="0"/>
					<Vertex X="22781" Y="47566" Z="0"/>
					<Vertex X="22571" Y="47039" Z="0"/>
					<Vertex X="22465" Y="46828" Z="0"/>
					<Vertex X="22254" Y="46301" Z="0"/>
					<Vertex X="21832" Y="45668" Z="0"/>
					<Vertex X="21832" Y="45351" Z="0"/>
					<Vertex X="21621" Y="44929" Z="0"/>
					<Vertex X="21305" Y="44297" Z="0"/>
					<Vertex X="21094" Y="43980" Z="0"/>
					<Vertex X="20988" Y="43664" Z="0"/>
					<Vertex X="21094" Y="43664" Z="0"/>
					<Vertex X="20778" Y="43242" Z="0"/>
					<Vertex X="20883" Y="43137" Z="0"/>
					<Vertex X="20778" Y="42926" Z="0"/>
					<Vertex X="20778" Y="42820" Z="0"/>
					<Vertex X="20356" Y="42293" Z="0"/>
					<Vertex X="20250" Y="42187" Z="0"/>
					<Vertex X="20145" Y="41976" Z="0"/>
					<Vertex X="20250" Y="41976" Z="0"/>
					<Vertex X="20145" Y="41660" Z="0"/>
					<Vertex X="19934" Y="41449" Z="0"/>
					<Vertex X="19723" Y="41238" Z="0"/>
					<Vertex X="19617" Y="40500" Z="0"/>
					<Vertex X="19512" Y="40289" Z="0"/>
					<Vertex X="19196" Y="39867" Z="0"/>
					<Vertex X="19301" Y="39867" Z="0"/>
					<Vertex X="19301" Y="39656" Z="0"/>
					<Vertex X="19301" Y="39551" Z="0"/>
					<Vertex X="19196" Y="39445" Z="0"/>
					<Vertex X="19090" Y="39234" Z="0"/>
					<Vertex X="19090" Y="39129" Z="0"/>
					<Vertex X="19090" Y="39023" Z="0"/>
					<Vertex X="18985" Y="38918" Z="0"/>
					<Vertex X="18774" Y="38707" Z="0"/>
					<Vertex X="18985" Y="38707" Z="0"/>
					<Vertex X="18985" Y="38601" Z="0"/>
					<Vertex X="18985" Y="38496" Z="0"/>
					<Vertex X="18985" Y="38390" Z="0"/>
					<Vertex X="18774" Y="38179" Z="0"/>
					<Vertex X="18985" Y="38390" Z="0"/>
					<Vertex X="18985" Y="38285" Z="0"/>
					<Vertex X="18985" Y="38179" Z="0"/>
					<Vertex X="18985" Y="38074" Z="0"/>
					<Vertex X="19090" Y="38074" Z="0"/>
					<Vertex X="19090" Y="37969" Z="0"/>
					<Vertex X="19196" Y="37969" Z="0"/>
					<Vertex X="18985" Y="37758" Z="0"/>
					<Vertex X="19196" Y="36914" Z="0"/>
				</Vertices>
			</Region>
		</Regions>
		<Plots/>
	</Annotation>
</Annotations>
