<Annotations MicronsPerPixel="0.227700">
	<Annotation Id="1" Name="" ReadOnly="0" NameReadOnly="0" LineColorReadOnly="0" Incremental="0" Type="4" LineColor="65535" Visible="1" Selected="1" MarkupImagePath="" MacroName="">
		<Attributes/>
		<Regions>
			<RegionAttributeHeaders/>
			<Region Id="1" Type="0" Zoom="0.008895" Selected="0" ImageLocation="" ImageFocus="-1" Length="47062.4" Area="138055139.5" LengthMicrons="10716.1" AreaMicrons="7157784.5" Text="" NegativeROA="0" InputRegionId="0" Analyze="1" DisplayId="1">
				<Attributes/>
				<Vertices>
					<Vertex X="59616" Y="68873" Z="0"/>
					<Vertex X="59616" Y="69120" Z="0"/>
					<Vertex X="59369" Y="69367" Z="0"/>
					<Vertex X="59246" Y="69614" Z="0"/>
					<Vertex X="59123" Y="69737" Z="0"/>
					<Vertex X="58999" Y="69984" Z="0"/>
					<Vertex X="58999" Y="70107" Z="0"/>
					<Vertex X="58752" Y="70478" Z="0"/>
					<Vertex X="58752" Y="70601" Z="0"/>
					<Vertex X="58752" Y="70725" Z="0"/>
					<Vertex X="58629" Y="70848" Z="0"/>
					<Vertex X="58629" Y="71095" Z="0"/>
					<Vertex X="58505" Y="71218" Z="0"/>
					<Vertex X="58505" Y="71342" Z="0"/>
					<Vertex X="58505" Y="71465" Z="0"/>
					<Vertex X="58259" Y="71712" Z="0"/>
					<Vertex X="58259" Y="71835" Z="0"/>
					<Vertex X="58259" Y="71959" Z="0"/>
					<Vertex X="58259" Y="72082" Z="0"/>
					<Vertex X="58259" Y="72453" Z="0"/>
					<Vertex X="58135" Y="72453" Z="0"/>
					<Vertex X="58135" Y="72699" Z="0"/>
					<Vertex X="58135" Y="72823" Z="0"/>
					<Vertex X="58135" Y="73193" Z="0"/>
					<Vertex X="58135" Y="73317" Z="0"/>
					<Vertex X="58135" Y="73440" Z="0"/>
					<Vertex X="58135" Y="73563" Z="0"/>
					<Vertex X="58135" Y="73687" Z="0"/>
					<Vertex X="58012" Y="73810" Z="0"/>
					<Vertex X="58012" Y="74057" Z="0"/>
					<Vertex X="58012" Y="74181" Z="0"/>
					<Vertex X="58012" Y="74304" Z="0"/>
					<Vertex X="58012" Y="74551" Z="0"/>
					<Vertex X="58012" Y="74674" Z="0"/>
					<Vertex X="58012" Y="74921" Z="0"/>
					<Vertex X="58012" Y="75045" Z="0"/>
					<Vertex X="58012" Y="75168" Z="0"/>
					<Vertex X="58012" Y="75291" Z="0"/>
					<Vertex X="58012" Y="75538" Z="0"/>
					<Vertex X="58012" Y="75662" Z="0"/>
					<Vertex X="58012" Y="75785" Z="0"/>
					<Vertex X="58012" Y="76032" Z="0"/>
					<Vertex X="58012" Y="76155" Z="0"/>
					<Vertex X="58012" Y="76279" Z="0"/>
					<Vertex X="58012" Y="76649" Z="0"/>
					<Vertex X="58012" Y="76773" Z="0"/>
					<Vertex X="58012" Y="76896" Z="0"/>
					<Vertex X="58135" Y="77019" Z="0"/>
					<Vertex X="58135" Y="77143" Z="0"/>
					<Vertex X="58259" Y="77143" Z="0"/>
					<Vertex X="58259" Y="77266" Z="0"/>
					<Vertex X="58259" Y="77390" Z="0"/>
					<Vertex X="58382" Y="77637" Z="0"/>
					<Vertex X="58629" Y="77637" Z="0"/>
					<Vertex X="58629" Y="77883" Z="0"/>
					<Vertex X="58752" Y="78007" Z="0"/>
					<Vertex X="58876" Y="78007" Z="0"/>
					<Vertex X="58999" Y="78130" Z="0"/>
					<Vertex X="59123" Y="78130" Z="0"/>
					<Vertex X="59123" Y="78254" Z="0"/>
					<Vertex X="59369" Y="78501" Z="0"/>
					<Vertex X="59616" Y="78747" Z="0"/>
					<Vertex X="59740" Y="78871" Z="0"/>
					<Vertex X="59863" Y="79118" Z="0"/>
					<Vertex X="59987" Y="79118" Z="0"/>
					<Vertex X="60233" Y="79241" Z="0"/>
					<Vertex X="60357" Y="79488" Z="0"/>
					<Vertex X="60480" Y="79488" Z="0"/>
					<Vertex X="60727" Y="79611" Z="0"/>
					<Vertex X="60974" Y="79735" Z="0"/>
					<Vertex X="61591" Y="80105" Z="0"/>
					<Vertex X="61715" Y="80352" Z="0"/>
					<Vertex X="61838" Y="80475" Z="0"/>
					<Vertex X="61961" Y="80475" Z="0"/>
					<Vertex X="62332" Y="80722" Z="0"/>
					<Vertex X="62455" Y="80722" Z="0"/>
					<Vertex X="62702" Y="80722" Z="0"/>
					<Vertex X="62949" Y="80969" Z="0"/>
					<Vertex X="63196" Y="80969" Z="0"/>
					<Vertex X="63196" Y="81093" Z="0"/>
					<Vertex X="63566" Y="81093" Z="0"/>
					<Vertex X="63813" Y="81093" Z="0"/>
					<Vertex X="63936" Y="81093" Z="0"/>
					<Vertex X="64307" Y="81339" Z="0"/>
					<Vertex X="64677" Y="81339" Z="0"/>
					<Vertex X="64924" Y="81339" Z="0"/>
					<Vertex X="65171" Y="81463" Z="0"/>
					<Vertex X="65541" Y="81586" Z="0"/>
					<Vertex X="65664" Y="81586" Z="0"/>
					<Vertex X="65911" Y="81586" Z="0"/>
					<Vertex X="66035" Y="81586" Z="0"/>
					<Vertex X="66281" Y="81586" Z="0"/>
					<Vertex X="66652" Y="81586" Z="0"/>
					<Vertex X="66899" Y="81463" Z="0"/>
					<Vertex X="67145" Y="81463" Z="0"/>
					<Vertex X="67269" Y="81463" Z="0"/>
					<Vertex X="67516" Y="81339" Z="0"/>
					<Vertex X="67639" Y="81339" Z="0"/>
					<Vertex X="67763" Y="81216" Z="0"/>
					<Vertex X="68133" Y="81093" Z="0"/>
					<Vertex X="68256" Y="81093" Z="0"/>
					<Vertex X="68503" Y="81093" Z="0"/>
					<Vertex X="68627" Y="81093" Z="0"/>
					<Vertex X="68873" Y="80969" Z="0"/>
					<Vertex X="69120" Y="80846" Z="0"/>
					<Vertex X="69244" Y="80846" Z="0"/>
					<Vertex X="69367" Y="80846" Z="0"/>
					<Vertex X="69614" Y="80722" Z="0"/>
					<Vertex X="69737" Y="80722" Z="0"/>
					<Vertex X="69984" Y="80599" Z="0"/>
					<Vertex X="70108" Y="80599" Z="0"/>
					<Vertex X="70231" Y="80599" Z="0"/>
					<Vertex X="70355" Y="80599" Z="0"/>
					<Vertex X="70478" Y="80475" Z="0"/>
					<Vertex X="70601" Y="80352" Z="0"/>
					<Vertex X="70725" Y="80352" Z="0"/>
					<Vertex X="70848" Y="80105" Z="0"/>
					<Vertex X="70972" Y="80105" Z="0"/>
					<Vertex X="71095" Y="79982" Z="0"/>
					<Vertex X="71095" Y="79858" Z="0"/>
					<Vertex X="71342" Y="79735" Z="0"/>
					<Vertex X="71465" Y="79611" Z="0"/>
					<Vertex X="71589" Y="79365" Z="0"/>
					<Vertex X="71712" Y="79241" Z="0"/>
					<Vertex X="71836" Y="79118" Z="0"/>
					<Vertex X="71959" Y="79118" Z="0"/>
					<Vertex X="71959" Y="78994" Z="0"/>
					<Vertex X="71959" Y="78871" Z="0"/>
					<Vertex X="72083" Y="78624" Z="0"/>
					<Vertex X="72083" Y="78377" Z="0"/>
					<Vertex X="72329" Y="78130" Z="0"/>
					<Vertex X="72329" Y="78007" Z="0"/>
					<Vertex X="72453" Y="77883" Z="0"/>
					<Vertex X="72453" Y="77637" Z="0"/>
					<Vertex X="72453" Y="77513" Z="0"/>
					<Vertex X="72453" Y="77390" Z="0"/>
					<Vertex X="72453" Y="77266" Z="0"/>
					<Vertex X="72453" Y="77143" Z="0"/>
					<Vertex X="72453" Y="77019" Z="0"/>
					<Vertex X="72453" Y="76896" Z="0"/>
					<Vertex X="72453" Y="76773" Z="0"/>
					<Vertex X="72453" Y="76402" Z="0"/>
					<Vertex X="72453" Y="76279" Z="0"/>
					<Vertex X="72453" Y="76155" Z="0"/>
					<Vertex X="72453" Y="76032" Z="0"/>
					<Vertex X="72453" Y="75909" Z="0"/>
					<Vertex X="72329" Y="75538" Z="0"/>
					<Vertex X="72206" Y="75415" Z="0"/>
					<Vertex X="72083" Y="75168" Z="0"/>
					<Vertex X="72083" Y="74921" Z="0"/>
					<Vertex X="72083" Y="74674" Z="0"/>
					<Vertex X="71959" Y="74551" Z="0"/>
					<Vertex X="71959" Y="74427" Z="0"/>
					<Vertex X="71836" Y="74304" Z="0"/>
					<Vertex X="71712" Y="74057" Z="0"/>
					<Vertex X="71712" Y="73934" Z="0"/>
					<Vertex X="71465" Y="73687" Z="0"/>
					<Vertex X="71342" Y="73687" Z="0"/>
					<Vertex X="71342" Y="73563" Z="0"/>
					<Vertex X="71219" Y="73440" Z="0"/>
					<Vertex X="71095" Y="73193" Z="0"/>
					<Vertex X="70972" Y="73193" Z="0"/>
					<Vertex X="70972" Y="73070" Z="0"/>
					<Vertex X="70848" Y="72946" Z="0"/>
					<Vertex X="70478" Y="72699" Z="0"/>
					<Vertex X="70355" Y="72576" Z="0"/>
					<Vertex X="70231" Y="72453" Z="0"/>
					<Vertex X="70108" Y="72206" Z="0"/>
					<Vertex X="69984" Y="72206" Z="0"/>
					<Vertex X="69861" Y="72082" Z="0"/>
					<Vertex X="69861" Y="71959" Z="0"/>
					<Vertex X="69614" Y="71835" Z="0"/>
					<Vertex X="69614" Y="71712" Z="0"/>
					<Vertex X="69120" Y="71712" Z="0"/>
					<Vertex X="68997" Y="71589" Z="0"/>
					<Vertex X="68750" Y="71465" Z="0"/>
					<Vertex X="68627" Y="71465" Z="0"/>
					<Vertex X="68503" Y="71342" Z="0"/>
					<Vertex X="68380" Y="71342" Z="0"/>
					<Vertex X="67516" Y="71095" Z="0"/>
					<Vertex X="67145" Y="70848" Z="0"/>
					<Vertex X="67022" Y="70848" Z="0"/>
					<Vertex X="66899" Y="70848" Z="0"/>
					<Vertex X="65541" Y="70231" Z="0"/>
					<Vertex X="65171" Y="70231" Z="0"/>
					<Vertex X="64924" Y="70231" Z="0"/>
					<Vertex X="64800" Y="70107" Z="0"/>
					<Vertex X="64553" Y="69984" Z="0"/>
					<Vertex X="64430" Y="69861" Z="0"/>
					<Vertex X="64060" Y="69737" Z="0"/>
					<Vertex X="63813" Y="69737" Z="0"/>
					<Vertex X="63689" Y="69737" Z="0"/>
					<Vertex X="63689" Y="69614" Z="0"/>
					<Vertex X="63443" Y="69614" Z="0"/>
					<Vertex X="63319" Y="69614" Z="0"/>
					<Vertex X="63196" Y="69367" Z="0"/>
					<Vertex X="63072" Y="69367" Z="0"/>
					<Vertex X="62825" Y="69367" Z="0"/>
					<Vertex X="62702" Y="69367" Z="0"/>
					<Vertex X="62579" Y="69243" Z="0"/>
					<Vertex X="62332" Y="69243" Z="0"/>
					<Vertex X="62208" Y="69120" Z="0"/>
					<Vertex X="61961" Y="69120" Z="0"/>
					<Vertex X="61961" Y="68997" Z="0"/>
					<Vertex X="61715" Y="68997" Z="0"/>
					<Vertex X="61715" Y="68873" Z="0"/>
					<Vertex X="61591" Y="68873" Z="0"/>
					<Vertex X="61468" Y="68873" Z="0"/>
					<Vertex X="61344" Y="68873" Z="0"/>
					<Vertex X="61221" Y="68873" Z="0"/>
					<Vertex X="61097" Y="68626" Z="0"/>
					<Vertex X="60851" Y="68626" Z="0"/>
					<Vertex X="60727" Y="68503" Z="0"/>
					<Vertex X="60604" Y="68379" Z="0"/>
					<Vertex X="60480" Y="68379" Z="0"/>
					<Vertex X="60357" Y="68379" Z="0"/>
					<Vertex X="60233" Y="68256" Z="0"/>
					<Vertex X="60110" Y="68256" Z="0"/>
					<Vertex X="59987" Y="68256" Z="0"/>
					<Vertex X="59987" Y="68133" Z="0"/>
					<Vertex X="59616" Y="68873" Z="0"/>
				</Vertices>
			</Region>
			<Region Id="2" Type="0" Zoom="0.008895" Selected="0" ImageLocation="" ImageFocus="-1" Length="67484.6" Area="152639230.5" LengthMicrons="15366.2" AreaMicrons="7913930.1" Text="" NegativeROA="0" InputRegionId="0" Analyze="1" DisplayId="2">
				<Attributes/>
				<Vertices>
					<Vertex X="83068" Y="51840" Z="0"/>
					<Vertex X="82697" Y="51840" Z="0"/>
					<Vertex X="82574" Y="51963" Z="0"/>
					<Vertex X="82451" Y="51963" Z="0"/>
					<Vertex X="82327" Y="52087" Z="0"/>
					<Vertex X="82204" Y="52334" Z="0"/>
					<Vertex X="81957" Y="52457" Z="0"/>
					<Vertex X="81833" Y="52581" Z="0"/>
					<Vertex X="81833" Y="52704" Z="0"/>
					<Vertex X="81710" Y="52827" Z="0"/>
					<Vertex X="81463" Y="52951" Z="0"/>
					<Vertex X="81463" Y="53074" Z="0"/>
					<Vertex X="81340" Y="53074" Z="0"/>
					<Vertex X="81216" Y="53198" Z="0"/>
					<Vertex X="81093" Y="53321" Z="0"/>
					<Vertex X="80969" Y="53445" Z="0"/>
					<Vertex X="80969" Y="53568" Z="0"/>
					<Vertex X="80723" Y="53691" Z="0"/>
					<Vertex X="80599" Y="53815" Z="0"/>
					<Vertex X="80352" Y="54062" Z="0"/>
					<Vertex X="80105" Y="54062" Z="0"/>
					<Vertex X="79982" Y="54309" Z="0"/>
					<Vertex X="79859" Y="54309" Z="0"/>
					<Vertex X="79612" Y="54309" Z="0"/>
					<Vertex X="79612" Y="54432" Z="0"/>
					<Vertex X="79365" Y="54432" Z="0"/>
					<Vertex X="79241" Y="54432" Z="0"/>
					<Vertex X="78995" Y="54555" Z="0"/>
					<Vertex X="78871" Y="54679" Z="0"/>
					<Vertex X="78748" Y="54679" Z="0"/>
					<Vertex X="78501" Y="54802" Z="0"/>
					<Vertex X="78377" Y="54802" Z="0"/>
					<Vertex X="78254" Y="54926" Z="0"/>
					<Vertex X="78131" Y="54926" Z="0"/>
					<Vertex X="78007" Y="54926" Z="0"/>
					<Vertex X="77884" Y="54926" Z="0"/>
					<Vertex X="77637" Y="55049" Z="0"/>
					<Vertex X="77513" Y="55049" Z="0"/>
					<Vertex X="77390" Y="55049" Z="0"/>
					<Vertex X="77267" Y="55173" Z="0"/>
					<Vertex X="77020" Y="55296" Z="0"/>
					<Vertex X="76896" Y="55296" Z="0"/>
					<Vertex X="76773" Y="55419" Z="0"/>
					<Vertex X="76526" Y="55419" Z="0"/>
					<Vertex X="76403" Y="55419" Z="0"/>
					<Vertex X="76279" Y="55543" Z="0"/>
					<Vertex X="76032" Y="55543" Z="0"/>
					<Vertex X="76032" Y="55666" Z="0"/>
					<Vertex X="75909" Y="55666" Z="0"/>
					<Vertex X="75785" Y="55790" Z="0"/>
					<Vertex X="75415" Y="56037" Z="0"/>
					<Vertex X="75415" Y="56283" Z="0"/>
					<Vertex X="75292" Y="56283" Z="0"/>
					<Vertex X="75168" Y="56530" Z="0"/>
					<Vertex X="75045" Y="56530" Z="0"/>
					<Vertex X="75045" Y="56901" Z="0"/>
					<Vertex X="75045" Y="57024" Z="0"/>
					<Vertex X="75045" Y="57147" Z="0"/>
					<Vertex X="75045" Y="57271" Z="0"/>
					<Vertex X="74921" Y="57271" Z="0"/>
					<Vertex X="74921" Y="57518" Z="0"/>
					<Vertex X="74798" Y="57641" Z="0"/>
					<Vertex X="74798" Y="57765" Z="0"/>
					<Vertex X="74798" Y="57888" Z="0"/>
					<Vertex X="74798" Y="58011" Z="0"/>
					<Vertex X="74675" Y="58135" Z="0"/>
					<Vertex X="74551" Y="58382" Z="0"/>
					<Vertex X="74551" Y="58629" Z="0"/>
					<Vertex X="74551" Y="58752" Z="0"/>
					<Vertex X="74551" Y="58875" Z="0"/>
					<Vertex X="74551" Y="59122" Z="0"/>
					<Vertex X="74551" Y="59369" Z="0"/>
					<Vertex X="74428" Y="59369" Z="0"/>
					<Vertex X="74428" Y="59616" Z="0"/>
					<Vertex X="74428" Y="59863" Z="0"/>
					<Vertex X="74304" Y="59986" Z="0"/>
					<Vertex X="74304" Y="60110" Z="0"/>
					<Vertex X="74181" Y="60357" Z="0"/>
					<Vertex X="74181" Y="60480" Z="0"/>
					<Vertex X="74057" Y="60850" Z="0"/>
					<Vertex X="74057" Y="60974" Z="0"/>
					<Vertex X="73934" Y="61097" Z="0"/>
					<Vertex X="73811" Y="61344" Z="0"/>
					<Vertex X="73811" Y="61591" Z="0"/>
					<Vertex X="73811" Y="61714" Z="0"/>
					<Vertex X="73687" Y="61838" Z="0"/>
					<Vertex X="73564" Y="62085" Z="0"/>
					<Vertex X="73564" Y="62208" Z="0"/>
					<Vertex X="73564" Y="62578" Z="0"/>
					<Vertex X="73193" Y="63195" Z="0"/>
					<Vertex X="73070" Y="63319" Z="0"/>
					<Vertex X="73070" Y="63813" Z="0"/>
					<Vertex X="72947" Y="63936" Z="0"/>
					<Vertex X="72947" Y="64059" Z="0"/>
					<Vertex X="72823" Y="64306" Z="0"/>
					<Vertex X="72823" Y="64430" Z="0"/>
					<Vertex X="72700" Y="64677" Z="0"/>
					<Vertex X="72700" Y="64923" Z="0"/>
					<Vertex X="72700" Y="65047" Z="0"/>
					<Vertex X="72700" Y="65417" Z="0"/>
					<Vertex X="72700" Y="65664" Z="0"/>
					<Vertex X="72700" Y="65911" Z="0"/>
					<Vertex X="72700" Y="66158" Z="0"/>
					<Vertex X="72700" Y="66281" Z="0"/>
					<Vertex X="72700" Y="66405" Z="0"/>
					<Vertex X="72700" Y="66528" Z="0"/>
					<Vertex X="72700" Y="66775" Z="0"/>
					<Vertex X="72823" Y="66898" Z="0"/>
					<Vertex X="72823" Y="67022" Z="0"/>
					<Vertex X="72823" Y="67145" Z="0"/>
					<Vertex X="72947" Y="67392" Z="0"/>
					<Vertex X="73070" Y="67392" Z="0"/>
					<Vertex X="73070" Y="67515" Z="0"/>
					<Vertex X="73070" Y="67639" Z="0"/>
					<Vertex X="73193" Y="67886" Z="0"/>
					<Vertex X="73317" Y="68133" Z="0"/>
					<Vertex X="73317" Y="68256" Z="0"/>
					<Vertex X="73440" Y="68379" Z="0"/>
					<Vertex X="73564" Y="68503" Z="0"/>
					<Vertex X="73564" Y="68626" Z="0"/>
					<Vertex X="73687" Y="68750" Z="0"/>
					<Vertex X="73811" Y="68873" Z="0"/>
					<Vertex X="73934" Y="69120" Z="0"/>
					<Vertex X="74057" Y="69243" Z="0"/>
					<Vertex X="74057" Y="69367" Z="0"/>
					<Vertex X="74057" Y="69490" Z="0"/>
					<Vertex X="74181" Y="69737" Z="0"/>
					<Vertex X="74304" Y="69737" Z="0"/>
					<Vertex X="74304" Y="69861" Z="0"/>
					<Vertex X="74428" Y="69984" Z="0"/>
					<Vertex X="74428" Y="70107" Z="0"/>
					<Vertex X="74551" Y="70231" Z="0"/>
					<Vertex X="74551" Y="70354" Z="0"/>
					<Vertex X="74675" Y="70478" Z="0"/>
					<Vertex X="74798" Y="70478" Z="0"/>
					<Vertex X="74798" Y="70601" Z="0"/>
					<Vertex X="74921" Y="70725" Z="0"/>
					<Vertex X="75168" Y="70725" Z="0"/>
					<Vertex X="75415" Y="70848" Z="0"/>
					<Vertex X="75539" Y="70848" Z="0"/>
					<Vertex X="75662" Y="70971" Z="0"/>
					<Vertex X="75785" Y="70971" Z="0"/>
					<Vertex X="76032" Y="70971" Z="0"/>
					<Vertex X="76156" Y="70971" Z="0"/>
					<Vertex X="76403" Y="70971" Z="0"/>
					<Vertex X="76526" Y="70971" Z="0"/>
					<Vertex X="76649" Y="70971" Z="0"/>
					<Vertex X="76773" Y="70971" Z="0"/>
					<Vertex X="76896" Y="70971" Z="0"/>
					<Vertex X="77143" Y="70971" Z="0"/>
					<Vertex X="77390" Y="70971" Z="0"/>
					<Vertex X="77513" Y="70971" Z="0"/>
					<Vertex X="77637" Y="70971" Z="0"/>
					<Vertex X="77760" Y="70971" Z="0"/>
					<Vertex X="79241" Y="70971" Z="0"/>
					<Vertex X="79365" Y="70971" Z="0"/>
					<Vertex X="79488" Y="70971" Z="0"/>
					<Vertex X="80476" Y="70971" Z="0"/>
					<Vertex X="80599" Y="70971" Z="0"/>
					<Vertex X="80723" Y="70848" Z="0"/>
					<Vertex X="80969" Y="70725" Z="0"/>
					<Vertex X="81216" Y="70725" Z="0"/>
					<Vertex X="81463" Y="70601" Z="0"/>
					<Vertex X="81587" Y="70601" Z="0"/>
					<Vertex X="81710" Y="70354" Z="0"/>
					<Vertex X="81957" Y="70231" Z="0"/>
					<Vertex X="82080" Y="70231" Z="0"/>
					<Vertex X="82204" Y="70107" Z="0"/>
					<Vertex X="82451" Y="69984" Z="0"/>
					<Vertex X="82451" Y="69737" Z="0"/>
					<Vertex X="82697" Y="69614" Z="0"/>
					<Vertex X="82821" Y="69490" Z="0"/>
					<Vertex X="82821" Y="69367" Z="0"/>
					<Vertex X="82944" Y="69243" Z="0"/>
					<Vertex X="83068" Y="69120" Z="0"/>
					<Vertex X="83191" Y="68997" Z="0"/>
					<Vertex X="83315" Y="68750" Z="0"/>
					<Vertex X="83438" Y="68379" Z="0"/>
					<Vertex X="83561" Y="68133" Z="0"/>
					<Vertex X="83561" Y="68009" Z="0"/>
					<Vertex X="83932" Y="67762" Z="0"/>
					<Vertex X="83932" Y="67639" Z="0"/>
					<Vertex X="83932" Y="67269" Z="0"/>
					<Vertex X="84055" Y="67022" Z="0"/>
					<Vertex X="84179" Y="66898" Z="0"/>
					<Vertex X="84179" Y="66651" Z="0"/>
					<Vertex X="84179" Y="66405" Z="0"/>
					<Vertex X="84302" Y="66158" Z="0"/>
					<Vertex X="84302" Y="66034" Z="0"/>
					<Vertex X="84425" Y="65911" Z="0"/>
					<Vertex X="84425" Y="65664" Z="0"/>
					<Vertex X="84425" Y="65417" Z="0"/>
					<Vertex X="84425" Y="65294" Z="0"/>
					<Vertex X="84425" Y="65047" Z="0"/>
					<Vertex X="84425" Y="64800" Z="0"/>
					<Vertex X="84425" Y="64677" Z="0"/>
					<Vertex X="84425" Y="64553" Z="0"/>
					<Vertex X="84425" Y="64306" Z="0"/>
					<Vertex X="84425" Y="63936" Z="0"/>
					<Vertex X="84425" Y="63689" Z="0"/>
					<Vertex X="84425" Y="63566" Z="0"/>
					<Vertex X="84425" Y="63319" Z="0"/>
					<Vertex X="84425" Y="63072" Z="0"/>
					<Vertex X="84425" Y="62949" Z="0"/>
					<Vertex X="84425" Y="62702" Z="0"/>
					<Vertex X="84425" Y="62578" Z="0"/>
					<Vertex X="84425" Y="62331" Z="0"/>
					<Vertex X="84425" Y="62208" Z="0"/>
					<Vertex X="84425" Y="62085" Z="0"/>
					<Vertex X="84425" Y="61838" Z="0"/>
					<Vertex X="84425" Y="61714" Z="0"/>
					<Vertex X="84425" Y="61591" Z="0"/>
					<Vertex X="84302" Y="61344" Z="0"/>
					<Vertex X="84302" Y="61221" Z="0"/>
					<Vertex X="84055" Y="61097" Z="0"/>
					<Vertex X="83932" Y="60850" Z="0"/>
					<Vertex X="83932" Y="60727" Z="0"/>
					<Vertex X="83685" Y="60727" Z="0"/>
					<Vertex X="83561" Y="60603" Z="0"/>
					<Vertex X="83438" Y="60480" Z="0"/>
					<Vertex X="83315" Y="60480" Z="0"/>
					<Vertex X="83191" Y="60357" Z="0"/>
					<Vertex X="83068" Y="60357" Z="0"/>
					<Vertex X="82821" Y="60357" Z="0"/>
					<Vertex X="82451" Y="60357" Z="0"/>
					<Vertex X="82327" Y="60357" Z="0"/>
					<Vertex X="82204" Y="60357" Z="0"/>
					<Vertex X="81957" Y="60357" Z="0"/>
					<Vertex X="81833" Y="60357" Z="0"/>
					<Vertex X="81587" Y="60357" Z="0"/>
					<Vertex X="81463" Y="60480" Z="0"/>
					<Vertex X="81463" Y="60603" Z="0"/>
					<Vertex X="81216" Y="60603" Z="0"/>
					<Vertex X="81093" Y="60727" Z="0"/>
					<Vertex X="80969" Y="60850" Z="0"/>
					<Vertex X="80846" Y="60850" Z="0"/>
					<Vertex X="80723" Y="60850" Z="0"/>
					<Vertex X="80599" Y="60850" Z="0"/>
					<Vertex X="80352" Y="60850" Z="0"/>
					<Vertex X="80105" Y="60974" Z="0"/>
					<Vertex X="79982" Y="60974" Z="0"/>
					<Vertex X="79859" Y="60974" Z="0"/>
					<Vertex X="79735" Y="60974" Z="0"/>
					<Vertex X="79612" Y="60974" Z="0"/>
					<Vertex X="79488" Y="60974" Z="0"/>
					<Vertex X="79365" Y="60974" Z="0"/>
					<Vertex X="79241" Y="60974" Z="0"/>
					<Vertex X="79118" Y="60974" Z="0"/>
					<Vertex X="78995" Y="60850" Z="0"/>
					<Vertex X="78377" Y="60727" Z="0"/>
					<Vertex X="78254" Y="60480" Z="0"/>
					<Vertex X="78254" Y="60357" Z="0"/>
					<Vertex X="78131" Y="60233" Z="0"/>
					<Vertex X="78007" Y="60110" Z="0"/>
					<Vertex X="78007" Y="59986" Z="0"/>
					<Vertex X="78007" Y="59739" Z="0"/>
					<Vertex X="78007" Y="59369" Z="0"/>
					<Vertex X="78007" Y="59246" Z="0"/>
					<Vertex X="78007" Y="59122" Z="0"/>
					<Vertex X="78007" Y="58875" Z="0"/>
					<Vertex X="78007" Y="58752" Z="0"/>
					<Vertex X="78007" Y="58629" Z="0"/>
					<Vertex X="78131" Y="58382" Z="0"/>
					<Vertex X="78254" Y="58382" Z="0"/>
					<Vertex X="78377" Y="58258" Z="0"/>
					<Vertex X="78501" Y="58258" Z="0"/>
					<Vertex X="78501" Y="58011" Z="0"/>
					<Vertex X="78624" Y="58011" Z="0"/>
					<Vertex X="78748" Y="57888" Z="0"/>
					<Vertex X="78871" Y="57888" Z="0"/>
					<Vertex X="78995" Y="57888" Z="0"/>
					<Vertex X="79118" Y="57765" Z="0"/>
					<Vertex X="79365" Y="57765" Z="0"/>
					<Vertex X="79488" Y="57765" Z="0"/>
					<Vertex X="79488" Y="57641" Z="0"/>
					<Vertex X="79735" Y="57641" Z="0"/>
					<Vertex X="79982" Y="57641" Z="0"/>
					<Vertex X="80105" Y="57641" Z="0"/>
					<Vertex X="80476" Y="57641" Z="0"/>
					<Vertex X="80599" Y="57641" Z="0"/>
					<Vertex X="81340" Y="57641" Z="0"/>
					<Vertex X="81463" Y="57641" Z="0"/>
					<Vertex X="81587" Y="57641" Z="0"/>
					<Vertex X="82080" Y="57641" Z="0"/>
					<Vertex X="82327" Y="57518" Z="0"/>
					<Vertex X="82574" Y="57518" Z="0"/>
					<Vertex X="82821" Y="57394" Z="0"/>
					<Vertex X="83068" Y="57271" Z="0"/>
					<Vertex X="83315" Y="57271" Z="0"/>
					<Vertex X="83438" Y="57271" Z="0"/>
					<Vertex X="83438" Y="57147" Z="0"/>
					<Vertex X="83685" Y="57147" Z="0"/>
					<Vertex X="83932" Y="57024" Z="0"/>
					<Vertex X="84055" Y="56777" Z="0"/>
					<Vertex X="84179" Y="56777" Z="0"/>
					<Vertex X="84302" Y="56777" Z="0"/>
					<Vertex X="84302" Y="56530" Z="0"/>
					<Vertex X="84425" Y="56530" Z="0"/>
					<Vertex X="84549" Y="56407" Z="0"/>
					<Vertex X="84672" Y="56407" Z="0"/>
					<Vertex X="84796" Y="56160" Z="0"/>
					<Vertex X="84796" Y="56037" Z="0"/>
					<Vertex X="84919" Y="55913" Z="0"/>
					<Vertex X="84919" Y="55790" Z="0"/>
					<Vertex X="85043" Y="55790" Z="0"/>
					<Vertex X="85043" Y="55543" Z="0"/>
					<Vertex X="85043" Y="55419" Z="0"/>
					<Vertex X="85043" Y="55296" Z="0"/>
					<Vertex X="85043" Y="55173" Z="0"/>
					<Vertex X="85043" Y="55049" Z="0"/>
					<Vertex X="85043" Y="54926" Z="0"/>
					<Vertex X="85043" Y="54802" Z="0"/>
					<Vertex X="85043" Y="54679" Z="0"/>
					<Vertex X="85043" Y="54432" Z="0"/>
					<Vertex X="85043" Y="54309" Z="0"/>
					<Vertex X="85043" Y="54185" Z="0"/>
					<Vertex X="85043" Y="54062" Z="0"/>
					<Vertex X="84919" Y="53938" Z="0"/>
					<Vertex X="84919" Y="53815" Z="0"/>
					<Vertex X="84919" Y="53691" Z="0"/>
					<Vertex X="84919" Y="53568" Z="0"/>
					<Vertex X="84919" Y="53445" Z="0"/>
					<Vertex X="84672" Y="53445" Z="0"/>
					<Vertex X="84672" Y="53321" Z="0"/>
					<Vertex X="84672" Y="53074" Z="0"/>
					<Vertex X="84549" Y="53074" Z="0"/>
					<Vertex X="84425" Y="53074" Z="0"/>
					<Vertex X="84425" Y="52951" Z="0"/>
					<Vertex X="84302" Y="52951" Z="0"/>
					<Vertex X="84179" Y="52951" Z="0"/>
					<Vertex X="84179" Y="52827" Z="0"/>
					<Vertex X="84055" Y="52827" Z="0"/>
					<Vertex X="83932" Y="52581" Z="0"/>
					<Vertex X="83808" Y="52457" Z="0"/>
					<Vertex X="83685" Y="52457" Z="0"/>
					<Vertex X="83561" Y="52457" Z="0"/>
					<Vertex X="83438" Y="52457" Z="0"/>
					<Vertex X="83438" Y="52334" Z="0"/>
					<Vertex X="83315" Y="52210" Z="0"/>
					<Vertex X="83191" Y="52210" Z="0"/>
					<Vertex X="83191" Y="52087" Z="0"/>
					<Vertex X="83068" Y="51840" Z="0"/>
				</Vertices>
			</Region>
			<Region Id="3" Type="0" Zoom="0.008895" Selected="1" ImageLocation="" ImageFocus="-1" Length="35293.2" Area="54837753.0" LengthMicrons="8036.3" AreaMicrons="2843188.8" Text="" NegativeROA="0" InputRegionId="0" Analyze="1" DisplayId="3">
				<Attributes/>
				<Vertices>
					<Vertex X="33203" Y="56530" Z="0"/>
					<Vertex X="33326" Y="56530" Z="0"/>
					<Vertex X="33449" Y="56530" Z="0"/>
					<Vertex X="33573" Y="56530" Z="0"/>
					<Vertex X="33696" Y="56530" Z="0"/>
					<Vertex X="33943" Y="56530" Z="0"/>
					<Vertex X="34067" Y="56530" Z="0"/>
					<Vertex X="34190" Y="56530" Z="0"/>
					<Vertex X="34313" Y="56530" Z="0"/>
					<Vertex X="34437" Y="56530" Z="0"/>
					<Vertex X="34684" Y="56530" Z="0"/>
					<Vertex X="34807" Y="56530" Z="0"/>
					<Vertex X="34931" Y="56530" Z="0"/>
					<Vertex X="35177" Y="56530" Z="0"/>
					<Vertex X="35301" Y="56530" Z="0"/>
					<Vertex X="35301" Y="56654" Z="0"/>
					<Vertex X="35424" Y="56777" Z="0"/>
					<Vertex X="35548" Y="56777" Z="0"/>
					<Vertex X="35548" Y="56901" Z="0"/>
					<Vertex X="35795" Y="56901" Z="0"/>
					<Vertex X="35918" Y="56901" Z="0"/>
					<Vertex X="35918" Y="57024" Z="0"/>
					<Vertex X="36165" Y="57024" Z="0"/>
					<Vertex X="36288" Y="57147" Z="0"/>
					<Vertex X="36412" Y="57271" Z="0"/>
					<Vertex X="36535" Y="57271" Z="0"/>
					<Vertex X="36659" Y="57394" Z="0"/>
					<Vertex X="36782" Y="57394" Z="0"/>
					<Vertex X="36905" Y="57394" Z="0"/>
					<Vertex X="37029" Y="57518" Z="0"/>
					<Vertex X="37152" Y="57518" Z="0"/>
					<Vertex X="37276" Y="57518" Z="0"/>
					<Vertex X="37399" Y="57518" Z="0"/>
					<Vertex X="37523" Y="57518" Z="0"/>
					<Vertex X="37646" Y="57518" Z="0"/>
					<Vertex X="37893" Y="57518" Z="0"/>
					<Vertex X="38510" Y="57518" Z="0"/>
					<Vertex X="38633" Y="57518" Z="0"/>
					<Vertex X="38757" Y="57518" Z="0"/>
					<Vertex X="38880" Y="57518" Z="0"/>
					<Vertex X="39127" Y="57394" Z="0"/>
					<Vertex X="39127" Y="57271" Z="0"/>
					<Vertex X="39251" Y="57271" Z="0"/>
					<Vertex X="39374" Y="57147" Z="0"/>
					<Vertex X="39497" Y="57024" Z="0"/>
					<Vertex X="39497" Y="56901" Z="0"/>
					<Vertex X="39621" Y="56901" Z="0"/>
					<Vertex X="39621" Y="56654" Z="0"/>
					<Vertex X="39621" Y="56530" Z="0"/>
					<Vertex X="39621" Y="56407" Z="0"/>
					<Vertex X="39744" Y="56407" Z="0"/>
					<Vertex X="39744" Y="56283" Z="0"/>
					<Vertex X="39868" Y="56283" Z="0"/>
					<Vertex X="39868" Y="56160" Z="0"/>
					<Vertex X="39991" Y="56160" Z="0"/>
					<Vertex X="39991" Y="56037" Z="0"/>
					<Vertex X="39991" Y="55913" Z="0"/>
					<Vertex X="40115" Y="55913" Z="0"/>
					<Vertex X="40115" Y="55790" Z="0"/>
					<Vertex X="40238" Y="55790" Z="0"/>
					<Vertex X="40361" Y="55666" Z="0"/>
					<Vertex X="40485" Y="55666" Z="0"/>
					<Vertex X="40608" Y="55666" Z="0"/>
					<Vertex X="40732" Y="55666" Z="0"/>
					<Vertex X="40855" Y="55666" Z="0"/>
					<Vertex X="40979" Y="55666" Z="0"/>
					<Vertex X="41225" Y="55666" Z="0"/>
					<Vertex X="41349" Y="55666" Z="0"/>
					<Vertex X="41472" Y="55666" Z="0"/>
					<Vertex X="41472" Y="55790" Z="0"/>
					<Vertex X="41596" Y="55913" Z="0"/>
					<Vertex X="41719" Y="55913" Z="0"/>
					<Vertex X="41843" Y="56037" Z="0"/>
					<Vertex X="41966" Y="56037" Z="0"/>
					<Vertex X="41966" Y="56160" Z="0"/>
					<Vertex X="41966" Y="56283" Z="0"/>
					<Vertex X="42089" Y="56283" Z="0"/>
					<Vertex X="42089" Y="56407" Z="0"/>
					<Vertex X="42089" Y="56777" Z="0"/>
					<Vertex X="42089" Y="56901" Z="0"/>
					<Vertex X="42089" Y="57024" Z="0"/>
					<Vertex X="42089" Y="57147" Z="0"/>
					<Vertex X="42089" Y="57271" Z="0"/>
					<Vertex X="42089" Y="57394" Z="0"/>
					<Vertex X="42089" Y="57641" Z="0"/>
					<Vertex X="42089" Y="57765" Z="0"/>
					<Vertex X="42089" Y="58011" Z="0"/>
					<Vertex X="42089" Y="58135" Z="0"/>
					<Vertex X="42089" Y="58258" Z="0"/>
					<Vertex X="42089" Y="58382" Z="0"/>
					<Vertex X="42089" Y="58629" Z="0"/>
					<Vertex X="42089" Y="58752" Z="0"/>
					<Vertex X="41966" Y="58875" Z="0"/>
					<Vertex X="41966" Y="59122" Z="0"/>
					<Vertex X="41966" Y="59246" Z="0"/>
					<Vertex X="41966" Y="59369" Z="0"/>
					<Vertex X="41966" Y="59493" Z="0"/>
					<Vertex X="41966" Y="59616" Z="0"/>
					<Vertex X="41966" Y="59739" Z="0"/>
					<Vertex X="41966" Y="59863" Z="0"/>
					<Vertex X="41966" Y="60110" Z="0"/>
					<Vertex X="41966" Y="60233" Z="0"/>
					<Vertex X="41966" Y="60357" Z="0"/>
					<Vertex X="41966" Y="60480" Z="0"/>
					<Vertex X="41843" Y="60603" Z="0"/>
					<Vertex X="41843" Y="60727" Z="0"/>
					<Vertex X="41843" Y="60850" Z="0"/>
					<Vertex X="41719" Y="61467" Z="0"/>
					<Vertex X="41596" Y="61591" Z="0"/>
					<Vertex X="41596" Y="61838" Z="0"/>
					<Vertex X="41596" Y="62085" Z="0"/>
					<Vertex X="41596" Y="62208" Z="0"/>
					<Vertex X="41596" Y="62331" Z="0"/>
					<Vertex X="41596" Y="62455" Z="0"/>
					<Vertex X="41596" Y="62578" Z="0"/>
					<Vertex X="41596" Y="62825" Z="0"/>
					<Vertex X="41596" Y="62949" Z="0"/>
					<Vertex X="41596" Y="63072" Z="0"/>
					<Vertex X="41596" Y="63195" Z="0"/>
					<Vertex X="41596" Y="63319" Z="0"/>
					<Vertex X="41596" Y="63442" Z="0"/>
					<Vertex X="41472" Y="63689" Z="0"/>
					<Vertex X="41349" Y="63813" Z="0"/>
					<Vertex X="41225" Y="63813" Z="0"/>
					<Vertex X="41102" Y="63813" Z="0"/>
					<Vertex X="40979" Y="63936" Z="0"/>
					<Vertex X="40979" Y="64059" Z="0"/>
					<Vertex X="40732" Y="64183" Z="0"/>
					<Vertex X="40485" Y="64183" Z="0"/>
					<Vertex X="40361" Y="64183" Z="0"/>
					<Vertex X="40115" Y="64183" Z="0"/>
					<Vertex X="39868" Y="64183" Z="0"/>
					<Vertex X="39621" Y="64183" Z="0"/>
					<Vertex X="39497" Y="64183" Z="0"/>
					<Vertex X="39374" Y="64183" Z="0"/>
					<Vertex X="39127" Y="64183" Z="0"/>
					<Vertex X="39004" Y="64183" Z="0"/>
					<Vertex X="38757" Y="64183" Z="0"/>
					<Vertex X="38633" Y="64183" Z="0"/>
					<Vertex X="38510" Y="64183" Z="0"/>
					<Vertex X="38387" Y="64183" Z="0"/>
					<Vertex X="38140" Y="64183" Z="0"/>
					<Vertex X="38016" Y="64059" Z="0"/>
					<Vertex X="37893" Y="64059" Z="0"/>
					<Vertex X="37769" Y="63936" Z="0"/>
					<Vertex X="37523" Y="63936" Z="0"/>
					<Vertex X="37523" Y="63813" Z="0"/>
					<Vertex X="37399" Y="63813" Z="0"/>
					<Vertex X="37152" Y="63813" Z="0"/>
					<Vertex X="37029" Y="63689" Z="0"/>
					<Vertex X="36782" Y="63689" Z="0"/>
					<Vertex X="36659" Y="63689" Z="0"/>
					<Vertex X="36535" Y="63566" Z="0"/>
					<Vertex X="36412" Y="63566" Z="0"/>
					<Vertex X="36288" Y="63442" Z="0"/>
					<Vertex X="36165" Y="63442" Z="0"/>
					<Vertex X="36041" Y="63442" Z="0"/>
					<Vertex X="35918" Y="63319" Z="0"/>
					<Vertex X="35795" Y="63319" Z="0"/>
					<Vertex X="35671" Y="63195" Z="0"/>
					<Vertex X="35548" Y="63195" Z="0"/>
					<Vertex X="35548" Y="63072" Z="0"/>
					<Vertex X="35424" Y="62949" Z="0"/>
					<Vertex X="35301" Y="62949" Z="0"/>
					<Vertex X="35301" Y="62825" Z="0"/>
					<Vertex X="35177" Y="62825" Z="0"/>
					<Vertex X="35177" Y="62702" Z="0"/>
					<Vertex X="35054" Y="62702" Z="0"/>
					<Vertex X="35054" Y="62578" Z="0"/>
					<Vertex X="35054" Y="62455" Z="0"/>
					<Vertex X="34931" Y="62455" Z="0"/>
					<Vertex X="34931" Y="62331" Z="0"/>
					<Vertex X="34807" Y="62331" Z="0"/>
					<Vertex X="34807" Y="62208" Z="0"/>
					<Vertex X="34684" Y="62208" Z="0"/>
					<Vertex X="34684" Y="62085" Z="0"/>
					<Vertex X="34684" Y="61961" Z="0"/>
					<Vertex X="34684" Y="61838" Z="0"/>
					<Vertex X="34684" Y="61714" Z="0"/>
					<Vertex X="34684" Y="61591" Z="0"/>
					<Vertex X="34684" Y="61467" Z="0"/>
					<Vertex X="34560" Y="61467" Z="0"/>
					<Vertex X="34560" Y="61344" Z="0"/>
					<Vertex X="34560" Y="61097" Z="0"/>
					<Vertex X="34560" Y="60974" Z="0"/>
					<Vertex X="34560" Y="60850" Z="0"/>
					<Vertex X="34560" Y="60603" Z="0"/>
					<Vertex X="34560" Y="60480" Z="0"/>
					<Vertex X="34560" Y="60357" Z="0"/>
					<Vertex X="34560" Y="60233" Z="0"/>
					<Vertex X="34560" Y="60110" Z="0"/>
					<Vertex X="34560" Y="59986" Z="0"/>
					<Vertex X="34560" Y="59863" Z="0"/>
					<Vertex X="34560" Y="59616" Z="0"/>
					<Vertex X="34313" Y="59369" Z="0"/>
					<Vertex X="34313" Y="59246" Z="0"/>
					<Vertex X="34190" Y="59122" Z="0"/>
					<Vertex X="34190" Y="58999" Z="0"/>
					<Vertex X="34067" Y="58999" Z="0"/>
					<Vertex X="34067" Y="58875" Z="0"/>
					<Vertex X="33820" Y="58752" Z="0"/>
					<Vertex X="33820" Y="58629" Z="0"/>
					<Vertex X="33696" Y="58505" Z="0"/>
					<Vertex X="33573" Y="58505" Z="0"/>
					<Vertex X="33573" Y="58382" Z="0"/>
					<Vertex X="33326" Y="58382" Z="0"/>
					<Vertex X="33326" Y="58258" Z="0"/>
					<Vertex X="33203" Y="58135" Z="0"/>
					<Vertex X="32956" Y="58011" Z="0"/>
					<Vertex X="32832" Y="57888" Z="0"/>
					<Vertex X="32709" Y="57888" Z="0"/>
					<Vertex X="32585" Y="57888" Z="0"/>
					<Vertex X="32585" Y="57765" Z="0"/>
					<Vertex X="32462" Y="57641" Z="0"/>
					<Vertex X="32462" Y="57518" Z="0"/>
					<Vertex X="32709" Y="56530" Z="0"/>
					<Vertex X="32832" Y="56530" Z="0"/>
					<Vertex X="32956" Y="56530" Z="0"/>
					<Vertex X="33079" Y="56530" Z="0"/>
					<Vertex X="33203" Y="56530" Z="0"/>
				</Vertices>
			</Region>
		</Regions>
		<Plots/>
	</Annotation>
</Annotations>
