<Annotations MicronsPerPixel="0.252500">
	<Annotation Id="1" Name="" ReadOnly="0" NameReadOnly="0" LineColorReadOnly="0" Incremental="0" Type="4" LineColor="16776960" Visible="1" Selected="1" MarkupImagePath="" MacroName="">
		<Attributes/>
		<Regions>
			<RegionAttributeHeaders/>
			<Region Id="1" Type="0" Zoom="0.013504" Selected="0" ImageLocation="" ImageFocus="-1" Length="88313.7" Area="475383701.5" LengthMicrons="22299.2" AreaMicrons="30308681.5" Text="" NegativeROA="0" InputRegionId="0" Analyze="1" DisplayId="1">
				<Attributes/>
				<Vertices>
					<Vertex X="45020" Y="10779" Z="0"/>
					<Vertex X="45680" Y="10632" Z="0"/>
					<Vertex X="46120" Y="10412" Z="0"/>
					<Vertex X="46926" Y="10045" Z="0"/>
					<Vertex X="47220" Y="9899" Z="0"/>
					<Vertex X="47660" Y="9679" Z="0"/>
					<Vertex X="48026" Y="9605" Z="0"/>
					<Vertex X="48319" Y="9459" Z="0"/>
					<Vertex X="48466" Y="9459" Z="0"/>
					<Vertex X="48539" Y="9385" Z="0"/>
					<Vertex X="48686" Y="9312" Z="0"/>
					<Vertex X="48833" Y="9239" Z="0"/>
					<Vertex X="48906" Y="9239" Z="0"/>
					<Vertex X="48979" Y="9239" Z="0"/>
					<Vertex X="49126" Y="9165" Z="0"/>
					<Vertex X="49199" Y="9165" Z="0"/>
					<Vertex X="49419" Y="9092" Z="0"/>
					<Vertex X="49566" Y="9092" Z="0"/>
					<Vertex X="49786" Y="9092" Z="0"/>
					<Vertex X="49933" Y="9019" Z="0"/>
					<Vertex X="50152" Y="9019" Z="0"/>
					<Vertex X="50372" Y="9019" Z="0"/>
					<Vertex X="50519" Y="8945" Z="0"/>
					<Vertex X="50592" Y="8945" Z="0"/>
					<Vertex X="50666" Y="8945" Z="0"/>
					<Vertex X="50739" Y="8945" Z="0"/>
					<Vertex X="50886" Y="8945" Z="0"/>
					<Vertex X="50959" Y="8945" Z="0"/>
					<Vertex X="51179" Y="8872" Z="0"/>
					<Vertex X="51472" Y="8872" Z="0"/>
					<Vertex X="51986" Y="8799" Z="0"/>
					<Vertex X="52279" Y="8799" Z="0"/>
					<Vertex X="52645" Y="8799" Z="0"/>
					<Vertex X="53232" Y="8799" Z="0"/>
					<Vertex X="53672" Y="8726" Z="0"/>
					<Vertex X="53965" Y="8726" Z="0"/>
					<Vertex X="54405" Y="8726" Z="0"/>
					<Vertex X="54698" Y="8726" Z="0"/>
					<Vertex X="54918" Y="8726" Z="0"/>
					<Vertex X="55065" Y="8726" Z="0"/>
					<Vertex X="55138" Y="8726" Z="0"/>
					<Vertex X="55212" Y="8726" Z="0"/>
					<Vertex X="55285" Y="8726" Z="0"/>
					<Vertex X="55432" Y="8726" Z="0"/>
					<Vertex X="55652" Y="8726" Z="0"/>
					<Vertex X="56018" Y="8726" Z="0"/>
					<Vertex X="56238" Y="8726" Z="0"/>
					<Vertex X="56458" Y="8726" Z="0"/>
					<Vertex X="56751" Y="8726" Z="0"/>
					<Vertex X="56971" Y="8726" Z="0"/>
					<Vertex X="57265" Y="8726" Z="0"/>
					<Vertex X="57485" Y="8726" Z="0"/>
					<Vertex X="57631" Y="8799" Z="0"/>
					<Vertex X="57925" Y="8872" Z="0"/>
					<Vertex X="57998" Y="8872" Z="0"/>
					<Vertex X="58071" Y="8872" Z="0"/>
					<Vertex X="58145" Y="8945" Z="0"/>
					<Vertex X="58218" Y="8945" Z="0"/>
					<Vertex X="58365" Y="8945" Z="0"/>
					<Vertex X="58584" Y="9092" Z="0"/>
					<Vertex X="58731" Y="9092" Z="0"/>
					<Vertex X="58878" Y="9165" Z="0"/>
					<Vertex X="59024" Y="9239" Z="0"/>
					<Vertex X="59171" Y="9312" Z="0"/>
					<Vertex X="59391" Y="9385" Z="0"/>
					<Vertex X="59611" Y="9532" Z="0"/>
					<Vertex X="59831" Y="9605" Z="0"/>
					<Vertex X="59978" Y="9679" Z="0"/>
					<Vertex X="60124" Y="9752" Z="0"/>
					<Vertex X="60198" Y="9752" Z="0"/>
					<Vertex X="60491" Y="9972" Z="0"/>
					<Vertex X="60784" Y="10192" Z="0"/>
					<Vertex X="61224" Y="10412" Z="0"/>
					<Vertex X="61884" Y="10705" Z="0"/>
					<Vertex X="62544" Y="10925" Z="0"/>
					<Vertex X="63277" Y="11292" Z="0"/>
					<Vertex X="63937" Y="11512" Z="0"/>
					<Vertex X="64304" Y="11658" Z="0"/>
					<Vertex X="64524" Y="11658" Z="0"/>
					<Vertex X="64744" Y="11732" Z="0"/>
					<Vertex X="64744" Y="11805" Z="0"/>
					<Vertex X="64817" Y="11805" Z="0"/>
					<Vertex X="64890" Y="11805" Z="0"/>
					<Vertex X="64963" Y="11878" Z="0"/>
					<Vertex X="65037" Y="11952" Z="0"/>
					<Vertex X="65183" Y="12025" Z="0"/>
					<Vertex X="65330" Y="12025" Z="0"/>
					<Vertex X="65403" Y="12098" Z="0"/>
					<Vertex X="65477" Y="12098" Z="0"/>
					<Vertex X="65550" Y="12172" Z="0"/>
					<Vertex X="65623" Y="12172" Z="0"/>
					<Vertex X="65697" Y="12245" Z="0"/>
					<Vertex X="65770" Y="12245" Z="0"/>
					<Vertex X="65843" Y="12318" Z="0"/>
					<Vertex X="65990" Y="12318" Z="0"/>
					<Vertex X="66063" Y="12392" Z="0"/>
					<Vertex X="66357" Y="12538" Z="0"/>
					<Vertex X="66650" Y="12612" Z="0"/>
					<Vertex X="66943" Y="12758" Z="0"/>
					<Vertex X="67310" Y="12905" Z="0"/>
					<Vertex X="67676" Y="13051" Z="0"/>
					<Vertex X="67896" Y="13125" Z="0"/>
					<Vertex X="68043" Y="13198" Z="0"/>
					<Vertex X="68116" Y="13198" Z="0"/>
					<Vertex X="68263" Y="13345" Z="0"/>
					<Vertex X="68410" Y="13345" Z="0"/>
					<Vertex X="68483" Y="13418" Z="0"/>
					<Vertex X="68556" Y="13491" Z="0"/>
					<Vertex X="68703" Y="13491" Z="0"/>
					<Vertex X="68776" Y="13565" Z="0"/>
					<Vertex X="68923" Y="13638" Z="0"/>
					<Vertex X="68996" Y="13638" Z="0"/>
					<Vertex X="69069" Y="13711" Z="0"/>
					<Vertex X="69143" Y="13785" Z="0"/>
					<Vertex X="69289" Y="13858" Z="0"/>
					<Vertex X="69436" Y="13931" Z="0"/>
					<Vertex X="69729" Y="14151" Z="0"/>
					<Vertex X="69949" Y="14298" Z="0"/>
					<Vertex X="70169" Y="14445" Z="0"/>
					<Vertex X="70389" Y="14591" Z="0"/>
					<Vertex X="70463" Y="14591" Z="0"/>
					<Vertex X="70536" Y="14738" Z="0"/>
					<Vertex X="70683" Y="14811" Z="0"/>
					<Vertex X="70756" Y="14885" Z="0"/>
					<Vertex X="70829" Y="14885" Z="0"/>
					<Vertex X="70903" Y="14885" Z="0"/>
					<Vertex X="70903" Y="14958" Z="0"/>
					<Vertex X="70976" Y="14958" Z="0"/>
					<Vertex X="70976" Y="15031" Z="0"/>
					<Vertex X="71122" Y="15178" Z="0"/>
					<Vertex X="71122" Y="15251" Z="0"/>
					<Vertex X="71269" Y="15398" Z="0"/>
					<Vertex X="71269" Y="15471" Z="0"/>
					<Vertex X="71342" Y="15471" Z="0"/>
					<Vertex X="71416" Y="15618" Z="0"/>
					<Vertex X="71489" Y="15764" Z="0"/>
					<Vertex X="71636" Y="15984" Z="0"/>
					<Vertex X="71782" Y="16278" Z="0"/>
					<Vertex X="71929" Y="16424" Z="0"/>
					<Vertex X="72002" Y="16571" Z="0"/>
					<Vertex X="72076" Y="16644" Z="0"/>
					<Vertex X="72076" Y="16718" Z="0"/>
					<Vertex X="72149" Y="16791" Z="0"/>
					<Vertex X="72149" Y="16864" Z="0"/>
					<Vertex X="72222" Y="16938" Z="0"/>
					<Vertex X="72222" Y="17084" Z="0"/>
					<Vertex X="72296" Y="17231" Z="0"/>
					<Vertex X="72442" Y="17451" Z="0"/>
					<Vertex X="72442" Y="17597" Z="0"/>
					<Vertex X="72589" Y="17817" Z="0"/>
					<Vertex X="72662" Y="17964" Z="0"/>
					<Vertex X="72662" Y="18111" Z="0"/>
					<Vertex X="72736" Y="18184" Z="0"/>
					<Vertex X="72736" Y="18331" Z="0"/>
					<Vertex X="72882" Y="18551" Z="0"/>
					<Vertex X="72882" Y="18697" Z="0"/>
					<Vertex X="72956" Y="18844" Z="0"/>
					<Vertex X="73029" Y="18991" Z="0"/>
					<Vertex X="73029" Y="19137" Z="0"/>
					<Vertex X="73102" Y="19357" Z="0"/>
					<Vertex X="73175" Y="19504" Z="0"/>
					<Vertex X="73322" Y="19724" Z="0"/>
					<Vertex X="73322" Y="19870" Z="0"/>
					<Vertex X="73322" Y="20017" Z="0"/>
					<Vertex X="73469" Y="20237" Z="0"/>
					<Vertex X="73469" Y="20384" Z="0"/>
					<Vertex X="73542" Y="20530" Z="0"/>
					<Vertex X="73615" Y="20677" Z="0"/>
					<Vertex X="73689" Y="20824" Z="0"/>
					<Vertex X="73689" Y="20970" Z="0"/>
					<Vertex X="73762" Y="20970" Z="0"/>
					<Vertex X="73762" Y="21044" Z="0"/>
					<Vertex X="73762" Y="21190" Z="0"/>
					<Vertex X="73909" Y="21410" Z="0"/>
					<Vertex X="73982" Y="21923" Z="0"/>
					<Vertex X="74055" Y="22143" Z="0"/>
					<Vertex X="74055" Y="22363" Z="0"/>
					<Vertex X="74055" Y="22510" Z="0"/>
					<Vertex X="74055" Y="22583" Z="0"/>
					<Vertex X="74055" Y="22730" Z="0"/>
					<Vertex X="74055" Y="22803" Z="0"/>
					<Vertex X="74055" Y="22950" Z="0"/>
					<Vertex X="74055" Y="23023" Z="0"/>
					<Vertex X="74055" Y="23097" Z="0"/>
					<Vertex X="74055" Y="23243" Z="0"/>
					<Vertex X="74055" Y="23390" Z="0"/>
					<Vertex X="74055" Y="23463" Z="0"/>
					<Vertex X="74055" Y="23610" Z="0"/>
					<Vertex X="74055" Y="23756" Z="0"/>
					<Vertex X="73982" Y="23830" Z="0"/>
					<Vertex X="73982" Y="23903" Z="0"/>
					<Vertex X="73909" Y="24050" Z="0"/>
					<Vertex X="73909" Y="24196" Z="0"/>
					<Vertex X="73762" Y="24270" Z="0"/>
					<Vertex X="73762" Y="24416" Z="0"/>
					<Vertex X="73689" Y="24490" Z="0"/>
					<Vertex X="73615" Y="24563" Z="0"/>
					<Vertex X="73542" Y="24710" Z="0"/>
					<Vertex X="73469" Y="24710" Z="0"/>
					<Vertex X="73395" Y="24856" Z="0"/>
					<Vertex X="73102" Y="25150" Z="0"/>
					<Vertex X="73029" Y="25223" Z="0"/>
					<Vertex X="72882" Y="25370" Z="0"/>
					<Vertex X="72662" Y="25516" Z="0"/>
					<Vertex X="72516" Y="25736" Z="0"/>
					<Vertex X="72222" Y="25883" Z="0"/>
					<Vertex X="72076" Y="26029" Z="0"/>
					<Vertex X="71856" Y="26176" Z="0"/>
					<Vertex X="71562" Y="26396" Z="0"/>
					<Vertex X="71342" Y="26469" Z="0"/>
					<Vertex X="71122" Y="26689" Z="0"/>
					<Vertex X="70829" Y="26909" Z="0"/>
					<Vertex X="70609" Y="26983" Z="0"/>
					<Vertex X="70243" Y="27203" Z="0"/>
					<Vertex X="70169" Y="27276" Z="0"/>
					<Vertex X="70023" Y="27349" Z="0"/>
					<Vertex X="69876" Y="27423" Z="0"/>
					<Vertex X="69803" Y="27423" Z="0"/>
					<Vertex X="69729" Y="27496" Z="0"/>
					<Vertex X="69583" Y="27569" Z="0"/>
					<Vertex X="69436" Y="27643" Z="0"/>
					<Vertex X="69216" Y="27716" Z="0"/>
					<Vertex X="69069" Y="27716" Z="0"/>
					<Vertex X="68923" Y="27789" Z="0"/>
					<Vertex X="68776" Y="27789" Z="0"/>
					<Vertex X="68556" Y="27789" Z="0"/>
					<Vertex X="68263" Y="27789" Z="0"/>
					<Vertex X="67823" Y="27862" Z="0"/>
					<Vertex X="67383" Y="27862" Z="0"/>
					<Vertex X="67016" Y="27862" Z="0"/>
					<Vertex X="66577" Y="27862" Z="0"/>
					<Vertex X="66063" Y="27862" Z="0"/>
					<Vertex X="65770" Y="27862" Z="0"/>
					<Vertex X="65550" Y="27862" Z="0"/>
					<Vertex X="65403" Y="27862" Z="0"/>
					<Vertex X="65257" Y="27862" Z="0"/>
					<Vertex X="65110" Y="27862" Z="0"/>
					<Vertex X="64963" Y="27862" Z="0"/>
					<Vertex X="64890" Y="27862" Z="0"/>
					<Vertex X="64744" Y="27862" Z="0"/>
					<Vertex X="64670" Y="27862" Z="0"/>
					<Vertex X="64450" Y="27862" Z="0"/>
					<Vertex X="64157" Y="27862" Z="0"/>
					<Vertex X="63717" Y="27862" Z="0"/>
					<Vertex X="63277" Y="27862" Z="0"/>
					<Vertex X="62984" Y="27936" Z="0"/>
					<Vertex X="62764" Y="27936" Z="0"/>
					<Vertex X="62617" Y="27936" Z="0"/>
					<Vertex X="62471" Y="27936" Z="0"/>
					<Vertex X="62324" Y="27936" Z="0"/>
					<Vertex X="62177" Y="27936" Z="0"/>
					<Vertex X="61957" Y="28009" Z="0"/>
					<Vertex X="61737" Y="28009" Z="0"/>
					<Vertex X="61371" Y="28082" Z="0"/>
					<Vertex X="61077" Y="28082" Z="0"/>
					<Vertex X="60857" Y="28082" Z="0"/>
					<Vertex X="60564" Y="28156" Z="0"/>
					<Vertex X="60418" Y="28156" Z="0"/>
					<Vertex X="60198" Y="28156" Z="0"/>
					<Vertex X="59831" Y="28156" Z="0"/>
					<Vertex X="59684" Y="28229" Z="0"/>
					<Vertex X="59611" Y="28229" Z="0"/>
					<Vertex X="59464" Y="28229" Z="0"/>
					<Vertex X="59244" Y="28229" Z="0"/>
					<Vertex X="59024" Y="28229" Z="0"/>
					<Vertex X="58878" Y="28229" Z="0"/>
					<Vertex X="58658" Y="28229" Z="0"/>
					<Vertex X="58511" Y="28229" Z="0"/>
					<Vertex X="58438" Y="28229" Z="0"/>
					<Vertex X="58365" Y="28229" Z="0"/>
					<Vertex X="58145" Y="28229" Z="0"/>
					<Vertex X="58071" Y="28229" Z="0"/>
					<Vertex X="57998" Y="28229" Z="0"/>
					<Vertex X="57925" Y="28156" Z="0"/>
					<Vertex X="57851" Y="28082" Z="0"/>
					<Vertex X="57705" Y="28009" Z="0"/>
					<Vertex X="57485" Y="27862" Z="0"/>
					<Vertex X="57265" Y="27789" Z="0"/>
					<Vertex X="57045" Y="27643" Z="0"/>
					<Vertex X="56825" Y="27569" Z="0"/>
					<Vertex X="56605" Y="27423" Z="0"/>
					<Vertex X="56531" Y="27349" Z="0"/>
					<Vertex X="56238" Y="27276" Z="0"/>
					<Vertex X="56165" Y="27129" Z="0"/>
					<Vertex X="55945" Y="27056" Z="0"/>
					<Vertex X="55872" Y="26983" Z="0"/>
					<Vertex X="55725" Y="26909" Z="0"/>
					<Vertex X="55652" Y="26836" Z="0"/>
					<Vertex X="55578" Y="26763" Z="0"/>
					<Vertex X="55432" Y="26689" Z="0"/>
					<Vertex X="55138" Y="26469" Z="0"/>
					<Vertex X="54918" Y="26249" Z="0"/>
					<Vertex X="54625" Y="26103" Z="0"/>
					<Vertex X="54405" Y="26029" Z="0"/>
					<Vertex X="54332" Y="25956" Z="0"/>
					<Vertex X="54185" Y="25883" Z="0"/>
					<Vertex X="54039" Y="25736" Z="0"/>
					<Vertex X="53965" Y="25663" Z="0"/>
					<Vertex X="53892" Y="25589" Z="0"/>
					<Vertex X="53819" Y="25589" Z="0"/>
					<Vertex X="53672" Y="25443" Z="0"/>
					<Vertex X="53525" Y="25296" Z="0"/>
					<Vertex X="53379" Y="25223" Z="0"/>
					<Vertex X="53305" Y="25076" Z="0"/>
					<Vertex X="53159" Y="25003" Z="0"/>
					<Vertex X="53085" Y="24930" Z="0"/>
					<Vertex X="53012" Y="24856" Z="0"/>
					<Vertex X="52939" Y="24710" Z="0"/>
					<Vertex X="52865" Y="24710" Z="0"/>
					<Vertex X="52865" Y="24636" Z="0"/>
					<Vertex X="52792" Y="24636" Z="0"/>
					<Vertex X="52792" Y="24563" Z="0"/>
					<Vertex X="52719" Y="24563" Z="0"/>
					<Vertex X="52719" Y="24490" Z="0"/>
					<Vertex X="52572" Y="24416" Z="0"/>
					<Vertex X="52499" Y="24416" Z="0"/>
					<Vertex X="52425" Y="24343" Z="0"/>
					<Vertex X="52205" Y="24270" Z="0"/>
					<Vertex X="52132" Y="24270" Z="0"/>
					<Vertex X="51986" Y="24196" Z="0"/>
					<Vertex X="51766" Y="24050" Z="0"/>
					<Vertex X="51546" Y="23976" Z="0"/>
					<Vertex X="51252" Y="23976" Z="0"/>
					<Vertex X="51106" Y="23976" Z="0"/>
					<Vertex X="50886" Y="23903" Z="0"/>
					<Vertex X="50812" Y="23830" Z="0"/>
					<Vertex X="50666" Y="23830" Z="0"/>
					<Vertex X="50519" Y="23830" Z="0"/>
					<Vertex X="50446" Y="23830" Z="0"/>
					<Vertex X="50299" Y="23830" Z="0"/>
					<Vertex X="50006" Y="23830" Z="0"/>
					<Vertex X="49786" Y="23830" Z="0"/>
					<Vertex X="49566" Y="23830" Z="0"/>
					<Vertex X="49273" Y="23830" Z="0"/>
					<Vertex X="49053" Y="23830" Z="0"/>
					<Vertex X="48759" Y="23756" Z="0"/>
					<Vertex X="48539" Y="23756" Z="0"/>
					<Vertex X="48393" Y="23756" Z="0"/>
					<Vertex X="48246" Y="23683" Z="0"/>
					<Vertex X="48173" Y="23683" Z="0"/>
					<Vertex X="48026" Y="23683" Z="0"/>
					<Vertex X="47880" Y="23610" Z="0"/>
					<Vertex X="47733" Y="23610" Z="0"/>
					<Vertex X="47586" Y="23610" Z="0"/>
					<Vertex X="47366" Y="23610" Z="0"/>
					<Vertex X="47000" Y="23536" Z="0"/>
					<Vertex X="46560" Y="23463" Z="0"/>
					<Vertex X="46193" Y="23390" Z="0"/>
					<Vertex X="45973" Y="23317" Z="0"/>
					<Vertex X="45753" Y="23317" Z="0"/>
					<Vertex X="45607" Y="23317" Z="0"/>
					<Vertex X="45533" Y="23170" Z="0"/>
					<Vertex X="45387" Y="23170" Z="0"/>
					<Vertex X="45240" Y="23023" Z="0"/>
					<Vertex X="45093" Y="23023" Z="0"/>
					<Vertex X="44873" Y="22877" Z="0"/>
					<Vertex X="44507" Y="22730" Z="0"/>
					<Vertex X="44287" Y="22583" Z="0"/>
					<Vertex X="44067" Y="22583" Z="0"/>
					<Vertex X="43554" Y="22363" Z="0"/>
					<Vertex X="43554" Y="22290" Z="0"/>
					<Vertex X="43480" Y="22217" Z="0"/>
					<Vertex X="43334" Y="22070" Z="0"/>
					<Vertex X="43040" Y="21850" Z="0"/>
					<Vertex X="42747" Y="21557" Z="0"/>
					<Vertex X="42527" Y="21483" Z="0"/>
					<Vertex X="42307" Y="21264" Z="0"/>
					<Vertex X="42234" Y="21190" Z="0"/>
					<Vertex X="42014" Y="21117" Z="0"/>
					<Vertex X="42014" Y="21044" Z="0"/>
					<Vertex X="41940" Y="21044" Z="0"/>
					<Vertex X="41867" Y="20970" Z="0"/>
					<Vertex X="41721" Y="20897" Z="0"/>
					<Vertex X="41574" Y="20750" Z="0"/>
					<Vertex X="41281" Y="20604" Z="0"/>
					<Vertex X="41061" Y="20457" Z="0"/>
					<Vertex X="40841" Y="20310" Z="0"/>
					<Vertex X="40694" Y="20237" Z="0"/>
					<Vertex X="40547" Y="20090" Z="0"/>
					<Vertex X="40401" Y="19944" Z="0"/>
					<Vertex X="40254" Y="19870" Z="0"/>
					<Vertex X="40181" Y="19724" Z="0"/>
					<Vertex X="40107" Y="19650" Z="0"/>
					<Vertex X="40034" Y="19650" Z="0"/>
					<Vertex X="40034" Y="19577" Z="0"/>
					<Vertex X="39961" Y="19504" Z="0"/>
					<Vertex X="39887" Y="19430" Z="0"/>
					<Vertex X="39887" Y="19357" Z="0"/>
					<Vertex X="39887" Y="19211" Z="0"/>
					<Vertex X="39814" Y="18844" Z="0"/>
					<Vertex X="39814" Y="18624" Z="0"/>
					<Vertex X="39814" Y="18404" Z="0"/>
					<Vertex X="39814" Y="18257" Z="0"/>
					<Vertex X="39887" Y="17891" Z="0"/>
					<Vertex X="39887" Y="17671" Z="0"/>
					<Vertex X="39961" Y="17451" Z="0"/>
					<Vertex X="40034" Y="17231" Z="0"/>
					<Vertex X="40107" Y="17084" Z="0"/>
					<Vertex X="40107" Y="17011" Z="0"/>
					<Vertex X="40107" Y="16938" Z="0"/>
					<Vertex X="40181" Y="16864" Z="0"/>
					<Vertex X="40181" Y="16791" Z="0"/>
					<Vertex X="40181" Y="16718" Z="0"/>
					<Vertex X="40327" Y="16571" Z="0"/>
					<Vertex X="40474" Y="16424" Z="0"/>
					<Vertex X="40547" Y="16278" Z="0"/>
					<Vertex X="40621" Y="16131" Z="0"/>
					<Vertex X="40767" Y="15911" Z="0"/>
					<Vertex X="40841" Y="15764" Z="0"/>
					<Vertex X="40914" Y="15691" Z="0"/>
					<Vertex X="40987" Y="15544" Z="0"/>
					<Vertex X="41134" Y="15471" Z="0"/>
					<Vertex X="41134" Y="15398" Z="0"/>
					<Vertex X="41207" Y="15324" Z="0"/>
					<Vertex X="41281" Y="15178" Z="0"/>
					<Vertex X="41354" Y="15104" Z="0"/>
					<Vertex X="41574" Y="14958" Z="0"/>
					<Vertex X="41721" Y="14665" Z="0"/>
					<Vertex X="41867" Y="14518" Z="0"/>
					<Vertex X="42014" Y="14298" Z="0"/>
					<Vertex X="42234" Y="14078" Z="0"/>
					<Vertex X="42380" Y="13931" Z="0"/>
					<Vertex X="42380" Y="13858" Z="0"/>
					<Vertex X="42454" Y="13785" Z="0"/>
					<Vertex X="42527" Y="13711" Z="0"/>
					<Vertex X="42527" Y="13638" Z="0"/>
					<Vertex X="42600" Y="13565" Z="0"/>
					<Vertex X="42747" Y="13345" Z="0"/>
					<Vertex X="42820" Y="13198" Z="0"/>
					<Vertex X="42894" Y="13125" Z="0"/>
					<Vertex X="42967" Y="12978" Z="0"/>
					<Vertex X="43040" Y="12905" Z="0"/>
					<Vertex X="43114" Y="12758" Z="0"/>
					<Vertex X="43114" Y="12685" Z="0"/>
					<Vertex X="43187" Y="12612" Z="0"/>
					<Vertex X="43260" Y="12465" Z="0"/>
					<Vertex X="43334" Y="12465" Z="0"/>
					<Vertex X="43407" Y="12318" Z="0"/>
					<Vertex X="43480" Y="12245" Z="0"/>
					<Vertex X="43554" Y="12172" Z="0"/>
					<Vertex X="43554" Y="12098" Z="0"/>
					<Vertex X="43700" Y="12025" Z="0"/>
					<Vertex X="43700" Y="11952" Z="0"/>
					<Vertex X="43774" Y="11878" Z="0"/>
					<Vertex X="43847" Y="11878" Z="0"/>
					<Vertex X="43847" Y="11805" Z="0"/>
					<Vertex X="43920" Y="11805" Z="0"/>
					<Vertex X="43920" Y="11732" Z="0"/>
					<Vertex X="44067" Y="11658" Z="0"/>
					<Vertex X="44140" Y="11585" Z="0"/>
					<Vertex X="44140" Y="11512" Z="0"/>
					<Vertex X="44213" Y="11512" Z="0"/>
					<Vertex X="44213" Y="11438" Z="0"/>
					<Vertex X="44287" Y="11438" Z="0"/>
					<Vertex X="44360" Y="11438" Z="0"/>
					<Vertex X="44360" Y="11365" Z="0"/>
					<Vertex X="44433" Y="11365" Z="0"/>
					<Vertex X="44433" Y="11292" Z="0"/>
					<Vertex X="44507" Y="11292" Z="0"/>
					<Vertex X="44580" Y="11218" Z="0"/>
					<Vertex X="45020" Y="10779" Z="0"/>
				</Vertices>
			</Region>
			<Region Id="2" Type="0" Zoom="0.013504" Selected="1" ImageLocation="" ImageFocus="-1" Length="113964.9" Area="837411823.0" LengthMicrons="28776.1" AreaMicrons="53390236.5" Text="" NegativeROA="0" InputRegionId="0" Analyze="1" DisplayId="2">
				<Attributes/>
				<Vertices>
					<Vertex X="69876" Y="28816" Z="0"/>
					<Vertex X="69289" Y="29036" Z="0"/>
					<Vertex X="67970" Y="29256" Z="0"/>
					<Vertex X="67530" Y="29329" Z="0"/>
					<Vertex X="67163" Y="29329" Z="0"/>
					<Vertex X="66870" Y="29329" Z="0"/>
					<Vertex X="66723" Y="29329" Z="0"/>
					<Vertex X="66650" Y="29402" Z="0"/>
					<Vertex X="66503" Y="29402" Z="0"/>
					<Vertex X="65477" Y="29476" Z="0"/>
					<Vertex X="64597" Y="29476" Z="0"/>
					<Vertex X="64157" Y="29476" Z="0"/>
					<Vertex X="63790" Y="29476" Z="0"/>
					<Vertex X="63277" Y="29476" Z="0"/>
					<Vertex X="62910" Y="29476" Z="0"/>
					<Vertex X="62690" Y="29476" Z="0"/>
					<Vertex X="62544" Y="29476" Z="0"/>
					<Vertex X="62471" Y="29476" Z="0"/>
					<Vertex X="62397" Y="29476" Z="0"/>
					<Vertex X="61517" Y="29476" Z="0"/>
					<Vertex X="61151" Y="29476" Z="0"/>
					<Vertex X="60418" Y="29476" Z="0"/>
					<Vertex X="60271" Y="29476" Z="0"/>
					<Vertex X="60198" Y="29476" Z="0"/>
					<Vertex X="60124" Y="29476" Z="0"/>
					<Vertex X="60051" Y="29476" Z="0"/>
					<Vertex X="59978" Y="29476" Z="0"/>
					<Vertex X="59684" Y="29842" Z="0"/>
					<Vertex X="59464" Y="29989" Z="0"/>
					<Vertex X="59318" Y="30135" Z="0"/>
					<Vertex X="59244" Y="30209" Z="0"/>
					<Vertex X="59098" Y="30282" Z="0"/>
					<Vertex X="59024" Y="30502" Z="0"/>
					<Vertex X="58951" Y="30575" Z="0"/>
					<Vertex X="58804" Y="30869" Z="0"/>
					<Vertex X="58731" Y="31089" Z="0"/>
					<Vertex X="58658" Y="31162" Z="0"/>
					<Vertex X="58584" Y="31309" Z="0"/>
					<Vertex X="58511" Y="31455" Z="0"/>
					<Vertex X="58438" Y="31749" Z="0"/>
					<Vertex X="58365" Y="31968" Z="0"/>
					<Vertex X="58291" Y="32188" Z="0"/>
					<Vertex X="58218" Y="32482" Z="0"/>
					<Vertex X="58145" Y="32702" Z="0"/>
					<Vertex X="58145" Y="32922" Z="0"/>
					<Vertex X="58071" Y="33215" Z="0"/>
					<Vertex X="58071" Y="33288" Z="0"/>
					<Vertex X="57998" Y="33435" Z="0"/>
					<Vertex X="57998" Y="33582" Z="0"/>
					<Vertex X="57925" Y="33728" Z="0"/>
					<Vertex X="57925" Y="33948" Z="0"/>
					<Vertex X="57925" Y="34095" Z="0"/>
					<Vertex X="57925" Y="34315" Z="0"/>
					<Vertex X="57925" Y="34681" Z="0"/>
					<Vertex X="57925" Y="34901" Z="0"/>
					<Vertex X="57925" Y="35121" Z="0"/>
					<Vertex X="57851" Y="35341" Z="0"/>
					<Vertex X="57851" Y="35561" Z="0"/>
					<Vertex X="57778" Y="35708" Z="0"/>
					<Vertex X="57705" Y="35781" Z="0"/>
					<Vertex X="57705" Y="35855" Z="0"/>
					<Vertex X="57705" Y="36001" Z="0"/>
					<Vertex X="57705" Y="36074" Z="0"/>
					<Vertex X="57705" Y="36148" Z="0"/>
					<Vertex X="57631" Y="36294" Z="0"/>
					<Vertex X="57558" Y="36368" Z="0"/>
					<Vertex X="57485" Y="36588" Z="0"/>
					<Vertex X="57191" Y="36954" Z="0"/>
					<Vertex X="57118" Y="37101" Z="0"/>
					<Vertex X="57045" Y="37174" Z="0"/>
					<Vertex X="57045" Y="37248" Z="0"/>
					<Vertex X="56971" Y="37248" Z="0"/>
					<Vertex X="56898" Y="37248" Z="0"/>
					<Vertex X="56825" Y="37248" Z="0"/>
					<Vertex X="56605" Y="37394" Z="0"/>
					<Vertex X="56312" Y="37468" Z="0"/>
					<Vertex X="55945" Y="37541" Z="0"/>
					<Vertex X="55432" Y="37614" Z="0"/>
					<Vertex X="54992" Y="37614" Z="0"/>
					<Vertex X="54552" Y="37614" Z="0"/>
					<Vertex X="54259" Y="37614" Z="0"/>
					<Vertex X="53892" Y="37688" Z="0"/>
					<Vertex X="53452" Y="37688" Z="0"/>
					<Vertex X="53305" Y="37688" Z="0"/>
					<Vertex X="53232" Y="37688" Z="0"/>
					<Vertex X="53159" Y="37688" Z="0"/>
					<Vertex X="52792" Y="37688" Z="0"/>
					<Vertex X="52499" Y="37614" Z="0"/>
					<Vertex X="51986" Y="37468" Z="0"/>
					<Vertex X="51912" Y="37468" Z="0"/>
					<Vertex X="51692" Y="37394" Z="0"/>
					<Vertex X="51472" Y="37248" Z="0"/>
					<Vertex X="51326" Y="37174" Z="0"/>
					<Vertex X="51179" Y="37174" Z="0"/>
					<Vertex X="51106" Y="37174" Z="0"/>
					<Vertex X="51032" Y="37174" Z="0"/>
					<Vertex X="51032" Y="37101" Z="0"/>
					<Vertex X="50959" Y="37101" Z="0"/>
					<Vertex X="50886" Y="37101" Z="0"/>
					<Vertex X="50739" Y="37101" Z="0"/>
					<Vertex X="50666" Y="37101" Z="0"/>
					<Vertex X="50519" Y="37101" Z="0"/>
					<Vertex X="50372" Y="37174" Z="0"/>
					<Vertex X="50226" Y="37174" Z="0"/>
					<Vertex X="50152" Y="37248" Z="0"/>
					<Vertex X="49933" Y="37394" Z="0"/>
					<Vertex X="49859" Y="37394" Z="0"/>
					<Vertex X="49566" Y="37614" Z="0"/>
					<Vertex X="49199" Y="37834" Z="0"/>
					<Vertex X="48979" Y="37981" Z="0"/>
					<Vertex X="48759" Y="38127" Z="0"/>
					<Vertex X="48686" Y="38201" Z="0"/>
					<Vertex X="48539" Y="38347" Z="0"/>
					<Vertex X="48393" Y="38421" Z="0"/>
					<Vertex X="48319" Y="38494" Z="0"/>
					<Vertex X="48246" Y="38567" Z="0"/>
					<Vertex X="48099" Y="38714" Z="0"/>
					<Vertex X="48026" Y="38787" Z="0"/>
					<Vertex X="47953" Y="38861" Z="0"/>
					<Vertex X="47880" Y="39007" Z="0"/>
					<Vertex X="47733" Y="39301" Z="0"/>
					<Vertex X="47513" Y="39447" Z="0"/>
					<Vertex X="47366" Y="39667" Z="0"/>
					<Vertex X="47293" Y="39814" Z="0"/>
					<Vertex X="47146" Y="39961" Z="0"/>
					<Vertex X="47073" Y="40107" Z="0"/>
					<Vertex X="47000" Y="40181" Z="0"/>
					<Vertex X="47000" Y="40254" Z="0"/>
					<Vertex X="46926" Y="40327" Z="0"/>
					<Vertex X="46926" Y="40400" Z="0"/>
					<Vertex X="46853" Y="40474" Z="0"/>
					<Vertex X="46853" Y="40620" Z="0"/>
					<Vertex X="46780" Y="40767" Z="0"/>
					<Vertex X="46633" Y="41060" Z="0"/>
					<Vertex X="46560" Y="41280" Z="0"/>
					<Vertex X="46560" Y="41427" Z="0"/>
					<Vertex X="46486" Y="41574" Z="0"/>
					<Vertex X="46413" Y="41720" Z="0"/>
					<Vertex X="46413" Y="41794" Z="0"/>
					<Vertex X="46413" Y="41867" Z="0"/>
					<Vertex X="46413" Y="41940" Z="0"/>
					<Vertex X="46413" Y="42087" Z="0"/>
					<Vertex X="46413" Y="42234" Z="0"/>
					<Vertex X="46413" Y="42527" Z="0"/>
					<Vertex X="46486" Y="42820" Z="0"/>
					<Vertex X="46560" Y="42967" Z="0"/>
					<Vertex X="46560" Y="43040" Z="0"/>
					<Vertex X="46560" Y="43187" Z="0"/>
					<Vertex X="46633" Y="43260" Z="0"/>
					<Vertex X="46633" Y="43333" Z="0"/>
					<Vertex X="46706" Y="43407" Z="0"/>
					<Vertex X="46706" Y="43553" Z="0"/>
					<Vertex X="46780" Y="43700" Z="0"/>
					<Vertex X="46853" Y="44067" Z="0"/>
					<Vertex X="46926" Y="44213" Z="0"/>
					<Vertex X="46926" Y="44287" Z="0"/>
					<Vertex X="47000" Y="44506" Z="0"/>
					<Vertex X="47000" Y="44580" Z="0"/>
					<Vertex X="47000" Y="44653" Z="0"/>
					<Vertex X="47000" Y="44726" Z="0"/>
					<Vertex X="47000" Y="44800" Z="0"/>
					<Vertex X="47073" Y="45093" Z="0"/>
					<Vertex X="47146" Y="45240" Z="0"/>
					<Vertex X="47220" Y="45460" Z="0"/>
					<Vertex X="47220" Y="45606" Z="0"/>
					<Vertex X="47220" Y="45753" Z="0"/>
					<Vertex X="47220" Y="45900" Z="0"/>
					<Vertex X="47293" Y="46046" Z="0"/>
					<Vertex X="47293" Y="46266" Z="0"/>
					<Vertex X="47366" Y="46559" Z="0"/>
					<Vertex X="47366" Y="46706" Z="0"/>
					<Vertex X="47440" Y="46853" Z="0"/>
					<Vertex X="47440" Y="46926" Z="0"/>
					<Vertex X="47440" Y="47073" Z="0"/>
					<Vertex X="47440" Y="47219" Z="0"/>
					<Vertex X="47440" Y="47513" Z="0"/>
					<Vertex X="47440" Y="47659" Z="0"/>
					<Vertex X="47440" Y="47953" Z="0"/>
					<Vertex X="47513" Y="48246" Z="0"/>
					<Vertex X="47513" Y="48466" Z="0"/>
					<Vertex X="47513" Y="48686" Z="0"/>
					<Vertex X="47513" Y="48906" Z="0"/>
					<Vertex X="47513" Y="48979" Z="0"/>
					<Vertex X="47513" Y="49126" Z="0"/>
					<Vertex X="47513" Y="49199" Z="0"/>
					<Vertex X="47513" Y="49272" Z="0"/>
					<Vertex X="47513" Y="49346" Z="0"/>
					<Vertex X="47513" Y="49566" Z="0"/>
					<Vertex X="47513" Y="49786" Z="0"/>
					<Vertex X="47513" Y="50006" Z="0"/>
					<Vertex X="47586" Y="50372" Z="0"/>
					<Vertex X="47586" Y="50666" Z="0"/>
					<Vertex X="47586" Y="50885" Z="0"/>
					<Vertex X="47586" Y="51105" Z="0"/>
					<Vertex X="47660" Y="51252" Z="0"/>
					<Vertex X="47660" Y="51399" Z="0"/>
					<Vertex X="47733" Y="51619" Z="0"/>
					<Vertex X="47733" Y="51912" Z="0"/>
					<Vertex X="47733" Y="52205" Z="0"/>
					<Vertex X="47806" Y="52425" Z="0"/>
					<Vertex X="47806" Y="52719" Z="0"/>
					<Vertex X="47806" Y="52938" Z="0"/>
					<Vertex X="47880" Y="53232" Z="0"/>
					<Vertex X="47880" Y="53452" Z="0"/>
					<Vertex X="47880" Y="53598" Z="0"/>
					<Vertex X="47880" Y="53672" Z="0"/>
					<Vertex X="47880" Y="53818" Z="0"/>
					<Vertex X="47953" Y="53965" Z="0"/>
					<Vertex X="47953" Y="54038" Z="0"/>
					<Vertex X="48026" Y="54185" Z="0"/>
					<Vertex X="48026" Y="54258" Z="0"/>
					<Vertex X="48026" Y="54405" Z="0"/>
					<Vertex X="48026" Y="54552" Z="0"/>
					<Vertex X="48173" Y="54918" Z="0"/>
					<Vertex X="48173" Y="55065" Z="0"/>
					<Vertex X="48173" Y="55285" Z="0"/>
					<Vertex X="48319" Y="55505" Z="0"/>
					<Vertex X="48393" Y="55725" Z="0"/>
					<Vertex X="48466" Y="56018" Z="0"/>
					<Vertex X="48539" Y="56385" Z="0"/>
					<Vertex X="48613" Y="56605" Z="0"/>
					<Vertex X="48759" Y="56898" Z="0"/>
					<Vertex X="48833" Y="57118" Z="0"/>
					<Vertex X="48906" Y="57338" Z="0"/>
					<Vertex X="48906" Y="57411" Z="0"/>
					<Vertex X="48979" Y="57558" Z="0"/>
					<Vertex X="49126" Y="57778" Z="0"/>
					<Vertex X="49199" Y="58071" Z="0"/>
					<Vertex X="49273" Y="58291" Z="0"/>
					<Vertex X="49419" Y="58511" Z="0"/>
					<Vertex X="49419" Y="58731" Z="0"/>
					<Vertex X="49566" Y="58878" Z="0"/>
					<Vertex X="49713" Y="59171" Z="0"/>
					<Vertex X="49859" Y="59317" Z="0"/>
					<Vertex X="50006" Y="59464" Z="0"/>
					<Vertex X="50152" Y="59611" Z="0"/>
					<Vertex X="50226" Y="59611" Z="0"/>
					<Vertex X="50299" Y="59831" Z="0"/>
					<Vertex X="50446" Y="59904" Z="0"/>
					<Vertex X="50666" Y="60051" Z="0"/>
					<Vertex X="50959" Y="60271" Z="0"/>
					<Vertex X="51252" Y="60417" Z="0"/>
					<Vertex X="51546" Y="60564" Z="0"/>
					<Vertex X="51839" Y="60637" Z="0"/>
					<Vertex X="52132" Y="60711" Z="0"/>
					<Vertex X="52352" Y="60784" Z="0"/>
					<Vertex X="52719" Y="60857" Z="0"/>
					<Vertex X="53012" Y="60931" Z="0"/>
					<Vertex X="53305" Y="61004" Z="0"/>
					<Vertex X="53672" Y="61077" Z="0"/>
					<Vertex X="54039" Y="61077" Z="0"/>
					<Vertex X="54405" Y="61077" Z="0"/>
					<Vertex X="54698" Y="61150" Z="0"/>
					<Vertex X="54992" Y="61150" Z="0"/>
					<Vertex X="55505" Y="61150" Z="0"/>
					<Vertex X="55652" Y="61150" Z="0"/>
					<Vertex X="55872" Y="61150" Z="0"/>
					<Vertex X="56092" Y="61150" Z="0"/>
					<Vertex X="56312" Y="61150" Z="0"/>
					<Vertex X="56458" Y="61150" Z="0"/>
					<Vertex X="56605" Y="61150" Z="0"/>
					<Vertex X="56678" Y="61150" Z="0"/>
					<Vertex X="56751" Y="61150" Z="0"/>
					<Vertex X="56898" Y="61150" Z="0"/>
					<Vertex X="57045" Y="61150" Z="0"/>
					<Vertex X="57118" Y="61150" Z="0"/>
					<Vertex X="57338" Y="61150" Z="0"/>
					<Vertex X="57558" Y="61150" Z="0"/>
					<Vertex X="57851" Y="61150" Z="0"/>
					<Vertex X="58291" Y="61224" Z="0"/>
					<Vertex X="58804" Y="61297" Z="0"/>
					<Vertex X="59098" Y="61370" Z="0"/>
					<Vertex X="59391" Y="61370" Z="0"/>
					<Vertex X="59831" Y="61444" Z="0"/>
					<Vertex X="60198" Y="61444" Z="0"/>
					<Vertex X="60637" Y="61517" Z="0"/>
					<Vertex X="60931" Y="61517" Z="0"/>
					<Vertex X="61224" Y="61517" Z="0"/>
					<Vertex X="61444" Y="61517" Z="0"/>
					<Vertex X="61884" Y="61517" Z="0"/>
					<Vertex X="62177" Y="61517" Z="0"/>
					<Vertex X="63130" Y="61517" Z="0"/>
					<Vertex X="63717" Y="61517" Z="0"/>
					<Vertex X="64230" Y="61517" Z="0"/>
					<Vertex X="64744" Y="61517" Z="0"/>
					<Vertex X="65037" Y="61444" Z="0"/>
					<Vertex X="65330" Y="61370" Z="0"/>
					<Vertex X="65770" Y="61150" Z="0"/>
					<Vertex X="65917" Y="61150" Z="0"/>
					<Vertex X="66137" Y="61004" Z="0"/>
					<Vertex X="66210" Y="60931" Z="0"/>
					<Vertex X="66357" Y="60931" Z="0"/>
					<Vertex X="66943" Y="60564" Z="0"/>
					<Vertex X="67310" Y="60417" Z="0"/>
					<Vertex X="67603" Y="60271" Z="0"/>
					<Vertex X="68263" Y="60051" Z="0"/>
					<Vertex X="68483" Y="59977" Z="0"/>
					<Vertex X="68703" Y="59904" Z="0"/>
					<Vertex X="68996" Y="59757" Z="0"/>
					<Vertex X="69216" Y="59611" Z="0"/>
					<Vertex X="69583" Y="59464" Z="0"/>
					<Vertex X="69729" Y="59391" Z="0"/>
					<Vertex X="69876" Y="59244" Z="0"/>
					<Vertex X="70023" Y="59244" Z="0"/>
					<Vertex X="70169" Y="59097" Z="0"/>
					<Vertex X="70243" Y="59024" Z="0"/>
					<Vertex X="70316" Y="58951" Z="0"/>
					<Vertex X="70463" Y="58951" Z="0"/>
					<Vertex X="70463" Y="58878" Z="0"/>
					<Vertex X="70536" Y="58804" Z="0"/>
					<Vertex X="70609" Y="58731" Z="0"/>
					<Vertex X="70683" Y="58731" Z="0"/>
					<Vertex X="70756" Y="58658" Z="0"/>
					<Vertex X="70756" Y="58584" Z="0"/>
					<Vertex X="70829" Y="58584" Z="0"/>
					<Vertex X="70903" Y="58511" Z="0"/>
					<Vertex X="70976" Y="58438" Z="0"/>
					<Vertex X="71049" Y="58364" Z="0"/>
					<Vertex X="71049" Y="58291" Z="0"/>
					<Vertex X="71122" Y="58291" Z="0"/>
					<Vertex X="71196" Y="58218" Z="0"/>
					<Vertex X="71269" Y="58218" Z="0"/>
					<Vertex X="71269" Y="58144" Z="0"/>
					<Vertex X="71342" Y="58144" Z="0"/>
					<Vertex X="71342" Y="58071" Z="0"/>
					<Vertex X="71416" Y="58071" Z="0"/>
					<Vertex X="71562" Y="57851" Z="0"/>
					<Vertex X="71636" Y="57851" Z="0"/>
					<Vertex X="71709" Y="57851" Z="0"/>
					<Vertex X="71709" Y="57778" Z="0"/>
					<Vertex X="71782" Y="57778" Z="0"/>
					<Vertex X="71782" Y="57704" Z="0"/>
					<Vertex X="71856" Y="57704" Z="0"/>
					<Vertex X="71856" Y="57558" Z="0"/>
					<Vertex X="72149" Y="56825" Z="0"/>
					<Vertex X="72369" Y="56605" Z="0"/>
					<Vertex X="72589" Y="56311" Z="0"/>
					<Vertex X="72589" Y="56238" Z="0"/>
					<Vertex X="72736" Y="56091" Z="0"/>
					<Vertex X="72736" Y="56018" Z="0"/>
					<Vertex X="72882" Y="55871" Z="0"/>
					<Vertex X="73102" Y="55578" Z="0"/>
					<Vertex X="73175" Y="55431" Z="0"/>
					<Vertex X="73322" Y="55285" Z="0"/>
					<Vertex X="73469" Y="55138" Z="0"/>
					<Vertex X="73615" Y="54918" Z="0"/>
					<Vertex X="73835" Y="54698" Z="0"/>
					<Vertex X="74055" Y="54552" Z="0"/>
					<Vertex X="74129" Y="54405" Z="0"/>
					<Vertex X="74129" Y="54332" Z="0"/>
					<Vertex X="74275" Y="54185" Z="0"/>
					<Vertex X="74569" Y="53818" Z="0"/>
					<Vertex X="74642" Y="53672" Z="0"/>
					<Vertex X="74789" Y="53525" Z="0"/>
					<Vertex X="74789" Y="53452" Z="0"/>
					<Vertex X="75009" Y="53305" Z="0"/>
					<Vertex X="75009" Y="53158" Z="0"/>
					<Vertex X="75155" Y="52938" Z="0"/>
					<Vertex X="75375" Y="52645" Z="0"/>
					<Vertex X="75448" Y="52499" Z="0"/>
					<Vertex X="75595" Y="52352" Z="0"/>
					<Vertex X="75815" Y="52132" Z="0"/>
					<Vertex X="75888" Y="51912" Z="0"/>
					<Vertex X="76035" Y="51839" Z="0"/>
					<Vertex X="76255" Y="51619" Z="0"/>
					<Vertex X="76402" Y="51472" Z="0"/>
					<Vertex X="76622" Y="51325" Z="0"/>
					<Vertex X="76842" Y="51105" Z="0"/>
					<Vertex X="77355" Y="50739" Z="0"/>
					<Vertex X="77648" Y="50446" Z="0"/>
					<Vertex X="78015" Y="50226" Z="0"/>
					<Vertex X="78161" Y="50152" Z="0"/>
					<Vertex X="78455" Y="49932" Z="0"/>
					<Vertex X="78601" Y="49859" Z="0"/>
					<Vertex X="78968" Y="49566" Z="0"/>
					<Vertex X="79261" Y="49272" Z="0"/>
					<Vertex X="79701" Y="48979" Z="0"/>
					<Vertex X="80068" Y="48612" Z="0"/>
					<Vertex X="80434" Y="48393" Z="0"/>
					<Vertex X="81094" Y="47879" Z="0"/>
					<Vertex X="81388" Y="47659" Z="0"/>
					<Vertex X="81461" Y="47513" Z="0"/>
					<Vertex X="81681" Y="47439" Z="0"/>
					<Vertex X="81754" Y="47293" Z="0"/>
					<Vertex X="81974" Y="47073" Z="0"/>
					<Vertex X="82047" Y="46926" Z="0"/>
					<Vertex X="82267" Y="46633" Z="0"/>
					<Vertex X="82414" Y="46340" Z="0"/>
					<Vertex X="82561" Y="46120" Z="0"/>
					<Vertex X="82707" Y="45973" Z="0"/>
					<Vertex X="82781" Y="45606" Z="0"/>
					<Vertex X="82854" Y="45460" Z="0"/>
					<Vertex X="82854" Y="45386" Z="0"/>
					<Vertex X="82854" Y="45166" Z="0"/>
					<Vertex X="82854" Y="44946" Z="0"/>
					<Vertex X="82927" Y="44506" Z="0"/>
					<Vertex X="82927" Y="44287" Z="0"/>
					<Vertex X="82927" Y="44140" Z="0"/>
					<Vertex X="82927" Y="43920" Z="0"/>
					<Vertex X="82927" Y="43700" Z="0"/>
					<Vertex X="82854" Y="43187" Z="0"/>
					<Vertex X="82781" Y="42967" Z="0"/>
					<Vertex X="82634" Y="42747" Z="0"/>
					<Vertex X="82634" Y="42673" Z="0"/>
					<Vertex X="82561" Y="42527" Z="0"/>
					<Vertex X="82341" Y="42160" Z="0"/>
					<Vertex X="82121" Y="41867" Z="0"/>
					<Vertex X="81974" Y="41647" Z="0"/>
					<Vertex X="81681" Y="41427" Z="0"/>
					<Vertex X="81534" Y="41207" Z="0"/>
					<Vertex X="81314" Y="40987" Z="0"/>
					<Vertex X="81021" Y="40694" Z="0"/>
					<Vertex X="80948" Y="40620" Z="0"/>
					<Vertex X="80874" Y="40474" Z="0"/>
					<Vertex X="80728" Y="40327" Z="0"/>
					<Vertex X="80581" Y="40034" Z="0"/>
					<Vertex X="80214" Y="39521" Z="0"/>
					<Vertex X="80068" Y="39374" Z="0"/>
					<Vertex X="79994" Y="39301" Z="0"/>
					<Vertex X="79921" Y="39154" Z="0"/>
					<Vertex X="79774" Y="39007" Z="0"/>
					<Vertex X="79628" Y="38787" Z="0"/>
					<Vertex X="79481" Y="38641" Z="0"/>
					<Vertex X="79408" Y="38567" Z="0"/>
					<Vertex X="79188" Y="38347" Z="0"/>
					<Vertex X="79115" Y="38274" Z="0"/>
					<Vertex X="79041" Y="38201" Z="0"/>
					<Vertex X="78968" Y="38054" Z="0"/>
					<Vertex X="78895" Y="37834" Z="0"/>
					<Vertex X="78675" Y="37614" Z="0"/>
					<Vertex X="78455" Y="37321" Z="0"/>
					<Vertex X="78308" Y="37028" Z="0"/>
					<Vertex X="78088" Y="36881" Z="0"/>
					<Vertex X="78015" Y="36661" Z="0"/>
					<Vertex X="77721" Y="36294" Z="0"/>
					<Vertex X="76988" Y="35268" Z="0"/>
					<Vertex X="76548" Y="34755" Z="0"/>
					<Vertex X="76182" Y="34241" Z="0"/>
					<Vertex X="75888" Y="33802" Z="0"/>
					<Vertex X="75522" Y="33435" Z="0"/>
					<Vertex X="75375" Y="33142" Z="0"/>
					<Vertex X="75228" Y="33068" Z="0"/>
					<Vertex X="75009" Y="32775" Z="0"/>
					<Vertex X="74862" Y="32628" Z="0"/>
					<Vertex X="74715" Y="32482" Z="0"/>
					<Vertex X="74642" Y="32262" Z="0"/>
					<Vertex X="74495" Y="32115" Z="0"/>
					<Vertex X="74202" Y="31895" Z="0"/>
					<Vertex X="73982" Y="31602" Z="0"/>
					<Vertex X="73835" Y="31455" Z="0"/>
					<Vertex X="73762" Y="31309" Z="0"/>
					<Vertex X="73542" Y="31089" Z="0"/>
					<Vertex X="73469" Y="31015" Z="0"/>
					<Vertex X="73322" Y="30869" Z="0"/>
					<Vertex X="73175" Y="30722" Z="0"/>
					<Vertex X="73029" Y="30575" Z="0"/>
					<Vertex X="72809" Y="30282" Z="0"/>
					<Vertex X="72662" Y="30135" Z="0"/>
					<Vertex X="72442" Y="29915" Z="0"/>
					<Vertex X="72222" Y="29696" Z="0"/>
					<Vertex X="71929" Y="29476" Z="0"/>
					<Vertex X="71709" Y="29256" Z="0"/>
					<Vertex X="71562" Y="29182" Z="0"/>
					<Vertex X="71489" Y="29036" Z="0"/>
					<Vertex X="71416" Y="29036" Z="0"/>
					<Vertex X="71342" Y="28962" Z="0"/>
					<Vertex X="71269" Y="28962" Z="0"/>
					<Vertex X="71269" Y="28889" Z="0"/>
					<Vertex X="71122" Y="28889" Z="0"/>
					<Vertex X="70829" Y="28889" Z="0"/>
					<Vertex X="70756" Y="28889" Z="0"/>
					<Vertex X="70683" Y="28889" Z="0"/>
					<Vertex X="70609" Y="28889" Z="0"/>
					<Vertex X="70609" Y="28962" Z="0"/>
					<Vertex X="69876" Y="28816" Z="0"/>
				</Vertices>
			</Region>
		</Regions>
		<Plots/>
	</Annotation>
</Annotations>
