<Annotations MicronsPerPixel="0.252000">
	<Annotation Id="1" Name="" ReadOnly="0" NameReadOnly="0" LineColorReadOnly="0" Incremental="0" Type="4" LineColor="16711935" Visible="1" Selected="1" MarkupImagePath="" MacroName="">
		<Attributes/>
		<Regions>
			<RegionAttributeHeaders/>
			<Region Id="1" Type="0" Zoom="0.014739" Selected="0" ImageLocation="" ImageFocus="-1" Length="73077.2" Area="209292375.5" LengthMicrons="18415.4" AreaMicrons="13290903.4" Text="" NegativeROA="0" InputRegionId="0" Analyze="1" DisplayId="1">
				<Attributes/>
				<Vertices>
					<Vertex X="8010" Y="23962" Z="0"/>
					<Vertex X="8010" Y="24029" Z="0"/>
					<Vertex X="8010" Y="24096" Z="0"/>
					<Vertex X="8010" Y="24163" Z="0"/>
					<Vertex X="8010" Y="24231" Z="0"/>
					<Vertex X="8010" Y="24298" Z="0"/>
					<Vertex X="8010" Y="24365" Z="0"/>
					<Vertex X="7875" Y="24365" Z="0"/>
					<Vertex X="8010" Y="24567" Z="0"/>
					<Vertex X="7875" Y="24500" Z="0"/>
					<Vertex X="8010" Y="24702" Z="0"/>
					<Vertex X="8010" Y="24769" Z="0"/>
					<Vertex X="7943" Y="24837" Z="0"/>
					<Vertex X="7943" Y="24904" Z="0"/>
					<Vertex X="7943" Y="24971" Z="0"/>
					<Vertex X="7875" Y="25173" Z="0"/>
					<Vertex X="7875" Y="25240" Z="0"/>
					<Vertex X="7875" Y="25442" Z="0"/>
					<Vertex X="7741" Y="25442" Z="0"/>
					<Vertex X="7875" Y="25779" Z="0"/>
					<Vertex X="7741" Y="25846" Z="0"/>
					<Vertex X="7875" Y="26115" Z="0"/>
					<Vertex X="7875" Y="26385" Z="0"/>
					<Vertex X="7875" Y="26587" Z="0"/>
					<Vertex X="7741" Y="26721" Z="0"/>
					<Vertex X="7875" Y="27058" Z="0"/>
					<Vertex X="7875" Y="27192" Z="0"/>
					<Vertex X="7875" Y="27327" Z="0"/>
					<Vertex X="7875" Y="27529" Z="0"/>
					<Vertex X="7875" Y="27596" Z="0"/>
					<Vertex X="7741" Y="27663" Z="0"/>
					<Vertex X="7875" Y="27865" Z="0"/>
					<Vertex X="7875" Y="27933" Z="0"/>
					<Vertex X="7943" Y="28135" Z="0"/>
					<Vertex X="8010" Y="28404" Z="0"/>
					<Vertex X="8077" Y="28673" Z="0"/>
					<Vertex X="8144" Y="28808" Z="0"/>
					<Vertex X="8279" Y="29346" Z="0"/>
					<Vertex X="8346" Y="29615" Z="0"/>
					<Vertex X="8481" Y="30288" Z="0"/>
					<Vertex X="8414" Y="30356" Z="0"/>
					<Vertex X="8683" Y="30962" Z="0"/>
					<Vertex X="8750" Y="31163" Z="0"/>
					<Vertex X="9019" Y="31769" Z="0"/>
					<Vertex X="9087" Y="31971" Z="0"/>
					<Vertex X="9221" Y="32308" Z="0"/>
					<Vertex X="9356" Y="32644" Z="0"/>
					<Vertex X="9423" Y="32913" Z="0"/>
					<Vertex X="9760" Y="33317" Z="0"/>
					<Vertex X="9760" Y="33385" Z="0"/>
					<Vertex X="10096" Y="33788" Z="0"/>
					<Vertex X="10231" Y="33990" Z="0"/>
					<Vertex X="10433" Y="34192" Z="0"/>
					<Vertex X="10433" Y="34327" Z="0"/>
					<Vertex X="10702" Y="34529" Z="0"/>
					<Vertex X="10837" Y="34731" Z="0"/>
					<Vertex X="10971" Y="34865" Z="0"/>
					<Vertex X="11106" Y="35067" Z="0"/>
					<Vertex X="11241" Y="35337" Z="0"/>
					<Vertex X="11443" Y="35538" Z="0"/>
					<Vertex X="11443" Y="35606" Z="0"/>
					<Vertex X="11846" Y="35942" Z="0"/>
					<Vertex X="12116" Y="36212" Z="0"/>
					<Vertex X="12250" Y="36279" Z="0"/>
					<Vertex X="12654" Y="36615" Z="0"/>
					<Vertex X="12721" Y="36683" Z="0"/>
					<Vertex X="13058" Y="37019" Z="0"/>
					<Vertex X="13193" Y="37221" Z="0"/>
					<Vertex X="13260" Y="37288" Z="0"/>
					<Vertex X="13394" Y="37423" Z="0"/>
					<Vertex X="13596" Y="37692" Z="0"/>
					<Vertex X="13798" Y="37894" Z="0"/>
					<Vertex X="14000" Y="38029" Z="0"/>
					<Vertex X="14135" Y="38163" Z="0"/>
					<Vertex X="14269" Y="38231" Z="0"/>
					<Vertex X="14404" Y="38365" Z="0"/>
					<Vertex X="14539" Y="38433" Z="0"/>
					<Vertex X="14673" Y="38567" Z="0"/>
					<Vertex X="14741" Y="38567" Z="0"/>
					<Vertex X="14808" Y="38567" Z="0"/>
					<Vertex X="15010" Y="38702" Z="0"/>
					<Vertex X="15077" Y="38769" Z="0"/>
					<Vertex X="15077" Y="38702" Z="0"/>
					<Vertex X="15279" Y="38904" Z="0"/>
					<Vertex X="15414" Y="38971" Z="0"/>
					<Vertex X="15548" Y="39038" Z="0"/>
					<Vertex X="15683" Y="39106" Z="0"/>
					<Vertex X="15750" Y="39173" Z="0"/>
					<Vertex X="15750" Y="39106" Z="0"/>
					<Vertex X="15952" Y="39240" Z="0"/>
					<Vertex X="16154" Y="39240" Z="0"/>
					<Vertex X="16356" Y="39240" Z="0"/>
					<Vertex X="16558" Y="39240" Z="0"/>
					<Vertex X="16827" Y="39240" Z="0"/>
					<Vertex X="17029" Y="39173" Z="0"/>
					<Vertex X="17029" Y="39038" Z="0"/>
					<Vertex X="17298" Y="39106" Z="0"/>
					<Vertex X="17366" Y="39106" Z="0"/>
					<Vertex X="17500" Y="39038" Z="0"/>
					<Vertex X="17568" Y="38971" Z="0"/>
					<Vertex X="17702" Y="38904" Z="0"/>
					<Vertex X="17702" Y="38837" Z="0"/>
					<Vertex X="17702" Y="38635" Z="0"/>
					<Vertex X="17904" Y="38702" Z="0"/>
					<Vertex X="17971" Y="38635" Z="0"/>
					<Vertex X="18039" Y="38567" Z="0"/>
					<Vertex X="18241" Y="38298" Z="0"/>
					<Vertex X="18375" Y="38096" Z="0"/>
					<Vertex X="18510" Y="37894" Z="0"/>
					<Vertex X="18644" Y="37760" Z="0"/>
					<Vertex X="18712" Y="37490" Z="0"/>
					<Vertex X="18846" Y="37221" Z="0"/>
					<Vertex X="18914" Y="36817" Z="0"/>
					<Vertex X="19048" Y="36346" Z="0"/>
					<Vertex X="18981" Y="35808" Z="0"/>
					<Vertex X="19116" Y="35808" Z="0"/>
					<Vertex X="18981" Y="35337" Z="0"/>
					<Vertex X="18981" Y="35202" Z="0"/>
					<Vertex X="19116" Y="35202" Z="0"/>
					<Vertex X="18981" Y="34865" Z="0"/>
					<Vertex X="19116" Y="34731" Z="0"/>
					<Vertex X="19116" Y="34462" Z="0"/>
					<Vertex X="19116" Y="34327" Z="0"/>
					<Vertex X="19116" Y="34125" Z="0"/>
					<Vertex X="19116" Y="33923" Z="0"/>
					<Vertex X="19116" Y="33721" Z="0"/>
					<Vertex X="19116" Y="33587" Z="0"/>
					<Vertex X="19116" Y="33385" Z="0"/>
					<Vertex X="19116" Y="33317" Z="0"/>
					<Vertex X="19116" Y="33183" Z="0"/>
					<Vertex X="19116" Y="33115" Z="0"/>
					<Vertex X="19116" Y="32981" Z="0"/>
					<Vertex X="18981" Y="32779" Z="0"/>
					<Vertex X="18981" Y="32644" Z="0"/>
					<Vertex X="19116" Y="32644" Z="0"/>
					<Vertex X="19116" Y="32577" Z="0"/>
					<Vertex X="19116" Y="32442" Z="0"/>
					<Vertex X="19116" Y="32240" Z="0"/>
					<Vertex X="19116" Y="32106" Z="0"/>
					<Vertex X="19048" Y="32038" Z="0"/>
					<Vertex X="18914" Y="31837" Z="0"/>
					<Vertex X="18981" Y="31769" Z="0"/>
					<Vertex X="18981" Y="31702" Z="0"/>
					<Vertex X="18981" Y="31635" Z="0"/>
					<Vertex X="18914" Y="31567" Z="0"/>
					<Vertex X="18914" Y="31433" Z="0"/>
					<Vertex X="18846" Y="31365" Z="0"/>
					<Vertex X="18712" Y="31163" Z="0"/>
					<Vertex X="18779" Y="31096" Z="0"/>
					<Vertex X="18712" Y="31029" Z="0"/>
					<Vertex X="18644" Y="30962" Z="0"/>
					<Vertex X="18510" Y="30760" Z="0"/>
					<Vertex X="18106" Y="30288" Z="0"/>
					<Vertex X="17971" Y="30087" Z="0"/>
					<Vertex X="17971" Y="30087" Z="0"/>
					<Vertex X="17702" Y="29817" Z="0"/>
					<Vertex X="17635" Y="29750" Z="0"/>
					<Vertex X="17500" Y="29615" Z="0"/>
					<Vertex X="17366" Y="29413" Z="0"/>
					<Vertex X="17366" Y="29346" Z="0"/>
					<Vertex X="17298" Y="29212" Z="0"/>
					<Vertex X="17029" Y="29010" Z="0"/>
					<Vertex X="17096" Y="28942" Z="0"/>
					<Vertex X="17029" Y="28808" Z="0"/>
					<Vertex X="16962" Y="28673" Z="0"/>
					<Vertex X="16894" Y="28538" Z="0"/>
					<Vertex X="16827" Y="28337" Z="0"/>
					<Vertex X="16625" Y="27462" Z="0"/>
					<Vertex X="16625" Y="27327" Z="0"/>
					<Vertex X="16625" Y="26721" Z="0"/>
					<Vertex X="16625" Y="26048" Z="0"/>
					<Vertex X="16625" Y="25442" Z="0"/>
					<Vertex X="16625" Y="24971" Z="0"/>
					<Vertex X="16693" Y="24567" Z="0"/>
					<Vertex X="16558" Y="24029" Z="0"/>
					<Vertex X="16693" Y="24096" Z="0"/>
					<Vertex X="16693" Y="24029" Z="0"/>
					<Vertex X="16558" Y="23692" Z="0"/>
					<Vertex X="16625" Y="23490" Z="0"/>
					<Vertex X="16760" Y="23423" Z="0"/>
					<Vertex X="16760" Y="23221" Z="0"/>
					<Vertex X="16760" Y="22952" Z="0"/>
					<Vertex X="16760" Y="22750" Z="0"/>
					<Vertex X="16827" Y="22481" Z="0"/>
					<Vertex X="16827" Y="22077" Z="0"/>
					<Vertex X="16894" Y="22010" Z="0"/>
					<Vertex X="16894" Y="21740" Z="0"/>
					<Vertex X="16962" Y="21606" Z="0"/>
					<Vertex X="17029" Y="21471" Z="0"/>
					<Vertex X="16962" Y="21135" Z="0"/>
					<Vertex X="17231" Y="21067" Z="0"/>
					<Vertex X="17298" Y="20933" Z="0"/>
					<Vertex X="17231" Y="20596" Z="0"/>
					<Vertex X="17433" Y="20596" Z="0"/>
					<Vertex X="17366" Y="20327" Z="0"/>
					<Vertex X="17568" Y="20327" Z="0"/>
					<Vertex X="17568" Y="20260" Z="0"/>
					<Vertex X="17433" Y="20058" Z="0"/>
					<Vertex X="17635" Y="20125" Z="0"/>
					<Vertex X="17500" Y="19788" Z="0"/>
					<Vertex X="17635" Y="19721" Z="0"/>
					<Vertex X="17702" Y="19654" Z="0"/>
					<Vertex X="17702" Y="19587" Z="0"/>
					<Vertex X="17702" Y="19452" Z="0"/>
					<Vertex X="17702" Y="19385" Z="0"/>
					<Vertex X="17702" Y="19317" Z="0"/>
					<Vertex X="17568" Y="19115" Z="0"/>
					<Vertex X="17568" Y="18981" Z="0"/>
					<Vertex X="17702" Y="19048" Z="0"/>
					<Vertex X="17769" Y="18981" Z="0"/>
					<Vertex X="17837" Y="18913" Z="0"/>
					<Vertex X="17702" Y="18712" Z="0"/>
					<Vertex X="17904" Y="18779" Z="0"/>
					<Vertex X="17904" Y="18712" Z="0"/>
					<Vertex X="17837" Y="18577" Z="0"/>
					<Vertex X="18039" Y="18644" Z="0"/>
					<Vertex X="18039" Y="18577" Z="0"/>
					<Vertex X="18106" Y="18510" Z="0"/>
					<Vertex X="18443" Y="18240" Z="0"/>
					<Vertex X="18443" Y="18173" Z="0"/>
					<Vertex X="18375" Y="18038" Z="0"/>
					<Vertex X="18510" Y="17904" Z="0"/>
					<Vertex X="18779" Y="17904" Z="0"/>
					<Vertex X="18846" Y="17837" Z="0"/>
					<Vertex X="18914" Y="17837" Z="0"/>
					<Vertex X="18981" Y="17702" Z="0"/>
					<Vertex X="19048" Y="17635" Z="0"/>
					<Vertex X="19116" Y="17500" Z="0"/>
					<Vertex X="19048" Y="17163" Z="0"/>
					<Vertex X="19250" Y="17163" Z="0"/>
					<Vertex X="19250" Y="17029" Z="0"/>
					<Vertex X="19318" Y="16760" Z="0"/>
					<Vertex X="19385" Y="16558" Z="0"/>
					<Vertex X="19385" Y="16288" Z="0"/>
					<Vertex X="19250" Y="15952" Z="0"/>
					<Vertex X="19250" Y="15683" Z="0"/>
					<Vertex X="19385" Y="15683" Z="0"/>
					<Vertex X="19385" Y="15481" Z="0"/>
					<Vertex X="19385" Y="15346" Z="0"/>
					<Vertex X="19385" Y="15212" Z="0"/>
					<Vertex X="19250" Y="15010" Z="0"/>
					<Vertex X="19452" Y="14942" Z="0"/>
					<Vertex X="19452" Y="14875" Z="0"/>
					<Vertex X="19452" Y="14740" Z="0"/>
					<Vertex X="19452" Y="14606" Z="0"/>
					<Vertex X="19385" Y="14404" Z="0"/>
					<Vertex X="19385" Y="14269" Z="0"/>
					<Vertex X="19318" Y="14135" Z="0"/>
					<Vertex X="19250" Y="14000" Z="0"/>
					<Vertex X="19183" Y="13865" Z="0"/>
					<Vertex X="18914" Y="13596" Z="0"/>
					<Vertex X="18914" Y="13529" Z="0"/>
					<Vertex X="18846" Y="13462" Z="0"/>
					<Vertex X="18712" Y="13394" Z="0"/>
					<Vertex X="18644" Y="13327" Z="0"/>
					<Vertex X="18577" Y="13260" Z="0"/>
					<Vertex X="18443" Y="13192" Z="0"/>
					<Vertex X="18308" Y="13125" Z="0"/>
					<Vertex X="18173" Y="13058" Z="0"/>
					<Vertex X="18106" Y="13058" Z="0"/>
					<Vertex X="17837" Y="12923" Z="0"/>
					<Vertex X="17769" Y="12990" Z="0"/>
					<Vertex X="17702" Y="12923" Z="0"/>
					<Vertex X="17500" Y="12923" Z="0"/>
					<Vertex X="17366" Y="12856" Z="0"/>
					<Vertex X="17164" Y="12788" Z="0"/>
					<Vertex X="17029" Y="12721" Z="0"/>
					<Vertex X="16894" Y="12721" Z="0"/>
					<Vertex X="16558" Y="12587" Z="0"/>
					<Vertex X="16491" Y="12587" Z="0"/>
					<Vertex X="16289" Y="12587" Z="0"/>
					<Vertex X="16154" Y="12587" Z="0"/>
					<Vertex X="16221" Y="12721" Z="0"/>
					<Vertex X="16154" Y="12721" Z="0"/>
					<Vertex X="16019" Y="12721" Z="0"/>
					<Vertex X="15885" Y="12721" Z="0"/>
					<Vertex X="15750" Y="12788" Z="0"/>
					<Vertex X="15616" Y="12856" Z="0"/>
					<Vertex X="15481" Y="12923" Z="0"/>
					<Vertex X="15279" Y="12923" Z="0"/>
					<Vertex X="15144" Y="13058" Z="0"/>
					<Vertex X="15077" Y="13058" Z="0"/>
					<Vertex X="14673" Y="13058" Z="0"/>
					<Vertex X="14741" Y="13260" Z="0"/>
					<Vertex X="14404" Y="13327" Z="0"/>
					<Vertex X="14337" Y="13663" Z="0"/>
					<Vertex X="14135" Y="13865" Z="0"/>
					<Vertex X="13731" Y="13933" Z="0"/>
					<Vertex X="13731" Y="14337" Z="0"/>
					<Vertex X="13462" Y="14740" Z="0"/>
					<Vertex X="13394" Y="14875" Z="0"/>
					<Vertex X="13327" Y="14942" Z="0"/>
					<Vertex X="13260" Y="15144" Z="0"/>
					<Vertex X="13125" Y="15010" Z="0"/>
					<Vertex X="13260" Y="15212" Z="0"/>
					<Vertex X="13193" Y="15212" Z="0"/>
					<Vertex X="13193" Y="15279" Z="0"/>
					<Vertex X="12991" Y="15346" Z="0"/>
					<Vertex X="12856" Y="15481" Z="0"/>
					<Vertex X="12789" Y="15548" Z="0"/>
					<Vertex X="12587" Y="15683" Z="0"/>
					<Vertex X="12048" Y="15885" Z="0"/>
					<Vertex X="12048" Y="16087" Z="0"/>
					<Vertex X="11779" Y="16288" Z="0"/>
					<Vertex X="11443" Y="16558" Z="0"/>
					<Vertex X="11106" Y="16827" Z="0"/>
					<Vertex X="10702" Y="16962" Z="0"/>
					<Vertex X="10500" Y="17433" Z="0"/>
					<Vertex X="10366" Y="17500" Z="0"/>
					<Vertex X="10298" Y="17635" Z="0"/>
					<Vertex X="10096" Y="17837" Z="0"/>
					<Vertex X="9894" Y="18038" Z="0"/>
					<Vertex X="9693" Y="18240" Z="0"/>
					<Vertex X="9558" Y="18510" Z="0"/>
					<Vertex X="9423" Y="18712" Z="0"/>
					<Vertex X="9289" Y="18913" Z="0"/>
					<Vertex X="9154" Y="19115" Z="0"/>
					<Vertex X="9019" Y="19317" Z="0"/>
					<Vertex X="8952" Y="19452" Z="0"/>
					<Vertex X="8885" Y="19721" Z="0"/>
					<Vertex X="8750" Y="19990" Z="0"/>
					<Vertex X="8616" Y="20327" Z="0"/>
					<Vertex X="8548" Y="20663" Z="0"/>
					<Vertex X="8414" Y="21000" Z="0"/>
					<Vertex X="8346" Y="21337" Z="0"/>
					<Vertex X="8077" Y="21673" Z="0"/>
					<Vertex X="8144" Y="22144" Z="0"/>
					<Vertex X="8077" Y="22481" Z="0"/>
					<Vertex X="8077" Y="22683" Z="0"/>
					<Vertex X="8077" Y="22885" Z="0"/>
					<Vertex X="8077" Y="23087" Z="0"/>
					<Vertex X="7943" Y="23019" Z="0"/>
					<Vertex X="8077" Y="23154" Z="0"/>
					<Vertex X="8077" Y="23221" Z="0"/>
					<Vertex X="8077" Y="23288" Z="0"/>
					<Vertex X="7943" Y="23221" Z="0"/>
					<Vertex X="8077" Y="23423" Z="0"/>
					<Vertex X="8077" Y="23490" Z="0"/>
					<Vertex X="8077" Y="23558" Z="0"/>
					<Vertex X="8077" Y="23625" Z="0"/>
					<Vertex X="8077" Y="23692" Z="0"/>
					<Vertex X="8077" Y="23760" Z="0"/>
					<Vertex X="8077" Y="23894" Z="0"/>
					<Vertex X="8010" Y="23894" Z="0"/>
					<Vertex X="8010" Y="23962" Z="0"/>
				</Vertices>
			</Region>
			<Region Id="2" Type="0" Zoom="0.014739" Selected="0" ImageLocation="" ImageFocus="-1" Length="27178.3" Area="39886376.0" LengthMicrons="6848.9" AreaMicrons="2532944.5" Text="" NegativeROA="0" InputRegionId="0" Analyze="1" DisplayId="2">
				<Attributes/>
				<Vertices>
					<Vertex X="33183" Y="5183" Z="0"/>
					<Vertex X="33318" Y="5317" Z="0"/>
					<Vertex X="33452" Y="5452" Z="0"/>
					<Vertex X="33519" Y="5519" Z="0"/>
					<Vertex X="33587" Y="5519" Z="0"/>
					<Vertex X="33654" Y="5519" Z="0"/>
					<Vertex X="33721" Y="5587" Z="0"/>
					<Vertex X="33789" Y="5587" Z="0"/>
					<Vertex X="33856" Y="5587" Z="0"/>
					<Vertex X="33856" Y="5654" Z="0"/>
					<Vertex X="33923" Y="5721" Z="0"/>
					<Vertex X="33991" Y="5721" Z="0"/>
					<Vertex X="33991" Y="5788" Z="0"/>
					<Vertex X="34058" Y="5856" Z="0"/>
					<Vertex X="34125" Y="5923" Z="0"/>
					<Vertex X="34193" Y="5990" Z="0"/>
					<Vertex X="34260" Y="6058" Z="0"/>
					<Vertex X="34327" Y="6125" Z="0"/>
					<Vertex X="34394" Y="6260" Z="0"/>
					<Vertex X="34596" Y="6462" Z="0"/>
					<Vertex X="34731" Y="6596" Z="0"/>
					<Vertex X="34798" Y="6731" Z="0"/>
					<Vertex X="34933" Y="6798" Z="0"/>
					<Vertex X="35068" Y="6933" Z="0"/>
					<Vertex X="35404" Y="7202" Z="0"/>
					<Vertex X="35539" Y="7337" Z="0"/>
					<Vertex X="35741" Y="7538" Z="0"/>
					<Vertex X="36010" Y="7673" Z="0"/>
					<Vertex X="36077" Y="7740" Z="0"/>
					<Vertex X="36144" Y="7808" Z="0"/>
					<Vertex X="36346" Y="7942" Z="0"/>
					<Vertex X="36414" Y="8010" Z="0"/>
					<Vertex X="36616" Y="8144" Z="0"/>
					<Vertex X="36683" Y="8212" Z="0"/>
					<Vertex X="36750" Y="8346" Z="0"/>
					<Vertex X="36818" Y="8346" Z="0"/>
					<Vertex X="36885" Y="8481" Z="0"/>
					<Vertex X="37019" Y="8548" Z="0"/>
					<Vertex X="37087" Y="8683" Z="0"/>
					<Vertex X="37154" Y="8750" Z="0"/>
					<Vertex X="37221" Y="8817" Z="0"/>
					<Vertex X="37289" Y="8952" Z="0"/>
					<Vertex X="37289" Y="9019" Z="0"/>
					<Vertex X="37356" Y="9087" Z="0"/>
					<Vertex X="37423" Y="9154" Z="0"/>
					<Vertex X="37491" Y="9288" Z="0"/>
					<Vertex X="37558" Y="9356" Z="0"/>
					<Vertex X="37558" Y="9490" Z="0"/>
					<Vertex X="37558" Y="9558" Z="0"/>
					<Vertex X="37558" Y="9625" Z="0"/>
					<Vertex X="37558" Y="9692" Z="0"/>
					<Vertex X="37558" Y="9894" Z="0"/>
					<Vertex X="37558" Y="10096" Z="0"/>
					<Vertex X="37491" Y="10231" Z="0"/>
					<Vertex X="37491" Y="10365" Z="0"/>
					<Vertex X="37423" Y="10433" Z="0"/>
					<Vertex X="37356" Y="10500" Z="0"/>
					<Vertex X="37356" Y="10567" Z="0"/>
					<Vertex X="37289" Y="10567" Z="0"/>
					<Vertex X="37289" Y="10635" Z="0"/>
					<Vertex X="37221" Y="10702" Z="0"/>
					<Vertex X="37154" Y="10702" Z="0"/>
					<Vertex X="37154" Y="10769" Z="0"/>
					<Vertex X="37087" Y="10769" Z="0"/>
					<Vertex X="37019" Y="10837" Z="0"/>
					<Vertex X="36952" Y="10904" Z="0"/>
					<Vertex X="36885" Y="10971" Z="0"/>
					<Vertex X="36818" Y="10971" Z="0"/>
					<Vertex X="36683" Y="11106" Z="0"/>
					<Vertex X="36616" Y="11106" Z="0"/>
					<Vertex X="36346" Y="11308" Z="0"/>
					<Vertex X="36279" Y="11308" Z="0"/>
					<Vertex X="36212" Y="11375" Z="0"/>
					<Vertex X="36144" Y="11442" Z="0"/>
					<Vertex X="36010" Y="11510" Z="0"/>
					<Vertex X="35943" Y="11577" Z="0"/>
					<Vertex X="35808" Y="11644" Z="0"/>
					<Vertex X="35741" Y="11644" Z="0"/>
					<Vertex X="35606" Y="11712" Z="0"/>
					<Vertex X="35539" Y="11712" Z="0"/>
					<Vertex X="35471" Y="11712" Z="0"/>
					<Vertex X="35404" Y="11712" Z="0"/>
					<Vertex X="35337" Y="11712" Z="0"/>
					<Vertex X="35068" Y="11577" Z="0"/>
					<Vertex X="35068" Y="11712" Z="0"/>
					<Vertex X="34933" Y="11712" Z="0"/>
					<Vertex X="34866" Y="11712" Z="0"/>
					<Vertex X="34798" Y="11712" Z="0"/>
					<Vertex X="34731" Y="11712" Z="0"/>
					<Vertex X="34664" Y="11712" Z="0"/>
					<Vertex X="34394" Y="11577" Z="0"/>
					<Vertex X="34327" Y="11577" Z="0"/>
					<Vertex X="34125" Y="11577" Z="0"/>
					<Vertex X="33991" Y="11577" Z="0"/>
					<Vertex X="33923" Y="11712" Z="0"/>
					<Vertex X="33789" Y="11644" Z="0"/>
					<Vertex X="33721" Y="11644" Z="0"/>
					<Vertex X="33654" Y="11644" Z="0"/>
					<Vertex X="33385" Y="11644" Z="0"/>
					<Vertex X="33183" Y="11577" Z="0"/>
					<Vertex X="33116" Y="11577" Z="0"/>
					<Vertex X="32914" Y="11577" Z="0"/>
					<Vertex X="32779" Y="11577" Z="0"/>
					<Vertex X="32577" Y="11577" Z="0"/>
					<Vertex X="32443" Y="11577" Z="0"/>
					<Vertex X="32308" Y="11577" Z="0"/>
					<Vertex X="32173" Y="11577" Z="0"/>
					<Vertex X="32039" Y="11577" Z="0"/>
					<Vertex X="31971" Y="11577" Z="0"/>
					<Vertex X="31837" Y="11577" Z="0"/>
					<Vertex X="31635" Y="11442" Z="0"/>
					<Vertex X="31702" Y="11577" Z="0"/>
					<Vertex X="31433" Y="11442" Z="0"/>
					<Vertex X="31433" Y="11577" Z="0"/>
					<Vertex X="31298" Y="11577" Z="0"/>
					<Vertex X="31029" Y="11442" Z="0"/>
					<Vertex X="31029" Y="11510" Z="0"/>
					<Vertex X="30827" Y="11442" Z="0"/>
					<Vertex X="30760" Y="11442" Z="0"/>
					<Vertex X="30423" Y="11173" Z="0"/>
					<Vertex X="30356" Y="11173" Z="0"/>
					<Vertex X="30154" Y="11106" Z="0"/>
					<Vertex X="30019" Y="10971" Z="0"/>
					<Vertex X="29885" Y="10837" Z="0"/>
					<Vertex X="29818" Y="10769" Z="0"/>
					<Vertex X="29683" Y="10635" Z="0"/>
					<Vertex X="29481" Y="10433" Z="0"/>
					<Vertex X="29481" Y="10365" Z="0"/>
					<Vertex X="29414" Y="10298" Z="0"/>
					<Vertex X="29346" Y="10163" Z="0"/>
					<Vertex X="29279" Y="10029" Z="0"/>
					<Vertex X="29212" Y="9827" Z="0"/>
					<Vertex X="29144" Y="9625" Z="0"/>
					<Vertex X="29077" Y="9558" Z="0"/>
					<Vertex X="29077" Y="9356" Z="0"/>
					<Vertex X="29077" Y="9154" Z="0"/>
					<Vertex X="29077" Y="9087" Z="0"/>
					<Vertex X="29077" Y="8885" Z="0"/>
					<Vertex X="29077" Y="8817" Z="0"/>
					<Vertex X="29077" Y="8750" Z="0"/>
					<Vertex X="29077" Y="8683" Z="0"/>
					<Vertex X="29077" Y="8548" Z="0"/>
					<Vertex X="29077" Y="8481" Z="0"/>
					<Vertex X="29144" Y="8413" Z="0"/>
					<Vertex X="29144" Y="8346" Z="0"/>
					<Vertex X="29144" Y="8279" Z="0"/>
					<Vertex X="29144" Y="8212" Z="0"/>
					<Vertex X="29144" Y="8144" Z="0"/>
					<Vertex X="29144" Y="8077" Z="0"/>
					<Vertex X="29144" Y="8010" Z="0"/>
					<Vertex X="29212" Y="8010" Z="0"/>
					<Vertex X="29212" Y="7942" Z="0"/>
					<Vertex X="29212" Y="7875" Z="0"/>
					<Vertex X="29279" Y="7808" Z="0"/>
					<Vertex X="29279" Y="7673" Z="0"/>
					<Vertex X="29144" Y="7471" Z="0"/>
					<Vertex X="29346" Y="7538" Z="0"/>
					<Vertex X="29414" Y="7471" Z="0"/>
					<Vertex X="29414" Y="7404" Z="0"/>
					<Vertex X="29481" Y="7337" Z="0"/>
					<Vertex X="29548" Y="7202" Z="0"/>
					<Vertex X="29548" Y="7135" Z="0"/>
					<Vertex X="29548" Y="6865" Z="0"/>
					<Vertex X="29750" Y="6865" Z="0"/>
					<Vertex X="29818" Y="6731" Z="0"/>
					<Vertex X="29885" Y="6663" Z="0"/>
					<Vertex X="29818" Y="6462" Z="0"/>
					<Vertex X="29952" Y="6529" Z="0"/>
					<Vertex X="30019" Y="6529" Z="0"/>
					<Vertex X="30087" Y="6462" Z="0"/>
					<Vertex X="30221" Y="6394" Z="0"/>
					<Vertex X="30289" Y="6327" Z="0"/>
					<Vertex X="30423" Y="6327" Z="0"/>
					<Vertex X="30491" Y="6260" Z="0"/>
					<Vertex X="30558" Y="6260" Z="0"/>
					<Vertex X="30491" Y="6058" Z="0"/>
					<Vertex X="30693" Y="6125" Z="0"/>
					<Vertex X="30827" Y="6125" Z="0"/>
					<Vertex X="30894" Y="6058" Z="0"/>
					<Vertex X="30962" Y="6058" Z="0"/>
					<Vertex X="30894" Y="5856" Z="0"/>
					<Vertex X="30962" Y="5788" Z="0"/>
					<Vertex X="31164" Y="5923" Z="0"/>
					<Vertex X="31164" Y="5721" Z="0"/>
					<Vertex X="31433" Y="5788" Z="0"/>
					<Vertex X="31500" Y="5788" Z="0"/>
					<Vertex X="31568" Y="5721" Z="0"/>
					<Vertex X="31702" Y="5721" Z="0"/>
					<Vertex X="31769" Y="5721" Z="0"/>
					<Vertex X="31837" Y="5654" Z="0"/>
					<Vertex X="31904" Y="5654" Z="0"/>
					<Vertex X="32039" Y="5587" Z="0"/>
					<Vertex X="32106" Y="5519" Z="0"/>
					<Vertex X="32173" Y="5519" Z="0"/>
					<Vertex X="32173" Y="5317" Z="0"/>
					<Vertex X="32375" Y="5385" Z="0"/>
					<Vertex X="32375" Y="5250" Z="0"/>
					<Vertex X="32443" Y="5115" Z="0"/>
					<Vertex X="32712" Y="5250" Z="0"/>
					<Vertex X="32779" Y="5183" Z="0"/>
					<Vertex X="32846" Y="5183" Z="0"/>
					<Vertex X="32914" Y="5183" Z="0"/>
					<Vertex X="32981" Y="5183" Z="0"/>
					<Vertex X="33250" Y="5250" Z="0"/>
					<Vertex X="33183" Y="5183" Z="0"/>
				</Vertices>
			</Region>
			<Region Id="3" Type="0" Zoom="0.014739" Selected="0" ImageLocation="" ImageFocus="-1" Length="34195.6" Area="46920007.5" LengthMicrons="8617.3" AreaMicrons="2979608.3" Text="" NegativeROA="0" InputRegionId="0" Analyze="1" DisplayId="3">
				<Attributes/>
				<Vertices>
					<Vertex X="42202" Y="16558" Z="0"/>
					<Vertex X="41933" Y="16221" Z="0"/>
					<Vertex X="41798" Y="16019" Z="0"/>
					<Vertex X="41933" Y="16154" Z="0"/>
					<Vertex X="41933" Y="16221" Z="0"/>
					<Vertex X="42000" Y="16221" Z="0"/>
					<Vertex X="42000" Y="16288" Z="0"/>
					<Vertex X="42068" Y="16288" Z="0"/>
					<Vertex X="42068" Y="16356" Z="0"/>
					<Vertex X="42068" Y="16356" Z="0"/>
					<Vertex X="42135" Y="16423" Z="0"/>
					<Vertex X="42202" Y="16490" Z="0"/>
					<Vertex X="42202" Y="16558" Z="0"/>
					<Vertex X="42269" Y="16558" Z="0"/>
					<Vertex X="42269" Y="16625" Z="0"/>
					<Vertex X="42337" Y="16692" Z="0"/>
					<Vertex X="42337" Y="16760" Z="0"/>
					<Vertex X="42337" Y="16827" Z="0"/>
					<Vertex X="42202" Y="16827" Z="0"/>
					<Vertex X="42337" Y="17029" Z="0"/>
					<Vertex X="42337" Y="17163" Z="0"/>
					<Vertex X="42337" Y="17298" Z="0"/>
					<Vertex X="42337" Y="17365" Z="0"/>
					<Vertex X="42202" Y="17365" Z="0"/>
					<Vertex X="42269" Y="17567" Z="0"/>
					<Vertex X="42269" Y="17635" Z="0"/>
					<Vertex X="42269" Y="17837" Z="0"/>
					<Vertex X="42068" Y="17837" Z="0"/>
					<Vertex X="42202" Y="18106" Z="0"/>
					<Vertex X="42135" Y="18173" Z="0"/>
					<Vertex X="42135" Y="18308" Z="0"/>
					<Vertex X="42135" Y="18375" Z="0"/>
					<Vertex X="42068" Y="18510" Z="0"/>
					<Vertex X="42068" Y="18577" Z="0"/>
					<Vertex X="42068" Y="18712" Z="0"/>
					<Vertex X="42000" Y="18779" Z="0"/>
					<Vertex X="41933" Y="18913" Z="0"/>
					<Vertex X="41866" Y="19048" Z="0"/>
					<Vertex X="41798" Y="19183" Z="0"/>
					<Vertex X="41731" Y="19385" Z="0"/>
					<Vertex X="41664" Y="19587" Z="0"/>
					<Vertex X="41462" Y="19587" Z="0"/>
					<Vertex X="41529" Y="19856" Z="0"/>
					<Vertex X="41462" Y="20058" Z="0"/>
					<Vertex X="41394" Y="20260" Z="0"/>
					<Vertex X="41327" Y="20394" Z="0"/>
					<Vertex X="41260" Y="20529" Z="0"/>
					<Vertex X="41193" Y="20596" Z="0"/>
					<Vertex X="41193" Y="20731" Z="0"/>
					<Vertex X="41125" Y="20798" Z="0"/>
					<Vertex X="41058" Y="20933" Z="0"/>
					<Vertex X="40923" Y="20865" Z="0"/>
					<Vertex X="40991" Y="21067" Z="0"/>
					<Vertex X="40923" Y="21135" Z="0"/>
					<Vertex X="40923" Y="21202" Z="0"/>
					<Vertex X="40856" Y="21269" Z="0"/>
					<Vertex X="40856" Y="21337" Z="0"/>
					<Vertex X="40789" Y="21471" Z="0"/>
					<Vertex X="40789" Y="21538" Z="0"/>
					<Vertex X="40721" Y="21606" Z="0"/>
					<Vertex X="40721" Y="21673" Z="0"/>
					<Vertex X="40721" Y="21740" Z="0"/>
					<Vertex X="40721" Y="21808" Z="0"/>
					<Vertex X="40721" Y="21942" Z="0"/>
					<Vertex X="40654" Y="22010" Z="0"/>
					<Vertex X="40654" Y="22144" Z="0"/>
					<Vertex X="40654" Y="22212" Z="0"/>
					<Vertex X="40654" Y="22346" Z="0"/>
					<Vertex X="40519" Y="22346" Z="0"/>
					<Vertex X="40654" Y="22481" Z="0"/>
					<Vertex X="40654" Y="22615" Z="0"/>
					<Vertex X="40654" Y="22683" Z="0"/>
					<Vertex X="40654" Y="22750" Z="0"/>
					<Vertex X="40587" Y="22885" Z="0"/>
					<Vertex X="40587" Y="23019" Z="0"/>
					<Vertex X="40587" Y="23154" Z="0"/>
					<Vertex X="40519" Y="23221" Z="0"/>
					<Vertex X="40519" Y="23356" Z="0"/>
					<Vertex X="40452" Y="23423" Z="0"/>
					<Vertex X="40385" Y="23490" Z="0"/>
					<Vertex X="40385" Y="23558" Z="0"/>
					<Vertex X="40318" Y="23625" Z="0"/>
					<Vertex X="40250" Y="23760" Z="0"/>
					<Vertex X="40183" Y="23827" Z="0"/>
					<Vertex X="40116" Y="23894" Z="0"/>
					<Vertex X="40048" Y="24029" Z="0"/>
					<Vertex X="39981" Y="24096" Z="0"/>
					<Vertex X="39846" Y="24163" Z="0"/>
					<Vertex X="39577" Y="24163" Z="0"/>
					<Vertex X="39644" Y="24433" Z="0"/>
					<Vertex X="39510" Y="24500" Z="0"/>
					<Vertex X="39375" Y="24567" Z="0"/>
					<Vertex X="39241" Y="24635" Z="0"/>
					<Vertex X="39106" Y="24702" Z="0"/>
					<Vertex X="39039" Y="24769" Z="0"/>
					<Vertex X="38971" Y="24769" Z="0"/>
					<Vertex X="38904" Y="24769" Z="0"/>
					<Vertex X="38769" Y="24769" Z="0"/>
					<Vertex X="38635" Y="24769" Z="0"/>
					<Vertex X="38433" Y="24702" Z="0"/>
					<Vertex X="38433" Y="24837" Z="0"/>
					<Vertex X="38366" Y="24837" Z="0"/>
					<Vertex X="38096" Y="24702" Z="0"/>
					<Vertex X="37962" Y="24769" Z="0"/>
					<Vertex X="38029" Y="24904" Z="0"/>
					<Vertex X="37894" Y="24904" Z="0"/>
					<Vertex X="37760" Y="24904" Z="0"/>
					<Vertex X="37625" Y="24904" Z="0"/>
					<Vertex X="37491" Y="24904" Z="0"/>
					<Vertex X="37356" Y="24904" Z="0"/>
					<Vertex X="37221" Y="24904" Z="0"/>
					<Vertex X="37154" Y="24904" Z="0"/>
					<Vertex X="37019" Y="24904" Z="0"/>
					<Vertex X="36952" Y="24904" Z="0"/>
					<Vertex X="36818" Y="24837" Z="0"/>
					<Vertex X="36750" Y="24837" Z="0"/>
					<Vertex X="36683" Y="24769" Z="0"/>
					<Vertex X="36616" Y="24769" Z="0"/>
					<Vertex X="36481" Y="24702" Z="0"/>
					<Vertex X="36481" Y="24635" Z="0"/>
					<Vertex X="36346" Y="24567" Z="0"/>
					<Vertex X="36279" Y="24500" Z="0"/>
					<Vertex X="36144" Y="24365" Z="0"/>
					<Vertex X="36077" Y="24365" Z="0"/>
					<Vertex X="36010" Y="24298" Z="0"/>
					<Vertex X="35808" Y="24096" Z="0"/>
					<Vertex X="35875" Y="24096" Z="0"/>
					<Vertex X="35808" Y="24029" Z="0"/>
					<Vertex X="35539" Y="23760" Z="0"/>
					<Vertex X="35606" Y="23760" Z="0"/>
					<Vertex X="35606" Y="23692" Z="0"/>
					<Vertex X="35337" Y="23288" Z="0"/>
					<Vertex X="35337" Y="23154" Z="0"/>
					<Vertex X="35269" Y="22885" Z="0"/>
					<Vertex X="35202" Y="22750" Z="0"/>
					<Vertex X="35202" Y="22615" Z="0"/>
					<Vertex X="35135" Y="22481" Z="0"/>
					<Vertex X="35135" Y="22413" Z="0"/>
					<Vertex X="35135" Y="22346" Z="0"/>
					<Vertex X="35000" Y="22077" Z="0"/>
					<Vertex X="35135" Y="22077" Z="0"/>
					<Vertex X="35135" Y="21942" Z="0"/>
					<Vertex X="35000" Y="21606" Z="0"/>
					<Vertex X="35135" Y="21606" Z="0"/>
					<Vertex X="35135" Y="21471" Z="0"/>
					<Vertex X="35068" Y="21337" Z="0"/>
					<Vertex X="35068" Y="21202" Z="0"/>
					<Vertex X="35068" Y="21135" Z="0"/>
					<Vertex X="35068" Y="21000" Z="0"/>
					<Vertex X="35000" Y="20933" Z="0"/>
					<Vertex X="35000" Y="20798" Z="0"/>
					<Vertex X="34933" Y="20663" Z="0"/>
					<Vertex X="34933" Y="20596" Z="0"/>
					<Vertex X="34866" Y="20462" Z="0"/>
					<Vertex X="34866" Y="20327" Z="0"/>
					<Vertex X="34866" Y="20260" Z="0"/>
					<Vertex X="34866" Y="20125" Z="0"/>
					<Vertex X="34866" Y="20058" Z="0"/>
					<Vertex X="34866" Y="19923" Z="0"/>
					<Vertex X="34866" Y="19788" Z="0"/>
					<Vertex X="34866" Y="19587" Z="0"/>
					<Vertex X="34866" Y="19452" Z="0"/>
					<Vertex X="34933" Y="19385" Z="0"/>
					<Vertex X="34933" Y="19250" Z="0"/>
					<Vertex X="34933" Y="19183" Z="0"/>
					<Vertex X="34933" Y="19115" Z="0"/>
					<Vertex X="34933" Y="19048" Z="0"/>
					<Vertex X="35000" Y="18981" Z="0"/>
					<Vertex X="34933" Y="18779" Z="0"/>
					<Vertex X="35068" Y="18779" Z="0"/>
					<Vertex X="35135" Y="18712" Z="0"/>
					<Vertex X="35269" Y="18510" Z="0"/>
					<Vertex X="35337" Y="18442" Z="0"/>
					<Vertex X="35404" Y="18375" Z="0"/>
					<Vertex X="35404" Y="18308" Z="0"/>
					<Vertex X="35471" Y="18308" Z="0"/>
					<Vertex X="35404" Y="18038" Z="0"/>
					<Vertex X="35606" Y="18173" Z="0"/>
					<Vertex X="35673" Y="18038" Z="0"/>
					<Vertex X="35741" Y="17971" Z="0"/>
					<Vertex X="35808" Y="17837" Z="0"/>
					<Vertex X="35875" Y="17837" Z="0"/>
					<Vertex X="35943" Y="17769" Z="0"/>
					<Vertex X="35875" Y="17635" Z="0"/>
					<Vertex X="35875" Y="17567" Z="0"/>
					<Vertex X="36077" Y="17702" Z="0"/>
					<Vertex X="36212" Y="17702" Z="0"/>
					<Vertex X="36279" Y="17702" Z="0"/>
					<Vertex X="36346" Y="17635" Z="0"/>
					<Vertex X="36346" Y="17433" Z="0"/>
					<Vertex X="36414" Y="17433" Z="0"/>
					<Vertex X="36683" Y="17500" Z="0"/>
					<Vertex X="36616" Y="17298" Z="0"/>
					<Vertex X="36885" Y="17433" Z="0"/>
					<Vertex X="36952" Y="17365" Z="0"/>
					<Vertex X="36952" Y="17163" Z="0"/>
					<Vertex X="37154" Y="17298" Z="0"/>
					<Vertex X="37087" Y="17096" Z="0"/>
					<Vertex X="37289" Y="17231" Z="0"/>
					<Vertex X="37356" Y="17163" Z="0"/>
					<Vertex X="37423" Y="17163" Z="0"/>
					<Vertex X="37423" Y="17096" Z="0"/>
					<Vertex X="37491" Y="17096" Z="0"/>
					<Vertex X="37558" Y="17096" Z="0"/>
					<Vertex X="37625" Y="17096" Z="0"/>
					<Vertex X="37693" Y="17029" Z="0"/>
					<Vertex X="37760" Y="17029" Z="0"/>
					<Vertex X="37693" Y="16894" Z="0"/>
					<Vertex X="37894" Y="17029" Z="0"/>
					<Vertex X="37962" Y="16962" Z="0"/>
					<Vertex X="38029" Y="16962" Z="0"/>
					<Vertex X="38096" Y="16962" Z="0"/>
					<Vertex X="38231" Y="16894" Z="0"/>
					<Vertex X="38298" Y="16894" Z="0"/>
					<Vertex X="38366" Y="16827" Z="0"/>
					<Vertex X="38500" Y="16827" Z="0"/>
					<Vertex X="38635" Y="16760" Z="0"/>
					<Vertex X="38769" Y="16760" Z="0"/>
					<Vertex X="38769" Y="16625" Z="0"/>
					<Vertex X="39039" Y="16692" Z="0"/>
					<Vertex X="38971" Y="16558" Z="0"/>
					<Vertex X="39241" Y="16692" Z="0"/>
					<Vertex X="39375" Y="16692" Z="0"/>
					<Vertex X="39308" Y="16558" Z="0"/>
					<Vertex X="39577" Y="16625" Z="0"/>
					<Vertex X="39644" Y="16625" Z="0"/>
					<Vertex X="39644" Y="16490" Z="0"/>
					<Vertex X="39846" Y="16625" Z="0"/>
					<Vertex X="39981" Y="16558" Z="0"/>
					<Vertex X="40048" Y="16558" Z="0"/>
					<Vertex X="40183" Y="16490" Z="0"/>
					<Vertex X="40250" Y="16490" Z="0"/>
					<Vertex X="40385" Y="16423" Z="0"/>
					<Vertex X="40519" Y="16356" Z="0"/>
					<Vertex X="40654" Y="16288" Z="0"/>
					<Vertex X="40789" Y="16221" Z="0"/>
					<Vertex X="40923" Y="16154" Z="0"/>
					<Vertex X="40991" Y="16154" Z="0"/>
					<Vertex X="40991" Y="15885" Z="0"/>
					<Vertex X="41193" Y="16019" Z="0"/>
					<Vertex X="41260" Y="15952" Z="0"/>
					<Vertex X="41327" Y="15885" Z="0"/>
					<Vertex X="41394" Y="15885" Z="0"/>
					<Vertex X="41462" Y="15817" Z="0"/>
					<Vertex X="41529" Y="15817" Z="0"/>
					<Vertex X="41596" Y="15817" Z="0"/>
					<Vertex X="42202" Y="16558" Z="0"/>
				</Vertices>
			</Region>
			<Region Id="4" Type="0" Zoom="0.014739" Selected="1" ImageLocation="" ImageFocus="-1" Length="48606.5" Area="84462630.5" LengthMicrons="12248.8" AreaMicrons="5363715.1" Text="" NegativeROA="0" InputRegionId="0" Analyze="1" DisplayId="4">
				<Attributes/>
				<Vertices>
					<Vertex X="36952" Y="28404" Z="0"/>
					<Vertex X="37154" Y="28538" Z="0"/>
					<Vertex X="37289" Y="28471" Z="0"/>
					<Vertex X="37423" Y="28404" Z="0"/>
					<Vertex X="37491" Y="28337" Z="0"/>
					<Vertex X="37625" Y="28269" Z="0"/>
					<Vertex X="37827" Y="28135" Z="0"/>
					<Vertex X="37962" Y="28000" Z="0"/>
					<Vertex X="38164" Y="27865" Z="0"/>
					<Vertex X="38298" Y="27798" Z="0"/>
					<Vertex X="38366" Y="27731" Z="0"/>
					<Vertex X="38500" Y="27663" Z="0"/>
					<Vertex X="38568" Y="27663" Z="0"/>
					<Vertex X="38769" Y="27529" Z="0"/>
					<Vertex X="38904" Y="27462" Z="0"/>
					<Vertex X="38971" Y="27394" Z="0"/>
					<Vertex X="39039" Y="27327" Z="0"/>
					<Vertex X="39039" Y="27125" Z="0"/>
					<Vertex X="39241" Y="27192" Z="0"/>
					<Vertex X="39308" Y="27125" Z="0"/>
					<Vertex X="39577" Y="26990" Z="0"/>
					<Vertex X="39644" Y="26923" Z="0"/>
					<Vertex X="39779" Y="26923" Z="0"/>
					<Vertex X="39712" Y="26721" Z="0"/>
					<Vertex X="39914" Y="26587" Z="0"/>
					<Vertex X="40116" Y="26654" Z="0"/>
					<Vertex X="40250" Y="26587" Z="0"/>
					<Vertex X="40385" Y="26519" Z="0"/>
					<Vertex X="40587" Y="26385" Z="0"/>
					<Vertex X="40587" Y="26183" Z="0"/>
					<Vertex X="40654" Y="26115" Z="0"/>
					<Vertex X="40721" Y="26115" Z="0"/>
					<Vertex X="40991" Y="26183" Z="0"/>
					<Vertex X="41125" Y="26048" Z="0"/>
					<Vertex X="41193" Y="25981" Z="0"/>
					<Vertex X="41260" Y="25981" Z="0"/>
					<Vertex X="41394" Y="25846" Z="0"/>
					<Vertex X="41462" Y="25779" Z="0"/>
					<Vertex X="41596" Y="25644" Z="0"/>
					<Vertex X="41798" Y="25510" Z="0"/>
					<Vertex X="41798" Y="25442" Z="0"/>
					<Vertex X="41866" Y="25375" Z="0"/>
					<Vertex X="42000" Y="25308" Z="0"/>
					<Vertex X="42068" Y="25240" Z="0"/>
					<Vertex X="42135" Y="25173" Z="0"/>
					<Vertex X="42269" Y="25106" Z="0"/>
					<Vertex X="42471" Y="24971" Z="0"/>
					<Vertex X="42404" Y="24769" Z="0"/>
					<Vertex X="42673" Y="24837" Z="0"/>
					<Vertex X="42741" Y="24837" Z="0"/>
					<Vertex X="42875" Y="24769" Z="0"/>
					<Vertex X="42943" Y="24567" Z="0"/>
					<Vertex X="43212" Y="24635" Z="0"/>
					<Vertex X="43414" Y="24567" Z="0"/>
					<Vertex X="43481" Y="24567" Z="0"/>
					<Vertex X="43683" Y="24567" Z="0"/>
					<Vertex X="43818" Y="24500" Z="0"/>
					<Vertex X="43750" Y="24365" Z="0"/>
					<Vertex X="44154" Y="24500" Z="0"/>
					<Vertex X="44221" Y="24500" Z="0"/>
					<Vertex X="44356" Y="24500" Z="0"/>
					<Vertex X="44491" Y="24500" Z="0"/>
					<Vertex X="44625" Y="24500" Z="0"/>
					<Vertex X="44827" Y="24500" Z="0"/>
					<Vertex X="44827" Y="24365" Z="0"/>
					<Vertex X="45029" Y="24500" Z="0"/>
					<Vertex X="45164" Y="24500" Z="0"/>
					<Vertex X="45231" Y="24567" Z="0"/>
					<Vertex X="45231" Y="24500" Z="0"/>
					<Vertex X="45231" Y="24500" Z="0"/>
					<Vertex X="45366" Y="24635" Z="0"/>
					<Vertex X="45366" Y="24837" Z="0"/>
					<Vertex X="45366" Y="24904" Z="0"/>
					<Vertex X="45366" Y="25240" Z="0"/>
					<Vertex X="45366" Y="25442" Z="0"/>
					<Vertex X="45433" Y="25712" Z="0"/>
					<Vertex X="45433" Y="25846" Z="0"/>
					<Vertex X="45433" Y="26048" Z="0"/>
					<Vertex X="45500" Y="26250" Z="0"/>
					<Vertex X="45568" Y="26385" Z="0"/>
					<Vertex X="45568" Y="26519" Z="0"/>
					<Vertex X="45635" Y="26587" Z="0"/>
					<Vertex X="45635" Y="26721" Z="0"/>
					<Vertex X="45702" Y="26788" Z="0"/>
					<Vertex X="45702" Y="26923" Z="0"/>
					<Vertex X="45769" Y="27058" Z="0"/>
					<Vertex X="45635" Y="27058" Z="0"/>
					<Vertex X="45702" Y="27125" Z="0"/>
					<Vertex X="45837" Y="27327" Z="0"/>
					<Vertex X="45837" Y="27394" Z="0"/>
					<Vertex X="45837" Y="27529" Z="0"/>
					<Vertex X="45837" Y="27596" Z="0"/>
					<Vertex X="45904" Y="27663" Z="0"/>
					<Vertex X="45769" Y="27663" Z="0"/>
					<Vertex X="45904" Y="27865" Z="0"/>
					<Vertex X="45904" Y="27933" Z="0"/>
					<Vertex X="45904" Y="28067" Z="0"/>
					<Vertex X="45904" Y="28202" Z="0"/>
					<Vertex X="45904" Y="28269" Z="0"/>
					<Vertex X="45904" Y="28337" Z="0"/>
					<Vertex X="45904" Y="28471" Z="0"/>
					<Vertex X="45904" Y="28538" Z="0"/>
					<Vertex X="45904" Y="28606" Z="0"/>
					<Vertex X="45904" Y="28740" Z="0"/>
					<Vertex X="45769" Y="28875" Z="0"/>
					<Vertex X="45702" Y="28942" Z="0"/>
					<Vertex X="45635" Y="29010" Z="0"/>
					<Vertex X="45568" Y="29077" Z="0"/>
					<Vertex X="45568" Y="29144" Z="0"/>
					<Vertex X="45433" Y="29212" Z="0"/>
					<Vertex X="45366" Y="29279" Z="0"/>
					<Vertex X="45298" Y="29346" Z="0"/>
					<Vertex X="45231" Y="29413" Z="0"/>
					<Vertex X="45029" Y="29346" Z="0"/>
					<Vertex X="45029" Y="29548" Z="0"/>
					<Vertex X="44962" Y="29683" Z="0"/>
					<Vertex X="44894" Y="29683" Z="0"/>
					<Vertex X="44827" Y="29817" Z="0"/>
					<Vertex X="44693" Y="29885" Z="0"/>
					<Vertex X="44625" Y="30019" Z="0"/>
					<Vertex X="44491" Y="30087" Z="0"/>
					<Vertex X="44356" Y="30221" Z="0"/>
					<Vertex X="44289" Y="30288" Z="0"/>
					<Vertex X="44019" Y="30288" Z="0"/>
					<Vertex X="44087" Y="30490" Z="0"/>
					<Vertex X="43952" Y="30356" Z="0"/>
					<Vertex X="43952" Y="30625" Z="0"/>
					<Vertex X="43885" Y="30692" Z="0"/>
					<Vertex X="43818" Y="30760" Z="0"/>
					<Vertex X="43683" Y="30692" Z="0"/>
					<Vertex X="43548" Y="30827" Z="0"/>
					<Vertex X="43616" Y="31029" Z="0"/>
					<Vertex X="43548" Y="31096" Z="0"/>
					<Vertex X="43481" Y="31163" Z="0"/>
					<Vertex X="43481" Y="31231" Z="0"/>
					<Vertex X="43346" Y="31298" Z="0"/>
					<Vertex X="43212" Y="31500" Z="0"/>
					<Vertex X="43010" Y="31433" Z="0"/>
					<Vertex X="43077" Y="31702" Z="0"/>
					<Vertex X="42943" Y="31769" Z="0"/>
					<Vertex X="42741" Y="31702" Z="0"/>
					<Vertex X="42808" Y="31971" Z="0"/>
					<Vertex X="42741" Y="32038" Z="0"/>
					<Vertex X="42673" Y="32106" Z="0"/>
					<Vertex X="42539" Y="32240" Z="0"/>
					<Vertex X="42269" Y="32173" Z="0"/>
					<Vertex X="42337" Y="32375" Z="0"/>
					<Vertex X="42269" Y="32442" Z="0"/>
					<Vertex X="42202" Y="32510" Z="0"/>
					<Vertex X="42068" Y="32577" Z="0"/>
					<Vertex X="41866" Y="32510" Z="0"/>
					<Vertex X="41866" Y="32779" Z="0"/>
					<Vertex X="41731" Y="32846" Z="0"/>
					<Vertex X="41596" Y="32981" Z="0"/>
					<Vertex X="41394" Y="33048" Z="0"/>
					<Vertex X="41260" Y="33183" Z="0"/>
					<Vertex X="40923" Y="33115" Z="0"/>
					<Vertex X="40991" Y="33317" Z="0"/>
					<Vertex X="40721" Y="33250" Z="0"/>
					<Vertex X="40654" Y="33519" Z="0"/>
					<Vertex X="40587" Y="33519" Z="0"/>
					<Vertex X="40385" Y="33452" Z="0"/>
					<Vertex X="40519" Y="33587" Z="0"/>
					<Vertex X="40452" Y="33587" Z="0"/>
					<Vertex X="40250" Y="33519" Z="0"/>
					<Vertex X="40250" Y="33788" Z="0"/>
					<Vertex X="39779" Y="34192" Z="0"/>
					<Vertex X="39712" Y="34260" Z="0"/>
					<Vertex X="39443" Y="34529" Z="0"/>
					<Vertex X="39241" Y="34663" Z="0"/>
					<Vertex X="38971" Y="34596" Z="0"/>
					<Vertex X="38971" Y="34865" Z="0"/>
					<Vertex X="38837" Y="35000" Z="0"/>
					<Vertex X="38769" Y="35067" Z="0"/>
					<Vertex X="38702" Y="35135" Z="0"/>
					<Vertex X="38433" Y="35067" Z="0"/>
					<Vertex X="38500" Y="35269" Z="0"/>
					<Vertex X="38366" Y="35337" Z="0"/>
					<Vertex X="38298" Y="35404" Z="0"/>
					<Vertex X="38231" Y="35471" Z="0"/>
					<Vertex X="38164" Y="35471" Z="0"/>
					<Vertex X="38029" Y="35606" Z="0"/>
					<Vertex X="37962" Y="35673" Z="0"/>
					<Vertex X="37827" Y="35740" Z="0"/>
					<Vertex X="37693" Y="35808" Z="0"/>
					<Vertex X="37625" Y="35808" Z="0"/>
					<Vertex X="37423" Y="35942" Z="0"/>
					<Vertex X="37221" Y="35808" Z="0"/>
					<Vertex X="37289" Y="36010" Z="0"/>
					<Vertex X="37154" Y="36010" Z="0"/>
					<Vertex X="37087" Y="36077" Z="0"/>
					<Vertex X="37019" Y="36077" Z="0"/>
					<Vertex X="36952" Y="36077" Z="0"/>
					<Vertex X="36750" Y="36077" Z="0"/>
					<Vertex X="36616" Y="36077" Z="0"/>
					<Vertex X="36548" Y="36077" Z="0"/>
					<Vertex X="36414" Y="36077" Z="0"/>
					<Vertex X="36346" Y="36077" Z="0"/>
					<Vertex X="36212" Y="36077" Z="0"/>
					<Vertex X="36144" Y="36077" Z="0"/>
					<Vertex X="36077" Y="36077" Z="0"/>
					<Vertex X="35943" Y="36077" Z="0"/>
					<Vertex X="35808" Y="36010" Z="0"/>
					<Vertex X="35673" Y="35875" Z="0"/>
					<Vertex X="35606" Y="35875" Z="0"/>
					<Vertex X="35539" Y="35808" Z="0"/>
					<Vertex X="35269" Y="35673" Z="0"/>
					<Vertex X="35269" Y="35740" Z="0"/>
					<Vertex X="35202" Y="35740" Z="0"/>
					<Vertex X="35000" Y="35673" Z="0"/>
					<Vertex X="34798" Y="35673" Z="0"/>
					<Vertex X="34664" Y="35606" Z="0"/>
					<Vertex X="34529" Y="35538" Z="0"/>
					<Vertex X="34462" Y="35538" Z="0"/>
					<Vertex X="34193" Y="35269" Z="0"/>
					<Vertex X="34125" Y="35202" Z="0"/>
					<Vertex X="34125" Y="35269" Z="0"/>
					<Vertex X="34058" Y="35135" Z="0"/>
					<Vertex X="33991" Y="35067" Z="0"/>
					<Vertex X="33923" Y="35000" Z="0"/>
					<Vertex X="33789" Y="34865" Z="0"/>
					<Vertex X="33721" Y="34798" Z="0"/>
					<Vertex X="33587" Y="34663" Z="0"/>
					<Vertex X="33587" Y="34596" Z="0"/>
					<Vertex X="33452" Y="34462" Z="0"/>
					<Vertex X="33385" Y="34327" Z="0"/>
					<Vertex X="33318" Y="34192" Z="0"/>
					<Vertex X="33250" Y="34125" Z="0"/>
					<Vertex X="33250" Y="33990" Z="0"/>
					<Vertex X="33183" Y="33856" Z="0"/>
					<Vertex X="33183" Y="33788" Z="0"/>
					<Vertex X="33183" Y="33654" Z="0"/>
					<Vertex X="33116" Y="33452" Z="0"/>
					<Vertex X="33116" Y="33385" Z="0"/>
					<Vertex X="33116" Y="33183" Z="0"/>
					<Vertex X="33116" Y="33048" Z="0"/>
					<Vertex X="33116" Y="32846" Z="0"/>
					<Vertex X="33116" Y="32644" Z="0"/>
					<Vertex X="33116" Y="32510" Z="0"/>
					<Vertex X="33116" Y="32308" Z="0"/>
					<Vertex X="32981" Y="32173" Z="0"/>
					<Vertex X="32981" Y="31904" Z="0"/>
					<Vertex X="33116" Y="31769" Z="0"/>
					<Vertex X="33183" Y="31702" Z="0"/>
					<Vertex X="33183" Y="31567" Z="0"/>
					<Vertex X="33183" Y="31500" Z="0"/>
					<Vertex X="33250" Y="31433" Z="0"/>
					<Vertex X="33250" Y="31365" Z="0"/>
					<Vertex X="33250" Y="31298" Z="0"/>
					<Vertex X="33250" Y="31163" Z="0"/>
					<Vertex X="33318" Y="31096" Z="0"/>
					<Vertex X="33385" Y="31029" Z="0"/>
					<Vertex X="33385" Y="30894" Z="0"/>
					<Vertex X="33452" Y="30827" Z="0"/>
					<Vertex X="33452" Y="30760" Z="0"/>
					<Vertex X="33519" Y="30625" Z="0"/>
					<Vertex X="33519" Y="30558" Z="0"/>
					<Vertex X="33587" Y="30423" Z="0"/>
					<Vertex X="33452" Y="30288" Z="0"/>
					<Vertex X="33654" Y="30288" Z="0"/>
					<Vertex X="33654" Y="30221" Z="0"/>
					<Vertex X="33721" Y="30154" Z="0"/>
					<Vertex X="33721" Y="30019" Z="0"/>
					<Vertex X="33789" Y="29952" Z="0"/>
					<Vertex X="33789" Y="29885" Z="0"/>
					<Vertex X="33856" Y="29750" Z="0"/>
					<Vertex X="33923" Y="29683" Z="0"/>
					<Vertex X="33991" Y="29615" Z="0"/>
					<Vertex X="33856" Y="29481" Z="0"/>
					<Vertex X="34058" Y="29548" Z="0"/>
					<Vertex X="34058" Y="29481" Z="0"/>
					<Vertex X="34058" Y="29413" Z="0"/>
					<Vertex X="34125" Y="29413" Z="0"/>
					<Vertex X="34193" Y="29279" Z="0"/>
					<Vertex X="34058" Y="29144" Z="0"/>
					<Vertex X="34260" Y="29212" Z="0"/>
					<Vertex X="34260" Y="29144" Z="0"/>
					<Vertex X="34327" Y="29077" Z="0"/>
					<Vertex X="34260" Y="28875" Z="0"/>
					<Vertex X="34462" Y="28942" Z="0"/>
					<Vertex X="34529" Y="28875" Z="0"/>
					<Vertex X="34596" Y="28808" Z="0"/>
					<Vertex X="34664" Y="28808" Z="0"/>
					<Vertex X="34731" Y="28740" Z="0"/>
					<Vertex X="34798" Y="28673" Z="0"/>
					<Vertex X="34933" Y="28673" Z="0"/>
					<Vertex X="35000" Y="28606" Z="0"/>
					<Vertex X="35068" Y="28606" Z="0"/>
					<Vertex X="35135" Y="28606" Z="0"/>
					<Vertex X="35068" Y="28404" Z="0"/>
					<Vertex X="35269" Y="28538" Z="0"/>
					<Vertex X="35404" Y="28538" Z="0"/>
					<Vertex X="35471" Y="28538" Z="0"/>
					<Vertex X="35471" Y="28337" Z="0"/>
					<Vertex X="35606" Y="28471" Z="0"/>
					<Vertex X="35673" Y="28471" Z="0"/>
					<Vertex X="35606" Y="28337" Z="0"/>
					<Vertex X="35808" Y="28471" Z="0"/>
					<Vertex X="35741" Y="28337" Z="0"/>
					<Vertex X="35943" Y="28471" Z="0"/>
					<Vertex X="36010" Y="28471" Z="0"/>
					<Vertex X="36010" Y="28337" Z="0"/>
					<Vertex X="36077" Y="28337" Z="0"/>
					<Vertex X="36279" Y="28471" Z="0"/>
					<Vertex X="36279" Y="28337" Z="0"/>
					<Vertex X="36414" Y="28471" Z="0"/>
					<Vertex X="36346" Y="28337" Z="0"/>
					<Vertex X="36414" Y="28337" Z="0"/>
					<Vertex X="36548" Y="28471" Z="0"/>
					<Vertex X="36481" Y="28404" Z="0"/>
					<Vertex X="36616" Y="28538" Z="0"/>
					<Vertex X="36548" Y="28471" Z="0"/>
					<Vertex X="36414" Y="28471" Z="0"/>
					<Vertex X="36212" Y="28471" Z="0"/>
					<Vertex X="36144" Y="28471" Z="0"/>
					<Vertex X="36952" Y="28404" Z="0"/>
				</Vertices>
			</Region>
		</Regions>
		<Plots/>
	</Annotation>
</Annotations>
