<Annotations MicronsPerPixel="0.252500">
	<Annotation Id="1" Name="" ReadOnly="0" NameReadOnly="0" LineColorReadOnly="0" Incremental="0" Type="4" LineColor="16776960" Visible="1" Selected="1" MarkupImagePath="" MacroName="">
		<Attributes/>
		<Regions>
			<RegionAttributeHeaders/>
			<Region Id="1" Type="0" Zoom="0.008510" Selected="0" ImageLocation="" ImageFocus="-1" Length="177514.4" Area="1290864208.5" LengthMicrons="44822.4" AreaMicrons="82300659.6" Text="" NegativeROA="0" InputRegionId="0" Analyze="1" DisplayId="1">
				<Attributes/>
				<Vertices>
					<Vertex X="13263" Y="46189" Z="0"/>
					<Vertex X="13263" Y="46305" Z="0"/>
					<Vertex X="13496" Y="46654" Z="0"/>
					<Vertex X="13263" Y="46654" Z="0"/>
					<Vertex X="13496" Y="47469" Z="0"/>
					<Vertex X="13496" Y="48050" Z="0"/>
					<Vertex X="13380" Y="48632" Z="0"/>
					<Vertex X="13845" Y="49679" Z="0"/>
					<Vertex X="13845" Y="50494" Z="0"/>
					<Vertex X="14427" Y="51657" Z="0"/>
					<Vertex X="14776" Y="52937" Z="0"/>
					<Vertex X="15009" Y="53984" Z="0"/>
					<Vertex X="15823" Y="55496" Z="0"/>
					<Vertex X="16056" Y="56078" Z="0"/>
					<Vertex X="16288" Y="56776" Z="0"/>
					<Vertex X="16870" Y="57823" Z="0"/>
					<Vertex X="17103" Y="58289" Z="0"/>
					<Vertex X="17452" Y="58754" Z="0"/>
					<Vertex X="17219" Y="58754" Z="0"/>
					<Vertex X="17685" Y="59336" Z="0"/>
					<Vertex X="17568" Y="59336" Z="0"/>
					<Vertex X="17568" Y="59569" Z="0"/>
					<Vertex X="17568" Y="60034" Z="0"/>
					<Vertex X="18034" Y="60732" Z="0"/>
					<Vertex X="18266" Y="61081" Z="0"/>
					<Vertex X="18732" Y="61779" Z="0"/>
					<Vertex X="18964" Y="62244" Z="0"/>
					<Vertex X="19430" Y="62826" Z="0"/>
					<Vertex X="19662" Y="63408" Z="0"/>
					<Vertex X="20011" Y="63873" Z="0"/>
					<Vertex X="20244" Y="64455" Z="0"/>
					<Vertex X="20360" Y="64688" Z="0"/>
					<Vertex X="20942" Y="65269" Z="0"/>
					<Vertex X="21059" Y="65386" Z="0"/>
					<Vertex X="21640" Y="65968" Z="0"/>
					<Vertex X="21757" Y="66084" Z="0"/>
					<Vertex X="22222" Y="66549" Z="0"/>
					<Vertex X="22804" Y="67015" Z="0"/>
					<Vertex X="23153" Y="67364" Z="0"/>
					<Vertex X="23967" Y="67945" Z="0"/>
					<Vertex X="24433" Y="68294" Z="0"/>
					<Vertex X="25014" Y="68527" Z="0"/>
					<Vertex X="25363" Y="68643" Z="0"/>
					<Vertex X="25712" Y="68760" Z="0"/>
					<Vertex X="25829" Y="68643" Z="0"/>
					<Vertex X="25945" Y="68643" Z="0"/>
					<Vertex X="26410" Y="68992" Z="0"/>
					<Vertex X="26759" Y="68992" Z="0"/>
					<Vertex X="26876" Y="68992" Z="0"/>
					<Vertex X="27108" Y="68760" Z="0"/>
					<Vertex X="27807" Y="68992" Z="0"/>
					<Vertex X="27807" Y="68760" Z="0"/>
					<Vertex X="28039" Y="68760" Z="0"/>
					<Vertex X="28388" Y="68992" Z="0"/>
					<Vertex X="28621" Y="68992" Z="0"/>
					<Vertex X="28737" Y="68992" Z="0"/>
					<Vertex X="28970" Y="68992" Z="0"/>
					<Vertex X="28854" Y="68760" Z="0"/>
					<Vertex X="29203" Y="68992" Z="0"/>
					<Vertex X="29435" Y="69109" Z="0"/>
					<Vertex X="29668" Y="69342" Z="0"/>
					<Vertex X="29901" Y="69574" Z="0"/>
					<Vertex X="30017" Y="69691" Z="0"/>
					<Vertex X="30133" Y="69691" Z="0"/>
					<Vertex X="30715" Y="70272" Z="0"/>
					<Vertex X="30948" Y="70389" Z="0"/>
					<Vertex X="31181" Y="70505" Z="0"/>
					<Vertex X="31762" Y="70970" Z="0"/>
					<Vertex X="31995" Y="71087" Z="0"/>
					<Vertex X="32228" Y="71436" Z="0"/>
					<Vertex X="32344" Y="71319" Z="0"/>
					<Vertex X="32693" Y="71668" Z="0"/>
					<Vertex X="32926" Y="71668" Z="0"/>
					<Vertex X="33507" Y="72017" Z="0"/>
					<Vertex X="33624" Y="72134" Z="0"/>
					<Vertex X="33856" Y="72250" Z="0"/>
					<Vertex X="33973" Y="72250" Z="0"/>
					<Vertex X="34205" Y="72250" Z="0"/>
					<Vertex X="34438" Y="72250" Z="0"/>
					<Vertex X="34671" Y="72250" Z="0"/>
					<Vertex X="34787" Y="72250" Z="0"/>
					<Vertex X="35020" Y="72250" Z="0"/>
					<Vertex X="35136" Y="72250" Z="0"/>
					<Vertex X="35369" Y="72250" Z="0"/>
					<Vertex X="35369" Y="71901" Z="0"/>
					<Vertex X="35718" Y="72017" Z="0"/>
					<Vertex X="35951" Y="71785" Z="0"/>
					<Vertex X="35834" Y="71436" Z="0"/>
					<Vertex X="36183" Y="71552" Z="0"/>
					<Vertex X="36532" Y="71319" Z="0"/>
					<Vertex X="36416" Y="70854" Z="0"/>
					<Vertex X="36532" Y="70854" Z="0"/>
					<Vertex X="36649" Y="70738" Z="0"/>
					<Vertex X="37114" Y="70854" Z="0"/>
					<Vertex X="37230" Y="70854" Z="0"/>
					<Vertex X="37579" Y="70738" Z="0"/>
					<Vertex X="37812" Y="70621" Z="0"/>
					<Vertex X="37812" Y="70272" Z="0"/>
					<Vertex X="38278" Y="70389" Z="0"/>
					<Vertex X="38278" Y="70156" Z="0"/>
					<Vertex X="38510" Y="70040" Z="0"/>
					<Vertex X="38859" Y="70156" Z="0"/>
					<Vertex X="39092" Y="70156" Z="0"/>
					<Vertex X="39092" Y="69807" Z="0"/>
					<Vertex X="39325" Y="69807" Z="0"/>
					<Vertex X="39790" Y="70040" Z="0"/>
					<Vertex X="40023" Y="69923" Z="0"/>
					<Vertex X="39906" Y="69691" Z="0"/>
					<Vertex X="40255" Y="69923" Z="0"/>
					<Vertex X="40372" Y="69923" Z="0"/>
					<Vertex X="40488" Y="69923" Z="0"/>
					<Vertex X="40372" Y="69691" Z="0"/>
					<Vertex X="40721" Y="69923" Z="0"/>
					<Vertex X="40604" Y="69691" Z="0"/>
					<Vertex X="40953" Y="69923" Z="0"/>
					<Vertex X="41186" Y="69923" Z="0"/>
					<Vertex X="41186" Y="69691" Z="0"/>
					<Vertex X="41419" Y="69691" Z="0"/>
					<Vertex X="41652" Y="69691" Z="0"/>
					<Vertex X="42117" Y="69807" Z="0"/>
					<Vertex X="42117" Y="69574" Z="0"/>
					<Vertex X="42699" Y="69807" Z="0"/>
					<Vertex X="42931" Y="69807" Z="0"/>
					<Vertex X="43280" Y="69807" Z="0"/>
					<Vertex X="43629" Y="69691" Z="0"/>
					<Vertex X="43513" Y="69458" Z="0"/>
					<Vertex X="43862" Y="69225" Z="0"/>
					<Vertex X="44095" Y="69109" Z="0"/>
					<Vertex X="44211" Y="68992" Z="0"/>
					<Vertex X="44677" Y="69109" Z="0"/>
					<Vertex X="44793" Y="68992" Z="0"/>
					<Vertex X="44909" Y="68876" Z="0"/>
					<Vertex X="44793" Y="68527" Z="0"/>
					<Vertex X="45026" Y="68643" Z="0"/>
					<Vertex X="45026" Y="68411" Z="0"/>
					<Vertex X="44793" Y="67945" Z="0"/>
					<Vertex X="44793" Y="67829" Z="0"/>
					<Vertex X="45026" Y="67713" Z="0"/>
					<Vertex X="44793" Y="66898" Z="0"/>
					<Vertex X="45026" Y="66433" Z="0"/>
					<Vertex X="45026" Y="65618" Z="0"/>
					<Vertex X="44793" Y="64455" Z="0"/>
					<Vertex X="44793" Y="63990" Z="0"/>
					<Vertex X="45026" Y="63641" Z="0"/>
					<Vertex X="45142" Y="63292" Z="0"/>
					<Vertex X="45026" Y="62012" Z="0"/>
					<Vertex X="45258" Y="61663" Z="0"/>
					<Vertex X="45026" Y="60965" Z="0"/>
					<Vertex X="45258" Y="60732" Z="0"/>
					<Vertex X="45026" Y="60034" Z="0"/>
					<Vertex X="45258" Y="59569" Z="0"/>
					<Vertex X="45258" Y="59103" Z="0"/>
					<Vertex X="45258" Y="58870" Z="0"/>
					<Vertex X="44909" Y="58172" Z="0"/>
					<Vertex X="45026" Y="57940" Z="0"/>
					<Vertex X="44909" Y="57591" Z="0"/>
					<Vertex X="44793" Y="57125" Z="0"/>
					<Vertex X="44677" Y="56893" Z="0"/>
					<Vertex X="44444" Y="56544" Z="0"/>
					<Vertex X="43978" Y="55846" Z="0"/>
					<Vertex X="43978" Y="55496" Z="0"/>
					<Vertex X="43746" Y="55147" Z="0"/>
					<Vertex X="43164" Y="54217" Z="0"/>
					<Vertex X="43280" Y="54100" Z="0"/>
					<Vertex X="42931" Y="53519" Z="0"/>
					<Vertex X="42350" Y="52704" Z="0"/>
					<Vertex X="42233" Y="52122" Z="0"/>
					<Vertex X="41884" Y="51424" Z="0"/>
					<Vertex X="41419" Y="50261" Z="0"/>
					<Vertex X="41186" Y="49796" Z="0"/>
					<Vertex X="41070" Y="49563" Z="0"/>
					<Vertex X="40953" Y="49214" Z="0"/>
					<Vertex X="40604" Y="48516" Z="0"/>
					<Vertex X="40372" Y="47934" Z="0"/>
					<Vertex X="40372" Y="47352" Z="0"/>
					<Vertex X="39906" Y="46654" Z="0"/>
					<Vertex X="40023" Y="46305" Z="0"/>
					<Vertex X="39790" Y="45840" Z="0"/>
					<Vertex X="39674" Y="45258" Z="0"/>
					<Vertex X="39441" Y="44793" Z="0"/>
					<Vertex X="39092" Y="44095" Z="0"/>
					<Vertex X="39092" Y="43746" Z="0"/>
					<Vertex X="38976" Y="43513" Z="0"/>
					<Vertex X="38859" Y="43164" Z="0"/>
					<Vertex X="38627" Y="42931" Z="0"/>
					<Vertex X="38510" Y="42582" Z="0"/>
					<Vertex X="38161" Y="42117" Z="0"/>
					<Vertex X="38161" Y="41884" Z="0"/>
					<Vertex X="38045" Y="41535" Z="0"/>
					<Vertex X="38161" Y="41535" Z="0"/>
					<Vertex X="37929" Y="41070" Z="0"/>
					<Vertex X="38045" Y="40953" Z="0"/>
					<Vertex X="38045" Y="40837" Z="0"/>
					<Vertex X="37929" Y="40721" Z="0"/>
					<Vertex X="37812" Y="40372" Z="0"/>
					<Vertex X="37696" Y="40255" Z="0"/>
					<Vertex X="37696" Y="40023" Z="0"/>
					<Vertex X="37696" Y="39790" Z="0"/>
					<Vertex X="37696" Y="39208" Z="0"/>
					<Vertex X="37347" Y="37928" Z="0"/>
					<Vertex X="37230" Y="37114" Z="0"/>
					<Vertex X="37230" Y="36300" Z="0"/>
					<Vertex X="37347" Y="35718" Z="0"/>
					<Vertex X="37347" Y="35253" Z="0"/>
					<Vertex X="37230" Y="34554" Z="0"/>
					<Vertex X="37230" Y="33856" Z="0"/>
					<Vertex X="37114" Y="33391" Z="0"/>
					<Vertex X="37114" Y="32809" Z="0"/>
					<Vertex X="37114" Y="32111" Z="0"/>
					<Vertex X="37114" Y="31413" Z="0"/>
					<Vertex X="37114" Y="30831" Z="0"/>
					<Vertex X="37114" Y="30250" Z="0"/>
					<Vertex X="36998" Y="29784" Z="0"/>
					<Vertex X="36649" Y="28854" Z="0"/>
					<Vertex X="36881" Y="28388" Z="0"/>
					<Vertex X="36881" Y="27806" Z="0"/>
					<Vertex X="36765" Y="27457" Z="0"/>
					<Vertex X="36532" Y="26061" Z="0"/>
					<Vertex X="36532" Y="25712" Z="0"/>
					<Vertex X="36416" Y="24781" Z="0"/>
					<Vertex X="36649" Y="23269" Z="0"/>
					<Vertex X="36649" Y="22687" Z="0"/>
					<Vertex X="36416" Y="21291" Z="0"/>
					<Vertex X="36416" Y="20128" Z="0"/>
					<Vertex X="36649" Y="19197" Z="0"/>
					<Vertex X="36649" Y="18266" Z="0"/>
					<Vertex X="36416" Y="16754" Z="0"/>
					<Vertex X="36649" Y="16754" Z="0"/>
					<Vertex X="36416" Y="15823" Z="0"/>
					<Vertex X="36649" Y="15823" Z="0"/>
					<Vertex X="36649" Y="15358" Z="0"/>
					<Vertex X="36300" Y="14659" Z="0"/>
					<Vertex X="36532" Y="14543" Z="0"/>
					<Vertex X="36300" Y="13961" Z="0"/>
					<Vertex X="36300" Y="13612" Z="0"/>
					<Vertex X="36532" Y="13612" Z="0"/>
					<Vertex X="36416" Y="13380" Z="0"/>
					<Vertex X="36067" Y="12682" Z="0"/>
					<Vertex X="35951" Y="12333" Z="0"/>
					<Vertex X="35951" Y="12100" Z="0"/>
					<Vertex X="35951" Y="11867" Z="0"/>
					<Vertex X="35602" Y="11169" Z="0"/>
					<Vertex X="35485" Y="10820" Z="0"/>
					<Vertex X="35253" Y="10704" Z="0"/>
					<Vertex X="34904" Y="10122" Z="0"/>
					<Vertex X="34904" Y="10006" Z="0"/>
					<Vertex X="34438" Y="9424" Z="0"/>
					<Vertex X="34322" Y="9191" Z="0"/>
					<Vertex X="34089" Y="8959" Z="0"/>
					<Vertex X="33624" Y="8493" Z="0"/>
					<Vertex X="33507" Y="8377" Z="0"/>
					<Vertex X="33275" Y="8261" Z="0"/>
					<Vertex X="33042" Y="8028" Z="0"/>
					<Vertex X="32693" Y="7795" Z="0"/>
					<Vertex X="32460" Y="7679" Z="0"/>
					<Vertex X="32111" Y="7446" Z="0"/>
					<Vertex X="31879" Y="7330" Z="0"/>
					<Vertex X="31413" Y="7213" Z="0"/>
					<Vertex X="31064" Y="6981" Z="0"/>
					<Vertex X="31064" Y="7213" Z="0"/>
					<Vertex X="30599" Y="6864" Z="0"/>
					<Vertex X="30482" Y="6864" Z="0"/>
					<Vertex X="30133" Y="7097" Z="0"/>
					<Vertex X="29668" Y="6864" Z="0"/>
					<Vertex X="29203" Y="6864" Z="0"/>
					<Vertex X="29086" Y="7097" Z="0"/>
					<Vertex X="28854" Y="7213" Z="0"/>
					<Vertex X="28505" Y="7213" Z="0"/>
					<Vertex X="28156" Y="7330" Z="0"/>
					<Vertex X="27458" Y="7213" Z="0"/>
					<Vertex X="27574" Y="7562" Z="0"/>
					<Vertex X="27341" Y="7679" Z="0"/>
					<Vertex X="27225" Y="7795" Z="0"/>
					<Vertex X="26643" Y="7795" Z="0"/>
					<Vertex X="26410" Y="8028" Z="0"/>
					<Vertex X="26410" Y="8377" Z="0"/>
					<Vertex X="26178" Y="8726" Z="0"/>
					<Vertex X="26061" Y="8842" Z="0"/>
					<Vertex X="25712" Y="9308" Z="0"/>
					<Vertex X="25596" Y="9540" Z="0"/>
					<Vertex X="25131" Y="9657" Z="0"/>
					<Vertex X="24898" Y="10122" Z="0"/>
					<Vertex X="24898" Y="10820" Z="0"/>
					<Vertex X="24433" Y="11053" Z="0"/>
					<Vertex X="24316" Y="11518" Z="0"/>
					<Vertex X="24549" Y="11867" Z="0"/>
					<Vertex X="23967" Y="12798" Z="0"/>
					<Vertex X="24084" Y="13729" Z="0"/>
					<Vertex X="23967" Y="14194" Z="0"/>
					<Vertex X="23734" Y="14543" Z="0"/>
					<Vertex X="23851" Y="15241" Z="0"/>
					<Vertex X="23734" Y="15939" Z="0"/>
					<Vertex X="23385" Y="16172" Z="0"/>
					<Vertex X="23502" Y="16986" Z="0"/>
					<Vertex X="23269" Y="17684" Z="0"/>
					<Vertex X="23153" Y="18150" Z="0"/>
					<Vertex X="22804" Y="18499" Z="0"/>
					<Vertex X="22804" Y="19313" Z="0"/>
					<Vertex X="22571" Y="20128" Z="0"/>
					<Vertex X="22222" Y="20360" Z="0"/>
					<Vertex X="22222" Y="21291" Z="0"/>
					<Vertex X="21873" Y="21640" Z="0"/>
					<Vertex X="21757" Y="22455" Z="0"/>
					<Vertex X="21524" Y="23269" Z="0"/>
					<Vertex X="21291" Y="23967" Z="0"/>
					<Vertex X="21059" Y="24549" Z="0"/>
					<Vertex X="20477" Y="25014" Z="0"/>
					<Vertex X="20360" Y="25945" Z="0"/>
					<Vertex X="20244" Y="26294" Z="0"/>
					<Vertex X="19662" Y="26643" Z="0"/>
					<Vertex X="19662" Y="27574" Z="0"/>
					<Vertex X="19081" Y="28039" Z="0"/>
					<Vertex X="19081" Y="28970" Z="0"/>
					<Vertex X="18848" Y="29435" Z="0"/>
					<Vertex X="18383" Y="29784" Z="0"/>
					<Vertex X="18499" Y="30599" Z="0"/>
					<Vertex X="18150" Y="30599" Z="0"/>
					<Vertex X="18266" Y="31064" Z="0"/>
					<Vertex X="18034" Y="31529" Z="0"/>
					<Vertex X="17917" Y="31762" Z="0"/>
					<Vertex X="17917" Y="31879" Z="0"/>
					<Vertex X="17685" Y="31762" Z="0"/>
					<Vertex X="17568" Y="31995" Z="0"/>
					<Vertex X="17336" Y="32460" Z="0"/>
					<Vertex X="17103" Y="32809" Z="0"/>
					<Vertex X="16986" Y="33158" Z="0"/>
					<Vertex X="16986" Y="33973" Z="0"/>
					<Vertex X="16637" Y="34671" Z="0"/>
					<Vertex X="16405" Y="35369" Z="0"/>
					<Vertex X="16172" Y="35718" Z="0"/>
					<Vertex X="15939" Y="36300" Z="0"/>
					<Vertex X="15474" Y="36649" Z="0"/>
					<Vertex X="15241" Y="37114" Z="0"/>
					<Vertex X="15358" Y="37696" Z="0"/>
					<Vertex X="15009" Y="37696" Z="0"/>
					<Vertex X="14892" Y="38045" Z="0"/>
					<Vertex X="15009" Y="38627" Z="0"/>
					<Vertex X="14892" Y="38976" Z="0"/>
					<Vertex X="14660" Y="39790" Z="0"/>
					<Vertex X="14543" Y="40023" Z="0"/>
					<Vertex X="14194" Y="39906" Z="0"/>
					<Vertex X="14194" Y="40139" Z="0"/>
					<Vertex X="14427" Y="40488" Z="0"/>
					<Vertex X="14078" Y="40721" Z="0"/>
					<Vertex X="14311" Y="41302" Z="0"/>
					<Vertex X="13962" Y="41419" Z="0"/>
					<Vertex X="14194" Y="41884" Z="0"/>
					<Vertex X="14194" Y="42117" Z="0"/>
					<Vertex X="13962" Y="42117" Z="0"/>
					<Vertex X="14078" Y="42582" Z="0"/>
					<Vertex X="14078" Y="42699" Z="0"/>
					<Vertex X="14078" Y="42931" Z="0"/>
					<Vertex X="13845" Y="42931" Z="0"/>
					<Vertex X="14078" Y="43280" Z="0"/>
					<Vertex X="13962" Y="43397" Z="0"/>
					<Vertex X="13962" Y="43513" Z="0"/>
					<Vertex X="13729" Y="43397" Z="0"/>
					<Vertex X="13962" Y="43746" Z="0"/>
					<Vertex X="13962" Y="43978" Z="0"/>
					<Vertex X="13962" Y="44095" Z="0"/>
					<Vertex X="13962" Y="44211" Z="0"/>
					<Vertex X="13612" Y="44211" Z="0"/>
					<Vertex X="13845" Y="44560" Z="0"/>
					<Vertex X="13845" Y="44676" Z="0"/>
					<Vertex X="13845" Y="44793" Z="0"/>
					<Vertex X="13612" Y="44793" Z="0"/>
					<Vertex X="13612" Y="44909" Z="0"/>
					<Vertex X="13496" Y="45025" Z="0"/>
					<Vertex X="13496" Y="45258" Z="0"/>
					<Vertex X="13729" Y="45491" Z="0"/>
					<Vertex X="13729" Y="45258" Z="0"/>
					<Vertex X="13845" Y="45025" Z="0"/>
					<Vertex X="13263" Y="46189" Z="0"/>
				</Vertices>
			</Region>
			<Region Id="2" Type="0" Zoom="0.008510" Selected="0" ImageLocation="" ImageFocus="-1" Length="103155.7" Area="452854570.5" LengthMicrons="26046.8" AreaMicrons="28872308.7" Text="" NegativeROA="0" InputRegionId="0" Analyze="1" DisplayId="2">
				<Attributes/>
				<Vertices>
					<Vertex X="43978" Y="49796" Z="0"/>
					<Vertex X="44211" Y="50261" Z="0"/>
					<Vertex X="44327" Y="50610" Z="0"/>
					<Vertex X="44677" Y="51308" Z="0"/>
					<Vertex X="45142" Y="52704" Z="0"/>
					<Vertex X="45724" Y="53868" Z="0"/>
					<Vertex X="45956" Y="54566" Z="0"/>
					<Vertex X="46189" Y="55496" Z="0"/>
					<Vertex X="46887" Y="56893" Z="0"/>
					<Vertex X="47352" Y="57940" Z="0"/>
					<Vertex X="47818" Y="58987" Z="0"/>
					<Vertex X="48051" Y="59801" Z="0"/>
					<Vertex X="48167" Y="60499" Z="0"/>
					<Vertex X="48283" Y="61197" Z="0"/>
					<Vertex X="48865" Y="62244" Z="0"/>
					<Vertex X="48981" Y="62594" Z="0"/>
					<Vertex X="49098" Y="63175" Z="0"/>
					<Vertex X="49214" Y="63292" Z="0"/>
					<Vertex X="49330" Y="63641" Z="0"/>
					<Vertex X="49447" Y="63990" Z="0"/>
					<Vertex X="49563" Y="64222" Z="0"/>
					<Vertex X="49796" Y="64455" Z="0"/>
					<Vertex X="49796" Y="64571" Z="0"/>
					<Vertex X="49912" Y="64804" Z="0"/>
					<Vertex X="50494" Y="65269" Z="0"/>
					<Vertex X="50610" Y="65386" Z="0"/>
					<Vertex X="50726" Y="65386" Z="0"/>
					<Vertex X="50843" Y="65618" Z="0"/>
					<Vertex X="51308" Y="65968" Z="0"/>
					<Vertex X="51541" Y="66200" Z="0"/>
					<Vertex X="51774" Y="66200" Z="0"/>
					<Vertex X="52239" Y="66433" Z="0"/>
					<Vertex X="52355" Y="66433" Z="0"/>
					<Vertex X="52472" Y="66433" Z="0"/>
					<Vertex X="53053" Y="66666" Z="0"/>
					<Vertex X="53286" Y="66666" Z="0"/>
					<Vertex X="53519" Y="66666" Z="0"/>
					<Vertex X="53635" Y="66666" Z="0"/>
					<Vertex X="53635" Y="66317" Z="0"/>
					<Vertex X="54449" Y="66317" Z="0"/>
					<Vertex X="54682" Y="66084" Z="0"/>
					<Vertex X="55031" Y="65851" Z="0"/>
					<Vertex X="55264" Y="65618" Z="0"/>
					<Vertex X="55148" Y="65269" Z="0"/>
					<Vertex X="55613" Y="65153" Z="0"/>
					<Vertex X="55729" Y="65037" Z="0"/>
					<Vertex X="55962" Y="64804" Z="0"/>
					<Vertex X="56195" Y="64571" Z="0"/>
					<Vertex X="56311" Y="64222" Z="0"/>
					<Vertex X="56544" Y="63873" Z="0"/>
					<Vertex X="56660" Y="63641" Z="0"/>
					<Vertex X="56660" Y="63175" Z="0"/>
					<Vertex X="56660" Y="63059" Z="0"/>
					<Vertex X="56893" Y="62826" Z="0"/>
					<Vertex X="57009" Y="62594" Z="0"/>
					<Vertex X="57474" Y="62594" Z="0"/>
					<Vertex X="57707" Y="62361" Z="0"/>
					<Vertex X="57707" Y="61779" Z="0"/>
					<Vertex X="57823" Y="61546" Z="0"/>
					<Vertex X="58056" Y="61197" Z="0"/>
					<Vertex X="58289" Y="60848" Z="0"/>
					<Vertex X="58754" Y="60848" Z="0"/>
					<Vertex X="58638" Y="60499" Z="0"/>
					<Vertex X="59103" Y="60383" Z="0"/>
					<Vertex X="59103" Y="60267" Z="0"/>
					<Vertex X="59220" Y="60150" Z="0"/>
					<Vertex X="59336" Y="60034" Z="0"/>
					<Vertex X="59452" Y="59918" Z="0"/>
					<Vertex X="59336" Y="59569" Z="0"/>
					<Vertex X="59685" Y="59569" Z="0"/>
					<Vertex X="59801" Y="59452" Z="0"/>
					<Vertex X="60034" Y="59336" Z="0"/>
					<Vertex X="60150" Y="59220" Z="0"/>
					<Vertex X="60034" Y="58754" Z="0"/>
					<Vertex X="60150" Y="58638" Z="0"/>
					<Vertex X="60499" Y="58870" Z="0"/>
					<Vertex X="60732" Y="58638" Z="0"/>
					<Vertex X="60616" Y="58289" Z="0"/>
					<Vertex X="60616" Y="58172" Z="0"/>
					<Vertex X="61081" Y="58289" Z="0"/>
					<Vertex X="61197" Y="58172" Z="0"/>
					<Vertex X="61314" Y="57940" Z="0"/>
					<Vertex X="61430" Y="57940" Z="0"/>
					<Vertex X="61547" Y="57823" Z="0"/>
					<Vertex X="61663" Y="57707" Z="0"/>
					<Vertex X="61430" Y="57474" Z="0"/>
					<Vertex X="61779" Y="57591" Z="0"/>
					<Vertex X="61547" Y="57358" Z="0"/>
					<Vertex X="62012" Y="57242" Z="0"/>
					<Vertex X="62245" Y="57009" Z="0"/>
					<Vertex X="62361" Y="56311" Z="0"/>
					<Vertex X="63059" Y="55962" Z="0"/>
					<Vertex X="63408" Y="55729" Z="0"/>
					<Vertex X="63524" Y="55147" Z="0"/>
					<Vertex X="64339" Y="54566" Z="0"/>
					<Vertex X="64688" Y="54217" Z="0"/>
					<Vertex X="64921" Y="53868" Z="0"/>
					<Vertex X="65037" Y="53751" Z="0"/>
					<Vertex X="65270" Y="52821" Z="0"/>
					<Vertex X="65735" Y="52704" Z="0"/>
					<Vertex X="65619" Y="52239" Z="0"/>
					<Vertex X="66200" Y="51773" Z="0"/>
					<Vertex X="66433" Y="51424" Z="0"/>
					<Vertex X="66549" Y="50959" Z="0"/>
					<Vertex X="66433" Y="50494" Z="0"/>
					<Vertex X="66549" Y="50028" Z="0"/>
					<Vertex X="66898" Y="50028" Z="0"/>
					<Vertex X="66898" Y="49679" Z="0"/>
					<Vertex X="67015" Y="49330" Z="0"/>
					<Vertex X="67015" Y="48865" Z="0"/>
					<Vertex X="67015" Y="48748" Z="0"/>
					<Vertex X="67131" Y="48283" Z="0"/>
					<Vertex X="67247" Y="47469" Z="0"/>
					<Vertex X="67247" Y="47236" Z="0"/>
					<Vertex X="67247" Y="46771" Z="0"/>
					<Vertex X="67364" Y="45840" Z="0"/>
					<Vertex X="67364" Y="45607" Z="0"/>
					<Vertex X="67480" Y="44909" Z="0"/>
					<Vertex X="67480" Y="44211" Z="0"/>
					<Vertex X="67480" Y="43629" Z="0"/>
					<Vertex X="67480" Y="43048" Z="0"/>
					<Vertex X="67480" Y="42233" Z="0"/>
					<Vertex X="67364" Y="41651" Z="0"/>
					<Vertex X="67364" Y="41186" Z="0"/>
					<Vertex X="67247" Y="40837" Z="0"/>
					<Vertex X="67131" Y="40604" Z="0"/>
					<Vertex X="66782" Y="40023" Z="0"/>
					<Vertex X="66898" Y="39906" Z="0"/>
					<Vertex X="66549" Y="39208" Z="0"/>
					<Vertex X="66433" Y="38859" Z="0"/>
					<Vertex X="66200" Y="38394" Z="0"/>
					<Vertex X="65851" Y="37928" Z="0"/>
					<Vertex X="65851" Y="37812" Z="0"/>
					<Vertex X="65619" Y="37696" Z="0"/>
					<Vertex X="65502" Y="37579" Z="0"/>
					<Vertex X="65153" Y="37347" Z="0"/>
					<Vertex X="64921" Y="37114" Z="0"/>
					<Vertex X="64571" Y="36998" Z="0"/>
					<Vertex X="64222" Y="36881" Z="0"/>
					<Vertex X="64106" Y="36765" Z="0"/>
					<Vertex X="63408" Y="36300" Z="0"/>
					<Vertex X="63292" Y="36416" Z="0"/>
					<Vertex X="63059" Y="36300" Z="0"/>
					<Vertex X="62710" Y="36183" Z="0"/>
					<Vertex X="62477" Y="36067" Z="0"/>
					<Vertex X="62012" Y="35951" Z="0"/>
					<Vertex X="61663" Y="35951" Z="0"/>
					<Vertex X="61430" Y="35951" Z="0"/>
					<Vertex X="61314" Y="35951" Z="0"/>
					<Vertex X="60848" Y="35951" Z="0"/>
					<Vertex X="60383" Y="35718" Z="0"/>
					<Vertex X="60267" Y="35951" Z="0"/>
					<Vertex X="59918" Y="36067" Z="0"/>
					<Vertex X="59569" Y="36067" Z="0"/>
					<Vertex X="58987" Y="36067" Z="0"/>
					<Vertex X="58987" Y="36300" Z="0"/>
					<Vertex X="58871" Y="36416" Z="0"/>
					<Vertex X="58638" Y="36532" Z="0"/>
					<Vertex X="58173" Y="36416" Z="0"/>
					<Vertex X="58289" Y="36765" Z="0"/>
					<Vertex X="58173" Y="36881" Z="0"/>
					<Vertex X="57823" Y="36649" Z="0"/>
					<Vertex X="57707" Y="36765" Z="0"/>
					<Vertex X="57474" Y="36998" Z="0"/>
					<Vertex X="57591" Y="37347" Z="0"/>
					<Vertex X="57474" Y="37347" Z="0"/>
					<Vertex X="57242" Y="37579" Z="0"/>
					<Vertex X="57009" Y="37812" Z="0"/>
					<Vertex X="56893" Y="38045" Z="0"/>
					<Vertex X="56660" Y="38161" Z="0"/>
					<Vertex X="56544" Y="38394" Z="0"/>
					<Vertex X="56078" Y="38277" Z="0"/>
					<Vertex X="56195" Y="38627" Z="0"/>
					<Vertex X="56078" Y="38743" Z="0"/>
					<Vertex X="55962" Y="38743" Z="0"/>
					<Vertex X="55497" Y="38627" Z="0"/>
					<Vertex X="55497" Y="38976" Z="0"/>
					<Vertex X="54915" Y="38859" Z="0"/>
					<Vertex X="54915" Y="39208" Z="0"/>
					<Vertex X="54566" Y="39325" Z="0"/>
					<Vertex X="54333" Y="39441" Z="0"/>
					<Vertex X="53984" Y="39557" Z="0"/>
					<Vertex X="53519" Y="39441" Z="0"/>
					<Vertex X="53519" Y="39790" Z="0"/>
					<Vertex X="53286" Y="39906" Z="0"/>
					<Vertex X="52937" Y="40023" Z="0"/>
					<Vertex X="52472" Y="40139" Z="0"/>
					<Vertex X="52123" Y="40255" Z="0"/>
					<Vertex X="51657" Y="40372" Z="0"/>
					<Vertex X="51308" Y="40488" Z="0"/>
					<Vertex X="50843" Y="40488" Z="0"/>
					<Vertex X="50377" Y="40372" Z="0"/>
					<Vertex X="50028" Y="40372" Z="0"/>
					<Vertex X="50028" Y="40604" Z="0"/>
					<Vertex X="49679" Y="40721" Z="0"/>
					<Vertex X="49098" Y="40488" Z="0"/>
					<Vertex X="48749" Y="40604" Z="0"/>
					<Vertex X="48632" Y="40837" Z="0"/>
					<Vertex X="48400" Y="40953" Z="0"/>
					<Vertex X="47818" Y="40721" Z="0"/>
					<Vertex X="48051" Y="41070" Z="0"/>
					<Vertex X="47818" Y="41070" Z="0"/>
					<Vertex X="47818" Y="41186" Z="0"/>
					<Vertex X="47585" Y="41302" Z="0"/>
					<Vertex X="47469" Y="41419" Z="0"/>
					<Vertex X="47352" Y="41535" Z="0"/>
					<Vertex X="47352" Y="41768" Z="0"/>
					<Vertex X="47236" Y="41768" Z="0"/>
					<Vertex X="47003" Y="41768" Z="0"/>
					<Vertex X="47236" Y="42117" Z="0"/>
					<Vertex X="47236" Y="42233" Z="0"/>
					<Vertex X="47236" Y="42350" Z="0"/>
					<Vertex X="47236" Y="42466" Z="0"/>
					<Vertex X="47236" Y="42582" Z="0"/>
					<Vertex X="47003" Y="42582" Z="0"/>
					<Vertex X="47236" Y="43048" Z="0"/>
					<Vertex X="47352" Y="43164" Z="0"/>
					<Vertex X="47469" Y="43397" Z="0"/>
					<Vertex X="47352" Y="43397" Z="0"/>
					<Vertex X="47585" Y="43746" Z="0"/>
					<Vertex X="47701" Y="43978" Z="0"/>
					<Vertex X="47585" Y="43978" Z="0"/>
					<Vertex X="47934" Y="44327" Z="0"/>
					<Vertex X="48051" Y="44560" Z="0"/>
					<Vertex X="48167" Y="44793" Z="0"/>
					<Vertex X="48283" Y="44909" Z="0"/>
					<Vertex X="48283" Y="45025" Z="0"/>
					<Vertex X="48283" Y="45142" Z="0"/>
					<Vertex X="48632" Y="45491" Z="0"/>
					<Vertex X="48632" Y="45607" Z="0"/>
					<Vertex X="48749" Y="45724" Z="0"/>
					<Vertex X="48749" Y="45840" Z="0"/>
					<Vertex X="48865" Y="45956" Z="0"/>
					<Vertex X="48865" Y="46189" Z="0"/>
					<Vertex X="48865" Y="46305" Z="0"/>
					<Vertex X="48865" Y="46538" Z="0"/>
					<Vertex X="48632" Y="46538" Z="0"/>
					<Vertex X="48632" Y="46771" Z="0"/>
					<Vertex X="48632" Y="47003" Z="0"/>
					<Vertex X="48749" Y="47352" Z="0"/>
					<Vertex X="48632" Y="47585" Z="0"/>
					<Vertex X="48632" Y="47701" Z="0"/>
					<Vertex X="48283" Y="47701" Z="0"/>
					<Vertex X="48400" Y="48050" Z="0"/>
					<Vertex X="48283" Y="48283" Z="0"/>
					<Vertex X="47934" Y="48167" Z="0"/>
					<Vertex X="48051" Y="48516" Z="0"/>
					<Vertex X="47818" Y="48399" Z="0"/>
					<Vertex X="47934" Y="48748" Z="0"/>
					<Vertex X="47818" Y="48748" Z="0"/>
					<Vertex X="47818" Y="48865" Z="0"/>
					<Vertex X="47701" Y="48865" Z="0"/>
					<Vertex X="47236" Y="48632" Z="0"/>
					<Vertex X="47352" Y="48865" Z="0"/>
					<Vertex X="47236" Y="48865" Z="0"/>
					<Vertex X="47120" Y="48981" Z="0"/>
					<Vertex X="46771" Y="48748" Z="0"/>
					<Vertex X="46771" Y="48981" Z="0"/>
					<Vertex X="46771" Y="49098" Z="0"/>
					<Vertex X="46538" Y="49098" Z="0"/>
					<Vertex X="46422" Y="49098" Z="0"/>
					<Vertex X="45956" Y="48865" Z="0"/>
					<Vertex X="45840" Y="48865" Z="0"/>
					<Vertex X="45956" Y="49214" Z="0"/>
					<Vertex X="45840" Y="49214" Z="0"/>
					<Vertex X="45607" Y="48981" Z="0"/>
					<Vertex X="45724" Y="49214" Z="0"/>
					<Vertex X="45375" Y="48981" Z="0"/>
					<Vertex X="45607" Y="49214" Z="0"/>
					<Vertex X="45491" Y="49214" Z="0"/>
					<Vertex X="45375" Y="49214" Z="0"/>
					<Vertex X="45258" Y="49214" Z="0"/>
					<Vertex X="45142" Y="49214" Z="0"/>
					<Vertex X="44909" Y="48981" Z="0"/>
					<Vertex X="45142" Y="49214" Z="0"/>
					<Vertex X="45026" Y="49214" Z="0"/>
					<Vertex X="44793" Y="48981" Z="0"/>
					<Vertex X="45026" Y="49214" Z="0"/>
					<Vertex X="44793" Y="48981" Z="0"/>
					<Vertex X="43978" Y="49796" Z="0"/>
				</Vertices>
			</Region>
			<Region Id="3" Type="0" Zoom="0.008510" Selected="0" ImageLocation="" ImageFocus="-1" Length="57964.7" Area="163342258.5" LengthMicrons="14636.1" AreaMicrons="10414089.7" Text="" NegativeROA="0" InputRegionId="0" Analyze="1" DisplayId="3">
				<Attributes/>
				<Vertices>
					<Vertex X="43978" Y="25829" Z="0"/>
					<Vertex X="43978" Y="25712" Z="0"/>
					<Vertex X="44095" Y="25131" Z="0"/>
					<Vertex X="44677" Y="24898" Z="0"/>
					<Vertex X="44677" Y="24200" Z="0"/>
					<Vertex X="45491" Y="22920" Z="0"/>
					<Vertex X="46422" Y="21989" Z="0"/>
					<Vertex X="46538" Y="21291" Z="0"/>
					<Vertex X="46654" Y="21058" Z="0"/>
					<Vertex X="47469" Y="20011" Z="0"/>
					<Vertex X="47934" Y="20011" Z="0"/>
					<Vertex X="47818" Y="19662" Z="0"/>
					<Vertex X="48283" Y="19662" Z="0"/>
					<Vertex X="48167" Y="19313" Z="0"/>
					<Vertex X="48516" Y="19081" Z="0"/>
					<Vertex X="48981" Y="19197" Z="0"/>
					<Vertex X="49330" Y="19081" Z="0"/>
					<Vertex X="49447" Y="19081" Z="0"/>
					<Vertex X="49330" Y="18732" Z="0"/>
					<Vertex X="49796" Y="18964" Z="0"/>
					<Vertex X="50145" Y="18964" Z="0"/>
					<Vertex X="50261" Y="18964" Z="0"/>
					<Vertex X="50494" Y="18964" Z="0"/>
					<Vertex X="50726" Y="18964" Z="0"/>
					<Vertex X="50843" Y="19081" Z="0"/>
					<Vertex X="50843" Y="18848" Z="0"/>
					<Vertex X="51075" Y="18964" Z="0"/>
					<Vertex X="51541" Y="19430" Z="0"/>
					<Vertex X="51657" Y="19546" Z="0"/>
					<Vertex X="51774" Y="19546" Z="0"/>
					<Vertex X="51774" Y="19662" Z="0"/>
					<Vertex X="51890" Y="19779" Z="0"/>
					<Vertex X="51890" Y="19895" Z="0"/>
					<Vertex X="52123" Y="20244" Z="0"/>
					<Vertex X="52123" Y="20244" Z="0"/>
					<Vertex X="52472" Y="20593" Z="0"/>
					<Vertex X="52355" Y="20593" Z="0"/>
					<Vertex X="52704" Y="20942" Z="0"/>
					<Vertex X="52704" Y="21058" Z="0"/>
					<Vertex X="52821" Y="21291" Z="0"/>
					<Vertex X="53053" Y="21524" Z="0"/>
					<Vertex X="53053" Y="21640" Z="0"/>
					<Vertex X="53519" Y="22338" Z="0"/>
					<Vertex X="53635" Y="22687" Z="0"/>
					<Vertex X="53751" Y="22804" Z="0"/>
					<Vertex X="53751" Y="22920" Z="0"/>
					<Vertex X="54100" Y="23385" Z="0"/>
					<Vertex X="54217" Y="23618" Z="0"/>
					<Vertex X="54449" Y="24083" Z="0"/>
					<Vertex X="54333" Y="24200" Z="0"/>
					<Vertex X="54799" Y="24665" Z="0"/>
					<Vertex X="54915" Y="25014" Z="0"/>
					<Vertex X="54799" Y="25014" Z="0"/>
					<Vertex X="55264" Y="25596" Z="0"/>
					<Vertex X="55264" Y="25829" Z="0"/>
					<Vertex X="55497" Y="26178" Z="0"/>
					<Vertex X="55497" Y="26527" Z="0"/>
					<Vertex X="55846" Y="27225" Z="0"/>
					<Vertex X="55962" Y="27806" Z="0"/>
					<Vertex X="56078" Y="28155" Z="0"/>
					<Vertex X="55962" Y="28272" Z="0"/>
					<Vertex X="55962" Y="28505" Z="0"/>
					<Vertex X="56195" Y="29086" Z="0"/>
					<Vertex X="56195" Y="29435" Z="0"/>
					<Vertex X="55846" Y="29552" Z="0"/>
					<Vertex X="55962" Y="30250" Z="0"/>
					<Vertex X="55846" Y="30599" Z="0"/>
					<Vertex X="55729" Y="30715" Z="0"/>
					<Vertex X="55613" Y="31180" Z="0"/>
					<Vertex X="55264" Y="31180" Z="0"/>
					<Vertex X="55380" Y="31762" Z="0"/>
					<Vertex X="55380" Y="31995" Z="0"/>
					<Vertex X="55148" Y="31879" Z="0"/>
					<Vertex X="55380" Y="32228" Z="0"/>
					<Vertex X="55264" Y="32344" Z="0"/>
					<Vertex X="55264" Y="32460" Z="0"/>
					<Vertex X="55031" Y="32344" Z="0"/>
					<Vertex X="55148" Y="32693" Z="0"/>
					<Vertex X="54799" Y="32577" Z="0"/>
					<Vertex X="55031" Y="32926" Z="0"/>
					<Vertex X="54915" Y="33042" Z="0"/>
					<Vertex X="54449" Y="33042" Z="0"/>
					<Vertex X="54333" Y="33275" Z="0"/>
					<Vertex X="54449" Y="33624" Z="0"/>
					<Vertex X="54333" Y="33740" Z="0"/>
					<Vertex X="54217" Y="33856" Z="0"/>
					<Vertex X="53984" Y="33973" Z="0"/>
					<Vertex X="53868" Y="34089" Z="0"/>
					<Vertex X="53402" Y="33973" Z="0"/>
					<Vertex X="53170" Y="34089" Z="0"/>
					<Vertex X="53053" Y="34205" Z="0"/>
					<Vertex X="52704" Y="34322" Z="0"/>
					<Vertex X="52704" Y="34671" Z="0"/>
					<Vertex X="52355" Y="34671" Z="0"/>
					<Vertex X="52006" Y="34554" Z="0"/>
					<Vertex X="51890" Y="34903" Z="0"/>
					<Vertex X="51541" Y="34671" Z="0"/>
					<Vertex X="51308" Y="34671" Z="0"/>
					<Vertex X="51192" Y="34671" Z="0"/>
					<Vertex X="51075" Y="34903" Z="0"/>
					<Vertex X="50843" Y="34903" Z="0"/>
					<Vertex X="50726" Y="34903" Z="0"/>
					<Vertex X="50494" Y="35020" Z="0"/>
					<Vertex X="50261" Y="35020" Z="0"/>
					<Vertex X="50028" Y="35136" Z="0"/>
					<Vertex X="49563" Y="35020" Z="0"/>
					<Vertex X="49330" Y="35020" Z="0"/>
					<Vertex X="49330" Y="35369" Z="0"/>
					<Vertex X="49098" Y="35369" Z="0"/>
					<Vertex X="48865" Y="35485" Z="0"/>
					<Vertex X="48283" Y="35369" Z="0"/>
					<Vertex X="48051" Y="35485" Z="0"/>
					<Vertex X="47818" Y="35602" Z="0"/>
					<Vertex X="47469" Y="35951" Z="0"/>
					<Vertex X="47003" Y="36067" Z="0"/>
					<Vertex X="46654" Y="36183" Z="0"/>
					<Vertex X="46305" Y="36183" Z="0"/>
					<Vertex X="46073" Y="36183" Z="0"/>
					<Vertex X="45956" Y="36183" Z="0"/>
					<Vertex X="45607" Y="36183" Z="0"/>
					<Vertex X="45258" Y="35951" Z="0"/>
					<Vertex X="45026" Y="35951" Z="0"/>
					<Vertex X="44909" Y="35951" Z="0"/>
					<Vertex X="44793" Y="35951" Z="0"/>
					<Vertex X="44327" Y="35602" Z="0"/>
					<Vertex X="44211" Y="35485" Z="0"/>
					<Vertex X="44095" Y="35369" Z="0"/>
					<Vertex X="43862" Y="35020" Z="0"/>
					<Vertex X="43629" Y="34671" Z="0"/>
					<Vertex X="43164" Y="34089" Z="0"/>
					<Vertex X="43280" Y="33973" Z="0"/>
					<Vertex X="43280" Y="33624" Z="0"/>
					<Vertex X="43048" Y="33042" Z="0"/>
					<Vertex X="43048" Y="32809" Z="0"/>
					<Vertex X="43280" Y="32693" Z="0"/>
					<Vertex X="43280" Y="32460" Z="0"/>
					<Vertex X="43280" Y="31995" Z="0"/>
					<Vertex X="43397" Y="31646" Z="0"/>
					<Vertex X="43164" Y="31180" Z="0"/>
					<Vertex X="43513" Y="30948" Z="0"/>
					<Vertex X="43280" Y="30366" Z="0"/>
					<Vertex X="43513" Y="30482" Z="0"/>
					<Vertex X="43280" Y="30017" Z="0"/>
					<Vertex X="43280" Y="29668" Z="0"/>
					<Vertex X="43280" Y="29435" Z="0"/>
					<Vertex X="43280" Y="29319" Z="0"/>
					<Vertex X="43280" Y="28854" Z="0"/>
					<Vertex X="43513" Y="28854" Z="0"/>
					<Vertex X="43513" Y="28737" Z="0"/>
					<Vertex X="43513" Y="28388" Z="0"/>
					<Vertex X="43513" Y="28155" Z="0"/>
					<Vertex X="43513" Y="27923" Z="0"/>
					<Vertex X="43513" Y="27574" Z="0"/>
					<Vertex X="43513" Y="27341" Z="0"/>
					<Vertex X="43513" Y="27108" Z="0"/>
					<Vertex X="43629" Y="26876" Z="0"/>
					<Vertex X="43397" Y="26410" Z="0"/>
					<Vertex X="43629" Y="26643" Z="0"/>
					<Vertex X="43397" Y="26294" Z="0"/>
					<Vertex X="43629" Y="26410" Z="0"/>
					<Vertex X="43746" Y="26410" Z="0"/>
					<Vertex X="43513" Y="26178" Z="0"/>
					<Vertex X="43746" Y="26410" Z="0"/>
					<Vertex X="43513" Y="26178" Z="0"/>
					<Vertex X="43978" Y="25829" Z="0"/>
				</Vertices>
			</Region>
			<Region Id="4" Type="0" Zoom="0.008510" Selected="1" ImageLocation="" ImageFocus="-1" Length="66317.9" Area="171247205.5" LengthMicrons="16745.3" AreaMicrons="10918079.4" Text="" NegativeROA="0" InputRegionId="0" Analyze="1" DisplayId="4">
				<Attributes/>
				<Vertices>
					<Vertex X="51075" Y="70738" Z="0"/>
					<Vertex X="51425" Y="70970" Z="0"/>
					<Vertex X="51541" Y="70970" Z="0"/>
					<Vertex X="51657" Y="70970" Z="0"/>
					<Vertex X="51890" Y="70970" Z="0"/>
					<Vertex X="52006" Y="70970" Z="0"/>
					<Vertex X="52239" Y="70970" Z="0"/>
					<Vertex X="52355" Y="70970" Z="0"/>
					<Vertex X="52239" Y="70738" Z="0"/>
					<Vertex X="53053" Y="70738" Z="0"/>
					<Vertex X="53170" Y="70738" Z="0"/>
					<Vertex X="53635" Y="70505" Z="0"/>
					<Vertex X="53984" Y="70389" Z="0"/>
					<Vertex X="54333" Y="70156" Z="0"/>
					<Vertex X="54682" Y="70040" Z="0"/>
					<Vertex X="55031" Y="69807" Z="0"/>
					<Vertex X="55031" Y="69342" Z="0"/>
					<Vertex X="55497" Y="69458" Z="0"/>
					<Vertex X="55613" Y="68876" Z="0"/>
					<Vertex X="56078" Y="68992" Z="0"/>
					<Vertex X="56195" Y="68876" Z="0"/>
					<Vertex X="56195" Y="68411" Z="0"/>
					<Vertex X="56660" Y="68411" Z="0"/>
					<Vertex X="56893" Y="68178" Z="0"/>
					<Vertex X="57125" Y="67945" Z="0"/>
					<Vertex X="57358" Y="67713" Z="0"/>
					<Vertex X="57591" Y="67364" Z="0"/>
					<Vertex X="57823" Y="67131" Z="0"/>
					<Vertex X="58056" Y="66782" Z="0"/>
					<Vertex X="58289" Y="66666" Z="0"/>
					<Vertex X="58289" Y="66084" Z="0"/>
					<Vertex X="58754" Y="65968" Z="0"/>
					<Vertex X="58754" Y="65386" Z="0"/>
					<Vertex X="59220" Y="65269" Z="0"/>
					<Vertex X="59336" Y="64920" Z="0"/>
					<Vertex X="59336" Y="64455" Z="0"/>
					<Vertex X="59452" Y="64222" Z="0"/>
					<Vertex X="59685" Y="64222" Z="0"/>
					<Vertex X="59801" Y="63990" Z="0"/>
					<Vertex X="59918" Y="63757" Z="0"/>
					<Vertex X="59918" Y="63524" Z="0"/>
					<Vertex X="60034" Y="63292" Z="0"/>
					<Vertex X="60034" Y="63059" Z="0"/>
					<Vertex X="59801" Y="62710" Z="0"/>
					<Vertex X="59918" Y="62477" Z="0"/>
					<Vertex X="60034" Y="62244" Z="0"/>
					<Vertex X="60383" Y="62244" Z="0"/>
					<Vertex X="60499" Y="62012" Z="0"/>
					<Vertex X="60616" Y="61779" Z="0"/>
					<Vertex X="60732" Y="61546" Z="0"/>
					<Vertex X="60848" Y="61314" Z="0"/>
					<Vertex X="61081" Y="61081" Z="0"/>
					<Vertex X="60965" Y="60732" Z="0"/>
					<Vertex X="61314" Y="60732" Z="0"/>
					<Vertex X="61430" Y="60616" Z="0"/>
					<Vertex X="61663" Y="60383" Z="0"/>
					<Vertex X="61779" Y="60267" Z="0"/>
					<Vertex X="62128" Y="60034" Z="0"/>
					<Vertex X="62710" Y="59801" Z="0"/>
					<Vertex X="62943" Y="59685" Z="0"/>
					<Vertex X="63059" Y="59336" Z="0"/>
					<Vertex X="63524" Y="59452" Z="0"/>
					<Vertex X="63641" Y="59336" Z="0"/>
					<Vertex X="63990" Y="59220" Z="0"/>
					<Vertex X="63990" Y="58987" Z="0"/>
					<Vertex X="64455" Y="59103" Z="0"/>
					<Vertex X="64571" Y="59103" Z="0"/>
					<Vertex X="64921" Y="59103" Z="0"/>
					<Vertex X="64804" Y="58870" Z="0"/>
					<Vertex X="65270" Y="59103" Z="0"/>
					<Vertex X="65502" Y="59103" Z="0"/>
					<Vertex X="65502" Y="58870" Z="0"/>
					<Vertex X="65619" Y="58987" Z="0"/>
					<Vertex X="66084" Y="59336" Z="0"/>
					<Vertex X="66317" Y="59569" Z="0"/>
					<Vertex X="66433" Y="59801" Z="0"/>
					<Vertex X="66549" Y="59918" Z="0"/>
					<Vertex X="66782" Y="60499" Z="0"/>
					<Vertex X="66898" Y="60848" Z="0"/>
					<Vertex X="67015" Y="60965" Z="0"/>
					<Vertex X="66898" Y="61081" Z="0"/>
					<Vertex X="67131" Y="61663" Z="0"/>
					<Vertex X="67015" Y="61779" Z="0"/>
					<Vertex X="67364" Y="62594" Z="0"/>
					<Vertex X="67364" Y="62943" Z="0"/>
					<Vertex X="67364" Y="63292" Z="0"/>
					<Vertex X="67364" Y="63641" Z="0"/>
					<Vertex X="67364" Y="63873" Z="0"/>
					<Vertex X="67131" Y="64106" Z="0"/>
					<Vertex X="67364" Y="64688" Z="0"/>
					<Vertex X="67364" Y="65037" Z="0"/>
					<Vertex X="67364" Y="65386" Z="0"/>
					<Vertex X="67131" Y="65618" Z="0"/>
					<Vertex X="67364" Y="66200" Z="0"/>
					<Vertex X="67131" Y="66317" Z="0"/>
					<Vertex X="67364" Y="66782" Z="0"/>
					<Vertex X="67364" Y="67015" Z="0"/>
					<Vertex X="67131" Y="67131" Z="0"/>
					<Vertex X="67364" Y="67713" Z="0"/>
					<Vertex X="67364" Y="68062" Z="0"/>
					<Vertex X="67364" Y="68411" Z="0"/>
					<Vertex X="67364" Y="68760" Z="0"/>
					<Vertex X="67364" Y="69109" Z="0"/>
					<Vertex X="67131" Y="69109" Z="0"/>
					<Vertex X="67364" Y="69574" Z="0"/>
					<Vertex X="67364" Y="69807" Z="0"/>
					<Vertex X="67364" Y="70156" Z="0"/>
					<Vertex X="67131" Y="70040" Z="0"/>
					<Vertex X="67131" Y="70156" Z="0"/>
					<Vertex X="67131" Y="70389" Z="0"/>
					<Vertex X="67131" Y="70621" Z="0"/>
					<Vertex X="67131" Y="70854" Z="0"/>
					<Vertex X="67131" Y="71203" Z="0"/>
					<Vertex X="67247" Y="71901" Z="0"/>
					<Vertex X="67247" Y="72017" Z="0"/>
					<Vertex X="67015" Y="72134" Z="0"/>
					<Vertex X="67131" Y="72716" Z="0"/>
					<Vertex X="66898" Y="72716" Z="0"/>
					<Vertex X="67015" Y="73181" Z="0"/>
					<Vertex X="67015" Y="73414" Z="0"/>
					<Vertex X="66782" Y="73530" Z="0"/>
					<Vertex X="66666" Y="73646" Z="0"/>
					<Vertex X="66898" Y="74112" Z="0"/>
					<Vertex X="66898" Y="74344" Z="0"/>
					<Vertex X="66782" Y="74461" Z="0"/>
					<Vertex X="66317" Y="74810" Z="0"/>
					<Vertex X="66317" Y="74926" Z="0"/>
					<Vertex X="66200" Y="75391" Z="0"/>
					<Vertex X="66317" Y="75857" Z="0"/>
					<Vertex X="66317" Y="75973" Z="0"/>
					<Vertex X="66317" Y="76090" Z="0"/>
					<Vertex X="66200" Y="76322" Z="0"/>
					<Vertex X="66084" Y="76439" Z="0"/>
					<Vertex X="65851" Y="76322" Z="0"/>
					<Vertex X="65735" Y="76322" Z="0"/>
					<Vertex X="65851" Y="76788" Z="0"/>
					<Vertex X="65735" Y="76904" Z="0"/>
					<Vertex X="65502" Y="76671" Z="0"/>
					<Vertex X="65619" Y="77020" Z="0"/>
					<Vertex X="65270" Y="76904" Z="0"/>
					<Vertex X="65153" Y="76904" Z="0"/>
					<Vertex X="64455" Y="76904" Z="0"/>
					<Vertex X="64455" Y="77137" Z="0"/>
					<Vertex X="63990" Y="76904" Z="0"/>
					<Vertex X="63757" Y="76904" Z="0"/>
					<Vertex X="63757" Y="77137" Z="0"/>
					<Vertex X="63408" Y="76904" Z="0"/>
					<Vertex X="63408" Y="77137" Z="0"/>
					<Vertex X="63292" Y="77137" Z="0"/>
					<Vertex X="63059" Y="77137" Z="0"/>
					<Vertex X="62710" Y="77137" Z="0"/>
					<Vertex X="62477" Y="77137" Z="0"/>
					<Vertex X="62361" Y="77020" Z="0"/>
					<Vertex X="61896" Y="76788" Z="0"/>
					<Vertex X="61547" Y="76788" Z="0"/>
					<Vertex X="61314" Y="76788" Z="0"/>
					<Vertex X="61081" Y="76671" Z="0"/>
					<Vertex X="60965" Y="76671" Z="0"/>
					<Vertex X="60616" Y="76555" Z="0"/>
					<Vertex X="60383" Y="76555" Z="0"/>
					<Vertex X="60150" Y="76555" Z="0"/>
					<Vertex X="59452" Y="76206" Z="0"/>
					<Vertex X="59336" Y="76322" Z="0"/>
					<Vertex X="58987" Y="76206" Z="0"/>
					<Vertex X="58638" Y="76090" Z="0"/>
					<Vertex X="58173" Y="75973" Z="0"/>
					<Vertex X="57358" Y="75740" Z="0"/>
					<Vertex X="57009" Y="75624" Z="0"/>
					<Vertex X="56776" Y="75508" Z="0"/>
					<Vertex X="55846" Y="75042" Z="0"/>
					<Vertex X="55613" Y="74926" Z="0"/>
					<Vertex X="55264" Y="74693" Z="0"/>
					<Vertex X="54915" Y="74461" Z="0"/>
					<Vertex X="54566" Y="74228" Z="0"/>
					<Vertex X="54100" Y="73995" Z="0"/>
					<Vertex X="53868" Y="73763" Z="0"/>
					<Vertex X="53402" Y="73414" Z="0"/>
					<Vertex X="53286" Y="73414" Z="0"/>
					<Vertex X="53053" Y="73297" Z="0"/>
					<Vertex X="52937" Y="73181" Z="0"/>
					<Vertex X="52821" Y="72948" Z="0"/>
					<Vertex X="52704" Y="72832" Z="0"/>
					<Vertex X="52588" Y="72716" Z="0"/>
					<Vertex X="52472" Y="72599" Z="0"/>
					<Vertex X="52355" Y="72483" Z="0"/>
					<Vertex X="52355" Y="72366" Z="0"/>
					<Vertex X="52239" Y="72250" Z="0"/>
					<Vertex X="52123" Y="72250" Z="0"/>
					<Vertex X="52123" Y="72134" Z="0"/>
					<Vertex X="51890" Y="71901" Z="0"/>
					<Vertex X="52006" Y="72017" Z="0"/>
					<Vertex X="52006" Y="71901" Z="0"/>
					<Vertex X="51890" Y="71901" Z="0"/>
					<Vertex X="51890" Y="71785" Z="0"/>
					<Vertex X="51774" Y="71785" Z="0"/>
					<Vertex X="51774" Y="71668" Z="0"/>
					<Vertex X="51425" Y="71436" Z="0"/>
					<Vertex X="51541" Y="71436" Z="0"/>
					<Vertex X="51657" Y="71552" Z="0"/>
					<Vertex X="51890" Y="72017" Z="0"/>
					<Vertex X="51075" Y="70738" Z="0"/>
				</Vertices>
			</Region>
		</Regions>
		<Plots/>
	</Annotation>
</Annotations>
