<Annotations MicronsPerPixel="0.252700">
	<Annotation Id="1" Name="" ReadOnly="0" NameReadOnly="0" LineColorReadOnly="0" Incremental="0" Type="4" LineColor="255" Visible="1" Selected="1" MarkupImagePath="" MacroName="">
		<Attributes/>
		<Regions>
			<RegionAttributeHeaders/>
			<Region Id="1" Type="0" Zoom="0.007326" Selected="0" ImageLocation="" ImageFocus="-1" Length="74327.7" Area="321379356.0" LengthMicrons="18782.6" AreaMicrons="20522414.9" Text="" NegativeROA="0" InputRegionId="0" Analyze="1" DisplayId="1">
				<Attributes/>
				<Vertices>
					<Vertex X="17016" Y="26335" Z="0"/>
					<Vertex X="17556" Y="26335" Z="0"/>
					<Vertex X="17827" Y="26065" Z="0"/>
					<Vertex X="17827" Y="25930" Z="0"/>
					<Vertex X="17962" Y="25255" Z="0"/>
					<Vertex X="18367" Y="25120" Z="0"/>
					<Vertex X="18637" Y="24849" Z="0"/>
					<Vertex X="18907" Y="24579" Z="0"/>
					<Vertex X="19177" Y="24174" Z="0"/>
					<Vertex X="19447" Y="23904" Z="0"/>
					<Vertex X="19582" Y="23769" Z="0"/>
					<Vertex X="19717" Y="23634" Z="0"/>
					<Vertex X="19987" Y="23094" Z="0"/>
					<Vertex X="20528" Y="23094" Z="0"/>
					<Vertex X="20933" Y="22959" Z="0"/>
					<Vertex X="21338" Y="22824" Z="0"/>
					<Vertex X="21203" Y="22554" Z="0"/>
					<Vertex X="21743" Y="22824" Z="0"/>
					<Vertex X="21743" Y="22554" Z="0"/>
					<Vertex X="22283" Y="22824" Z="0"/>
					<Vertex X="22283" Y="22554" Z="0"/>
					<Vertex X="22553" Y="22554" Z="0"/>
					<Vertex X="23094" Y="22824" Z="0"/>
					<Vertex X="23364" Y="22824" Z="0"/>
					<Vertex X="23499" Y="22824" Z="0"/>
					<Vertex X="23769" Y="22824" Z="0"/>
					<Vertex X="24039" Y="22824" Z="0"/>
					<Vertex X="24309" Y="22824" Z="0"/>
					<Vertex X="24579" Y="22824" Z="0"/>
					<Vertex X="24849" Y="22824" Z="0"/>
					<Vertex X="24849" Y="22554" Z="0"/>
					<Vertex X="25659" Y="22959" Z="0"/>
					<Vertex X="25930" Y="23094" Z="0"/>
					<Vertex X="26200" Y="23094" Z="0"/>
					<Vertex X="26605" Y="23094" Z="0"/>
					<Vertex X="27145" Y="23229" Z="0"/>
					<Vertex X="27550" Y="23364" Z="0"/>
					<Vertex X="27955" Y="23364" Z="0"/>
					<Vertex X="27955" Y="23229" Z="0"/>
					<Vertex X="28360" Y="23364" Z="0"/>
					<Vertex X="29171" Y="24039" Z="0"/>
					<Vertex X="29441" Y="24039" Z="0"/>
					<Vertex X="29846" Y="24309" Z="0"/>
					<Vertex X="30251" Y="24579" Z="0"/>
					<Vertex X="30656" Y="24714" Z="0"/>
					<Vertex X="30926" Y="24849" Z="0"/>
					<Vertex X="31602" Y="25390" Z="0"/>
					<Vertex X="31737" Y="25525" Z="0"/>
					<Vertex X="32142" Y="25795" Z="0"/>
					<Vertex X="32277" Y="25930" Z="0"/>
					<Vertex X="32412" Y="26065" Z="0"/>
					<Vertex X="32682" Y="26470" Z="0"/>
					<Vertex X="33087" Y="26875" Z="0"/>
					<Vertex X="33222" Y="27145" Z="0"/>
					<Vertex X="33492" Y="27280" Z="0"/>
					<Vertex X="33492" Y="27280" Z="0"/>
					<Vertex X="33898" Y="27550" Z="0"/>
					<Vertex X="33898" Y="27686" Z="0"/>
					<Vertex X="34303" Y="27956" Z="0"/>
					<Vertex X="34708" Y="28361" Z="0"/>
					<Vertex X="34708" Y="28631" Z="0"/>
					<Vertex X="34843" Y="28766" Z="0"/>
					<Vertex X="34978" Y="28901" Z="0"/>
					<Vertex X="35113" Y="29036" Z="0"/>
					<Vertex X="34978" Y="29171" Z="0"/>
					<Vertex X="35383" Y="29711" Z="0"/>
					<Vertex X="35518" Y="29846" Z="0"/>
					<Vertex X="35653" Y="30116" Z="0"/>
					<Vertex X="35788" Y="30522" Z="0"/>
					<Vertex X="35518" Y="30522" Z="0"/>
					<Vertex X="35923" Y="31197" Z="0"/>
					<Vertex X="36058" Y="31467" Z="0"/>
					<Vertex X="36058" Y="31737" Z="0"/>
					<Vertex X="36193" Y="32142" Z="0"/>
					<Vertex X="36193" Y="32277" Z="0"/>
					<Vertex X="35923" Y="32547" Z="0"/>
					<Vertex X="36193" Y="32952" Z="0"/>
					<Vertex X="36193" Y="33223" Z="0"/>
					<Vertex X="36193" Y="33493" Z="0"/>
					<Vertex X="36193" Y="33898" Z="0"/>
					<Vertex X="36193" Y="34168" Z="0"/>
					<Vertex X="35923" Y="34168" Z="0"/>
					<Vertex X="36058" Y="34708" Z="0"/>
					<Vertex X="36058" Y="34978" Z="0"/>
					<Vertex X="36058" Y="35248" Z="0"/>
					<Vertex X="36058" Y="35383" Z="0"/>
					<Vertex X="35923" Y="35518" Z="0"/>
					<Vertex X="35653" Y="35383" Z="0"/>
					<Vertex X="35653" Y="36464" Z="0"/>
					<Vertex X="35653" Y="36869" Z="0"/>
					<Vertex X="35518" Y="37139" Z="0"/>
					<Vertex X="35383" Y="37544" Z="0"/>
					<Vertex X="35383" Y="37679" Z="0"/>
					<Vertex X="35113" Y="38219" Z="0"/>
					<Vertex X="35113" Y="38354" Z="0"/>
					<Vertex X="34978" Y="39030" Z="0"/>
					<Vertex X="34843" Y="39165" Z="0"/>
					<Vertex X="34573" Y="39300" Z="0"/>
					<Vertex X="34438" Y="39570" Z="0"/>
					<Vertex X="34573" Y="40110" Z="0"/>
					<Vertex X="34438" Y="40380" Z="0"/>
					<Vertex X="34033" Y="40245" Z="0"/>
					<Vertex X="33762" Y="40515" Z="0"/>
					<Vertex X="34033" Y="40785" Z="0"/>
					<Vertex X="33627" Y="41191" Z="0"/>
					<Vertex X="33627" Y="41326" Z="0"/>
					<Vertex X="33492" Y="41461" Z="0"/>
					<Vertex X="33087" Y="41461" Z="0"/>
					<Vertex X="33222" Y="41866" Z="0"/>
					<Vertex X="33222" Y="42001" Z="0"/>
					<Vertex X="33087" Y="42136" Z="0"/>
					<Vertex X="32952" Y="42271" Z="0"/>
					<Vertex X="32817" Y="42406" Z="0"/>
					<Vertex X="32412" Y="42271" Z="0"/>
					<Vertex X="32682" Y="42676" Z="0"/>
					<Vertex X="32142" Y="42541" Z="0"/>
					<Vertex X="32412" Y="42946" Z="0"/>
					<Vertex X="32142" Y="43081" Z="0"/>
					<Vertex X="32142" Y="43216" Z="0"/>
					<Vertex X="31872" Y="43351" Z="0"/>
					<Vertex X="31737" Y="43486" Z="0"/>
					<Vertex X="31467" Y="43621" Z="0"/>
					<Vertex X="31332" Y="43756" Z="0"/>
					<Vertex X="30791" Y="43892" Z="0"/>
					<Vertex X="30656" Y="44027" Z="0"/>
					<Vertex X="29846" Y="44162" Z="0"/>
					<Vertex X="29306" Y="44162" Z="0"/>
					<Vertex X="29036" Y="44162" Z="0"/>
					<Vertex X="28225" Y="43892" Z="0"/>
					<Vertex X="27685" Y="44162" Z="0"/>
					<Vertex X="27145" Y="43892" Z="0"/>
					<Vertex X="26605" Y="43756" Z="0"/>
					<Vertex X="26065" Y="43621" Z="0"/>
					<Vertex X="25930" Y="43756" Z="0"/>
					<Vertex X="24849" Y="43351" Z="0"/>
					<Vertex X="24714" Y="43486" Z="0"/>
					<Vertex X="23904" Y="43081" Z="0"/>
					<Vertex X="23634" Y="43081" Z="0"/>
					<Vertex X="22823" Y="42811" Z="0"/>
					<Vertex X="22418" Y="42676" Z="0"/>
					<Vertex X="21878" Y="42271" Z="0"/>
					<Vertex X="20933" Y="41461" Z="0"/>
					<Vertex X="20528" Y="41055" Z="0"/>
					<Vertex X="20257" Y="40785" Z="0"/>
					<Vertex X="20122" Y="40650" Z="0"/>
					<Vertex X="19852" Y="40245" Z="0"/>
					<Vertex X="19582" Y="39975" Z="0"/>
					<Vertex X="19447" Y="39705" Z="0"/>
					<Vertex X="19312" Y="39435" Z="0"/>
					<Vertex X="18907" Y="38895" Z="0"/>
					<Vertex X="18772" Y="38490" Z="0"/>
					<Vertex X="18637" Y="38219" Z="0"/>
					<Vertex X="18502" Y="37814" Z="0"/>
					<Vertex X="18367" Y="37274" Z="0"/>
					<Vertex X="18097" Y="36734" Z="0"/>
					<Vertex X="17962" Y="36194" Z="0"/>
					<Vertex X="17827" Y="35789" Z="0"/>
					<Vertex X="17827" Y="35248" Z="0"/>
					<Vertex X="17692" Y="34708" Z="0"/>
					<Vertex X="17421" Y="34168" Z="0"/>
					<Vertex X="17692" Y="34033" Z="0"/>
					<Vertex X="17556" Y="33763" Z="0"/>
					<Vertex X="17421" Y="33088" Z="0"/>
					<Vertex X="17421" Y="32547" Z="0"/>
					<Vertex X="17421" Y="32007" Z="0"/>
					<Vertex X="17421" Y="31467" Z="0"/>
					<Vertex X="17421" Y="31062" Z="0"/>
					<Vertex X="17421" Y="30927" Z="0"/>
					<Vertex X="17421" Y="30657" Z="0"/>
					<Vertex X="17421" Y="30251" Z="0"/>
					<Vertex X="17151" Y="29711" Z="0"/>
					<Vertex X="17421" Y="29711" Z="0"/>
					<Vertex X="17421" Y="29576" Z="0"/>
					<Vertex X="17556" Y="27550" Z="0"/>
					<Vertex X="17421" Y="27280" Z="0"/>
					<Vertex X="17421" Y="27280" Z="0"/>
					<Vertex X="17421" Y="27145" Z="0"/>
					<Vertex X="17151" Y="26875" Z="0"/>
					<Vertex X="17421" Y="27010" Z="0"/>
					<Vertex X="17151" Y="26740" Z="0"/>
					<Vertex X="17286" Y="27145" Z="0"/>
					<Vertex X="17016" Y="26335" Z="0"/>
				</Vertices>
			</Region>
			<Region Id="2" Type="0" Zoom="0.007326" Selected="0" ImageLocation="" ImageFocus="-1" Length="58193.3" Area="206033384.0" LengthMicrons="14705.5" AreaMicrons="13156733.7" Text="" NegativeROA="0" InputRegionId="0" Analyze="1" DisplayId="2">
				<Attributes/>
				<Vertices>
					<Vertex X="33492" Y="19177" Z="0"/>
					<Vertex X="33492" Y="18907" Z="0"/>
					<Vertex X="33492" Y="18502" Z="0"/>
					<Vertex X="33492" Y="17962" Z="0"/>
					<Vertex X="33627" Y="17152" Z="0"/>
					<Vertex X="33762" Y="16476" Z="0"/>
					<Vertex X="33492" Y="15936" Z="0"/>
					<Vertex X="33898" Y="15531" Z="0"/>
					<Vertex X="34033" Y="14991" Z="0"/>
					<Vertex X="34708" Y="12830" Z="0"/>
					<Vertex X="34708" Y="12695" Z="0"/>
					<Vertex X="34708" Y="12020" Z="0"/>
					<Vertex X="34843" Y="11750" Z="0"/>
					<Vertex X="35248" Y="11885" Z="0"/>
					<Vertex X="35383" Y="11750" Z="0"/>
					<Vertex X="35653" Y="11480" Z="0"/>
					<Vertex X="35788" Y="11344" Z="0"/>
					<Vertex X="35923" Y="11344" Z="0"/>
					<Vertex X="36058" Y="11209" Z="0"/>
					<Vertex X="35923" Y="10804" Z="0"/>
					<Vertex X="36463" Y="11074" Z="0"/>
					<Vertex X="36599" Y="10939" Z="0"/>
					<Vertex X="36734" Y="10939" Z="0"/>
					<Vertex X="37139" Y="10669" Z="0"/>
					<Vertex X="37274" Y="10669" Z="0"/>
					<Vertex X="37544" Y="10534" Z="0"/>
					<Vertex X="37814" Y="10399" Z="0"/>
					<Vertex X="38084" Y="10399" Z="0"/>
					<Vertex X="38354" Y="10264" Z="0"/>
					<Vertex X="38759" Y="10264" Z="0"/>
					<Vertex X="38894" Y="10264" Z="0"/>
					<Vertex X="39570" Y="10129" Z="0"/>
					<Vertex X="39570" Y="9859" Z="0"/>
					<Vertex X="40110" Y="10129" Z="0"/>
					<Vertex X="40380" Y="10129" Z="0"/>
					<Vertex X="40920" Y="10129" Z="0"/>
					<Vertex X="41190" Y="10129" Z="0"/>
					<Vertex X="41190" Y="9859" Z="0"/>
					<Vertex X="41595" Y="10129" Z="0"/>
					<Vertex X="46862" Y="11344" Z="0"/>
					<Vertex X="48483" Y="13370" Z="0"/>
					<Vertex X="48618" Y="13640" Z="0"/>
					<Vertex X="48753" Y="13775" Z="0"/>
					<Vertex X="48753" Y="13910" Z="0"/>
					<Vertex X="48888" Y="14316" Z="0"/>
					<Vertex X="49023" Y="14586" Z="0"/>
					<Vertex X="49023" Y="14856" Z="0"/>
					<Vertex X="49158" Y="14991" Z="0"/>
					<Vertex X="49158" Y="15396" Z="0"/>
					<Vertex X="48888" Y="15531" Z="0"/>
					<Vertex X="49158" Y="16071" Z="0"/>
					<Vertex X="49158" Y="16476" Z="0"/>
					<Vertex X="48888" Y="16476" Z="0"/>
					<Vertex X="49158" Y="17152" Z="0"/>
					<Vertex X="49158" Y="17422" Z="0"/>
					<Vertex X="49158" Y="17692" Z="0"/>
					<Vertex X="49158" Y="17962" Z="0"/>
					<Vertex X="49158" Y="18232" Z="0"/>
					<Vertex X="49158" Y="18502" Z="0"/>
					<Vertex X="49158" Y="18772" Z="0"/>
					<Vertex X="48888" Y="19042" Z="0"/>
					<Vertex X="49158" Y="19718" Z="0"/>
					<Vertex X="49158" Y="19853" Z="0"/>
					<Vertex X="48888" Y="19988" Z="0"/>
					<Vertex X="48888" Y="20258" Z="0"/>
					<Vertex X="49158" Y="20933" Z="0"/>
					<Vertex X="49023" Y="21203" Z="0"/>
					<Vertex X="48888" Y="21608" Z="0"/>
					<Vertex X="48888" Y="21878" Z="0"/>
					<Vertex X="48753" Y="22284" Z="0"/>
					<Vertex X="48618" Y="22554" Z="0"/>
					<Vertex X="48618" Y="22689" Z="0"/>
					<Vertex X="48483" Y="23094" Z="0"/>
					<Vertex X="48213" Y="22959" Z="0"/>
					<Vertex X="48348" Y="23499" Z="0"/>
					<Vertex X="47943" Y="23364" Z="0"/>
					<Vertex X="48078" Y="23904" Z="0"/>
					<Vertex X="47943" Y="24039" Z="0"/>
					<Vertex X="47808" Y="24174" Z="0"/>
					<Vertex X="47538" Y="24579" Z="0"/>
					<Vertex X="47132" Y="24444" Z="0"/>
					<Vertex X="47132" Y="24849" Z="0"/>
					<Vertex X="46862" Y="24985" Z="0"/>
					<Vertex X="46727" Y="25120" Z="0"/>
					<Vertex X="46592" Y="25120" Z="0"/>
					<Vertex X="46322" Y="25255" Z="0"/>
					<Vertex X="46052" Y="25390" Z="0"/>
					<Vertex X="45782" Y="25390" Z="0"/>
					<Vertex X="45377" Y="25390" Z="0"/>
					<Vertex X="45107" Y="25525" Z="0"/>
					<Vertex X="44702" Y="25525" Z="0"/>
					<Vertex X="44566" Y="25525" Z="0"/>
					<Vertex X="44161" Y="25525" Z="0"/>
					<Vertex X="43621" Y="25255" Z="0"/>
					<Vertex X="43621" Y="25525" Z="0"/>
					<Vertex X="43081" Y="25255" Z="0"/>
					<Vertex X="42946" Y="25525" Z="0"/>
					<Vertex X="42676" Y="25525" Z="0"/>
					<Vertex X="42406" Y="25525" Z="0"/>
					<Vertex X="42136" Y="25525" Z="0"/>
					<Vertex X="41865" Y="25525" Z="0"/>
					<Vertex X="41325" Y="25255" Z="0"/>
					<Vertex X="41055" Y="25390" Z="0"/>
					<Vertex X="40650" Y="25390" Z="0"/>
					<Vertex X="40515" Y="25390" Z="0"/>
					<Vertex X="40110" Y="25255" Z="0"/>
					<Vertex X="39840" Y="25255" Z="0"/>
					<Vertex X="39705" Y="25120" Z="0"/>
					<Vertex X="39300" Y="25120" Z="0"/>
					<Vertex X="38759" Y="24714" Z="0"/>
					<Vertex X="38624" Y="24579" Z="0"/>
					<Vertex X="38624" Y="24849" Z="0"/>
					<Vertex X="38084" Y="24714" Z="0"/>
					<Vertex X="37949" Y="24714" Z="0"/>
					<Vertex X="37544" Y="24579" Z="0"/>
					<Vertex X="37139" Y="24444" Z="0"/>
					<Vertex X="36599" Y="24174" Z="0"/>
					<Vertex X="36328" Y="24174" Z="0"/>
					<Vertex X="35923" Y="24039" Z="0"/>
					<Vertex X="35653" Y="23904" Z="0"/>
					<Vertex X="35383" Y="23634" Z="0"/>
					<Vertex X="35248" Y="23499" Z="0"/>
					<Vertex X="34978" Y="23229" Z="0"/>
					<Vertex X="34708" Y="22959" Z="0"/>
					<Vertex X="34573" Y="22554" Z="0"/>
					<Vertex X="34438" Y="22284" Z="0"/>
					<Vertex X="34168" Y="22013" Z="0"/>
					<Vertex X="34033" Y="21743" Z="0"/>
					<Vertex X="34033" Y="21473" Z="0"/>
					<Vertex X="33898" Y="21203" Z="0"/>
					<Vertex X="33898" Y="21068" Z="0"/>
					<Vertex X="33762" Y="20798" Z="0"/>
					<Vertex X="33627" Y="20528" Z="0"/>
					<Vertex X="33627" Y="20393" Z="0"/>
					<Vertex X="33627" Y="20258" Z="0"/>
					<Vertex X="33492" Y="19988" Z="0"/>
					<Vertex X="33222" Y="19583" Z="0"/>
					<Vertex X="33357" Y="19583" Z="0"/>
					<Vertex X="33357" Y="19447" Z="0"/>
					<Vertex X="33087" Y="19177" Z="0"/>
					<Vertex X="33492" Y="19177" Z="0"/>
				</Vertices>
			</Region>
			<Region Id="3" Type="0" Zoom="0.007326" Selected="0" ImageLocation="" ImageFocus="-1" Length="76532.7" Area="299780565.5" LengthMicrons="19339.8" AreaMicrons="19143174.7" Text="" NegativeROA="0" InputRegionId="0" Analyze="1" DisplayId="3">
				<Attributes/>
				<Vertices>
					<Vertex X="42271" Y="36464" Z="0"/>
					<Vertex X="42271" Y="36734" Z="0"/>
					<Vertex X="42406" Y="37004" Z="0"/>
					<Vertex X="42541" Y="37409" Z="0"/>
					<Vertex X="42676" Y="37679" Z="0"/>
					<Vertex X="42676" Y="37949" Z="0"/>
					<Vertex X="42946" Y="38625" Z="0"/>
					<Vertex X="43081" Y="38895" Z="0"/>
					<Vertex X="43216" Y="38895" Z="0"/>
					<Vertex X="43081" Y="39030" Z="0"/>
					<Vertex X="43351" Y="39435" Z="0"/>
					<Vertex X="43621" Y="39840" Z="0"/>
					<Vertex X="43756" Y="39975" Z="0"/>
					<Vertex X="43891" Y="40110" Z="0"/>
					<Vertex X="44161" Y="40380" Z="0"/>
					<Vertex X="44296" Y="40650" Z="0"/>
					<Vertex X="44566" Y="40920" Z="0"/>
					<Vertex X="45242" Y="41461" Z="0"/>
					<Vertex X="45647" Y="41731" Z="0"/>
					<Vertex X="45917" Y="41866" Z="0"/>
					<Vertex X="46727" Y="42406" Z="0"/>
					<Vertex X="47267" Y="42676" Z="0"/>
					<Vertex X="47267" Y="42541" Z="0"/>
					<Vertex X="47808" Y="42946" Z="0"/>
					<Vertex X="47943" Y="42946" Z="0"/>
					<Vertex X="48483" Y="43351" Z="0"/>
					<Vertex X="48888" Y="43486" Z="0"/>
					<Vertex X="49023" Y="43486" Z="0"/>
					<Vertex X="49293" Y="43621" Z="0"/>
					<Vertex X="49428" Y="43621" Z="0"/>
					<Vertex X="49698" Y="43621" Z="0"/>
					<Vertex X="49968" Y="43621" Z="0"/>
					<Vertex X="49968" Y="43351" Z="0"/>
					<Vertex X="50509" Y="43351" Z="0"/>
					<Vertex X="50779" Y="43621" Z="0"/>
					<Vertex X="51049" Y="43621" Z="0"/>
					<Vertex X="51319" Y="43621" Z="0"/>
					<Vertex X="51724" Y="43486" Z="0"/>
					<Vertex X="51859" Y="43486" Z="0"/>
					<Vertex X="52129" Y="43486" Z="0"/>
					<Vertex X="52399" Y="43081" Z="0"/>
					<Vertex X="52940" Y="43351" Z="0"/>
					<Vertex X="53345" Y="43216" Z="0"/>
					<Vertex X="53480" Y="43216" Z="0"/>
					<Vertex X="53615" Y="43216" Z="0"/>
					<Vertex X="54020" Y="43081" Z="0"/>
					<Vertex X="54290" Y="42946" Z="0"/>
					<Vertex X="54560" Y="42811" Z="0"/>
					<Vertex X="54965" Y="42676" Z="0"/>
					<Vertex X="55235" Y="42541" Z="0"/>
					<Vertex X="55641" Y="42406" Z="0"/>
					<Vertex X="55911" Y="42136" Z="0"/>
					<Vertex X="56046" Y="42001" Z="0"/>
					<Vertex X="56451" Y="41866" Z="0"/>
					<Vertex X="56316" Y="41461" Z="0"/>
					<Vertex X="56721" Y="41596" Z="0"/>
					<Vertex X="56856" Y="41461" Z="0"/>
					<Vertex X="56991" Y="41326" Z="0"/>
					<Vertex X="57126" Y="41191" Z="0"/>
					<Vertex X="57261" Y="41055" Z="0"/>
					<Vertex X="57396" Y="40920" Z="0"/>
					<Vertex X="57531" Y="40785" Z="0"/>
					<Vertex X="57666" Y="40785" Z="0"/>
					<Vertex X="57666" Y="40650" Z="0"/>
					<Vertex X="57801" Y="40650" Z="0"/>
					<Vertex X="57936" Y="40515" Z="0"/>
					<Vertex X="58071" Y="40380" Z="0"/>
					<Vertex X="58207" Y="40245" Z="0"/>
					<Vertex X="58477" Y="40110" Z="0"/>
					<Vertex X="58612" Y="39975" Z="0"/>
					<Vertex X="58882" Y="39705" Z="0"/>
					<Vertex X="59017" Y="39705" Z="0"/>
					<Vertex X="59152" Y="39570" Z="0"/>
					<Vertex X="59422" Y="39300" Z="0"/>
					<Vertex X="59287" Y="38895" Z="0"/>
					<Vertex X="59557" Y="38760" Z="0"/>
					<Vertex X="59692" Y="38625" Z="0"/>
					<Vertex X="60097" Y="38895" Z="0"/>
					<Vertex X="60232" Y="38354" Z="0"/>
					<Vertex X="60502" Y="38625" Z="0"/>
					<Vertex X="60772" Y="38490" Z="0"/>
					<Vertex X="60908" Y="38354" Z="0"/>
					<Vertex X="61043" Y="38354" Z="0"/>
					<Vertex X="61313" Y="38084" Z="0"/>
					<Vertex X="61583" Y="37949" Z="0"/>
					<Vertex X="61853" Y="37814" Z="0"/>
					<Vertex X="61988" Y="37679" Z="0"/>
					<Vertex X="61853" Y="37274" Z="0"/>
					<Vertex X="62393" Y="37409" Z="0"/>
					<Vertex X="65634" Y="36194" Z="0"/>
					<Vertex X="65499" Y="35924" Z="0"/>
					<Vertex X="65769" Y="36194" Z="0"/>
					<Vertex X="65904" Y="36059" Z="0"/>
					<Vertex X="66039" Y="35924" Z="0"/>
					<Vertex X="66039" Y="35789" Z="0"/>
					<Vertex X="66039" Y="35653" Z="0"/>
					<Vertex X="66039" Y="35518" Z="0"/>
					<Vertex X="66039" Y="35248" Z="0"/>
					<Vertex X="66039" Y="35113" Z="0"/>
					<Vertex X="66039" Y="34843" Z="0"/>
					<Vertex X="66039" Y="34708" Z="0"/>
					<Vertex X="66039" Y="34438" Z="0"/>
					<Vertex X="66039" Y="34168" Z="0"/>
					<Vertex X="66039" Y="33898" Z="0"/>
					<Vertex X="66039" Y="33628" Z="0"/>
					<Vertex X="65769" Y="32952" Z="0"/>
					<Vertex X="65769" Y="32682" Z="0"/>
					<Vertex X="66039" Y="32682" Z="0"/>
					<Vertex X="65769" Y="32277" Z="0"/>
					<Vertex X="65634" Y="31872" Z="0"/>
					<Vertex X="65634" Y="31737" Z="0"/>
					<Vertex X="65769" Y="31602" Z="0"/>
					<Vertex X="65769" Y="31467" Z="0"/>
					<Vertex X="65769" Y="31332" Z="0"/>
					<Vertex X="65364" Y="30927" Z="0"/>
					<Vertex X="65229" Y="30657" Z="0"/>
					<Vertex X="64959" Y="30251" Z="0"/>
					<Vertex X="64824" Y="30116" Z="0"/>
					<Vertex X="64689" Y="29981" Z="0"/>
					<Vertex X="64554" Y="29846" Z="0"/>
					<Vertex X="64284" Y="29711" Z="0"/>
					<Vertex X="63744" Y="29306" Z="0"/>
					<Vertex X="63744" Y="29441" Z="0"/>
					<Vertex X="63473" Y="29306" Z="0"/>
					<Vertex X="62933" Y="28901" Z="0"/>
					<Vertex X="62798" Y="29036" Z="0"/>
					<Vertex X="62528" Y="28901" Z="0"/>
					<Vertex X="61988" Y="28631" Z="0"/>
					<Vertex X="61448" Y="28226" Z="0"/>
					<Vertex X="60908" Y="27956" Z="0"/>
					<Vertex X="60097" Y="27686" Z="0"/>
					<Vertex X="59287" Y="27280" Z="0"/>
					<Vertex X="58747" Y="27145" Z="0"/>
					<Vertex X="58342" Y="27010" Z="0"/>
					<Vertex X="58071" Y="27010" Z="0"/>
					<Vertex X="57531" Y="26740" Z="0"/>
					<Vertex X="57531" Y="27010" Z="0"/>
					<Vertex X="57126" Y="26605" Z="0"/>
					<Vertex X="56991" Y="26470" Z="0"/>
					<Vertex X="56991" Y="26605" Z="0"/>
					<Vertex X="56721" Y="26470" Z="0"/>
					<Vertex X="56451" Y="26200" Z="0"/>
					<Vertex X="56046" Y="26065" Z="0"/>
					<Vertex X="55776" Y="25795" Z="0"/>
					<Vertex X="54965" Y="25390" Z="0"/>
					<Vertex X="55100" Y="25660" Z="0"/>
					<Vertex X="54425" Y="25390" Z="0"/>
					<Vertex X="54155" Y="25390" Z="0"/>
					<Vertex X="53750" Y="25255" Z="0"/>
					<Vertex X="52534" Y="24985" Z="0"/>
					<Vertex X="49698" Y="26065" Z="0"/>
					<Vertex X="49293" Y="25930" Z="0"/>
					<Vertex X="49293" Y="26200" Z="0"/>
					<Vertex X="49158" Y="26335" Z="0"/>
					<Vertex X="48888" Y="26470" Z="0"/>
					<Vertex X="48753" Y="26605" Z="0"/>
					<Vertex X="48483" Y="26740" Z="0"/>
					<Vertex X="48348" Y="26740" Z="0"/>
					<Vertex X="48213" Y="26875" Z="0"/>
					<Vertex X="47808" Y="26740" Z="0"/>
					<Vertex X="47943" Y="27145" Z="0"/>
					<Vertex X="47808" Y="27145" Z="0"/>
					<Vertex X="47808" Y="27280" Z="0"/>
					<Vertex X="47673" Y="27415" Z="0"/>
					<Vertex X="47538" Y="27550" Z="0"/>
					<Vertex X="47403" Y="27686" Z="0"/>
					<Vertex X="47403" Y="27821" Z="0"/>
					<Vertex X="47267" Y="27956" Z="0"/>
					<Vertex X="47132" Y="28091" Z="0"/>
					<Vertex X="47132" Y="28226" Z="0"/>
					<Vertex X="46997" Y="28361" Z="0"/>
					<Vertex X="46997" Y="28496" Z="0"/>
					<Vertex X="46592" Y="28226" Z="0"/>
					<Vertex X="46862" Y="28631" Z="0"/>
					<Vertex X="46727" Y="28631" Z="0"/>
					<Vertex X="46727" Y="28766" Z="0"/>
					<Vertex X="46322" Y="28496" Z="0"/>
					<Vertex X="46592" Y="28901" Z="0"/>
					<Vertex X="46457" Y="29036" Z="0"/>
					<Vertex X="46187" Y="28766" Z="0"/>
					<Vertex X="46457" Y="29171" Z="0"/>
					<Vertex X="46322" Y="29306" Z="0"/>
					<Vertex X="46052" Y="29171" Z="0"/>
					<Vertex X="45917" Y="29306" Z="0"/>
					<Vertex X="46052" Y="29846" Z="0"/>
					<Vertex X="45917" Y="30116" Z="0"/>
					<Vertex X="45917" Y="30251" Z="0"/>
					<Vertex X="45107" Y="30522" Z="0"/>
					<Vertex X="45242" Y="31197" Z="0"/>
					<Vertex X="44837" Y="31602" Z="0"/>
					<Vertex X="44296" Y="32412" Z="0"/>
					<Vertex X="43891" Y="32817" Z="0"/>
					<Vertex X="43216" Y="33898" Z="0"/>
					<Vertex X="42946" Y="34168" Z="0"/>
					<Vertex X="42406" Y="34438" Z="0"/>
					<Vertex X="42136" Y="34438" Z="0"/>
					<Vertex X="42271" Y="35789" Z="0"/>
					<Vertex X="42001" Y="35653" Z="0"/>
					<Vertex X="42271" Y="36194" Z="0"/>
					<Vertex X="42271" Y="36464" Z="0"/>
				</Vertices>
			</Region>
			<Region Id="4" Type="0" Zoom="0.007326" Selected="0" ImageLocation="" ImageFocus="-1" Length="67579.9" Area="269126384.5" LengthMicrons="17077.4" AreaMicrons="17185681.7" Text="" NegativeROA="0" InputRegionId="0" Analyze="1" DisplayId="4">
				<Attributes/>
				<Vertices>
					<Vertex X="50644" Y="16341" Z="0"/>
					<Vertex X="50779" Y="16476" Z="0"/>
					<Vertex X="52264" Y="19853" Z="0"/>
					<Vertex X="52264" Y="19988" Z="0"/>
					<Vertex X="52534" Y="20393" Z="0"/>
					<Vertex X="52669" Y="20528" Z="0"/>
					<Vertex X="52805" Y="20663" Z="0"/>
					<Vertex X="53075" Y="20933" Z="0"/>
					<Vertex X="53345" Y="21068" Z="0"/>
					<Vertex X="53615" Y="21338" Z="0"/>
					<Vertex X="54020" Y="21743" Z="0"/>
					<Vertex X="54560" Y="22013" Z="0"/>
					<Vertex X="54965" Y="22419" Z="0"/>
					<Vertex X="55506" Y="22824" Z="0"/>
					<Vertex X="55911" Y="22959" Z="0"/>
					<Vertex X="56316" Y="23094" Z="0"/>
					<Vertex X="56856" Y="23364" Z="0"/>
					<Vertex X="56991" Y="23364" Z="0"/>
					<Vertex X="57126" Y="23229" Z="0"/>
					<Vertex X="57396" Y="23364" Z="0"/>
					<Vertex X="57531" Y="23499" Z="0"/>
					<Vertex X="58071" Y="23769" Z="0"/>
					<Vertex X="58612" Y="24174" Z="0"/>
					<Vertex X="59017" Y="24309" Z="0"/>
					<Vertex X="59287" Y="24444" Z="0"/>
					<Vertex X="59827" Y="24714" Z="0"/>
					<Vertex X="60637" Y="24985" Z="0"/>
					<Vertex X="60772" Y="25120" Z="0"/>
					<Vertex X="61448" Y="25255" Z="0"/>
					<Vertex X="61988" Y="25525" Z="0"/>
					<Vertex X="62393" Y="25660" Z="0"/>
					<Vertex X="62798" Y="25930" Z="0"/>
					<Vertex X="63203" Y="26065" Z="0"/>
					<Vertex X="63744" Y="26200" Z="0"/>
					<Vertex X="63879" Y="26335" Z="0"/>
					<Vertex X="64554" Y="26605" Z="0"/>
					<Vertex X="64824" Y="26605" Z="0"/>
					<Vertex X="65364" Y="26740" Z="0"/>
					<Vertex X="65904" Y="26470" Z="0"/>
					<Vertex X="66039" Y="26470" Z="0"/>
					<Vertex X="66715" Y="26740" Z="0"/>
					<Vertex X="66985" Y="26740" Z="0"/>
					<Vertex X="67390" Y="26740" Z="0"/>
					<Vertex X="67660" Y="26740" Z="0"/>
					<Vertex X="67930" Y="26740" Z="0"/>
					<Vertex X="68200" Y="26740" Z="0"/>
					<Vertex X="68065" Y="26470" Z="0"/>
					<Vertex X="68335" Y="26335" Z="0"/>
					<Vertex X="68740" Y="26605" Z="0"/>
					<Vertex X="69011" Y="26605" Z="0"/>
					<Vertex X="69146" Y="26605" Z="0"/>
					<Vertex X="69281" Y="26470" Z="0"/>
					<Vertex X="69146" Y="26200" Z="0"/>
					<Vertex X="69146" Y="26065" Z="0"/>
					<Vertex X="69551" Y="26335" Z="0"/>
					<Vertex X="69686" Y="26335" Z="0"/>
					<Vertex X="69821" Y="26200" Z="0"/>
					<Vertex X="69956" Y="26065" Z="0"/>
					<Vertex X="70091" Y="25930" Z="0"/>
					<Vertex X="70226" Y="25795" Z="0"/>
					<Vertex X="70361" Y="25660" Z="0"/>
					<Vertex X="70496" Y="25390" Z="0"/>
					<Vertex X="70766" Y="25255" Z="0"/>
					<Vertex X="70766" Y="24714" Z="0"/>
					<Vertex X="71036" Y="24849" Z="0"/>
					<Vertex X="71306" Y="24579" Z="0"/>
					<Vertex X="71441" Y="24444" Z="0"/>
					<Vertex X="71711" Y="24174" Z="0"/>
					<Vertex X="71847" Y="23904" Z="0"/>
					<Vertex X="71982" Y="23634" Z="0"/>
					<Vertex X="71847" Y="23094" Z="0"/>
					<Vertex X="72252" Y="23229" Z="0"/>
					<Vertex X="72387" Y="22959" Z="0"/>
					<Vertex X="72387" Y="22689" Z="0"/>
					<Vertex X="72387" Y="22419" Z="0"/>
					<Vertex X="72387" Y="22284" Z="0"/>
					<Vertex X="72387" Y="22013" Z="0"/>
					<Vertex X="72387" Y="21608" Z="0"/>
					<Vertex X="72252" Y="21338" Z="0"/>
					<Vertex X="72252" Y="21068" Z="0"/>
					<Vertex X="71982" Y="20528" Z="0"/>
					<Vertex X="71982" Y="20258" Z="0"/>
					<Vertex X="71847" Y="19988" Z="0"/>
					<Vertex X="71576" Y="19583" Z="0"/>
					<Vertex X="71441" Y="19312" Z="0"/>
					<Vertex X="70901" Y="18502" Z="0"/>
					<Vertex X="71036" Y="18502" Z="0"/>
					<Vertex X="70901" Y="18097" Z="0"/>
					<Vertex X="70631" Y="17557" Z="0"/>
					<Vertex X="70496" Y="17152" Z="0"/>
					<Vertex X="70361" Y="16882" Z="0"/>
					<Vertex X="70226" Y="16611" Z="0"/>
					<Vertex X="70091" Y="16206" Z="0"/>
					<Vertex X="69956" Y="15936" Z="0"/>
					<Vertex X="69551" Y="15261" Z="0"/>
					<Vertex X="69416" Y="14856" Z="0"/>
					<Vertex X="69146" Y="14451" Z="0"/>
					<Vertex X="69011" Y="14045" Z="0"/>
					<Vertex X="68740" Y="13775" Z="0"/>
					<Vertex X="68605" Y="13640" Z="0"/>
					<Vertex X="68470" Y="13235" Z="0"/>
					<Vertex X="68065" Y="12830" Z="0"/>
					<Vertex X="67930" Y="12695" Z="0"/>
					<Vertex X="67660" Y="12425" Z="0"/>
					<Vertex X="67525" Y="12155" Z="0"/>
					<Vertex X="67255" Y="11885" Z="0"/>
					<Vertex X="67120" Y="11615" Z="0"/>
					<Vertex X="66580" Y="11209" Z="0"/>
					<Vertex X="66445" Y="11074" Z="0"/>
					<Vertex X="66310" Y="10804" Z="0"/>
					<Vertex X="66174" Y="10804" Z="0"/>
					<Vertex X="66039" Y="10669" Z="0"/>
					<Vertex X="65769" Y="10534" Z="0"/>
					<Vertex X="65634" Y="10264" Z="0"/>
					<Vertex X="65364" Y="10129" Z="0"/>
					<Vertex X="65229" Y="9994" Z="0"/>
					<Vertex X="65094" Y="9994" Z="0"/>
					<Vertex X="64554" Y="9589" Z="0"/>
					<Vertex X="64554" Y="9724" Z="0"/>
					<Vertex X="64419" Y="9724" Z="0"/>
					<Vertex X="64284" Y="9724" Z="0"/>
					<Vertex X="64014" Y="9724" Z="0"/>
					<Vertex X="63744" Y="9724" Z="0"/>
					<Vertex X="63338" Y="9724" Z="0"/>
					<Vertex X="63203" Y="9724" Z="0"/>
					<Vertex X="62798" Y="9454" Z="0"/>
					<Vertex X="62528" Y="9454" Z="0"/>
					<Vertex X="62663" Y="9859" Z="0"/>
					<Vertex X="61853" Y="9589" Z="0"/>
					<Vertex X="61988" Y="9859" Z="0"/>
					<Vertex X="61583" Y="9859" Z="0"/>
					<Vertex X="61178" Y="9859" Z="0"/>
					<Vertex X="61043" Y="9859" Z="0"/>
					<Vertex X="60772" Y="9859" Z="0"/>
					<Vertex X="60502" Y="9859" Z="0"/>
					<Vertex X="60232" Y="9859" Z="0"/>
					<Vertex X="59962" Y="9724" Z="0"/>
					<Vertex X="59692" Y="9589" Z="0"/>
					<Vertex X="59422" Y="9589" Z="0"/>
					<Vertex X="59287" Y="9589" Z="0"/>
					<Vertex X="59017" Y="9589" Z="0"/>
					<Vertex X="58747" Y="9589" Z="0"/>
					<Vertex X="58477" Y="9589" Z="0"/>
					<Vertex X="58342" Y="9589" Z="0"/>
					<Vertex X="58071" Y="9589" Z="0"/>
					<Vertex X="57936" Y="9589" Z="0"/>
					<Vertex X="57666" Y="9589" Z="0"/>
					<Vertex X="57396" Y="9589" Z="0"/>
					<Vertex X="57126" Y="9724" Z="0"/>
					<Vertex X="56721" Y="9454" Z="0"/>
					<Vertex X="56721" Y="9724" Z="0"/>
					<Vertex X="56181" Y="9589" Z="0"/>
					<Vertex X="56181" Y="9859" Z="0"/>
					<Vertex X="55911" Y="9994" Z="0"/>
					<Vertex X="55641" Y="9994" Z="0"/>
					<Vertex X="54965" Y="9859" Z="0"/>
					<Vertex X="54965" Y="10264" Z="0"/>
					<Vertex X="54695" Y="10399" Z="0"/>
					<Vertex X="54425" Y="10534" Z="0"/>
					<Vertex X="53750" Y="10534" Z="0"/>
					<Vertex X="53750" Y="10939" Z="0"/>
					<Vertex X="53615" Y="11209" Z="0"/>
					<Vertex X="53345" Y="11480" Z="0"/>
					<Vertex X="52669" Y="12155" Z="0"/>
					<Vertex X="52534" Y="12290" Z="0"/>
					<Vertex X="51724" Y="12695" Z="0"/>
					<Vertex X="51859" Y="13100" Z="0"/>
					<Vertex X="51589" Y="13640" Z="0"/>
					<Vertex X="51184" Y="14181" Z="0"/>
					<Vertex X="50914" Y="14586" Z="0"/>
					<Vertex X="50779" Y="14991" Z="0"/>
					<Vertex X="50509" Y="15396" Z="0"/>
					<Vertex X="50509" Y="15666" Z="0"/>
					<Vertex X="50509" Y="15936" Z="0"/>
					<Vertex X="50509" Y="16206" Z="0"/>
					<Vertex X="50374" Y="16071" Z="0"/>
					<Vertex X="50644" Y="16341" Z="0"/>
				</Vertices>
			</Region>
			<Region Id="5" Type="0" Zoom="0.007326" Selected="0" ImageLocation="" ImageFocus="-1" Length="80671.5" Area="351101703.5" LengthMicrons="20385.7" AreaMicrons="22420403.5" Text="" NegativeROA="0" InputRegionId="0" Analyze="1" DisplayId="5">
				<Attributes/>
				<Vertices>
					<Vertex X="96830" Y="34033" Z="0"/>
					<Vertex X="97236" Y="34303" Z="0"/>
					<Vertex X="97371" Y="34303" Z="0"/>
					<Vertex X="97506" Y="34438" Z="0"/>
					<Vertex X="97641" Y="34573" Z="0"/>
					<Vertex X="97776" Y="34573" Z="0"/>
					<Vertex X="98046" Y="34573" Z="0"/>
					<Vertex X="98046" Y="34438" Z="0"/>
					<Vertex X="98721" Y="34708" Z="0"/>
					<Vertex X="99126" Y="34708" Z="0"/>
					<Vertex X="99261" Y="34708" Z="0"/>
					<Vertex X="99666" Y="34708" Z="0"/>
					<Vertex X="99937" Y="34708" Z="0"/>
					<Vertex X="100207" Y="34708" Z="0"/>
					<Vertex X="100477" Y="34708" Z="0"/>
					<Vertex X="100882" Y="34708" Z="0"/>
					<Vertex X="101017" Y="34708" Z="0"/>
					<Vertex X="101557" Y="34708" Z="0"/>
					<Vertex X="101692" Y="34708" Z="0"/>
					<Vertex X="101962" Y="34708" Z="0"/>
					<Vertex X="102502" Y="34708" Z="0"/>
					<Vertex X="102638" Y="34708" Z="0"/>
					<Vertex X="103043" Y="34708" Z="0"/>
					<Vertex X="103448" Y="34708" Z="0"/>
					<Vertex X="103718" Y="34708" Z="0"/>
					<Vertex X="104123" Y="34708" Z="0"/>
					<Vertex X="104393" Y="34708" Z="0"/>
					<Vertex X="104933" Y="34708" Z="0"/>
					<Vertex X="105068" Y="34708" Z="0"/>
					<Vertex X="105474" Y="34708" Z="0"/>
					<Vertex X="105879" Y="34573" Z="0"/>
					<Vertex X="106149" Y="34168" Z="0"/>
					<Vertex X="106824" Y="34303" Z="0"/>
					<Vertex X="107229" Y="34168" Z="0"/>
					<Vertex X="107364" Y="34168" Z="0"/>
					<Vertex X="107904" Y="34033" Z="0"/>
					<Vertex X="108039" Y="33898" Z="0"/>
					<Vertex X="108580" Y="33627" Z="0"/>
					<Vertex X="108985" Y="33492" Z="0"/>
					<Vertex X="109255" Y="33357" Z="0"/>
					<Vertex X="109660" Y="33087" Z="0"/>
					<Vertex X="110065" Y="32952" Z="0"/>
					<Vertex X="110335" Y="32817" Z="0"/>
					<Vertex X="110470" Y="32682" Z="0"/>
					<Vertex X="110876" Y="32547" Z="0"/>
					<Vertex X="111146" Y="32412" Z="0"/>
					<Vertex X="111416" Y="32277" Z="0"/>
					<Vertex X="111551" Y="32277" Z="0"/>
					<Vertex X="111956" Y="32142" Z="0"/>
					<Vertex X="112361" Y="32007" Z="0"/>
					<Vertex X="112766" Y="31872" Z="0"/>
					<Vertex X="113036" Y="31872" Z="0"/>
					<Vertex X="113306" Y="31737" Z="0"/>
					<Vertex X="113577" Y="31602" Z="0"/>
					<Vertex X="113712" Y="31197" Z="0"/>
					<Vertex X="114387" Y="31332" Z="0"/>
					<Vertex X="114252" Y="30926" Z="0"/>
					<Vertex X="114522" Y="30791" Z="0"/>
					<Vertex X="114927" Y="30926" Z="0"/>
					<Vertex X="115197" Y="30791" Z="0"/>
					<Vertex X="115062" Y="30386" Z="0"/>
					<Vertex X="115602" Y="30521" Z="0"/>
					<Vertex X="115602" Y="30116" Z="0"/>
					<Vertex X="116142" Y="30116" Z="0"/>
					<Vertex X="116007" Y="29711" Z="0"/>
					<Vertex X="116278" Y="29576" Z="0"/>
					<Vertex X="116683" Y="29711" Z="0"/>
					<Vertex X="116818" Y="29441" Z="0"/>
					<Vertex X="117223" Y="29171" Z="0"/>
					<Vertex X="117358" Y="29036" Z="0"/>
					<Vertex X="117493" Y="28766" Z="0"/>
					<Vertex X="117763" Y="28496" Z="0"/>
					<Vertex X="117898" Y="28090" Z="0"/>
					<Vertex X="118033" Y="27820" Z="0"/>
					<Vertex X="118168" Y="27415" Z="0"/>
					<Vertex X="118303" Y="27145" Z="0"/>
					<Vertex X="118303" Y="27010" Z="0"/>
					<Vertex X="118303" Y="26605" Z="0"/>
					<Vertex X="118303" Y="26200" Z="0"/>
					<Vertex X="118033" Y="25524" Z="0"/>
					<Vertex X="118303" Y="25524" Z="0"/>
					<Vertex X="118303" Y="25119" Z="0"/>
					<Vertex X="118303" Y="24714" Z="0"/>
					<Vertex X="118303" Y="24309" Z="0"/>
					<Vertex X="118033" Y="23499" Z="0"/>
					<Vertex X="118303" Y="23229" Z="0"/>
					<Vertex X="118168" Y="22958" Z="0"/>
					<Vertex X="118033" Y="22688" Z="0"/>
					<Vertex X="117898" Y="22283" Z="0"/>
					<Vertex X="117898" Y="22148" Z="0"/>
					<Vertex X="117763" Y="22013" Z="0"/>
					<Vertex X="117493" Y="21743" Z="0"/>
					<Vertex X="117358" Y="21473" Z="0"/>
					<Vertex X="117088" Y="21203" Z="0"/>
					<Vertex X="117088" Y="21068" Z="0"/>
					<Vertex X="116683" Y="20663" Z="0"/>
					<Vertex X="116413" Y="20257" Z="0"/>
					<Vertex X="116413" Y="20257" Z="0"/>
					<Vertex X="116278" Y="20122" Z="0"/>
					<Vertex X="116142" Y="19987" Z="0"/>
					<Vertex X="115872" Y="19717" Z="0"/>
					<Vertex X="115737" Y="19582" Z="0"/>
					<Vertex X="115062" Y="19042" Z="0"/>
					<Vertex X="114387" Y="18367" Z="0"/>
					<Vertex X="113982" Y="18232" Z="0"/>
					<Vertex X="113712" Y="17827" Z="0"/>
					<Vertex X="113306" Y="17692" Z="0"/>
					<Vertex X="113036" Y="17421" Z="0"/>
					<Vertex X="112901" Y="17286" Z="0"/>
					<Vertex X="112496" Y="16881" Z="0"/>
					<Vertex X="112091" Y="16611" Z="0"/>
					<Vertex X="111821" Y="16341" Z="0"/>
					<Vertex X="111281" Y="15936" Z="0"/>
					<Vertex X="110876" Y="15666" Z="0"/>
					<Vertex X="110605" Y="15531" Z="0"/>
					<Vertex X="110335" Y="15396" Z="0"/>
					<Vertex X="109930" Y="15126" Z="0"/>
					<Vertex X="109795" Y="14991" Z="0"/>
					<Vertex X="109255" Y="14855" Z="0"/>
					<Vertex X="108985" Y="14855" Z="0"/>
					<Vertex X="108715" Y="14720" Z="0"/>
					<Vertex X="108175" Y="14585" Z="0"/>
					<Vertex X="107364" Y="14180" Z="0"/>
					<Vertex X="107364" Y="14450" Z="0"/>
					<Vertex X="106959" Y="14315" Z="0"/>
					<Vertex X="106689" Y="14180" Z="0"/>
					<Vertex X="106419" Y="14180" Z="0"/>
					<Vertex X="105879" Y="13775" Z="0"/>
					<Vertex X="105879" Y="14045" Z="0"/>
					<Vertex X="105744" Y="13910" Z="0"/>
					<Vertex X="105339" Y="13775" Z="0"/>
					<Vertex X="105068" Y="13775" Z="0"/>
					<Vertex X="104933" Y="13640" Z="0"/>
					<Vertex X="104393" Y="13370" Z="0"/>
					<Vertex X="104528" Y="13640" Z="0"/>
					<Vertex X="104258" Y="13640" Z="0"/>
					<Vertex X="103583" Y="13370" Z="0"/>
					<Vertex X="103583" Y="13640" Z="0"/>
					<Vertex X="103448" Y="13640" Z="0"/>
					<Vertex X="103043" Y="13370" Z="0"/>
					<Vertex X="103178" Y="13640" Z="0"/>
					<Vertex X="102908" Y="13640" Z="0"/>
					<Vertex X="102773" Y="13640" Z="0"/>
					<Vertex X="102638" Y="13640" Z="0"/>
					<Vertex X="102367" Y="13640" Z="0"/>
					<Vertex X="101827" Y="13370" Z="0"/>
					<Vertex X="102097" Y="13640" Z="0"/>
					<Vertex X="101557" Y="13370" Z="0"/>
					<Vertex X="101692" Y="13775" Z="0"/>
					<Vertex X="101557" Y="13775" Z="0"/>
					<Vertex X="101017" Y="13640" Z="0"/>
					<Vertex X="100747" Y="13910" Z="0"/>
					<Vertex X="101017" Y="14180" Z="0"/>
					<Vertex X="101017" Y="14315" Z="0"/>
					<Vertex X="100612" Y="14180" Z="0"/>
					<Vertex X="100882" Y="14450" Z="0"/>
					<Vertex X="100477" Y="14315" Z="0"/>
					<Vertex X="100747" Y="14585" Z="0"/>
					<Vertex X="100747" Y="14720" Z="0"/>
					<Vertex X="100612" Y="14855" Z="0"/>
					<Vertex X="100477" Y="14991" Z="0"/>
					<Vertex X="100342" Y="15261" Z="0"/>
					<Vertex X="99937" Y="16341" Z="0"/>
					<Vertex X="99666" Y="17016" Z="0"/>
					<Vertex X="99261" Y="18367" Z="0"/>
					<Vertex X="98586" Y="19177" Z="0"/>
					<Vertex X="98721" Y="19987" Z="0"/>
					<Vertex X="98181" Y="21743" Z="0"/>
					<Vertex X="98181" Y="22013" Z="0"/>
					<Vertex X="97911" Y="22688" Z="0"/>
					<Vertex X="97641" Y="23094" Z="0"/>
					<Vertex X="97911" Y="23634" Z="0"/>
					<Vertex X="97911" Y="23634" Z="0"/>
					<Vertex X="97641" Y="23499" Z="0"/>
					<Vertex X="97911" Y="23769" Z="0"/>
					<Vertex X="97776" Y="23904" Z="0"/>
					<Vertex X="97776" Y="24174" Z="0"/>
					<Vertex X="97641" Y="24444" Z="0"/>
					<Vertex X="97506" Y="24714" Z="0"/>
					<Vertex X="97506" Y="24984" Z="0"/>
					<Vertex X="97236" Y="25659" Z="0"/>
					<Vertex X="97236" Y="26200" Z="0"/>
					<Vertex X="96830" Y="26740" Z="0"/>
					<Vertex X="96965" Y="27415" Z="0"/>
					<Vertex X="96830" Y="28090" Z="0"/>
					<Vertex X="96560" Y="29171" Z="0"/>
					<Vertex X="96155" Y="29981" Z="0"/>
					<Vertex X="96155" Y="31332" Z="0"/>
					<Vertex X="96020" Y="32142" Z="0"/>
					<Vertex X="96020" Y="32412" Z="0"/>
					<Vertex X="96020" Y="33222" Z="0"/>
					<Vertex X="96020" Y="33627" Z="0"/>
					<Vertex X="96020" Y="34168" Z="0"/>
					<Vertex X="96830" Y="34033" Z="0"/>
				</Vertices>
			</Region>
			<Region Id="6" Type="0" Zoom="0.007326" Selected="0" ImageLocation="" ImageFocus="-1" Length="105830.0" Area="663674132.0" LengthMicrons="26743.2" AreaMicrons="42380431.8" Text="" NegativeROA="0" InputRegionId="0" Analyze="1" DisplayId="6">
				<Attributes/>
				<Vertices>
					<Vertex X="65094" Y="61988" Z="0"/>
					<Vertex X="66309" Y="65634" Z="0"/>
					<Vertex X="66579" Y="66174" Z="0"/>
					<Vertex X="66444" Y="66580" Z="0"/>
					<Vertex X="66714" Y="67120" Z="0"/>
					<Vertex X="67525" Y="69011" Z="0"/>
					<Vertex X="67525" Y="69146" Z="0"/>
					<Vertex X="67660" Y="69281" Z="0"/>
					<Vertex X="67660" Y="69551" Z="0"/>
					<Vertex X="68335" Y="69686" Z="0"/>
					<Vertex X="68605" Y="69956" Z="0"/>
					<Vertex X="68470" Y="69686" Z="0"/>
					<Vertex X="68875" Y="69956" Z="0"/>
					<Vertex X="69145" Y="69956" Z="0"/>
					<Vertex X="69415" Y="69956" Z="0"/>
					<Vertex X="70766" Y="69821" Z="0"/>
					<Vertex X="70901" Y="69821" Z="0"/>
					<Vertex X="71036" Y="69821" Z="0"/>
					<Vertex X="71171" Y="69821" Z="0"/>
					<Vertex X="72521" Y="69551" Z="0"/>
					<Vertex X="72791" Y="69551" Z="0"/>
					<Vertex X="73197" Y="69416" Z="0"/>
					<Vertex X="74142" Y="69281" Z="0"/>
					<Vertex X="74547" Y="69146" Z="0"/>
					<Vertex X="74952" Y="69146" Z="0"/>
					<Vertex X="77653" Y="68605" Z="0"/>
					<Vertex X="79544" Y="68335" Z="0"/>
					<Vertex X="79949" Y="68200" Z="0"/>
					<Vertex X="81030" Y="68065" Z="0"/>
					<Vertex X="81030" Y="67795" Z="0"/>
					<Vertex X="81165" Y="67795" Z="0"/>
					<Vertex X="82245" Y="67930" Z="0"/>
					<Vertex X="86972" Y="67255" Z="0"/>
					<Vertex X="87377" Y="67255" Z="0"/>
					<Vertex X="88457" Y="66580" Z="0"/>
					<Vertex X="88457" Y="66174" Z="0"/>
					<Vertex X="89133" Y="66174" Z="0"/>
					<Vertex X="89403" Y="66039" Z="0"/>
					<Vertex X="89268" Y="65634" Z="0"/>
					<Vertex X="95345" Y="60908" Z="0"/>
					<Vertex X="95615" Y="61178" Z="0"/>
					<Vertex X="95615" Y="60637" Z="0"/>
					<Vertex X="96020" Y="60232" Z="0"/>
					<Vertex X="96695" Y="60097" Z="0"/>
					<Vertex X="97371" Y="59152" Z="0"/>
					<Vertex X="97911" Y="58477" Z="0"/>
					<Vertex X="98451" Y="57666" Z="0"/>
					<Vertex X="98856" Y="56991" Z="0"/>
					<Vertex X="99396" Y="56181" Z="0"/>
					<Vertex X="99396" Y="56046" Z="0"/>
					<Vertex X="99801" Y="55370" Z="0"/>
					<Vertex X="99801" Y="54425" Z="0"/>
					<Vertex X="100207" Y="54560" Z="0"/>
					<Vertex X="100342" Y="54155" Z="0"/>
					<Vertex X="100477" Y="53750" Z="0"/>
					<Vertex X="100747" Y="53210" Z="0"/>
					<Vertex X="100882" Y="52940" Z="0"/>
					<Vertex X="101017" Y="52399" Z="0"/>
					<Vertex X="101152" Y="52129" Z="0"/>
					<Vertex X="101287" Y="51859" Z="0"/>
					<Vertex X="101287" Y="51589" Z="0"/>
					<Vertex X="101152" Y="50779" Z="0"/>
					<Vertex X="101557" Y="50914" Z="0"/>
					<Vertex X="101287" Y="50239" Z="0"/>
					<Vertex X="101557" Y="50239" Z="0"/>
					<Vertex X="101557" Y="49968" Z="0"/>
					<Vertex X="101557" Y="49698" Z="0"/>
					<Vertex X="101557" Y="49428" Z="0"/>
					<Vertex X="101557" Y="49293" Z="0"/>
					<Vertex X="101422" Y="49158" Z="0"/>
					<Vertex X="101422" Y="48888" Z="0"/>
					<Vertex X="101287" Y="48618" Z="0"/>
					<Vertex X="101287" Y="48348" Z="0"/>
					<Vertex X="101152" Y="48213" Z="0"/>
					<Vertex X="100747" Y="47808" Z="0"/>
					<Vertex X="100747" Y="47403" Z="0"/>
					<Vertex X="100477" Y="46997" Z="0"/>
					<Vertex X="100207" Y="46592" Z="0"/>
					<Vertex X="100207" Y="46457" Z="0"/>
					<Vertex X="100072" Y="46322" Z="0"/>
					<Vertex X="99937" Y="46052" Z="0"/>
					<Vertex X="99801" Y="45782" Z="0"/>
					<Vertex X="99531" Y="45512" Z="0"/>
					<Vertex X="99126" Y="45242" Z="0"/>
					<Vertex X="98856" Y="44972" Z="0"/>
					<Vertex X="98586" Y="44702" Z="0"/>
					<Vertex X="97911" Y="44161" Z="0"/>
					<Vertex X="97776" Y="44296" Z="0"/>
					<Vertex X="97641" Y="44296" Z="0"/>
					<Vertex X="97371" Y="44026" Z="0"/>
					<Vertex X="96695" Y="43891" Z="0"/>
					<Vertex X="96290" Y="43756" Z="0"/>
					<Vertex X="96155" Y="43621" Z="0"/>
					<Vertex X="95615" Y="43486" Z="0"/>
					<Vertex X="95075" Y="43486" Z="0"/>
					<Vertex X="94535" Y="43486" Z="0"/>
					<Vertex X="93859" Y="43486" Z="0"/>
					<Vertex X="93049" Y="43486" Z="0"/>
					<Vertex X="92779" Y="43486" Z="0"/>
					<Vertex X="92239" Y="43486" Z="0"/>
					<Vertex X="91834" Y="43486" Z="0"/>
					<Vertex X="91428" Y="43486" Z="0"/>
					<Vertex X="90618" Y="43486" Z="0"/>
					<Vertex X="90078" Y="43621" Z="0"/>
					<Vertex X="89538" Y="43756" Z="0"/>
					<Vertex X="88727" Y="43486" Z="0"/>
					<Vertex X="88457" Y="43891" Z="0"/>
					<Vertex X="87917" Y="43756" Z="0"/>
					<Vertex X="87242" Y="43891" Z="0"/>
					<Vertex X="86702" Y="44431" Z="0"/>
					<Vertex X="86432" Y="44431" Z="0"/>
					<Vertex X="86026" Y="44566" Z="0"/>
					<Vertex X="85486" Y="44702" Z="0"/>
					<Vertex X="85081" Y="44972" Z="0"/>
					<Vertex X="84406" Y="45107" Z="0"/>
					<Vertex X="84136" Y="45107" Z="0"/>
					<Vertex X="83731" Y="45242" Z="0"/>
					<Vertex X="83325" Y="45377" Z="0"/>
					<Vertex X="82785" Y="45242" Z="0"/>
					<Vertex X="82650" Y="45512" Z="0"/>
					<Vertex X="82515" Y="45512" Z="0"/>
					<Vertex X="82110" Y="45647" Z="0"/>
					<Vertex X="81840" Y="45782" Z="0"/>
					<Vertex X="81435" Y="45782" Z="0"/>
					<Vertex X="81165" Y="45917" Z="0"/>
					<Vertex X="80894" Y="46052" Z="0"/>
					<Vertex X="80489" Y="46052" Z="0"/>
					<Vertex X="80219" Y="46187" Z="0"/>
					<Vertex X="80084" Y="46187" Z="0"/>
					<Vertex X="79814" Y="46322" Z="0"/>
					<Vertex X="79544" Y="46322" Z="0"/>
					<Vertex X="79274" Y="46457" Z="0"/>
					<Vertex X="79004" Y="46457" Z="0"/>
					<Vertex X="78599" Y="46592" Z="0"/>
					<Vertex X="78329" Y="46727" Z="0"/>
					<Vertex X="78193" Y="46727" Z="0"/>
					<Vertex X="77923" Y="46997" Z="0"/>
					<Vertex X="77518" Y="47132" Z="0"/>
					<Vertex X="76978" Y="47403" Z="0"/>
					<Vertex X="76708" Y="47403" Z="0"/>
					<Vertex X="76303" Y="47808" Z="0"/>
					<Vertex X="76168" Y="47808" Z="0"/>
					<Vertex X="75763" Y="48078" Z="0"/>
					<Vertex X="75357" Y="48348" Z="0"/>
					<Vertex X="74952" Y="48618" Z="0"/>
					<Vertex X="74547" Y="48888" Z="0"/>
					<Vertex X="74412" Y="49023" Z="0"/>
					<Vertex X="74007" Y="49293" Z="0"/>
					<Vertex X="73467" Y="49563" Z="0"/>
					<Vertex X="73062" Y="49833" Z="0"/>
					<Vertex X="72656" Y="50104" Z="0"/>
					<Vertex X="72251" Y="50509" Z="0"/>
					<Vertex X="71846" Y="50779" Z="0"/>
					<Vertex X="71576" Y="51184" Z="0"/>
					<Vertex X="71171" Y="51589" Z="0"/>
					<Vertex X="70361" Y="51724" Z="0"/>
					<Vertex X="70090" Y="52129" Z="0"/>
					<Vertex X="70361" Y="52399" Z="0"/>
					<Vertex X="69955" Y="52669" Z="0"/>
					<Vertex X="69685" Y="52940" Z="0"/>
					<Vertex X="69415" Y="53075" Z="0"/>
					<Vertex X="68875" Y="53075" Z="0"/>
					<Vertex X="68875" Y="53615" Z="0"/>
					<Vertex X="68605" Y="53885" Z="0"/>
					<Vertex X="68470" Y="54155" Z="0"/>
					<Vertex X="68335" Y="54290" Z="0"/>
					<Vertex X="68065" Y="54695" Z="0"/>
					<Vertex X="67930" Y="54830" Z="0"/>
					<Vertex X="67660" Y="54965" Z="0"/>
					<Vertex X="67525" Y="55370" Z="0"/>
					<Vertex X="66984" Y="55506" Z="0"/>
					<Vertex X="67119" Y="55911" Z="0"/>
					<Vertex X="66849" Y="56316" Z="0"/>
					<Vertex X="66714" Y="56856" Z="0"/>
					<Vertex X="66444" Y="57261" Z="0"/>
					<Vertex X="66174" Y="57666" Z="0"/>
					<Vertex X="66039" Y="58342" Z="0"/>
					<Vertex X="65904" Y="58747" Z="0"/>
					<Vertex X="65769" Y="59152" Z="0"/>
					<Vertex X="65769" Y="59962" Z="0"/>
					<Vertex X="65769" Y="60367" Z="0"/>
					<Vertex X="65769" Y="60772" Z="0"/>
					<Vertex X="65769" Y="61313" Z="0"/>
					<Vertex X="65769" Y="61448" Z="0"/>
					<Vertex X="65094" Y="61988" Z="0"/>
				</Vertices>
			</Region>
			<Region Id="7" Type="0" Zoom="0.007326" Selected="1" ImageLocation="" ImageFocus="-1" Length="56258.7" Area="165092330.0" LengthMicrons="14216.6" AreaMicrons="10542348.9" Text="" NegativeROA="0" InputRegionId="0" Analyze="1" DisplayId="7">
				<Attributes/>
				<Vertices>
					<Vertex X="74547" Y="17286" Z="0"/>
					<Vertex X="74547" Y="17556" Z="0"/>
					<Vertex X="74547" Y="17827" Z="0"/>
					<Vertex X="74682" Y="17962" Z="0"/>
					<Vertex X="74682" Y="18232" Z="0"/>
					<Vertex X="74682" Y="18367" Z="0"/>
					<Vertex X="74952" Y="18637" Z="0"/>
					<Vertex X="75087" Y="18772" Z="0"/>
					<Vertex X="75222" Y="19042" Z="0"/>
					<Vertex X="75357" Y="19177" Z="0"/>
					<Vertex X="75492" Y="19447" Z="0"/>
					<Vertex X="75628" Y="19582" Z="0"/>
					<Vertex X="75898" Y="19987" Z="0"/>
					<Vertex X="76033" Y="20122" Z="0"/>
					<Vertex X="76168" Y="20393" Z="0"/>
					<Vertex X="76438" Y="20528" Z="0"/>
					<Vertex X="76573" Y="20798" Z="0"/>
					<Vertex X="76708" Y="20933" Z="0"/>
					<Vertex X="77113" Y="21203" Z="0"/>
					<Vertex X="77383" Y="21473" Z="0"/>
					<Vertex X="77653" Y="21608" Z="0"/>
					<Vertex X="77788" Y="21743" Z="0"/>
					<Vertex X="78058" Y="22013" Z="0"/>
					<Vertex X="78193" Y="22013" Z="0"/>
					<Vertex X="78464" Y="22148" Z="0"/>
					<Vertex X="78734" Y="22148" Z="0"/>
					<Vertex X="79004" Y="22148" Z="0"/>
					<Vertex X="79139" Y="22148" Z="0"/>
					<Vertex X="79409" Y="22148" Z="0"/>
					<Vertex X="79544" Y="21878" Z="0"/>
					<Vertex X="80084" Y="22013" Z="0"/>
					<Vertex X="80354" Y="22013" Z="0"/>
					<Vertex X="80759" Y="21878" Z="0"/>
					<Vertex X="81030" Y="21608" Z="0"/>
					<Vertex X="81300" Y="21608" Z="0"/>
					<Vertex X="81570" Y="21338" Z="0"/>
					<Vertex X="81840" Y="21068" Z="0"/>
					<Vertex X="82110" Y="20933" Z="0"/>
					<Vertex X="82515" Y="20663" Z="0"/>
					<Vertex X="82650" Y="20528" Z="0"/>
					<Vertex X="82785" Y="19987" Z="0"/>
					<Vertex X="83190" Y="19582" Z="0"/>
					<Vertex X="83595" Y="19852" Z="0"/>
					<Vertex X="83731" Y="19582" Z="0"/>
					<Vertex X="83866" Y="19582" Z="0"/>
					<Vertex X="83866" Y="19042" Z="0"/>
					<Vertex X="84406" Y="19042" Z="0"/>
					<Vertex X="84541" Y="18772" Z="0"/>
					<Vertex X="84811" Y="18502" Z="0"/>
					<Vertex X="84946" Y="18232" Z="0"/>
					<Vertex X="85081" Y="18097" Z="0"/>
					<Vertex X="85351" Y="17692" Z="0"/>
					<Vertex X="85486" Y="17692" Z="0"/>
					<Vertex X="85486" Y="17556" Z="0"/>
					<Vertex X="85756" Y="17421" Z="0"/>
					<Vertex X="85891" Y="17151" Z="0"/>
					<Vertex X="86161" Y="17016" Z="0"/>
					<Vertex X="86296" Y="16881" Z="0"/>
					<Vertex X="86432" Y="16746" Z="0"/>
					<Vertex X="86702" Y="16476" Z="0"/>
					<Vertex X="86567" Y="15936" Z="0"/>
					<Vertex X="86972" Y="16206" Z="0"/>
					<Vertex X="87107" Y="15936" Z="0"/>
					<Vertex X="87377" Y="15801" Z="0"/>
					<Vertex X="87512" Y="15531" Z="0"/>
					<Vertex X="87647" Y="15396" Z="0"/>
					<Vertex X="87917" Y="15126" Z="0"/>
					<Vertex X="88052" Y="14991" Z="0"/>
					<Vertex X="88187" Y="14855" Z="0"/>
					<Vertex X="88322" Y="14585" Z="0"/>
					<Vertex X="88592" Y="14450" Z="0"/>
					<Vertex X="88592" Y="14315" Z="0"/>
					<Vertex X="88592" Y="13775" Z="0"/>
					<Vertex X="88997" Y="13775" Z="0"/>
					<Vertex X="90618" Y="9318" Z="0"/>
					<Vertex X="90753" Y="9318" Z="0"/>
					<Vertex X="90348" Y="8643" Z="0"/>
					<Vertex X="90483" Y="8508" Z="0"/>
					<Vertex X="90213" Y="8238" Z="0"/>
					<Vertex X="90078" Y="8103" Z="0"/>
					<Vertex X="89943" Y="7968" Z="0"/>
					<Vertex X="89673" Y="7833" Z="0"/>
					<Vertex X="89538" Y="7698" Z="0"/>
					<Vertex X="89268" Y="7563" Z="0"/>
					<Vertex X="89133" Y="7563" Z="0"/>
					<Vertex X="88727" Y="7293" Z="0"/>
					<Vertex X="88727" Y="7428" Z="0"/>
					<Vertex X="88457" Y="7293" Z="0"/>
					<Vertex X="87917" Y="6888" Z="0"/>
					<Vertex X="87917" Y="7158" Z="0"/>
					<Vertex X="87512" Y="6888" Z="0"/>
					<Vertex X="87377" Y="7023" Z="0"/>
					<Vertex X="86837" Y="6752" Z="0"/>
					<Vertex X="86837" Y="6888" Z="0"/>
					<Vertex X="86567" Y="6888" Z="0"/>
					<Vertex X="86432" Y="6888" Z="0"/>
					<Vertex X="86296" Y="6888" Z="0"/>
					<Vertex X="85891" Y="6617" Z="0"/>
					<Vertex X="85891" Y="6888" Z="0"/>
					<Vertex X="85756" Y="6888" Z="0"/>
					<Vertex X="85486" Y="7023" Z="0"/>
					<Vertex X="85351" Y="7023" Z="0"/>
					<Vertex X="84946" Y="7023" Z="0"/>
					<Vertex X="84811" Y="7158" Z="0"/>
					<Vertex X="84541" Y="7158" Z="0"/>
					<Vertex X="84271" Y="7293" Z="0"/>
					<Vertex X="83866" Y="7293" Z="0"/>
					<Vertex X="83595" Y="7293" Z="0"/>
					<Vertex X="83055" Y="7158" Z="0"/>
					<Vertex X="83055" Y="7428" Z="0"/>
					<Vertex X="82785" Y="7563" Z="0"/>
					<Vertex X="82515" Y="7563" Z="0"/>
					<Vertex X="82245" Y="7698" Z="0"/>
					<Vertex X="81975" Y="7833" Z="0"/>
					<Vertex X="81435" Y="7563" Z="0"/>
					<Vertex X="81570" Y="7968" Z="0"/>
					<Vertex X="81030" Y="7833" Z="0"/>
					<Vertex X="80759" Y="7968" Z="0"/>
					<Vertex X="80759" Y="8508" Z="0"/>
					<Vertex X="80489" Y="8643" Z="0"/>
					<Vertex X="80354" Y="8778" Z="0"/>
					<Vertex X="80219" Y="8778" Z="0"/>
					<Vertex X="79544" Y="8778" Z="0"/>
					<Vertex X="79679" Y="9048" Z="0"/>
					<Vertex X="79409" Y="9183" Z="0"/>
					<Vertex X="79139" Y="9318" Z="0"/>
					<Vertex X="78869" Y="9318" Z="0"/>
					<Vertex X="78734" Y="9453" Z="0"/>
					<Vertex X="78464" Y="9589" Z="0"/>
					<Vertex X="78193" Y="9724" Z="0"/>
					<Vertex X="78058" Y="9859" Z="0"/>
					<Vertex X="77788" Y="9859" Z="0"/>
					<Vertex X="77248" Y="9724" Z="0"/>
					<Vertex X="77383" Y="10129" Z="0"/>
					<Vertex X="77113" Y="10264" Z="0"/>
					<Vertex X="76843" Y="10264" Z="0"/>
					<Vertex X="76708" Y="10399" Z="0"/>
					<Vertex X="76438" Y="10534" Z="0"/>
					<Vertex X="76303" Y="10534" Z="0"/>
					<Vertex X="76168" Y="10669" Z="0"/>
					<Vertex X="76033" Y="10804" Z="0"/>
					<Vertex X="75898" Y="10804" Z="0"/>
					<Vertex X="75763" Y="10939" Z="0"/>
					<Vertex X="75628" Y="10939" Z="0"/>
					<Vertex X="75492" Y="11074" Z="0"/>
					<Vertex X="74007" Y="14450" Z="0"/>
					<Vertex X="73737" Y="14450" Z="0"/>
					<Vertex X="74007" Y="14720" Z="0"/>
					<Vertex X="74007" Y="14991" Z="0"/>
					<Vertex X="74007" Y="15261" Z="0"/>
					<Vertex X="73737" Y="15261" Z="0"/>
					<Vertex X="74007" Y="15666" Z="0"/>
					<Vertex X="74007" Y="15801" Z="0"/>
					<Vertex X="74142" Y="16206" Z="0"/>
					<Vertex X="74412" Y="16476" Z="0"/>
					<Vertex X="74412" Y="16611" Z="0"/>
					<Vertex X="74412" Y="16746" Z="0"/>
					<Vertex X="74412" Y="16881" Z="0"/>
					<Vertex X="74412" Y="17016" Z="0"/>
					<Vertex X="74412" Y="17151" Z="0"/>
					<Vertex X="74547" Y="17286" Z="0"/>
				</Vertices>
			</Region>
		</Regions>
		<Plots/>
	</Annotation>
</Annotations>
